[
    {
        "type": "message",
        "text": "here it is",
        "files": [
            {
                "id": "F04EFH2T7B4",
                "created": 1670549577,
                "timestamp": 1670549577,
                "name": "Test_txt.txt",
                "title": "Test.txt",
                "mimetype": "text\/plain",
                "filetype": "text",
                "pretty_type": "Plain Text",
                "user": "U042R51RY2C",
                "user_team": "T042E1514F3",
                "editable": true,
                "size": 10535,
                "mode": "snippet",
                "is_external": false,
                "external_type": "",
                "is_public": true,
                "public_url_shared": false,
                "display_as_bot": false,
                "username": "",
                "url_private": "https:\/\/files.slack.com\/files-pri\/T042E1514F3-F04EFH2T7B4\/test_txt.txt?t=xoxe-4082039038513-5909763746612-5907217023875-336a8277661c30aa211f6bb0466e7c24",
                "url_private_download": "https:\/\/files.slack.com\/files-pri\/T042E1514F3-F04EFH2T7B4\/download\/test_txt.txt?t=xoxe-4082039038513-5909763746612-5907217023875-336a8277661c30aa211f6bb0466e7c24",
                "permalink": "https:\/\/cyberdefense2022-2023.slack.com\/files\/U042R51RY2C\/F04EFH2T7B4\/test_txt.txt",
                "permalink_public": "https:\/\/slack-files.com\/T042E1514F3-F04EFH2T7B4-73afff1957",
                "edit_link": "https:\/\/cyberdefense2022-2023.slack.com\/files\/U042R51RY2C\/F04EFH2T7B4\/test_txt.txt\/edit",
                "is_starred": false,
                "has_rich_preview": false,
                "file_access": "visible"
            }
        ],
        "upload": false,
        "user": "U042R51RY2C",
        "display_as_bot": false,
        "ts": "1670549581.257119",
        "blocks": [
            {
                "type": "rich_text",
                "block_id": "GPx",
                "elements": [
                    {
                        "type": "rich_text_section",
                        "elements": [
                            {
                                "type": "text",
                                "text": "here it is"
                            }
                        ]
                    }
                ]
            }
        ],
        "client_msg_id": "73ff6143-364b-49d6-bb2a-64f47ce03962"
    },
    {
        "type": "message",
        "text": "Here is the thing:",
        "files": [
            {
                "id": "F04E8V1AE1L",
                "created": 1670549677,
                "timestamp": 1670549677,
                "name": "Thing.html",
                "title": "Thing.html",
                "mimetype": "text\/plain",
                "filetype": "html",
                "pretty_type": "HTML",
                "user": "U042R51RY2C",
                "user_team": "T042E1514F3",
                "editable": true,
                "size": 10047,
                "mode": "snippet",
                "is_external": false,
                "external_type": "",
                "is_public": true,
                "public_url_shared": false,
                "display_as_bot": false,
                "username": "",
                "url_private": "https:\/\/files.slack.com\/files-pri\/T042E1514F3-F04E8V1AE1L\/thing.html?t=xoxe-4082039038513-5909763746612-5907217023875-336a8277661c30aa211f6bb0466e7c24",
                "url_private_download": "https:\/\/files.slack.com\/files-pri\/T042E1514F3-F04E8V1AE1L\/download\/thing.html?t=xoxe-4082039038513-5909763746612-5907217023875-336a8277661c30aa211f6bb0466e7c24",
                "permalink": "https:\/\/cyberdefense2022-2023.slack.com\/files\/U042R51RY2C\/F04E8V1AE1L\/thing.html",
                "permalink_public": "https:\/\/slack-files.com\/T042E1514F3-F04E8V1AE1L-05d2a2cccb",
                "edit_link": "https:\/\/cyberdefense2022-2023.slack.com\/files\/U042R51RY2C\/F04E8V1AE1L\/thing.html\/edit",
                "is_starred": false,
                "has_rich_preview": false,
                "file_access": "visible"
            }
        ],
        "upload": false,
        "user": "U042R51RY2C",
        "display_as_bot": false,
        "ts": "1670549679.310899",
        "blocks": [
            {
                "type": "rich_text",
                "block_id": "L9Mi",
                "elements": [
                    {
                        "type": "rich_text_section",
                        "elements": [
                            {
                                "type": "text",
                                "text": "Here is the thing:"
                            }
                        ]
                    }
                ]
            }
        ],
        "client_msg_id": "185ed6d2-2bfe-4c25-b8bd-fa3450e28af0"
    }
]