[
    {
        "client_msg_id": "a9576c65-110b-4193-9aae-ef08bb983b89",
        "type": "message",
        "text": "For those trying your hand at Advent of Code, I am willing to help!\n\nYou can request that I look at code or even code snippets in any of the following languages, even if your program doesn't run yet\/anymore:\n\n• Java\n• C\n• Python\n• C#\n• Visual Basic (gag)\n• C++\n• Transact-SQL or PL\/SQL (it just occurred to me that databases would be really, really good for the first two questions at least)\n• COBOL (gag gag)\n• Fortran\n• PL\/1\n• Haskell\n• F#\n• bash\n• PowerShell\n• go (golang)\n• PHP (why?)\n• Javascript\n• Typescript\n• Rust\n• Scala\n• R\n• Perl\n• Ruby\nI will look at code in the following languages, but only if you already have a working program that only needs to be debugged:\n\n• Ada\n• LISP\n• PROLOG\n• Pascal\n• Julia\n• Hack\n• Kotlin (maybe, if I can get an emulator to run well. this is to show Tristan that I care)\nI will not help with these languages unless you pay me my retail rate. You do not want to pay my retail rate. Actually, you would get the \"friends and family rate,\" which is usually half my retail rate. You do not want to pay my friends and family rate. I think what I'm trying to say is that really, my rate is cheap, but I don't want to do these.\n\n• HTML (HTML only - no embedded script. HTML is not a programming language, haha)\n• HTML5 (just to be clear)\n• PowerPoint (this can be done! PowerPoint has been proven to be Turing complete! no way I'm helping with this)\n• Assembler (why? and it just takes too long)\nI will not help with these languages unless you kill me, and heaven has the right equipment available, in which case I will wait for you. If you'd like to speed things up, we could meet in a state that has the death penalty? Just a thought.\n\n• Swift, Objective-C, or anything else that has to run on Apple hardware\n• Smalltalk\n• Simula\n• ALGOL 68\n• Other mobile languages and frameworks like Xamarin, React Native, Appcelerator, C# or Python cross-compilers, Cordova, etc.",
        "user": "U042R3B76SC",
        "ts": "1670009598.212959",
        "blocks": [
            {
                "type": "rich_text",
                "block_id": "xFQT",
                "elements": [
                    {
                        "type": "rich_text_section",
                        "elements": [
                            {
                                "type": "text",
                                "text": "For those trying your hand at Advent of Code, I am willing to help!\n\nYou can request that I look at code or even code snippets in any of the following languages, even if your program doesn't run yet\/anymore:\n\n"
                            }
                        ]
                    },
                    {
                        "type": "rich_text_list",
                        "elements": [
                            {
                                "type": "rich_text_section",
                                "elements": [
                                    {
                                        "type": "text",
                                        "text": "Java"
                                    }
                                ]
                            },
                            {
                                "type": "rich_text_section",
                                "elements": [
                                    {
                                        "type": "text",
                                        "text": "C"
                                    }
                                ]
                            },
                            {
                                "type": "rich_text_section",
                                "elements": [
                                    {
                                        "type": "text",
                                        "text": "Python"
                                    }
                                ]
                            },
                            {
                                "type": "rich_text_section",
                                "elements": [
                                    {
                                        "type": "text",
                                        "text": "C#"
                                    }
                                ]
                            },
                            {
                                "type": "rich_text_section",
                                "elements": [
                                    {
                                        "type": "text",
                                        "text": "Visual Basic (gag)"
                                    }
                                ]
                            },
                            {
                                "type": "rich_text_section",
                                "elements": [
                                    {
                                        "type": "text",
                                        "text": "C++"
                                    }
                                ]
                            },
                            {
                                "type": "rich_text_section",
                                "elements": [
                                    {
                                        "type": "text",
                                        "text": "Transact-SQL or PL\/SQL (it just occurred to me that databases would be really, really good for the first two questions at least)"
                                    }
                                ]
                            },
                            {
                                "type": "rich_text_section",
                                "elements": [
                                    {
                                        "type": "text",
                                        "text": "COBOL (gag gag)"
                                    }
                                ]
                            },
                            {
                                "type": "rich_text_section",
                                "elements": [
                                    {
                                        "type": "text",
                                        "text": "Fortran"
                                    }
                                ]
                            },
                            {
                                "type": "rich_text_section",
                                "elements": [
                                    {
                                        "type": "text",
                                        "text": "PL\/1"
                                    }
                                ]
                            },
                            {
                                "type": "rich_text_section",
                                "elements": [
                                    {
                                        "type": "text",
                                        "text": "Haskell"
                                    }
                                ]
                            },
                            {
                                "type": "rich_text_section",
                                "elements": [
                                    {
                                        "type": "text",
                                        "text": "F#"
                                    }
                                ]
                            },
                            {
                                "type": "rich_text_section",
                                "elements": [
                                    {
                                        "type": "text",
                                        "text": "bash"
                                    }
                                ]
                            },
                            {
                                "type": "rich_text_section",
                                "elements": [
                                    {
                                        "type": "text",
                                        "text": "PowerShell"
                                    }
                                ]
                            },
                            {
                                "type": "rich_text_section",
                                "elements": [
                                    {
                                        "type": "text",
                                        "text": "go (golang)"
                                    }
                                ]
                            },
                            {
                                "type": "rich_text_section",
                                "elements": [
                                    {
                                        "type": "text",
                                        "text": "PHP (why?)"
                                    }
                                ]
                            },
                            {
                                "type": "rich_text_section",
                                "elements": [
                                    {
                                        "type": "text",
                                        "text": "Javascript"
                                    }
                                ]
                            },
                            {
                                "type": "rich_text_section",
                                "elements": [
                                    {
                                        "type": "text",
                                        "text": "Typescript"
                                    }
                                ]
                            },
                            {
                                "type": "rich_text_section",
                                "elements": [
                                    {
                                        "type": "text",
                                        "text": "Rust"
                                    }
                                ]
                            },
                            {
                                "type": "rich_text_section",
                                "elements": [
                                    {
                                        "type": "text",
                                        "text": "Scala"
                                    }
                                ]
                            },
                            {
                                "type": "rich_text_section",
                                "elements": [
                                    {
                                        "type": "text",
                                        "text": "R"
                                    }
                                ]
                            },
                            {
                                "type": "rich_text_section",
                                "elements": [
                                    {
                                        "type": "text",
                                        "text": "Perl"
                                    }
                                ]
                            },
                            {
                                "type": "rich_text_section",
                                "elements": [
                                    {
                                        "type": "text",
                                        "text": "Ruby"
                                    }
                                ]
                            }
                        ],
                        "style": "bullet",
                        "indent": 0,
                        "border": 0
                    },
                    {
                        "type": "rich_text_section",
                        "elements": [
                            {
                                "type": "text",
                                "text": "\nI will look at code in the following languages, but only if you already have a working program that only needs to be debugged:\n\n"
                            }
                        ]
                    },
                    {
                        "type": "rich_text_list",
                        "elements": [
                            {
                                "type": "rich_text_section",
                                "elements": [
                                    {
                                        "type": "text",
                                        "text": "Ada"
                                    }
                                ]
                            },
                            {
                                "type": "rich_text_section",
                                "elements": [
                                    {
                                        "type": "text",
                                        "text": "LISP"
                                    }
                                ]
                            },
                            {
                                "type": "rich_text_section",
                                "elements": [
                                    {
                                        "type": "text",
                                        "text": "PROLOG"
                                    }
                                ]
                            },
                            {
                                "type": "rich_text_section",
                                "elements": [
                                    {
                                        "type": "text",
                                        "text": "Pascal"
                                    }
                                ]
                            },
                            {
                                "type": "rich_text_section",
                                "elements": [
                                    {
                                        "type": "text",
                                        "text": "Julia"
                                    }
                                ]
                            },
                            {
                                "type": "rich_text_section",
                                "elements": [
                                    {
                                        "type": "text",
                                        "text": "Hack"
                                    }
                                ]
                            },
                            {
                                "type": "rich_text_section",
                                "elements": [
                                    {
                                        "type": "text",
                                        "text": "Kotlin (maybe, if I can get an emulator to run well. this is to show Tristan that I care)"
                                    }
                                ]
                            }
                        ],
                        "style": "bullet",
                        "indent": 0,
                        "border": 0
                    },
                    {
                        "type": "rich_text_section",
                        "elements": [
                            {
                                "type": "text",
                                "text": "\nI will not help with these languages unless you pay me my retail rate. You do not want to pay my retail rate. Actually, you would get the \"friends and family rate,\" which is usually half my retail rate. You do not want to pay my friends and family rate. I think what I'm trying to say is that really, my rate is cheap, but I don't want to do these.\n\n"
                            }
                        ]
                    },
                    {
                        "type": "rich_text_list",
                        "elements": [
                            {
                                "type": "rich_text_section",
                                "elements": [
                                    {
                                        "type": "text",
                                        "text": "HTML (HTML only - no embedded script. HTML is not a programming language, haha)"
                                    }
                                ]
                            },
                            {
                                "type": "rich_text_section",
                                "elements": [
                                    {
                                        "type": "text",
                                        "text": "HTML5 (just to be clear)"
                                    }
                                ]
                            },
                            {
                                "type": "rich_text_section",
                                "elements": [
                                    {
                                        "type": "text",
                                        "text": "PowerPoint (this can be done! PowerPoint has been proven to be Turing complete! no way I'm helping with this)"
                                    }
                                ]
                            },
                            {
                                "type": "rich_text_section",
                                "elements": [
                                    {
                                        "type": "text",
                                        "text": "Assembler (why? and it just takes too long)"
                                    }
                                ]
                            }
                        ],
                        "style": "bullet",
                        "indent": 0,
                        "border": 0
                    },
                    {
                        "type": "rich_text_section",
                        "elements": [
                            {
                                "type": "text",
                                "text": "\nI will not help with these languages unless you kill me, and heaven has the right equipment available, in which case I will wait for you. If you'd like to speed things up, we could meet in a state that has the death penalty? Just a thought.\n\n"
                            }
                        ]
                    },
                    {
                        "type": "rich_text_list",
                        "elements": [
                            {
                                "type": "rich_text_section",
                                "elements": [
                                    {
                                        "type": "text",
                                        "text": "Swift, Objective-C, or anything else that has to run on Apple hardware"
                                    }
                                ]
                            },
                            {
                                "type": "rich_text_section",
                                "elements": [
                                    {
                                        "type": "text",
                                        "text": "Smalltalk"
                                    }
                                ]
                            },
                            {
                                "type": "rich_text_section",
                                "elements": [
                                    {
                                        "type": "text",
                                        "text": "Simula"
                                    }
                                ]
                            },
                            {
                                "type": "rich_text_section",
                                "elements": [
                                    {
                                        "type": "text",
                                        "text": "ALGOL 68"
                                    }
                                ]
                            },
                            {
                                "type": "rich_text_section",
                                "elements": [
                                    {
                                        "type": "text",
                                        "text": "Other mobile languages and frameworks like Xamarin, React Native, Appcelerator, C# or Python cross-compilers, Cordova, etc."
                                    }
                                ]
                            }
                        ],
                        "style": "bullet",
                        "indent": 0,
                        "border": 0
                    }
                ]
            }
        ],
        "team": "T042E1514F3",
        "user_team": "T042E1514F3",
        "source_team": "T042E1514F3",
        "user_profile": {
            "avatar_hash": "g6730f37144b",
            "image_72": "https:\/\/secure.gravatar.com\/avatar\/6730f37144bd6ae505b97012a7f22a66.jpg?s=72&d=https%3A%2F%2Fa.slack-edge.com%2Fdf10d%2Fimg%2Favatars%2Fava_0006-72.png",
            "first_name": "chris",
            "real_name": "chris",
            "display_name": "",
            "team": "T042E1514F3",
            "name": "chris",
            "is_restricted": false,
            "is_ultra_restricted": false
        },
        "edited": {
            "user": "U042R3B76SC",
            "ts": "1670011132.000000"
        }
    },
    {
        "client_msg_id": "04d6a194-45b1-41b7-930a-b7ed089f5415",
        "type": "message",
        "text": "I don't know most of those languages, but this is my version of fun.",
        "user": "U042R3B76SC",
        "ts": "1670009615.252029",
        "blocks": [
            {
                "type": "rich_text",
                "block_id": "1q=kz",
                "elements": [
                    {
                        "type": "rich_text_section",
                        "elements": [
                            {
                                "type": "text",
                                "text": "I don't know most of those languages, but this is my version of fun."
                            }
                        ]
                    }
                ]
            }
        ],
        "team": "T042E1514F3",
        "user_team": "T042E1514F3",
        "source_team": "T042E1514F3",
        "user_profile": {
            "avatar_hash": "g6730f37144b",
            "image_72": "https:\/\/secure.gravatar.com\/avatar\/6730f37144bd6ae505b97012a7f22a66.jpg?s=72&d=https%3A%2F%2Fa.slack-edge.com%2Fdf10d%2Fimg%2Favatars%2Fava_0006-72.png",
            "first_name": "chris",
            "real_name": "chris",
            "display_name": "",
            "team": "T042E1514F3",
            "name": "chris",
            "is_restricted": false,
            "is_ultra_restricted": false
        },
        "edited": {
            "user": "U042R3B76SC",
            "ts": "1670011002.000000"
        }
    },
    {
        "type": "message",
        "text": "Also, I will give a free yearlong membership to any tech site, up to $100, if you can solve _any_ of the Advent of Code puzzles using logic performed by one of the following languages. I don't think I could, but I thought you might like to learn that there is a class of programming languages called _esoteric languages._\n\n• <https:\/\/esolangs.org\/wiki\/$_$|$_$>\n    ◦ Note that the $_$ programming language has a special command, represented by the `;` character, that allows you to print out the lyrics to `All Star` by `Smash Mount` an arbitrary number of times.\n• <https:\/\/esolangs.org\/wiki\/Chef|Chef>\n    ◦ The design goals of this programming language state that \"program recipes should not only generate valid output, but be easy to prepare and delicious,\" and that \"recipes may appeal to cooks with different budgets.\" The link above includes a program that prints \"Hello, world!\" and can also be used to make a \"functional\" chocolate cake.\n• <https:\/\/esolangs.org\/wiki\/Befunge|Befunge>\n    ◦ You know what \"factorial\" means in math? 4 factorial (4!) = 4*3*2*1, and 6! = 6*5*4*3*2*1, and so forth? Here is a program that calculates the factorial for any integer you ask it to, written in Befunge:\n```&amp;&gt;:1-:v v *_$.@ \n ^    _$&gt;\\:^```\n• <https:\/\/exmediawiki.khm.de\/index.php\/.Gertrude|.Gertrude> \n    ◦ .Gertrude is named after Gertrude Stein, an American author. It translates whatever you write into a program according to its unique syntax. The idea is to let you write in the style of your favorite author, or just to write however you want to write, but to do it carefully enough that your writing can be interpreted by .gertrude as a program and produce the intended output.\n    ◦ The \"Hello, World!\" program that the program's creator presented when he introduced the program is really long. Long, as in: 270 lines, 2,994 words, and 16kb in size. I'll attach it here as a file so you can read it.",
        "files": [
            {
                "id": "F04D4LC5APR",
                "created": 1670010938,
                "timestamp": 1670010938,
                "name": "hello-world.gertrude",
                "title": "hello-world.gertrude",
                "mimetype": "text\/plain",
                "filetype": "cpp",
                "pretty_type": "C++",
                "user": "U042R3B76SC",
                "user_team": "T042E1514F3",
                "editable": true,
                "size": 16436,
                "mode": "snippet",
                "is_external": false,
                "external_type": "",
                "is_public": true,
                "public_url_shared": false,
                "display_as_bot": false,
                "username": "",
                "url_private": "https:\/\/files.slack.com\/files-pri\/T042E1514F3-F04D4LC5APR\/hello-world.gertrude?t=xoxe-4082039038513-5909763746612-5907217023875-336a8277661c30aa211f6bb0466e7c24",
                "url_private_download": "https:\/\/files.slack.com\/files-pri\/T042E1514F3-F04D4LC5APR\/download\/hello-world.gertrude?t=xoxe-4082039038513-5909763746612-5907217023875-336a8277661c30aa211f6bb0466e7c24",
                "permalink": "https:\/\/cyberdefense2022-2023.slack.com\/files\/U042R3B76SC\/F04D4LC5APR\/hello-world.gertrude",
                "permalink_public": "https:\/\/slack-files.com\/T042E1514F3-F04D4LC5APR-11948def35",
                "edit_link": "https:\/\/cyberdefense2022-2023.slack.com\/files\/U042R3B76SC\/F04D4LC5APR\/hello-world.gertrude\/edit",
                "is_starred": false,
                "has_rich_preview": false,
                "file_access": "visible"
            }
        ],
        "upload": false,
        "user": "U042R3B76SC",
        "display_as_bot": false,
        "ts": "1670010944.906139",
        "blocks": [
            {
                "type": "rich_text",
                "block_id": "Z3hB\/",
                "elements": [
                    {
                        "type": "rich_text_section",
                        "elements": [
                            {
                                "type": "text",
                                "text": "Also, I will give a free yearlong membership to any tech site, up to $100, if you can solve "
                            },
                            {
                                "type": "text",
                                "text": "any",
                                "style": {
                                    "italic": true
                                }
                            },
                            {
                                "type": "text",
                                "text": " of the Advent of Code puzzles using logic performed by one of the following languages. I don't think I could, but I thought you might like to learn that there is a class of programming languages called "
                            },
                            {
                                "type": "text",
                                "text": "esoteric languages.",
                                "style": {
                                    "italic": true
                                }
                            },
                            {
                                "type": "text",
                                "text": "\n\n"
                            }
                        ]
                    },
                    {
                        "type": "rich_text_list",
                        "elements": [
                            {
                                "type": "rich_text_section",
                                "elements": [
                                    {
                                        "type": "link",
                                        "url": "https:\/\/esolangs.org\/wiki\/$_$",
                                        "text": "$_$"
                                    }
                                ]
                            }
                        ],
                        "style": "bullet",
                        "indent": 0,
                        "border": 0
                    },
                    {
                        "type": "rich_text_list",
                        "elements": [
                            {
                                "type": "rich_text_section",
                                "elements": [
                                    {
                                        "type": "text",
                                        "text": "Note that the $_$ programming language has a special command, represented by the "
                                    },
                                    {
                                        "type": "text",
                                        "text": ";",
                                        "style": {
                                            "code": true
                                        }
                                    },
                                    {
                                        "type": "text",
                                        "text": " character, that allows you to print out the lyrics to "
                                    },
                                    {
                                        "type": "text",
                                        "text": "All Star",
                                        "style": {
                                            "code": true
                                        }
                                    },
                                    {
                                        "type": "text",
                                        "text": " by "
                                    },
                                    {
                                        "type": "text",
                                        "text": "Smash Mount",
                                        "style": {
                                            "code": true
                                        }
                                    },
                                    {
                                        "type": "text",
                                        "text": " an arbitrary number of times."
                                    }
                                ]
                            }
                        ],
                        "style": "bullet",
                        "indent": 1,
                        "border": 0
                    },
                    {
                        "type": "rich_text_list",
                        "elements": [
                            {
                                "type": "rich_text_section",
                                "elements": [
                                    {
                                        "type": "link",
                                        "url": "https:\/\/esolangs.org\/wiki\/Chef",
                                        "text": "Chef"
                                    }
                                ]
                            }
                        ],
                        "style": "bullet",
                        "indent": 0,
                        "border": 0
                    },
                    {
                        "type": "rich_text_list",
                        "elements": [
                            {
                                "type": "rich_text_section",
                                "elements": [
                                    {
                                        "type": "text",
                                        "text": "The design goals of this programming language state that \"program recipes should not only generate valid output, but be easy to prepare and delicious,\" and that \"recipes may appeal to cooks with different budgets.\" The link above includes a program that prints \"Hello, world!\" and can also be used to make a \"functional\" chocolate cake."
                                    }
                                ]
                            }
                        ],
                        "style": "bullet",
                        "indent": 1,
                        "border": 0
                    },
                    {
                        "type": "rich_text_list",
                        "elements": [
                            {
                                "type": "rich_text_section",
                                "elements": [
                                    {
                                        "type": "link",
                                        "url": "https:\/\/esolangs.org\/wiki\/Befunge",
                                        "text": "Befunge"
                                    }
                                ]
                            }
                        ],
                        "style": "bullet",
                        "indent": 0,
                        "border": 0
                    },
                    {
                        "type": "rich_text_list",
                        "elements": [
                            {
                                "type": "rich_text_section",
                                "elements": [
                                    {
                                        "type": "text",
                                        "text": "You know what \"factorial\" means in math? 4 factorial (4!) = 4*3*2*1, and 6! = 6*5*4*3*2*1, and so forth? Here is a program that calculates the factorial for any integer you ask it to, written in Befunge:"
                                    }
                                ]
                            }
                        ],
                        "style": "bullet",
                        "indent": 1,
                        "border": 0
                    },
                    {
                        "type": "rich_text_preformatted",
                        "elements": [
                            {
                                "type": "text",
                                "text": "&>:1-:v v *_$.@ \n ^    _$>\\:^"
                            }
                        ],
                        "border": 0
                    },
                    {
                        "type": "rich_text_section",
                        "elements": [
                            {
                                "type": "text",
                                "text": "\n"
                            }
                        ]
                    },
                    {
                        "type": "rich_text_list",
                        "elements": [
                            {
                                "type": "rich_text_section",
                                "elements": [
                                    {
                                        "type": "link",
                                        "url": "https:\/\/exmediawiki.khm.de\/index.php\/.Gertrude",
                                        "text": ".Gertrude"
                                    },
                                    {
                                        "type": "text",
                                        "text": " "
                                    }
                                ]
                            }
                        ],
                        "style": "bullet",
                        "indent": 0,
                        "border": 0
                    },
                    {
                        "type": "rich_text_list",
                        "elements": [
                            {
                                "type": "rich_text_section",
                                "elements": [
                                    {
                                        "type": "text",
                                        "text": ".Gertrude is named after Gertrude Stein, an American author. It translates whatever you write into a program according to its unique syntax. The idea is to let you write in the style of your favorite author, or just to write however you want to write, but to do it carefully enough that your writing can be interpreted by .gertrude as a program and produce the intended output."
                                    }
                                ]
                            },
                            {
                                "type": "rich_text_section",
                                "elements": [
                                    {
                                        "type": "text",
                                        "text": "The \"Hello, World!\" program that the program's creator presented when he introduced the program is really long. Long, as in: 270 lines, 2,994 words, and 16kb in size. I'll attach it here as a file so you can read it."
                                    }
                                ]
                            }
                        ],
                        "style": "bullet",
                        "indent": 1,
                        "border": 0
                    }
                ]
            }
        ],
        "edited": {
            "user": "U042R3B76SC",
            "ts": "1670012798.000000"
        },
        "client_msg_id": "6a52330a-b6b8-4672-9b55-2a11fcd94f1c",
        "thread_ts": "1670010944.906139",
        "reply_count": 1,
        "reply_users_count": 1,
        "latest_reply": "1670012939.369559",
        "reply_users": [
            "U042R3B76SC"
        ],
        "replies": [
            {
                "user": "U042R3B76SC",
                "ts": "1670012939.369559"
            }
        ],
        "is_locked": false,
        "subscribed": true,
        "last_read": "1670012939.369559"
    },
    {
        "client_msg_id": "66f300a4-a063-43c4-ab09-08e63af0f5ab",
        "type": "message",
        "text": "can I use a different programming language to automatically pipe characters in the given files to the program made with an esoteric language?",
        "user": "U041LSQC38X",
        "ts": "1670012694.445739",
        "blocks": [
            {
                "type": "rich_text",
                "block_id": "VRSRV",
                "elements": [
                    {
                        "type": "rich_text_section",
                        "elements": [
                            {
                                "type": "text",
                                "text": "can I use a different programming language to automatically pipe characters in the given files to the program made with an esoteric language?"
                            }
                        ]
                    }
                ]
            }
        ],
        "team": "T042E1514F3",
        "user_team": "T042E1514F3",
        "source_team": "T042E1514F3",
        "user_profile": {
            "avatar_hash": "g60b962e7353",
            "image_72": "https:\/\/secure.gravatar.com\/avatar\/60b962e73536af1009870d33a2ba0516.jpg?s=72&d=https%3A%2F%2Fa.slack-edge.com%2Fdf10d%2Fimg%2Favatars%2Fava_0012-72.png",
            "first_name": "Michael",
            "real_name": "Michael Tice",
            "display_name": "Michael Tice",
            "team": "T042E1514F3",
            "name": "michael.tice",
            "is_restricted": false,
            "is_ultra_restricted": false
        }
    },
    {
        "client_msg_id": "f7fadf23-71c8-4d8c-8588-855f81ab4fa8",
        "type": "message",
        "text": "Yes, but I have clarified the wording of my offer.",
        "user": "U042R3B76SC",
        "ts": "1670012815.949409",
        "blocks": [
            {
                "type": "rich_text",
                "block_id": "24g",
                "elements": [
                    {
                        "type": "rich_text_section",
                        "elements": [
                            {
                                "type": "text",
                                "text": "Yes, but I have clarified the wording of my offer."
                            }
                        ]
                    }
                ]
            }
        ],
        "team": "T042E1514F3",
        "user_team": "T042E1514F3",
        "source_team": "T042E1514F3",
        "user_profile": {
            "avatar_hash": "g6730f37144b",
            "image_72": "https:\/\/secure.gravatar.com\/avatar\/6730f37144bd6ae505b97012a7f22a66.jpg?s=72&d=https%3A%2F%2Fa.slack-edge.com%2Fdf10d%2Fimg%2Favatars%2Fava_0006-72.png",
            "first_name": "chris",
            "real_name": "chris",
            "display_name": "",
            "team": "T042E1514F3",
            "name": "chris",
            "is_restricted": false,
            "is_ultra_restricted": false
        }
    },
    {
        "client_msg_id": "aae1ac10-4a38-4acc-a925-7fd1a24c016c",
        "type": "message",
        "text": "at some point this advent you will be paying up to 100 dollars",
        "user": "U041LSQC38X",
        "ts": "1670012907.517989",
        "blocks": [
            {
                "type": "rich_text",
                "block_id": "tPN",
                "elements": [
                    {
                        "type": "rich_text_section",
                        "elements": [
                            {
                                "type": "text",
                                "text": "at some point this advent you will be paying up to 100 dollars"
                            }
                        ]
                    }
                ]
            }
        ],
        "team": "T042E1514F3",
        "user_team": "T042E1514F3",
        "source_team": "T042E1514F3",
        "user_profile": {
            "avatar_hash": "g60b962e7353",
            "image_72": "https:\/\/secure.gravatar.com\/avatar\/60b962e73536af1009870d33a2ba0516.jpg?s=72&d=https%3A%2F%2Fa.slack-edge.com%2Fdf10d%2Fimg%2Favatars%2Fava_0012-72.png",
            "first_name": "Michael",
            "real_name": "Michael Tice",
            "display_name": "Michael Tice",
            "team": "T042E1514F3",
            "name": "michael.tice",
            "is_restricted": false,
            "is_ultra_restricted": false
        }
    },
    {
        "client_msg_id": "e2abf124-4468-48e4-9844-9d605da10fab",
        "type": "message",
        "text": "The terms of this offer will be deemed to have been met solely at the discretion of independent and neutral third-party judges. These judges will be supplied by <http:\/\/databaseguy.com|databaseguy.com>.",
        "user": "U042R3B76SC",
        "ts": "1670012939.369559",
        "blocks": [
            {
                "type": "rich_text",
                "block_id": "b4lf1",
                "elements": [
                    {
                        "type": "rich_text_section",
                        "elements": [
                            {
                                "type": "text",
                                "text": "The terms of this offer will be deemed to have been met solely at the discretion of independent and neutral third-party judges. These judges will be supplied by "
                            },
                            {
                                "type": "link",
                                "url": "http:\/\/databaseguy.com",
                                "text": "databaseguy.com"
                            },
                            {
                                "type": "text",
                                "text": "."
                            }
                        ]
                    }
                ]
            }
        ],
        "team": "T042E1514F3",
        "user_team": "T042E1514F3",
        "source_team": "T042E1514F3",
        "user_profile": {
            "avatar_hash": "g6730f37144b",
            "image_72": "https:\/\/secure.gravatar.com\/avatar\/6730f37144bd6ae505b97012a7f22a66.jpg?s=72&d=https%3A%2F%2Fa.slack-edge.com%2Fdf10d%2Fimg%2Favatars%2Fava_0006-72.png",
            "first_name": "chris",
            "real_name": "chris",
            "display_name": "",
            "team": "T042E1514F3",
            "name": "chris",
            "is_restricted": false,
            "is_ultra_restricted": false
        },
        "thread_ts": "1670010944.906139",
        "parent_user_id": "U042R3B76SC"
    },
    {
        "client_msg_id": "5523c032-d38d-418b-ba0a-037635f66350",
        "type": "message",
        "text": "One more bit of legalese in a thread there. And I'll be happy to pay the $100, because the story will last forever. The work of solving has to be done in the esoteric language. You won't get paid for a loophole. If you think you might, then you are mistaking this for Mock Trial.",
        "user": "U042R3B76SC",
        "ts": "1670013019.183269",
        "blocks": [
            {
                "type": "rich_text",
                "block_id": "woN9D",
                "elements": [
                    {
                        "type": "rich_text_section",
                        "elements": [
                            {
                                "type": "text",
                                "text": "One more bit of legalese in a thread there. And I'll be happy to pay the $100, because the story will last forever. The work of solving has to be done in the esoteric language. You won't get paid for a loophole. If you think you might, then you are mistaking this for Mock Trial."
                            }
                        ]
                    }
                ]
            }
        ],
        "team": "T042E1514F3",
        "user_team": "T042E1514F3",
        "source_team": "T042E1514F3",
        "user_profile": {
            "avatar_hash": "g6730f37144b",
            "image_72": "https:\/\/secure.gravatar.com\/avatar\/6730f37144bd6ae505b97012a7f22a66.jpg?s=72&d=https%3A%2F%2Fa.slack-edge.com%2Fdf10d%2Fimg%2Favatars%2Fava_0006-72.png",
            "first_name": "chris",
            "real_name": "chris",
            "display_name": "",
            "team": "T042E1514F3",
            "name": "chris",
            "is_restricted": false,
            "is_ultra_restricted": false
        }
    },
    {
        "client_msg_id": "6b65485c-a20e-4e32-ab5b-1e5e361db4b6",
        "type": "message",
        "text": "<https:\/\/en.wikipedia.org\/wiki\/INTERCAL|INTERCAL> is thought to be the original esoteric programming language. It was basically a spoof language that made fun of other languages. Some highlights:\n\n&gt; The full name of the compiler is \"Compiler Language With No Pronounceable Acronym\", which is, for obvious reasons, abbreviated \"INTERCAL\".\nInstead of version numbers:\n&gt; The perversion number consists of a floating-point number with independent signs for the integer and fractional part. Negative fractions indicate pre-escapes (so 1.-94 means \"94 pre-escapes to go before 1.00\". Or you can just add the numbers together and get 0.06....The fractional part of a perversion number can be integer or floating point....The current pre-escape is 1.-94.-2 which means \"2 pre-pre-escapes to go before pre-escape 1.-94\".\nPoliteness:\n&gt; The language has keywords such as DON'T, DO NOT, PLEASE DON'T, PLEASE DO NOT, and PLEASEN'T, and the compiler uses these to assess how polite your program is. If it decides that your program is either too polite or too impolite, it will refuse to compile it.\n&gt; ```E079 PROGRAMMER IS INSUFFICIENTLY POLITE\n&gt; E099 PROGRAMMER IS OVERLY POLITE```\nError Message Gems\n&gt; In addition to the two manners-check failure messages listed above, user @kconnor has compiled &lt;https:\/\/gist.github.com\/kconner\/a5c73557230dee1f7a3934d6a7abee13\n&gt; |a list of INTERCAL error messages&gt; on GitHub. Read them all sometime if you're having a bad day. It might make it better or worse. What do you have to lose? Here are some of my favorites.\n&gt; ```E127 SAYING 'ABRACADABRA' WITHOUT A MAGIC WAND WON'T DO YOU ANY GOOD\n&gt; E405 PROGRAM REJECTED FOR MENTAL HEALTH REASONS\n&gt; E621 ERROR TYPE 621 ENCOUNTERED\n&gt; E666 COMPILER HAS INDIGESTION\n&gt; W018 THAT WAS MEANT TO BE A JOKE\n&gt; W276 YOU CAN'T EXPECT ME TO CHECK BACK THAT FAR```",
        "user": "U042R3B76SC",
        "ts": "1670015390.176989",
        "blocks": [
            {
                "type": "rich_text",
                "block_id": "6gSao",
                "elements": [
                    {
                        "type": "rich_text_section",
                        "elements": [
                            {
                                "type": "link",
                                "url": "https:\/\/en.wikipedia.org\/wiki\/INTERCAL",
                                "text": "INTERCAL"
                            },
                            {
                                "type": "text",
                                "text": " is thought to be the original esoteric programming language. It was basically a spoof language that made fun of other languages. Some highlights:\n\n"
                            }
                        ]
                    },
                    {
                        "type": "rich_text_quote",
                        "elements": [
                            {
                                "type": "text",
                                "text": "The full name of the compiler is \"Compiler Language With No Pronounceable Acronym\", which is, for obvious reasons, abbreviated \"INTERCAL\"."
                            }
                        ]
                    },
                    {
                        "type": "rich_text_section",
                        "elements": [
                            {
                                "type": "text",
                                "text": "\nInstead of version numbers:\n"
                            }
                        ]
                    },
                    {
                        "type": "rich_text_quote",
                        "elements": [
                            {
                                "type": "text",
                                "text": "The perversion number consists of a floating-point number with independent signs for the integer and fractional part. Negative fractions indicate pre-escapes (so 1.-94 means \"94 pre-escapes to go before 1.00\". Or you can just add the numbers together and get 0.06....The fractional part of a perversion number can be integer or floating point....The current pre-escape is 1.-94.-2 which means \"2 pre-pre-escapes to go before pre-escape 1.-94\"."
                            }
                        ]
                    },
                    {
                        "type": "rich_text_section",
                        "elements": [
                            {
                                "type": "text",
                                "text": "\nPoliteness:\n"
                            }
                        ]
                    },
                    {
                        "type": "rich_text_quote",
                        "elements": [
                            {
                                "type": "text",
                                "text": "The language has keywords such as DON'T, DO NOT, PLEASE DON'T, PLEASE DO NOT, and PLEASEN'T, and the compiler uses these to assess how polite your program is. If it decides that your program is either too polite or too impolite, it will refuse to compile it."
                            }
                        ]
                    },
                    {
                        "type": "rich_text_preformatted",
                        "elements": [
                            {
                                "type": "text",
                                "text": "E079 PROGRAMMER IS INSUFFICIENTLY POLITE\nE099 PROGRAMMER IS OVERLY POLITE"
                            }
                        ],
                        "border": 1
                    },
                    {
                        "type": "rich_text_section",
                        "elements": [
                            {
                                "type": "text",
                                "text": "\nError Message Gems\n"
                            }
                        ]
                    },
                    {
                        "type": "rich_text_quote",
                        "elements": [
                            {
                                "type": "text",
                                "text": "In addition to the two manners-check failure messages listed above, user @kconnor has compiled "
                            },
                            {
                                "type": "link",
                                "url": "https:\/\/gist.github.com\/kconner\/a5c73557230dee1f7a3934d6a7abee13\n",
                                "text": "a list of INTERCAL error messages"
                            },
                            {
                                "type": "text",
                                "text": " on GitHub. Read them all sometime if you're having a bad day. It might make it better or worse. What do you have to lose? Here are some of my favorites."
                            }
                        ]
                    },
                    {
                        "type": "rich_text_preformatted",
                        "elements": [
                            {
                                "type": "text",
                                "text": "E127 SAYING 'ABRACADABRA' WITHOUT A MAGIC WAND WON'T DO YOU ANY GOOD\nE405 PROGRAM REJECTED FOR MENTAL HEALTH REASONS\nE621 ERROR TYPE 621 ENCOUNTERED\nE666 COMPILER HAS INDIGESTION\nW018 THAT WAS MEANT TO BE A JOKE\nW276 YOU CAN'T EXPECT ME TO CHECK BACK THAT FAR"
                            }
                        ],
                        "border": 1
                    }
                ]
            }
        ],
        "team": "T042E1514F3",
        "user_team": "T042E1514F3",
        "source_team": "T042E1514F3",
        "user_profile": {
            "avatar_hash": "g6730f37144b",
            "image_72": "https:\/\/secure.gravatar.com\/avatar\/6730f37144bd6ae505b97012a7f22a66.jpg?s=72&d=https%3A%2F%2Fa.slack-edge.com%2Fdf10d%2Fimg%2Favatars%2Fava_0006-72.png",
            "first_name": "chris",
            "real_name": "chris",
            "display_name": "",
            "team": "T042E1514F3",
            "name": "chris",
            "is_restricted": false,
            "is_ultra_restricted": false
        }
    },
    {
        "client_msg_id": "6a2aeec6-d653-4a2c-835f-a298bec6d0cc",
        "type": "message",
        "text": "Sorry for all the crazy manic posts. I am working today also. Honest.",
        "user": "U042R3B76SC",
        "ts": "1670020197.000709",
        "blocks": [
            {
                "type": "rich_text",
                "block_id": "E+ym",
                "elements": [
                    {
                        "type": "rich_text_section",
                        "elements": [
                            {
                                "type": "text",
                                "text": "Sorry for all the crazy manic posts. I am working today also. Honest."
                            }
                        ]
                    }
                ]
            }
        ],
        "team": "T042E1514F3",
        "user_team": "T042E1514F3",
        "source_team": "T042E1514F3",
        "user_profile": {
            "avatar_hash": "g6730f37144b",
            "image_72": "https:\/\/secure.gravatar.com\/avatar\/6730f37144bd6ae505b97012a7f22a66.jpg?s=72&d=https%3A%2F%2Fa.slack-edge.com%2Fdf10d%2Fimg%2Favatars%2Fava_0006-72.png",
            "first_name": "chris",
            "real_name": "chris",
            "display_name": "",
            "team": "T042E1514F3",
            "name": "chris",
            "is_restricted": false,
            "is_ultra_restricted": false
        }
    }
]