[
    {
        "type": "message",
        "subtype": "channel_join",
        "ts": "1669927227.860169",
        "user": "U042R3B76SC",
        "text": "<@U042R3B76SC> has joined the channel"
    },
    {
        "type": "message",
        "subtype": "channel_join",
        "ts": "1669927235.013599",
        "user": "U041LSQC38X",
        "text": "<@U041LSQC38X> has joined the channel",
        "inviter": "U042R3B76SC"
    },
    {
        "type": "message",
        "subtype": "channel_join",
        "ts": "1669927235.080389",
        "user": "U042R51RY2C",
        "text": "<@U042R51RY2C> has joined the channel",
        "inviter": "U042R3B76SC"
    },
    {
        "type": "message",
        "subtype": "channel_join",
        "ts": "1669927235.147019",
        "user": "U042U2F450R",
        "text": "<@U042U2F450R> has joined the channel",
        "inviter": "U042R3B76SC"
    },
    {
        "type": "message",
        "subtype": "channel_join",
        "ts": "1669927268.519559",
        "user": "U042R3B76SC",
        "text": "<@U042R3B76SC> has joined the channel"
    },
    {
        "client_msg_id": "27c09e6c-0dd6-4c2a-b5c2-2fb34dd953d6",
        "type": "message",
        "text": "if you don't want to be in here, you can use the `\/leave` command. but it will be fun! probably.",
        "user": "U042R3B76SC",
        "ts": "1669927294.528459",
        "blocks": [
            {
                "type": "rich_text",
                "block_id": "8llk",
                "elements": [
                    {
                        "type": "rich_text_section",
                        "elements": [
                            {
                                "type": "text",
                                "text": "if you don't want to be in here, you can use the "
                            },
                            {
                                "type": "text",
                                "text": "\/leave",
                                "style": {
                                    "code": true
                                }
                            },
                            {
                                "type": "text",
                                "text": " command. but it will be fun! probably."
                            }
                        ]
                    }
                ]
            }
        ],
        "team": "T042E1514F3",
        "user_team": "T042E1514F3",
        "source_team": "T042E1514F3",
        "user_profile": {
            "avatar_hash": "g6730f37144b",
            "image_72": "https:\/\/secure.gravatar.com\/avatar\/6730f37144bd6ae505b97012a7f22a66.jpg?s=72&d=https%3A%2F%2Fa.slack-edge.com%2Fdf10d%2Fimg%2Favatars%2Fava_0006-72.png",
            "first_name": "chris",
            "real_name": "chris",
            "display_name": "",
            "team": "T042E1514F3",
            "name": "chris",
            "is_restricted": false,
            "is_ultra_restricted": false
        }
    },
    {
        "client_msg_id": "2fa80d83-a93f-41b1-88ab-0a7ff55c1aac",
        "type": "message",
        "text": "I have done the first challenge for today. It looks like there are actually two per day. I was able to do it in about half an hour in Python. It really should have been quicker, being a programmer and all, but ... multitasking. I was able to verify that my answer was correct using Excel. That only took about 4 minutes, no multitasking.\n\nThis next message goes out to one of you in particular: I have seen two different answers suggested for this puzzle by our group.",
        "user": "U042R3B76SC",
        "ts": "1669927500.189249",
        "blocks": [
            {
                "type": "rich_text",
                "block_id": "Xao0",
                "elements": [
                    {
                        "type": "rich_text_section",
                        "elements": [
                            {
                                "type": "text",
                                "text": "I have done the first challenge for today. It looks like there are actually two per day. I was able to do it in about half an hour in Python. It really should have been quicker, being a programmer and all, but ... multitasking. I was able to verify that my answer was correct using Excel. That only took about 4 minutes, no multitasking.\n\nThis next message goes out to one of you in particular: I have seen two different answers suggested for this puzzle by our group."
                            }
                        ]
                    }
                ]
            }
        ],
        "team": "T042E1514F3",
        "user_team": "T042E1514F3",
        "source_team": "T042E1514F3",
        "user_profile": {
            "avatar_hash": "g6730f37144b",
            "image_72": "https:\/\/secure.gravatar.com\/avatar\/6730f37144bd6ae505b97012a7f22a66.jpg?s=72&d=https%3A%2F%2Fa.slack-edge.com%2Fdf10d%2Fimg%2Favatars%2Fava_0006-72.png",
            "first_name": "chris",
            "real_name": "chris",
            "display_name": "",
            "team": "T042E1514F3",
            "name": "chris",
            "is_restricted": false,
            "is_ultra_restricted": false
        },
        "edited": {
            "user": "U042R3B76SC",
            "ts": "1669927527.000000"
        }
    },
    {
        "client_msg_id": "404ea6fc-9541-4777-aaf0-69933150fcea",
        "type": "message",
        "text": "You understand what I mean. :male_supervillain::skin-tone-2:",
        "user": "U042R3B76SC",
        "ts": "1669927548.831129",
        "blocks": [
            {
                "type": "rich_text",
                "block_id": "zwh",
                "elements": [
                    {
                        "type": "rich_text_section",
                        "elements": [
                            {
                                "type": "text",
                                "text": "You understand what I mean. "
                            },
                            {
                                "type": "emoji",
                                "name": "male_supervillain",
                                "unicode": "1f9b9-1f3fb-200d-2642-fe0f",
                                "skin_tone": 2
                            }
                        ]
                    }
                ]
            }
        ],
        "team": "T042E1514F3",
        "user_team": "T042E1514F3",
        "source_team": "T042E1514F3",
        "user_profile": {
            "avatar_hash": "g6730f37144b",
            "image_72": "https:\/\/secure.gravatar.com\/avatar\/6730f37144bd6ae505b97012a7f22a66.jpg?s=72&d=https%3A%2F%2Fa.slack-edge.com%2Fdf10d%2Fimg%2Favatars%2Fava_0006-72.png",
            "first_name": "chris",
            "real_name": "chris",
            "display_name": "",
            "team": "T042E1514F3",
            "name": "chris",
            "is_restricted": false,
            "is_ultra_restricted": false
        }
    }
]