[
    {
        "type": "message",
        "text": "",
        "files": [
            {
                "id": "F0453AAMXD5",
                "created": 1665102481,
                "timestamp": 1665102481,
                "name": "04 - Using Ubuntu.docx",
                "title": "04 - Using Ubuntu.docx",
                "mimetype": "application\/vnd.openxmlformats-officedocument.wordprocessingml.document",
                "filetype": "docx",
                "pretty_type": "Word Document",
                "user": "U042R3B76SC",
                "user_team": "T042E1514F3",
                "editable": false,
                "size": 20870,
                "mode": "hosted",
                "is_external": false,
                "external_type": "",
                "is_public": true,
                "public_url_shared": false,
                "display_as_bot": false,
                "username": "",
                "url_private": "https:\/\/files.slack.com\/files-pri\/T042E1514F3-F0453AAMXD5\/04_-_using_ubuntu.docx?t=xoxe-4082039038513-5909763746612-5907217023875-336a8277661c30aa211f6bb0466e7c24",
                "url_private_download": "https:\/\/files.slack.com\/files-pri\/T042E1514F3-F0453AAMXD5\/download\/04_-_using_ubuntu.docx?t=xoxe-4082039038513-5909763746612-5907217023875-336a8277661c30aa211f6bb0466e7c24",
                "media_display_type": "unknown",
                "converted_pdf": "https:\/\/files.slack.com\/files-tmb\/T042E1514F3-F0453AAMXD5-8deb45fcd9\/04_-_using_ubuntu_converted.pdf?t=xoxe-4082039038513-5909763746612-5907217023875-336a8277661c30aa211f6bb0466e7c24",
                "thumb_pdf": "https:\/\/files.slack.com\/files-tmb\/T042E1514F3-F0453AAMXD5-8deb45fcd9\/04_-_using_ubuntu_thumb_pdf.png?t=xoxe-4082039038513-5909763746612-5907217023875-336a8277661c30aa211f6bb0466e7c24",
                "thumb_pdf_w": 935,
                "thumb_pdf_h": 1210,
                "permalink": "https:\/\/cyberdefense2022-2023.slack.com\/files\/U042R3B76SC\/F0453AAMXD5\/04_-_using_ubuntu.docx",
                "permalink_public": "https:\/\/slack-files.com\/T042E1514F3-F0453AAMXD5-f5a0661ad0",
                "is_starred": false,
                "has_rich_preview": false,
                "file_access": "visible"
            }
        ],
        "upload": false,
        "user": "U042R3B76SC",
        "display_as_bot": false,
        "ts": "1665102496.046109",
        "client_msg_id": "edb15ff8-ec7a-472c-a389-8aab8c142a9c"
    },
    {
        "client_msg_id": "3bffd957-38e7-4bfb-93f1-a3c0472b6f5e",
        "type": "message",
        "text": "If you are installing the VirtualBox Extensions and you see this message:\n```This system is currently not set up to build kernel modules.\nPlease install the gcc make perl packages from your distribution.```\nThis is what you need to run:\n```sudo apt update &amp;&amp; sudo apt install gcc make perl --yes```",
        "user": "U042R3B76SC",
        "ts": "1665104499.393769",
        "blocks": [
            {
                "type": "rich_text",
                "block_id": "TGY",
                "elements": [
                    {
                        "type": "rich_text_section",
                        "elements": [
                            {
                                "type": "text",
                                "text": "If you are installing the VirtualBox Extensions and you see this message:\n"
                            }
                        ]
                    },
                    {
                        "type": "rich_text_preformatted",
                        "elements": [
                            {
                                "type": "text",
                                "text": "This system is currently not set up to build kernel modules.\nPlease install the gcc make perl packages from your distribution."
                            }
                        ],
                        "border": 0
                    },
                    {
                        "type": "rich_text_section",
                        "elements": [
                            {
                                "type": "text",
                                "text": "This is what you need to run:\n"
                            }
                        ]
                    },
                    {
                        "type": "rich_text_preformatted",
                        "elements": [
                            {
                                "type": "text",
                                "text": "sudo apt update && sudo apt install gcc make perl --yes"
                            }
                        ],
                        "border": 0
                    }
                ]
            }
        ],
        "team": "T042E1514F3",
        "user_team": "T042E1514F3",
        "source_team": "T042E1514F3",
        "user_profile": {
            "avatar_hash": "g6730f37144b",
            "image_72": "https:\/\/secure.gravatar.com\/avatar\/6730f37144bd6ae505b97012a7f22a66.jpg?s=72&d=https%3A%2F%2Fa.slack-edge.com%2Fdf10d%2Fimg%2Favatars%2Fava_0006-72.png",
            "first_name": "chris",
            "real_name": "chris",
            "display_name": "",
            "team": "T042E1514F3",
            "name": "chris",
            "is_restricted": false,
            "is_ultra_restricted": false
        }
    },
    {
        "client_msg_id": "9f690764-ea0b-4fb1-9fda-56a1e1c13a6f",
        "type": "message",
        "text": "To open a terminal in Ubuntu, type `Ctrl-Alt-T`.",
        "user": "U042R3B76SC",
        "ts": "1665104689.964429",
        "blocks": [
            {
                "type": "rich_text",
                "block_id": "NYa",
                "elements": [
                    {
                        "type": "rich_text_section",
                        "elements": [
                            {
                                "type": "text",
                                "text": "To open a terminal in Ubuntu, type "
                            },
                            {
                                "type": "text",
                                "text": "Ctrl-Alt-T",
                                "style": {
                                    "code": true
                                }
                            },
                            {
                                "type": "text",
                                "text": "."
                            }
                        ]
                    }
                ]
            }
        ],
        "team": "T042E1514F3",
        "user_team": "T042E1514F3",
        "source_team": "T042E1514F3",
        "user_profile": {
            "avatar_hash": "g6730f37144b",
            "image_72": "https:\/\/secure.gravatar.com\/avatar\/6730f37144bd6ae505b97012a7f22a66.jpg?s=72&d=https%3A%2F%2Fa.slack-edge.com%2Fdf10d%2Fimg%2Favatars%2Fava_0006-72.png",
            "first_name": "chris",
            "real_name": "chris",
            "display_name": "",
            "team": "T042E1514F3",
            "name": "chris",
            "is_restricted": false,
            "is_ultra_restricted": false
        }
    }
]