[
    {
        "type": "message",
        "subtype": "channel_join",
        "ts": "1663251361.151889",
        "user": "U042R3B76SC",
        "text": "<@U042R3B76SC> has joined the channel"
    },
    {
        "type": "message",
        "subtype": "channel_join",
        "ts": "1663251363.943879",
        "user": "U041LSQC38X",
        "text": "<@U041LSQC38X> has joined the channel",
        "inviter": "U042R3B76SC"
    },
    {
        "type": "message",
        "subtype": "channel_join",
        "ts": "1663251363.998449",
        "user": "U041UR8P3HC",
        "text": "<@U041UR8P3HC> has joined the channel",
        "inviter": "U042R3B76SC"
    },
    {
        "type": "message",
        "subtype": "channel_join",
        "ts": "1663251364.112259",
        "user": "U042R51RY2C",
        "text": "<@U042R51RY2C> has joined the channel",
        "inviter": "U042R3B76SC"
    },
    {
        "type": "message",
        "subtype": "channel_join",
        "ts": "1663251364.168289",
        "user": "U042U2F450R",
        "text": "<@U042U2F450R> has joined the channel",
        "inviter": "U042R3B76SC"
    },
    {
        "client_msg_id": "e197ea3d-41e3-4fa6-a25e-b17ee75f882c",
        "type": "message",
        "text": "This isn't homework exactly, but it will help us get farther tonight\/do crazier things if you happen to be able to do this. Otherwise, we can do any and all of it tonight, and those of you who do it ahead of time can either help each other, ask me questions, or do additional crazy things (the concept \"crazy\" will be a little open-ended).\n\nWe will be using two programs this year to help us make fake computers (virtual machines) that we can just beat the living daylights out of without risking any harm to our real laptops. They are called VirtualBox and Docker.\n\n*Docker*\nThe first rule of Docker is: please don't set up Docker on your own. Docker can be set up on Windows in several different ways, so I'd like you to hold off on that until we're together, or at least until I have full notes typed up, to make sure we all do it the same way.\n\nWhy? You can actually get into a state where it will be difficult to install the way I want you to, and (bonus!) we might not discover this until later in the year when we change the Docker configuration. So if you just have to, have to, have to try playing with Docker, cool! Just use a different computer. :slightly_smiling_face: Having said that, let me give you an idea of why it will be useful.\n\nWe will use Docker when we want to interact with a server but do not want to bother with building the thing. Docker makes it drop-dead easy to start up a server for us to work with. In this context, \"drop-dead easy\" means typing something like this.\n```PS&gt; docker run -dp 80:80 docker\/getting-started```\nThe first time you run this, Docker will realize that you are asking to run something from the `docker` repository called `getting-started`. This repository happens to be a small web server with simple content, but that doesn't matter: I'm just using it as an example.\n\nDocker will look for this repository on your laptop and realize you do not have a local copy. It will then download a copy from the `docker` repository and launch it for you. On my computer, this took less than 8 seconds.\n\nThe next time you run it, Docker will see that you have a local copy and will just launch it. On my computer, this takes a little over 500 ms.\n\nThat's all it takes to launch a web server on my laptop. It's a demo web server with simple content, but it's a complete web server. I'll attach a screen shot to this post.\n\n*VirtualBox*\nHowever, VirtualBox will let us install things the \"normal\" way, and this will be more like what we have to do for the competition. If you have time:\n\n• Visit <https:\/\/virtualbox.org>\n• Click the big friendly Download button. This will take you to an ugly page with a lot of text. \n• Click the link under *VirtualBox 6.1.38 platform packages* (or whatever version is there if it's been upgraded) and select the one for *Windows hosts*.\n• After that downloads, install it. A standard \"next\/next\/next\" installation is fine, including the screen that has a warning on it (nothing bad will happen).\n*Ubuntu 22.04 Desktop ISO file*\nOne last thing you could do is to download <https:\/\/ubuntu.com\/download\/desktop\/thank-you?version=22.04.1&amp;architecture=amd64|this file>. It's kind of big (3.5 GB), so if you aren't someplace where you can pull a big file down, you can just get it tonight at GoDaddy.",
        "user": "U042R3B76SC",
        "ts": "1663272402.671969",
        "blocks": [
            {
                "type": "rich_text",
                "block_id": "E7w",
                "elements": [
                    {
                        "type": "rich_text_section",
                        "elements": [
                            {
                                "type": "text",
                                "text": "This isn't homework exactly, but it will help us get farther tonight\/do crazier things if you happen to be able to do this. Otherwise, we can do any and all of it tonight, and those of you who do it ahead of time can either help each other, ask me questions, or do additional crazy things (the concept \"crazy\" will be a little open-ended).\n\nWe will be using two programs this year to help us make fake computers (virtual machines) that we can just beat the living daylights out of without risking any harm to our real laptops. They are called VirtualBox and Docker.\n\n"
                            },
                            {
                                "type": "text",
                                "text": "Docker",
                                "style": {
                                    "bold": true
                                }
                            },
                            {
                                "type": "text",
                                "text": "\nThe first rule of Docker is: please don't set up Docker on your own. Docker can be set up on Windows in several different ways, so I'd like you to hold off on that until we're together, or at least until I have full notes typed up, to make sure we all do it the same way.\n\nWhy? You can actually get into a state where it will be difficult to install the way I want you to, and (bonus!) we might not discover this until later in the year when we change the Docker configuration. So if you just have to, have to, have to try playing with Docker, cool! Just use a different computer. "
                            },
                            {
                                "type": "emoji",
                                "name": "slightly_smiling_face",
                                "unicode": "1f642"
                            },
                            {
                                "type": "text",
                                "text": " Having said that, let me give you an idea of why it will be useful.\n\nWe will use Docker when we want to interact with a server but do not want to bother with building the thing. Docker makes it drop-dead easy to start up a server for us to work with. In this context, \"drop-dead easy\" means typing something like this.\n"
                            }
                        ]
                    },
                    {
                        "type": "rich_text_preformatted",
                        "elements": [
                            {
                                "type": "text",
                                "text": "PS> docker run -dp 80:80 docker\/getting-started"
                            }
                        ],
                        "border": 0
                    },
                    {
                        "type": "rich_text_section",
                        "elements": [
                            {
                                "type": "text",
                                "text": "\nThe first time you run this, Docker will realize that you are asking to run something from the "
                            },
                            {
                                "type": "text",
                                "text": "docker",
                                "style": {
                                    "code": true
                                }
                            },
                            {
                                "type": "text",
                                "text": " repository called "
                            },
                            {
                                "type": "text",
                                "text": "getting-started",
                                "style": {
                                    "code": true
                                }
                            },
                            {
                                "type": "text",
                                "text": ". This repository happens to be a small web server with simple content, but that doesn't matter: I'm just using it as an example.\n\nDocker will look for this repository on your laptop and realize you do not have a local copy. It will then download a copy from the "
                            },
                            {
                                "type": "text",
                                "text": "docker",
                                "style": {
                                    "code": true
                                }
                            },
                            {
                                "type": "text",
                                "text": " repository and launch it for you. On my computer, this took less than 8 seconds.\n\nThe next time you run it, Docker will see that you have a local copy and will just launch it. On my computer, this takes a little over 500 ms.\n\nThat's all it takes to launch a web server on my laptop. It's a demo web server with simple content, but it's a complete web server. I'll attach a screen shot to this post.\n\n"
                            },
                            {
                                "type": "text",
                                "text": "VirtualBox",
                                "style": {
                                    "bold": true
                                }
                            },
                            {
                                "type": "text",
                                "text": "\nHowever, VirtualBox will let us install things the \"normal\" way, and this will be more like what we have to do for the competition. If you have time:\n\n"
                            }
                        ]
                    },
                    {
                        "type": "rich_text_list",
                        "elements": [
                            {
                                "type": "rich_text_section",
                                "elements": [
                                    {
                                        "type": "text",
                                        "text": "Visit "
                                    },
                                    {
                                        "type": "link",
                                        "url": "https:\/\/virtualbox.org"
                                    }
                                ]
                            },
                            {
                                "type": "rich_text_section",
                                "elements": [
                                    {
                                        "type": "text",
                                        "text": "Click the big friendly Download button. This will take you to an ugly page with a lot of text. "
                                    }
                                ]
                            },
                            {
                                "type": "rich_text_section",
                                "elements": [
                                    {
                                        "type": "text",
                                        "text": "Click the link under "
                                    },
                                    {
                                        "type": "text",
                                        "text": "VirtualBox 6.1.38 platform packages ",
                                        "style": {
                                            "bold": true
                                        }
                                    },
                                    {
                                        "type": "text",
                                        "text": "(or whatever version is there if it's been upgraded) and select the one for "
                                    },
                                    {
                                        "type": "text",
                                        "text": "Windows hosts",
                                        "style": {
                                            "bold": true
                                        }
                                    },
                                    {
                                        "type": "text",
                                        "text": "."
                                    }
                                ]
                            },
                            {
                                "type": "rich_text_section",
                                "elements": [
                                    {
                                        "type": "text",
                                        "text": "After that downloads, install it. A standard \"next\/next\/next\" installation is fine, including the screen that has a warning on it (nothing bad will happen)."
                                    }
                                ]
                            }
                        ],
                        "style": "bullet",
                        "indent": 0,
                        "border": 0
                    },
                    {
                        "type": "rich_text_section",
                        "elements": [
                            {
                                "type": "text",
                                "text": "\n"
                            },
                            {
                                "type": "text",
                                "text": "Ubuntu 22.04 Desktop ISO file",
                                "style": {
                                    "bold": true
                                }
                            },
                            {
                                "type": "text",
                                "text": "\nOne last thing you could do is to download "
                            },
                            {
                                "type": "link",
                                "url": "https:\/\/ubuntu.com\/download\/desktop\/thank-you?version=22.04.1&architecture=amd64",
                                "text": "this file"
                            },
                            {
                                "type": "text",
                                "text": ". It's kind of big (3.5 GB), so if you aren't someplace where you can pull a big file down, you can just get it tonight at GoDaddy."
                            }
                        ]
                    }
                ]
            }
        ],
        "team": "T042E1514F3",
        "user_team": "T042E1514F3",
        "source_team": "T042E1514F3",
        "user_profile": {
            "avatar_hash": "g6730f37144b",
            "image_72": "https:\/\/secure.gravatar.com\/avatar\/6730f37144bd6ae505b97012a7f22a66.jpg?s=72&d=https%3A%2F%2Fa.slack-edge.com%2Fdf10d%2Fimg%2Favatars%2Fava_0006-72.png",
            "first_name": "chris",
            "real_name": "chris",
            "display_name": "",
            "team": "T042E1514F3",
            "name": "chris",
            "is_restricted": false,
            "is_ultra_restricted": false
        },
        "edited": {
            "user": "U042R3B76SC",
            "ts": "1663272515.000000"
        },
        "attachments": [
            {
                "from_url": "https:\/\/ubuntu.com\/download\/desktop\/thank-you?version=22.04.1&architecture=amd64",
                "service_icon": "https:\/\/assets.ubuntu.com\/v1\/17b68252-apple-touch-icon-180x180-precomposed-ubuntu.png",
                "id": 1,
                "original_url": "https:\/\/ubuntu.com\/download\/desktop\/thank-you?version=22.04.1&amp;architecture=amd64",
                "fallback": "Ubuntu: Thank you for downloading Ubuntu Desktop | Ubuntu",
                "text": "Ubuntu is an open source software operating system that runs from the desktop, to the cloud, to all your internet connected things.",
                "title": "Thank you for downloading Ubuntu Desktop | Ubuntu",
                "title_link": "https:\/\/ubuntu.com\/download\/desktop\/thank-you?version=22.04.1&architecture=amd64",
                "service_name": "Ubuntu"
            }
        ]
    },
    {
        "client_msg_id": "ec105b65-0d55-4789-b739-cba86c66e6bc",
        "type": "message",
        "text": "Sorry, I typed most of that this morning but then had a meeting and didn't send it b\/c I wasn't done.\n\n*TL;DR -*\n• I wrote a little bit about Docker. Read it, but don't install Docker.\n• Install VirtualBox if you have time before our meeting.\n• Download the Ubuntu file if you can before the meeting.",
        "user": "U042R3B76SC",
        "ts": "1663272490.351439",
        "blocks": [
            {
                "type": "rich_text",
                "block_id": "\/cWZm",
                "elements": [
                    {
                        "type": "rich_text_section",
                        "elements": [
                            {
                                "type": "text",
                                "text": "Sorry, I typed most of that this morning but then had a meeting and didn't send it b\/c I wasn't done.\n\n"
                            },
                            {
                                "type": "text",
                                "text": "TL;DR -",
                                "style": {
                                    "bold": true
                                }
                            },
                            {
                                "type": "text",
                                "text": "\n"
                            }
                        ]
                    },
                    {
                        "type": "rich_text_list",
                        "elements": [
                            {
                                "type": "rich_text_section",
                                "elements": [
                                    {
                                        "type": "text",
                                        "text": "I wrote a little bit about Docker. Read it, but don't install Docker."
                                    }
                                ]
                            },
                            {
                                "type": "rich_text_section",
                                "elements": [
                                    {
                                        "type": "text",
                                        "text": "Install VirtualBox if you have time before our meeting."
                                    }
                                ]
                            },
                            {
                                "type": "rich_text_section",
                                "elements": [
                                    {
                                        "type": "text",
                                        "text": "Download the Ubuntu file if you can before the meeting."
                                    }
                                ]
                            }
                        ],
                        "style": "bullet",
                        "indent": 0,
                        "border": 0
                    }
                ]
            }
        ],
        "team": "T042E1514F3",
        "user_team": "T042E1514F3",
        "source_team": "T042E1514F3",
        "user_profile": {
            "avatar_hash": "g6730f37144b",
            "image_72": "https:\/\/secure.gravatar.com\/avatar\/6730f37144bd6ae505b97012a7f22a66.jpg?s=72&d=https%3A%2F%2Fa.slack-edge.com%2Fdf10d%2Fimg%2Favatars%2Fava_0006-72.png",
            "first_name": "chris",
            "real_name": "chris",
            "display_name": "",
            "team": "T042E1514F3",
            "name": "chris",
            "is_restricted": false,
            "is_ultra_restricted": false
        },
        "edited": {
            "user": "U042R3B76SC",
            "ts": "1663272845.000000"
        }
    },
    {
        "type": "message",
        "text": "Here's the screenshot I promised of the website Docker installed in 8 seconds. Notice that the URL starts `<http:\/\/localhost>` , which is a name that always points back to the computer you are using.",
        "files": [
            {
                "id": "F042M3XS7JP",
                "created": 1663272811,
                "timestamp": 1663272811,
                "name": "image.png",
                "title": "image.png",
                "mimetype": "image\/png",
                "filetype": "png",
                "pretty_type": "PNG",
                "user": "U042R3B76SC",
                "user_team": "T042E1514F3",
                "editable": false,
                "size": 397271,
                "mode": "hosted",
                "is_external": false,
                "external_type": "",
                "is_public": true,
                "public_url_shared": false,
                "display_as_bot": false,
                "username": "",
                "url_private": "https:\/\/files.slack.com\/files-pri\/T042E1514F3-F042M3XS7JP\/image.png?t=xoxe-4082039038513-5909763746612-5907217023875-336a8277661c30aa211f6bb0466e7c24",
                "url_private_download": "https:\/\/files.slack.com\/files-pri\/T042E1514F3-F042M3XS7JP\/download\/image.png?t=xoxe-4082039038513-5909763746612-5907217023875-336a8277661c30aa211f6bb0466e7c24",
                "media_display_type": "unknown",
                "thumb_64": "https:\/\/files.slack.com\/files-tmb\/T042E1514F3-F042M3XS7JP-321876e289\/image_64.png?t=xoxe-4082039038513-5909763746612-5907217023875-336a8277661c30aa211f6bb0466e7c24",
                "thumb_80": "https:\/\/files.slack.com\/files-tmb\/T042E1514F3-F042M3XS7JP-321876e289\/image_80.png?t=xoxe-4082039038513-5909763746612-5907217023875-336a8277661c30aa211f6bb0466e7c24",
                "thumb_360": "https:\/\/files.slack.com\/files-tmb\/T042E1514F3-F042M3XS7JP-321876e289\/image_360.png?t=xoxe-4082039038513-5909763746612-5907217023875-336a8277661c30aa211f6bb0466e7c24",
                "thumb_360_w": 360,
                "thumb_360_h": 265,
                "thumb_480": "https:\/\/files.slack.com\/files-tmb\/T042E1514F3-F042M3XS7JP-321876e289\/image_480.png?t=xoxe-4082039038513-5909763746612-5907217023875-336a8277661c30aa211f6bb0466e7c24",
                "thumb_480_w": 480,
                "thumb_480_h": 354,
                "thumb_160": "https:\/\/files.slack.com\/files-tmb\/T042E1514F3-F042M3XS7JP-321876e289\/image_160.png?t=xoxe-4082039038513-5909763746612-5907217023875-336a8277661c30aa211f6bb0466e7c24",
                "thumb_720": "https:\/\/files.slack.com\/files-tmb\/T042E1514F3-F042M3XS7JP-321876e289\/image_720.png?t=xoxe-4082039038513-5909763746612-5907217023875-336a8277661c30aa211f6bb0466e7c24",
                "thumb_720_w": 720,
                "thumb_720_h": 531,
                "thumb_800": "https:\/\/files.slack.com\/files-tmb\/T042E1514F3-F042M3XS7JP-321876e289\/image_800.png?t=xoxe-4082039038513-5909763746612-5907217023875-336a8277661c30aa211f6bb0466e7c24",
                "thumb_800_w": 800,
                "thumb_800_h": 590,
                "thumb_960": "https:\/\/files.slack.com\/files-tmb\/T042E1514F3-F042M3XS7JP-321876e289\/image_960.png?t=xoxe-4082039038513-5909763746612-5907217023875-336a8277661c30aa211f6bb0466e7c24",
                "thumb_960_w": 960,
                "thumb_960_h": 708,
                "thumb_1024": "https:\/\/files.slack.com\/files-tmb\/T042E1514F3-F042M3XS7JP-321876e289\/image_1024.png?t=xoxe-4082039038513-5909763746612-5907217023875-336a8277661c30aa211f6bb0466e7c24",
                "thumb_1024_w": 1024,
                "thumb_1024_h": 755,
                "original_w": 2532,
                "original_h": 1867,
                "thumb_tiny": "AwAjADCSC1WSBHYnLCpDYR46mpLTm0i+lTHpVXYrFQafH\/eaj+z4\/wC81WqUUuZhYqf2fGOrMaPsEY5BNXKD0ouwsQ2f\/HpF\/u1Kais\/+PSL\/dqU9KQwopM+9GTQA4UUCigDMjnlSNVVsADjgUSXUwXh\/wBBUS\/dFJJ92rEx32uf\/nofyFH2uf8A56H8hUFFVYktxXUxBy\/6Cn\/aZf7\/AOgqtF0apD0qWUj\/2Q==",
                "permalink": "https:\/\/cyberdefense2022-2023.slack.com\/files\/U042R3B76SC\/F042M3XS7JP\/image.png",
                "permalink_public": "https:\/\/slack-files.com\/T042E1514F3-F042M3XS7JP-213932c41c",
                "is_starred": false,
                "has_rich_preview": false,
                "file_access": "visible"
            }
        ],
        "upload": false,
        "user": "U042R3B76SC",
        "display_as_bot": false,
        "ts": "1663272820.668019",
        "blocks": [
            {
                "type": "rich_text",
                "block_id": "=lobC",
                "elements": [
                    {
                        "type": "rich_text_section",
                        "elements": [
                            {
                                "type": "text",
                                "text": "Here's the screenshot I promised of the website Docker installed in 8 seconds. Notice that the URL starts "
                            },
                            {
                                "type": "link",
                                "url": "http:\/\/localhost",
                                "style": {
                                    "code": true
                                }
                            },
                            {
                                "type": "text",
                                "text": " , which is a name that always points back to the computer you are using."
                            }
                        ]
                    }
                ]
            }
        ],
        "client_msg_id": "b3c98ad8-ee17-4291-be1d-34cc39567577"
    }
]