[
    {
        "type": "message",
        "text": "*TryHackMe Trivia!*\nFor those confused because the TryHackMe interface \"didn't look like Ubuntu,\" here's a little additional information. Ubuntu itself is very configurable, and can run many different desktops. The Ubuntu you are accustomed to uses the Wayland X Server working with the Mutter Window Manager, the Gnome Display Manager, and the Gnome Desktop Environment. I know, information overload.\n\nThe computers you see on TryHackMe use the X Windows Server working with the Marco Window Manager, the LightDM Display Manager, and the Mate Desktop Environment.\n\nThe shorthand way to refer to this is that we use Gnome and TryHackMe uses Mate. Mate is considered more lightweight (read: faster speed\/fewer features) as opposed to Gnome).\n\nYou can make TryHackMe's desktop be fullscreen. If you do, it will look like this. Of course, their wallpaper has their logo on it, as you'd expect.",
        "files": [
            {
                "id": "F04A34ZAFJQ",
                "created": 1667925654,
                "timestamp": 1667925654,
                "name": "image.png",
                "title": "image.png",
                "mimetype": "image\/png",
                "filetype": "png",
                "pretty_type": "PNG",
                "user": "U042R3B76SC",
                "user_team": "T042E1514F3",
                "editable": false,
                "size": 702056,
                "mode": "hosted",
                "is_external": false,
                "external_type": "",
                "is_public": true,
                "public_url_shared": false,
                "display_as_bot": false,
                "username": "",
                "url_private": "https:\/\/files.slack.com\/files-pri\/T042E1514F3-F04A34ZAFJQ\/image.png?t=xoxe-4082039038513-5909763746612-5907217023875-336a8277661c30aa211f6bb0466e7c24",
                "url_private_download": "https:\/\/files.slack.com\/files-pri\/T042E1514F3-F04A34ZAFJQ\/download\/image.png?t=xoxe-4082039038513-5909763746612-5907217023875-336a8277661c30aa211f6bb0466e7c24",
                "media_display_type": "unknown",
                "thumb_64": "https:\/\/files.slack.com\/files-tmb\/T042E1514F3-F04A34ZAFJQ-a633fd789a\/image_64.png?t=xoxe-4082039038513-5909763746612-5907217023875-336a8277661c30aa211f6bb0466e7c24",
                "thumb_80": "https:\/\/files.slack.com\/files-tmb\/T042E1514F3-F04A34ZAFJQ-a633fd789a\/image_80.png?t=xoxe-4082039038513-5909763746612-5907217023875-336a8277661c30aa211f6bb0466e7c24",
                "thumb_360": "https:\/\/files.slack.com\/files-tmb\/T042E1514F3-F04A34ZAFJQ-a633fd789a\/image_360.png?t=xoxe-4082039038513-5909763746612-5907217023875-336a8277661c30aa211f6bb0466e7c24",
                "thumb_360_w": 360,
                "thumb_360_h": 225,
                "thumb_480": "https:\/\/files.slack.com\/files-tmb\/T042E1514F3-F04A34ZAFJQ-a633fd789a\/image_480.png?t=xoxe-4082039038513-5909763746612-5907217023875-336a8277661c30aa211f6bb0466e7c24",
                "thumb_480_w": 480,
                "thumb_480_h": 300,
                "thumb_160": "https:\/\/files.slack.com\/files-tmb\/T042E1514F3-F04A34ZAFJQ-a633fd789a\/image_160.png?t=xoxe-4082039038513-5909763746612-5907217023875-336a8277661c30aa211f6bb0466e7c24",
                "thumb_720": "https:\/\/files.slack.com\/files-tmb\/T042E1514F3-F04A34ZAFJQ-a633fd789a\/image_720.png?t=xoxe-4082039038513-5909763746612-5907217023875-336a8277661c30aa211f6bb0466e7c24",
                "thumb_720_w": 720,
                "thumb_720_h": 450,
                "thumb_800": "https:\/\/files.slack.com\/files-tmb\/T042E1514F3-F04A34ZAFJQ-a633fd789a\/image_800.png?t=xoxe-4082039038513-5909763746612-5907217023875-336a8277661c30aa211f6bb0466e7c24",
                "thumb_800_w": 800,
                "thumb_800_h": 500,
                "thumb_960": "https:\/\/files.slack.com\/files-tmb\/T042E1514F3-F04A34ZAFJQ-a633fd789a\/image_960.png?t=xoxe-4082039038513-5909763746612-5907217023875-336a8277661c30aa211f6bb0466e7c24",
                "thumb_960_w": 960,
                "thumb_960_h": 600,
                "thumb_1024": "https:\/\/files.slack.com\/files-tmb\/T042E1514F3-F04A34ZAFJQ-a633fd789a\/image_1024.png?t=xoxe-4082039038513-5909763746612-5907217023875-336a8277661c30aa211f6bb0466e7c24",
                "thumb_1024_w": 1024,
                "thumb_1024_h": 640,
                "original_w": 3840,
                "original_h": 2400,
                "thumb_tiny": "AwAeADCkT0pKU07amB82Tjn2piGUU7ADDFS5\/dbcDrnPegCCilbrQoywHqaAEooopgHSl3H1pKKAF5J96FO1gfSgHFOZ1ZcbefWgD\/\/Z",
                "permalink": "https:\/\/cyberdefense2022-2023.slack.com\/files\/U042R3B76SC\/F04A34ZAFJQ\/image.png",
                "permalink_public": "https:\/\/slack-files.com\/T042E1514F3-F04A34ZAFJQ-13a4ad0e0c",
                "is_starred": false,
                "has_rich_preview": false,
                "file_access": "visible"
            }
        ],
        "upload": false,
        "user": "U042R3B76SC",
        "display_as_bot": false,
        "ts": "1667925660.274119",
        "blocks": [
            {
                "type": "rich_text",
                "block_id": "rAJb1",
                "elements": [
                    {
                        "type": "rich_text_section",
                        "elements": [
                            {
                                "type": "text",
                                "text": "TryHackMe Trivia!",
                                "style": {
                                    "bold": true
                                }
                            },
                            {
                                "type": "text",
                                "text": "\nFor those confused because the TryHackMe interface \"didn't look like Ubuntu,\" here's a little additional information. Ubuntu itself is very configurable, and can run many different desktops. The Ubuntu you are accustomed to uses the Wayland X Server working with the Mutter Window Manager, the Gnome Display Manager, and the Gnome Desktop Environment. I know, information overload.\n\nThe computers you see on TryHackMe use the X Windows Server working with the Marco Window Manager, the LightDM Display Manager, and the Mate Desktop Environment.\n\nThe shorthand way to refer to this is that we use Gnome and TryHackMe uses Mate. Mate is considered more lightweight (read: faster speed\/fewer features) as opposed to Gnome).\n\nYou can make TryHackMe's desktop be fullscreen. If you do, it will look like this. Of course, their wallpaper has their logo on it, as you'd expect."
                            }
                        ]
                    }
                ]
            }
        ],
        "edited": {
            "user": "U042R3B76SC",
            "ts": "1667925680.000000"
        },
        "client_msg_id": "8c1568ca-2aa7-4fd5-a7d0-3bdc35bdac90"
    }
]