[
    {
        "client_msg_id": "395d8284-5776-4a0e-be11-8e13defa8dfc",
        "type": "message",
        "text": "Here's the second (and final) homework video for the week. If you get through the *01 - Installing VirtualBox* video posted above, and the *02 - Install Ubuntu* video I'm posting here, then that's everything! See you Thursday.\n\n<https:\/\/www.youtube.com\/watch?v=_VOIiCKw4RE>",
        "user": "U042R3B76SC",
        "ts": "1663749294.450369",
        "blocks": [
            {
                "type": "rich_text",
                "block_id": "VuEc",
                "elements": [
                    {
                        "type": "rich_text_section",
                        "elements": [
                            {
                                "type": "text",
                                "text": "Here's the second (and final) homework video for the week. If you get through the "
                            },
                            {
                                "type": "text",
                                "text": "01 - Installing VirtualBox",
                                "style": {
                                    "bold": true
                                }
                            },
                            {
                                "type": "text",
                                "text": " video posted above, and the "
                            },
                            {
                                "type": "text",
                                "text": "02 - Install Ubuntu",
                                "style": {
                                    "bold": true
                                }
                            },
                            {
                                "type": "text",
                                "text": " video I'm posting here, then that's everything! See you Thursday.\n\n"
                            },
                            {
                                "type": "link",
                                "url": "https:\/\/www.youtube.com\/watch?v=_VOIiCKw4RE"
                            }
                        ]
                    }
                ]
            }
        ],
        "team": "T042E1514F3",
        "user_team": "T042E1514F3",
        "source_team": "T042E1514F3",
        "user_profile": {
            "avatar_hash": "g6730f37144b",
            "image_72": "https:\/\/secure.gravatar.com\/avatar\/6730f37144bd6ae505b97012a7f22a66.jpg?s=72&d=https%3A%2F%2Fa.slack-edge.com%2Fdf10d%2Fimg%2Favatars%2Fava_0006-72.png",
            "first_name": "chris",
            "real_name": "chris",
            "display_name": "",
            "team": "T042E1514F3",
            "name": "chris",
            "is_restricted": false,
            "is_ultra_restricted": false
        },
        "attachments": [
            {
                "from_url": "https:\/\/www.youtube.com\/watch?v=_VOIiCKw4RE",
                "thumb_url": "https:\/\/i.ytimg.com\/vi\/_VOIiCKw4RE\/hqdefault.jpg",
                "thumb_width": 480,
                "thumb_height": 360,
                "video_html": "<iframe width=\"400\" height=\"225\" src=\"https:\/\/www.youtube.com\/embed\/_VOIiCKw4RE?feature=oembed&autoplay=1&iv_load_policy=3\" frameborder=\"0\" allow=\"accelerometer; autoplay; clipboard-write; encrypted-media; gyroscope; picture-in-picture\" allowfullscreen title=\"02   Install Ubuntu\"><\/iframe>",
                "video_html_width": 400,
                "video_html_height": 225,
                "service_icon": "https:\/\/a.slack-edge.com\/80588\/img\/unfurl_icons\/youtube.png",
                "id": 1,
                "original_url": "https:\/\/www.youtube.com\/watch?v=_VOIiCKw4RE",
                "fallback": "YouTube Video: 02   Install Ubuntu",
                "title": "02   Install Ubuntu",
                "title_link": "https:\/\/www.youtube.com\/watch?v=_VOIiCKw4RE",
                "author_name": "@sky.kaptin",
                "author_link": "https:\/\/www.youtube.com\/c\/ChrisLeonardSkyCaptain",
                "service_name": "YouTube",
                "service_url": "https:\/\/www.youtube.com\/"
            }
        ]
    },
    {
        "client_msg_id": "8e837e33-63c7-4d3d-8c2f-16a0ee446e94",
        "type": "message",
        "text": "When installing Ubuntu, is it okay to select Ubuntu 32-bit instead of 64-bit? All my options show 32-bit. Video position 3:55",
        "user": "U042U2F450R",
        "ts": "1663816520.262359",
        "blocks": [
            {
                "type": "rich_text",
                "block_id": "X6E",
                "elements": [
                    {
                        "type": "rich_text_section",
                        "elements": [
                            {
                                "type": "text",
                                "text": "When installing Ubuntu, is it okay to select Ubuntu 32-bit instead of 64-bit? All my options show 32-bit. Video position 3:55"
                            }
                        ]
                    }
                ]
            }
        ],
        "team": "T042E1514F3",
        "user_team": "T042E1514F3",
        "source_team": "T042E1514F3",
        "user_profile": {
            "avatar_hash": "gff8e94624db",
            "image_72": "https:\/\/secure.gravatar.com\/avatar\/ff8e94624db08a84843122675f06ea92.jpg?s=72&d=https%3A%2F%2Fa.slack-edge.com%2Fdf10d%2Fimg%2Favatars%2Fava_0004-72.png",
            "first_name": "Anna",
            "real_name": "Anna",
            "display_name": "Anna",
            "team": "T042E1514F3",
            "name": "annam45",
            "is_restricted": false,
            "is_ultra_restricted": false
        },
        "edited": {
            "user": "U042U2F450R",
            "ts": "1663817422.000000"
        }
    },
    {
        "client_msg_id": "c2cca872-e024-40f0-a254-504d0ce8e80d",
        "type": "message",
        "text": "Yes! Good question.",
        "user": "U042R3B76SC",
        "ts": "1663817621.538459",
        "blocks": [
            {
                "type": "rich_text",
                "block_id": "M0PW",
                "elements": [
                    {
                        "type": "rich_text_section",
                        "elements": [
                            {
                                "type": "text",
                                "text": "Yes! Good question."
                            }
                        ]
                    }
                ]
            }
        ],
        "team": "T042E1514F3",
        "user_team": "T042E1514F3",
        "source_team": "T042E1514F3",
        "user_profile": {
            "avatar_hash": "g6730f37144b",
            "image_72": "https:\/\/secure.gravatar.com\/avatar\/6730f37144bd6ae505b97012a7f22a66.jpg?s=72&d=https%3A%2F%2Fa.slack-edge.com%2Fdf10d%2Fimg%2Favatars%2Fava_0006-72.png",
            "first_name": "chris",
            "real_name": "chris",
            "display_name": "",
            "team": "T042E1514F3",
            "name": "chris",
            "is_restricted": false,
            "is_ultra_restricted": false
        }
    },
    {
        "client_msg_id": "72f77cbb-0e35-4377-8bdf-32b390bd2c91",
        "type": "message",
        "text": "My computer won't let me select 2 CPU's. Only 1. The option for more is grayed out. Video position 13:13",
        "user": "U042U2F450R",
        "ts": "1663818875.300079",
        "blocks": [
            {
                "type": "rich_text",
                "block_id": "hGJ",
                "elements": [
                    {
                        "type": "rich_text_section",
                        "elements": [
                            {
                                "type": "text",
                                "text": "My computer won't let me select 2 CPU's. Only 1. The option for more is grayed out. Video position 13:13"
                            }
                        ]
                    }
                ]
            }
        ],
        "team": "T042E1514F3",
        "user_team": "T042E1514F3",
        "source_team": "T042E1514F3",
        "user_profile": {
            "avatar_hash": "gff8e94624db",
            "image_72": "https:\/\/secure.gravatar.com\/avatar\/ff8e94624db08a84843122675f06ea92.jpg?s=72&d=https%3A%2F%2Fa.slack-edge.com%2Fdf10d%2Fimg%2Favatars%2Fava_0004-72.png",
            "first_name": "Anna",
            "real_name": "Anna",
            "display_name": "Anna",
            "team": "T042E1514F3",
            "name": "annam45",
            "is_restricted": false,
            "is_ultra_restricted": false
        },
        "edited": {
            "user": "U042U2F450R",
            "ts": "1663818940.000000"
        }
    },
    {
        "client_msg_id": "0ae9da42-0ab2-4795-aa71-9879d8bdd91b",
        "type": "message",
        "text": "In task manager it says virtualization is disabled.",
        "user": "U042U2F450R",
        "ts": "1663820573.711199",
        "blocks": [
            {
                "type": "rich_text",
                "block_id": "KNs=7",
                "elements": [
                    {
                        "type": "rich_text_section",
                        "elements": [
                            {
                                "type": "text",
                                "text": "In task manager it says virtualization is disabled."
                            }
                        ]
                    }
                ]
            }
        ],
        "team": "T042E1514F3",
        "user_team": "T042E1514F3",
        "source_team": "T042E1514F3",
        "user_profile": {
            "avatar_hash": "gff8e94624db",
            "image_72": "https:\/\/secure.gravatar.com\/avatar\/ff8e94624db08a84843122675f06ea92.jpg?s=72&d=https%3A%2F%2Fa.slack-edge.com%2Fdf10d%2Fimg%2Favatars%2Fava_0004-72.png",
            "first_name": "Anna",
            "real_name": "Anna",
            "display_name": "Anna",
            "team": "T042E1514F3",
            "name": "annam45",
            "is_restricted": false,
            "is_ultra_restricted": false
        },
        "thread_ts": "1663820573.711199",
        "reply_count": 2,
        "reply_users_count": 1,
        "latest_reply": "1663874332.466249",
        "reply_users": [
            "U042R3B76SC"
        ],
        "replies": [
            {
                "user": "U042R3B76SC",
                "ts": "1663827673.005139"
            },
            {
                "user": "U042R3B76SC",
                "ts": "1663874332.466249"
            }
        ],
        "is_locked": false,
        "subscribed": true,
        "last_read": "1663874332.466249"
    },
    {
        "type": "message",
        "text": "That's OK. We might need to look at a few things on your laptop. We'll probably take a look at our meeting, but maybe we can figure something out before then.\n\nI'd like you to run a program called *System Information*. To do this, click the *Start* button and start to type *System Information* until you see it show up, and then click on it. It will look like it does in this screenshot. Click it as soon as you see it.",
        "files": [
            {
                "id": "F0444FMJDHN",
                "created": 1663827179,
                "timestamp": 1663827179,
                "name": "image.png",
                "title": "image.png",
                "mimetype": "image\/png",
                "filetype": "png",
                "pretty_type": "PNG",
                "user": "U042R3B76SC",
                "user_team": "T042E1514F3",
                "editable": false,
                "size": 930255,
                "mode": "hosted",
                "is_external": false,
                "external_type": "",
                "is_public": true,
                "public_url_shared": false,
                "display_as_bot": false,
                "username": "",
                "url_private": "https:\/\/files.slack.com\/files-pri\/T042E1514F3-F0444FMJDHN\/image.png?t=xoxe-4082039038513-5909763746612-5907217023875-336a8277661c30aa211f6bb0466e7c24",
                "url_private_download": "https:\/\/files.slack.com\/files-pri\/T042E1514F3-F0444FMJDHN\/download\/image.png?t=xoxe-4082039038513-5909763746612-5907217023875-336a8277661c30aa211f6bb0466e7c24",
                "media_display_type": "unknown",
                "thumb_64": "https:\/\/files.slack.com\/files-tmb\/T042E1514F3-F0444FMJDHN-aa6fa872a6\/image_64.png?t=xoxe-4082039038513-5909763746612-5907217023875-336a8277661c30aa211f6bb0466e7c24",
                "thumb_80": "https:\/\/files.slack.com\/files-tmb\/T042E1514F3-F0444FMJDHN-aa6fa872a6\/image_80.png?t=xoxe-4082039038513-5909763746612-5907217023875-336a8277661c30aa211f6bb0466e7c24",
                "thumb_360": "https:\/\/files.slack.com\/files-tmb\/T042E1514F3-F0444FMJDHN-aa6fa872a6\/image_360.png?t=xoxe-4082039038513-5909763746612-5907217023875-336a8277661c30aa211f6bb0466e7c24",
                "thumb_360_w": 360,
                "thumb_360_h": 312,
                "thumb_480": "https:\/\/files.slack.com\/files-tmb\/T042E1514F3-F0444FMJDHN-aa6fa872a6\/image_480.png?t=xoxe-4082039038513-5909763746612-5907217023875-336a8277661c30aa211f6bb0466e7c24",
                "thumb_480_w": 480,
                "thumb_480_h": 416,
                "thumb_160": "https:\/\/files.slack.com\/files-tmb\/T042E1514F3-F0444FMJDHN-aa6fa872a6\/image_160.png?t=xoxe-4082039038513-5909763746612-5907217023875-336a8277661c30aa211f6bb0466e7c24",
                "thumb_720": "https:\/\/files.slack.com\/files-tmb\/T042E1514F3-F0444FMJDHN-aa6fa872a6\/image_720.png?t=xoxe-4082039038513-5909763746612-5907217023875-336a8277661c30aa211f6bb0466e7c24",
                "thumb_720_w": 720,
                "thumb_720_h": 624,
                "thumb_800": "https:\/\/files.slack.com\/files-tmb\/T042E1514F3-F0444FMJDHN-aa6fa872a6\/image_800.png?t=xoxe-4082039038513-5909763746612-5907217023875-336a8277661c30aa211f6bb0466e7c24",
                "thumb_800_w": 800,
                "thumb_800_h": 694,
                "thumb_960": "https:\/\/files.slack.com\/files-tmb\/T042E1514F3-F0444FMJDHN-aa6fa872a6\/image_960.png?t=xoxe-4082039038513-5909763746612-5907217023875-336a8277661c30aa211f6bb0466e7c24",
                "thumb_960_w": 960,
                "thumb_960_h": 833,
                "thumb_1024": "https:\/\/files.slack.com\/files-tmb\/T042E1514F3-F0444FMJDHN-aa6fa872a6\/image_1024.png?t=xoxe-4082039038513-5909763746612-5907217023875-336a8277661c30aa211f6bb0466e7c24",
                "thumb_1024_w": 1024,
                "thumb_1024_h": 888,
                "original_w": 1568,
                "original_h": 1360,
                "thumb_tiny": "AwApADCjtwOn6Ckx\/nAqbeewFIXPcU7IV2QlRSbRUjtlelRikMNo9aNq54Jp7Hcqjj5R+dMoAmOQOlNp3Wm4oARulJilbpTc8dKAEzRRRQBaFvN\/zyf8qT7NP\/zyf8q1u9OFMDElhlRcvGyjPcVFtPoa1dS\/1C\/739DWevT8f6UgIwjHop\/Kk2n0NWU\/i+n9BUVAdD\/\/2Q==",
                "permalink": "https:\/\/cyberdefense2022-2023.slack.com\/files\/U042R3B76SC\/F0444FMJDHN\/image.png",
                "permalink_public": "https:\/\/slack-files.com\/T042E1514F3-F0444FMJDHN-ee7e1ab25a",
                "is_starred": false,
                "has_rich_preview": false,
                "file_access": "visible"
            }
        ],
        "upload": false,
        "user": "U042R3B76SC",
        "display_as_bot": false,
        "ts": "1663827190.358809",
        "blocks": [
            {
                "type": "rich_text",
                "block_id": "K6z",
                "elements": [
                    {
                        "type": "rich_text_section",
                        "elements": [
                            {
                                "type": "text",
                                "text": "That's OK. We might need to look at a few things on your laptop. We'll probably take a look at our meeting, but maybe we can figure something out before then.\n\nI'd like you to run a program called "
                            },
                            {
                                "type": "text",
                                "text": "System Information",
                                "style": {
                                    "bold": true
                                }
                            },
                            {
                                "type": "text",
                                "text": ". To do this, click the "
                            },
                            {
                                "type": "text",
                                "text": "Start ",
                                "style": {
                                    "bold": true
                                }
                            },
                            {
                                "type": "text",
                                "text": "button and start to type "
                            },
                            {
                                "type": "text",
                                "text": "System Information",
                                "style": {
                                    "bold": true
                                }
                            },
                            {
                                "type": "text",
                                "text": " until you see it show up, and then click on it. It will look like it does in this screenshot. Click it as soon as you see it."
                            }
                        ]
                    }
                ]
            }
        ],
        "edited": {
            "user": "U042R3B76SC",
            "ts": "1663827397.000000"
        },
        "client_msg_id": "9fa8d990-bfad-4af3-9180-0b754d58f965"
    },
    {
        "type": "message",
        "text": "The program will look like this when it runs. There's a ton of information in it. If you click *System Summary* on the left, can you tell me what your laptop says for *System Type*? This is the entry I've highlighted, which on my laptop says *x64-based PC*.",
        "files": [
            {
                "id": "F043EMMU29Z",
                "created": 1663827246,
                "timestamp": 1663827246,
                "name": "image.png",
                "title": "image.png",
                "mimetype": "image\/png",
                "filetype": "png",
                "pretty_type": "PNG",
                "user": "U042R3B76SC",
                "user_team": "T042E1514F3",
                "editable": false,
                "size": 138590,
                "mode": "hosted",
                "is_external": false,
                "external_type": "",
                "is_public": true,
                "public_url_shared": false,
                "display_as_bot": false,
                "username": "",
                "url_private": "https:\/\/files.slack.com\/files-pri\/T042E1514F3-F043EMMU29Z\/image.png?t=xoxe-4082039038513-5909763746612-5907217023875-336a8277661c30aa211f6bb0466e7c24",
                "url_private_download": "https:\/\/files.slack.com\/files-pri\/T042E1514F3-F043EMMU29Z\/download\/image.png?t=xoxe-4082039038513-5909763746612-5907217023875-336a8277661c30aa211f6bb0466e7c24",
                "media_display_type": "unknown",
                "thumb_64": "https:\/\/files.slack.com\/files-tmb\/T042E1514F3-F043EMMU29Z-50b2e11a55\/image_64.png?t=xoxe-4082039038513-5909763746612-5907217023875-336a8277661c30aa211f6bb0466e7c24",
                "thumb_80": "https:\/\/files.slack.com\/files-tmb\/T042E1514F3-F043EMMU29Z-50b2e11a55\/image_80.png?t=xoxe-4082039038513-5909763746612-5907217023875-336a8277661c30aa211f6bb0466e7c24",
                "thumb_360": "https:\/\/files.slack.com\/files-tmb\/T042E1514F3-F043EMMU29Z-50b2e11a55\/image_360.png?t=xoxe-4082039038513-5909763746612-5907217023875-336a8277661c30aa211f6bb0466e7c24",
                "thumb_360_w": 360,
                "thumb_360_h": 326,
                "thumb_480": "https:\/\/files.slack.com\/files-tmb\/T042E1514F3-F043EMMU29Z-50b2e11a55\/image_480.png?t=xoxe-4082039038513-5909763746612-5907217023875-336a8277661c30aa211f6bb0466e7c24",
                "thumb_480_w": 480,
                "thumb_480_h": 435,
                "thumb_160": "https:\/\/files.slack.com\/files-tmb\/T042E1514F3-F043EMMU29Z-50b2e11a55\/image_160.png?t=xoxe-4082039038513-5909763746612-5907217023875-336a8277661c30aa211f6bb0466e7c24",
                "thumb_720": "https:\/\/files.slack.com\/files-tmb\/T042E1514F3-F043EMMU29Z-50b2e11a55\/image_720.png?t=xoxe-4082039038513-5909763746612-5907217023875-336a8277661c30aa211f6bb0466e7c24",
                "thumb_720_w": 720,
                "thumb_720_h": 653,
                "thumb_800": "https:\/\/files.slack.com\/files-tmb\/T042E1514F3-F043EMMU29Z-50b2e11a55\/image_800.png?t=xoxe-4082039038513-5909763746612-5907217023875-336a8277661c30aa211f6bb0466e7c24",
                "thumb_800_w": 800,
                "thumb_800_h": 725,
                "thumb_960": "https:\/\/files.slack.com\/files-tmb\/T042E1514F3-F043EMMU29Z-50b2e11a55\/image_960.png?t=xoxe-4082039038513-5909763746612-5907217023875-336a8277661c30aa211f6bb0466e7c24",
                "thumb_960_w": 960,
                "thumb_960_h": 870,
                "thumb_1024": "https:\/\/files.slack.com\/files-tmb\/T042E1514F3-F043EMMU29Z-50b2e11a55\/image_1024.png?t=xoxe-4082039038513-5909763746612-5907217023875-336a8277661c30aa211f6bb0466e7c24",
                "thumb_1024_w": 1024,
                "thumb_1024_h": 929,
                "original_w": 1630,
                "original_h": 1478,
                "thumb_tiny": "AwArADC6u\/PJXH0qQnBFOHSmv1FAC0gb2pQMCkXHegBfwpGOFJx0p2R601yNh+lADh0pj9RTx0pr9RQAL09qFAI6Uq\/d5pobtQA\/FNf7jfSnUh6GgBR0prnpUeSOlOUkjk0ALuHvSAgf\/qNKxIHWmbm9aAJN6+\/5UuQRSZpKAP\/Z",
                "permalink": "https:\/\/cyberdefense2022-2023.slack.com\/files\/U042R3B76SC\/F043EMMU29Z\/image.png",
                "permalink_public": "https:\/\/slack-files.com\/T042E1514F3-F043EMMU29Z-92f28a54ef",
                "is_starred": false,
                "has_rich_preview": false,
                "file_access": "visible"
            }
        ],
        "upload": false,
        "user": "U042R3B76SC",
        "display_as_bot": false,
        "ts": "1663827353.812999",
        "blocks": [
            {
                "type": "rich_text",
                "block_id": "\/Tz",
                "elements": [
                    {
                        "type": "rich_text_section",
                        "elements": [
                            {
                                "type": "text",
                                "text": "The program will look like this when it runs. There's a ton of information in it. If you click "
                            },
                            {
                                "type": "text",
                                "text": "System Summary ",
                                "style": {
                                    "bold": true
                                }
                            },
                            {
                                "type": "text",
                                "text": "on the left, can you tell me what your laptop says for "
                            },
                            {
                                "type": "text",
                                "text": "System Type",
                                "style": {
                                    "bold": true
                                }
                            },
                            {
                                "type": "text",
                                "text": "? This is the entry I've highlighted, which on my laptop says "
                            },
                            {
                                "type": "text",
                                "text": "x64-based PC",
                                "style": {
                                    "bold": true
                                }
                            },
                            {
                                "type": "text",
                                "text": "."
                            }
                        ]
                    }
                ]
            }
        ],
        "client_msg_id": "cd87fc85-eea3-4cd3-8502-e788a992e3e0"
    },
    {
        "type": "message",
        "subtype": "thread_broadcast",
        "text": "That's interesting. Where do you see that in Task Manager?",
        "user": "U042R3B76SC",
        "ts": "1663827673.005139",
        "thread_ts": "1663820573.711199",
        "root": {
            "client_msg_id": "0ae9da42-0ab2-4795-aa71-9879d8bdd91b",
            "type": "message",
            "text": "In task manager it says virtualization is disabled.",
            "user": "U042U2F450R",
            "ts": "1663820573.711199",
            "blocks": [
                {
                    "type": "rich_text",
                    "block_id": "KNs=7",
                    "elements": [
                        {
                            "type": "rich_text_section",
                            "elements": [
                                {
                                    "type": "text",
                                    "text": "In task manager it says virtualization is disabled."
                                }
                            ]
                        }
                    ]
                }
            ],
            "team": "T042E1514F3",
            "thread_ts": "1663820573.711199",
            "reply_count": 2,
            "reply_users_count": 1,
            "latest_reply": "1663874332.466249",
            "reply_users": [
                "U042R3B76SC"
            ],
            "replies": [
                {
                    "user": "U042R3B76SC",
                    "ts": "1663827673.005139"
                },
                {
                    "user": "U042R3B76SC",
                    "ts": "1663874332.466249"
                }
            ],
            "is_locked": false,
            "subscribed": true,
            "last_read": "1663874332.466249"
        },
        "blocks": [
            {
                "type": "rich_text",
                "block_id": "W42ly",
                "elements": [
                    {
                        "type": "rich_text_section",
                        "elements": [
                            {
                                "type": "text",
                                "text": "That's interesting. Where do you see that in Task Manager?"
                            }
                        ]
                    }
                ]
            }
        ],
        "client_msg_id": "3a9b37eb-716e-4f98-bdb5-c7d47aa2cea0"
    },
    {
        "client_msg_id": "e07a3881-d0d9-40a2-b97b-723c4e5484e8",
        "type": "message",
        "text": "We might have to look at a couple of settings in your computer's firmware settings (BIOS or UEFI). We can do that at our meeting.",
        "user": "U042R3B76SC",
        "ts": "1663828505.122459",
        "blocks": [
            {
                "type": "rich_text",
                "block_id": "jXI1",
                "elements": [
                    {
                        "type": "rich_text_section",
                        "elements": [
                            {
                                "type": "text",
                                "text": "We might have to look at a couple of settings in your computer's firmware settings (BIOS or UEFI). We can do that at our meeting."
                            }
                        ]
                    }
                ]
            }
        ],
        "team": "T042E1514F3",
        "user_team": "T042E1514F3",
        "source_team": "T042E1514F3",
        "user_profile": {
            "avatar_hash": "g6730f37144b",
            "image_72": "https:\/\/secure.gravatar.com\/avatar\/6730f37144bd6ae505b97012a7f22a66.jpg?s=72&d=https%3A%2F%2Fa.slack-edge.com%2Fdf10d%2Fimg%2Favatars%2Fava_0006-72.png",
            "first_name": "chris",
            "real_name": "chris",
            "display_name": "",
            "team": "T042E1514F3",
            "name": "chris",
            "is_restricted": false,
            "is_ultra_restricted": false
        }
    }
]