[
    {
        "client_msg_id": "ca8e6d5e-10f7-4105-a3e4-2f8b187fbfbc",
        "type": "message",
        "text": "*Installing SSH on Ubuntu*\n<https:\/\/www.cyberciti.biz\/faq\/ubuntu-linux-install-openssh-server\/>",
        "user": "U042R3B76SC",
        "ts": "1668131454.576649",
        "blocks": [
            {
                "type": "rich_text",
                "block_id": "Ix2x",
                "elements": [
                    {
                        "type": "rich_text_section",
                        "elements": [
                            {
                                "type": "text",
                                "text": "Installing SSH on Ubuntu",
                                "style": {
                                    "bold": true
                                }
                            },
                            {
                                "type": "text",
                                "text": "\n"
                            },
                            {
                                "type": "link",
                                "url": "https:\/\/www.cyberciti.biz\/faq\/ubuntu-linux-install-openssh-server\/"
                            }
                        ]
                    }
                ]
            }
        ],
        "team": "T042E1514F3",
        "user_team": "T042E1514F3",
        "source_team": "T042E1514F3",
        "user_profile": {
            "avatar_hash": "g6730f37144b",
            "image_72": "https:\/\/secure.gravatar.com\/avatar\/6730f37144bd6ae505b97012a7f22a66.jpg?s=72&d=https%3A%2F%2Fa.slack-edge.com%2Fdf10d%2Fimg%2Favatars%2Fava_0006-72.png",
            "first_name": "chris",
            "real_name": "chris",
            "display_name": "",
            "team": "T042E1514F3",
            "name": "chris",
            "is_restricted": false,
            "is_ultra_restricted": false
        }
    },
    {
        "client_msg_id": "a74c0f8a-5ef9-415a-9f5b-10d8dd6f3dd6",
        "type": "message",
        "text": "*When installing in Linux:*\n1. become root: `sudo -i`\n2. as root, update the local software repository: `apt update`\n3. as root, use apt to install whatever it is: `apt install openssh-server`\n",
        "user": "U042R3B76SC",
        "ts": "1668131804.506869",
        "blocks": [
            {
                "type": "rich_text",
                "block_id": "vBn",
                "elements": [
                    {
                        "type": "rich_text_section",
                        "elements": [
                            {
                                "type": "text",
                                "text": "When installing in Linux:",
                                "style": {
                                    "bold": true
                                }
                            },
                            {
                                "type": "text",
                                "text": "\n"
                            }
                        ]
                    },
                    {
                        "type": "rich_text_list",
                        "elements": [
                            {
                                "type": "rich_text_section",
                                "elements": [
                                    {
                                        "type": "text",
                                        "text": "become root: "
                                    },
                                    {
                                        "type": "text",
                                        "text": "sudo -i",
                                        "style": {
                                            "code": true
                                        }
                                    }
                                ]
                            },
                            {
                                "type": "rich_text_section",
                                "elements": [
                                    {
                                        "type": "text",
                                        "text": "as root, update the local software repository: "
                                    },
                                    {
                                        "type": "text",
                                        "text": "apt update",
                                        "style": {
                                            "code": true
                                        }
                                    }
                                ]
                            },
                            {
                                "type": "rich_text_section",
                                "elements": [
                                    {
                                        "type": "text",
                                        "text": "as root, use apt to install whatever it is: "
                                    },
                                    {
                                        "type": "text",
                                        "text": "apt install openssh-server",
                                        "style": {
                                            "code": true
                                        }
                                    }
                                ]
                            }
                        ],
                        "style": "ordered",
                        "indent": 0,
                        "border": 0
                    },
                    {
                        "type": "rich_text_section",
                        "elements": []
                    }
                ]
            }
        ],
        "team": "T042E1514F3",
        "user_team": "T042E1514F3",
        "source_team": "T042E1514F3",
        "user_profile": {
            "avatar_hash": "g6730f37144b",
            "image_72": "https:\/\/secure.gravatar.com\/avatar\/6730f37144bd6ae505b97012a7f22a66.jpg?s=72&d=https%3A%2F%2Fa.slack-edge.com%2Fdf10d%2Fimg%2Favatars%2Fava_0006-72.png",
            "first_name": "chris",
            "real_name": "chris",
            "display_name": "",
            "team": "T042E1514F3",
            "name": "chris",
            "is_restricted": false,
            "is_ultra_restricted": false
        }
    },
    {
        "client_msg_id": "b18e3ad6-e5f0-4a8b-8a71-9f20d0cf7ede",
        "type": "message",
        "text": "*To update everything that needs updating:*\n1. become root: `sudo -i`\n2. update apt's repository: `apt update`\n3. update everything: `apt upgrade`",
        "user": "U042R3B76SC",
        "ts": "1668131871.242559",
        "blocks": [
            {
                "type": "rich_text",
                "block_id": "UDdK",
                "elements": [
                    {
                        "type": "rich_text_section",
                        "elements": [
                            {
                                "type": "text",
                                "text": "To update everything that needs updating:",
                                "style": {
                                    "bold": true
                                }
                            },
                            {
                                "type": "text",
                                "text": "\n"
                            }
                        ]
                    },
                    {
                        "type": "rich_text_list",
                        "elements": [
                            {
                                "type": "rich_text_section",
                                "elements": [
                                    {
                                        "type": "text",
                                        "text": "become root: "
                                    },
                                    {
                                        "type": "text",
                                        "text": "sudo -i",
                                        "style": {
                                            "code": true
                                        }
                                    }
                                ]
                            },
                            {
                                "type": "rich_text_section",
                                "elements": [
                                    {
                                        "type": "text",
                                        "text": "update apt's repository: "
                                    },
                                    {
                                        "type": "text",
                                        "text": "apt update",
                                        "style": {
                                            "code": true
                                        }
                                    }
                                ]
                            },
                            {
                                "type": "rich_text_section",
                                "elements": [
                                    {
                                        "type": "text",
                                        "text": "update everything: "
                                    },
                                    {
                                        "type": "text",
                                        "text": "apt upgrade",
                                        "style": {
                                            "code": true
                                        }
                                    }
                                ]
                            }
                        ],
                        "style": "ordered",
                        "indent": 0,
                        "border": 0
                    }
                ]
            }
        ],
        "team": "T042E1514F3",
        "user_team": "T042E1514F3",
        "source_team": "T042E1514F3",
        "user_profile": {
            "avatar_hash": "g6730f37144b",
            "image_72": "https:\/\/secure.gravatar.com\/avatar\/6730f37144bd6ae505b97012a7f22a66.jpg?s=72&d=https%3A%2F%2Fa.slack-edge.com%2Fdf10d%2Fimg%2Favatars%2Fava_0006-72.png",
            "first_name": "chris",
            "real_name": "chris",
            "display_name": "",
            "team": "T042E1514F3",
            "name": "chris",
            "is_restricted": false,
            "is_ultra_restricted": false
        }
    }
]