[
    {
        "client_msg_id": "9d190628-3d0e-40e7-9efb-e5f80ef70d45",
        "type": "message",
        "text": "<https:\/\/haeleon.glitch.me\/cyber.html>",
        "user": "U042R3B76SC",
        "ts": "1666312040.717589",
        "blocks": [
            {
                "type": "rich_text",
                "block_id": "z5y",
                "elements": [
                    {
                        "type": "rich_text_section",
                        "elements": [
                            {
                                "type": "link",
                                "url": "https:\/\/haeleon.glitch.me\/cyber.html"
                            }
                        ]
                    }
                ]
            }
        ],
        "team": "T042E1514F3",
        "user_team": "T042E1514F3",
        "source_team": "T042E1514F3",
        "user_profile": {
            "avatar_hash": "g6730f37144b",
            "image_72": "https:\/\/secure.gravatar.com\/avatar\/6730f37144bd6ae505b97012a7f22a66.jpg?s=72&d=https%3A%2F%2Fa.slack-edge.com%2Fdf10d%2Fimg%2Favatars%2Fava_0006-72.png",
            "first_name": "chris",
            "real_name": "chris",
            "display_name": "",
            "team": "T042E1514F3",
            "name": "chris",
            "is_restricted": false,
            "is_ultra_restricted": false
        },
        "attachments": [
            {
                "from_url": "https:\/\/haeleon.glitch.me\/cyber.html",
                "service_icon": "https:\/\/cdn.glitch.com\/569d0670-4e6a-46a9-aa25-19c1d7d7c41b%2FHaeleon%20metal%20glow%20cyan.png?v=1608071279141",
                "id": 1,
                "original_url": "https:\/\/haeleon.glitch.me\/cyber.html",
                "fallback": "HTTPS Anomalies",
                "text": "A webpage with practice Capture-the-flag style puzzles.",
                "title": "HTTPS Anomalies",
                "title_link": "https:\/\/haeleon.glitch.me\/cyber.html",
                "service_name": "haeleon.glitch.me"
            }
        ]
    },
    {
        "client_msg_id": "8afca8ce-b398-4a15-8c8b-194f02d39e5b",
        "type": "message",
        "text": "<https:\/\/gchq.github.io\/CyberChef\/>",
        "user": "U042R3B76SC",
        "ts": "1666312317.206569",
        "blocks": [
            {
                "type": "rich_text",
                "block_id": "YNFT",
                "elements": [
                    {
                        "type": "rich_text_section",
                        "elements": [
                            {
                                "type": "link",
                                "url": "https:\/\/gchq.github.io\/CyberChef\/"
                            }
                        ]
                    }
                ]
            }
        ],
        "team": "T042E1514F3",
        "user_team": "T042E1514F3",
        "source_team": "T042E1514F3",
        "user_profile": {
            "avatar_hash": "g6730f37144b",
            "image_72": "https:\/\/secure.gravatar.com\/avatar\/6730f37144bd6ae505b97012a7f22a66.jpg?s=72&d=https%3A%2F%2Fa.slack-edge.com%2Fdf10d%2Fimg%2Favatars%2Fava_0006-72.png",
            "first_name": "chris",
            "real_name": "chris",
            "display_name": "",
            "team": "T042E1514F3",
            "name": "chris",
            "is_restricted": false,
            "is_ultra_restricted": false
        },
        "attachments": [
            {
                "from_url": "https:\/\/gchq.github.io\/CyberChef\/",
                "id": 1,
                "original_url": "https:\/\/gchq.github.io\/CyberChef\/",
                "fallback": "CyberChef",
                "text": "The Cyber Swiss Army Knife - a web app for encryption, encoding, compression and data analysis",
                "title": "CyberChef",
                "title_link": "https:\/\/gchq.github.io\/CyberChef\/",
                "service_name": "gchq.github.io"
            }
        ]
    },
    {
        "client_msg_id": "2af7d2f8-0609-4cf0-a396-a2aa644668fa",
        "type": "message",
        "text": "caesar's cipher, vigniere &lt;-- spelled wrong",
        "user": "U042R3B76SC",
        "ts": "1666316294.090799",
        "blocks": [
            {
                "type": "rich_text",
                "block_id": "USlJ",
                "elements": [
                    {
                        "type": "rich_text_section",
                        "elements": [
                            {
                                "type": "text",
                                "text": "caesar's cipher, vigniere <-- spelled wrong"
                            }
                        ]
                    }
                ]
            }
        ],
        "team": "T042E1514F3",
        "user_team": "T042E1514F3",
        "source_team": "T042E1514F3",
        "user_profile": {
            "avatar_hash": "g6730f37144b",
            "image_72": "https:\/\/secure.gravatar.com\/avatar\/6730f37144bd6ae505b97012a7f22a66.jpg?s=72&d=https%3A%2F%2Fa.slack-edge.com%2Fdf10d%2Fimg%2Favatars%2Fava_0006-72.png",
            "first_name": "chris",
            "real_name": "chris",
            "display_name": "",
            "team": "T042E1514F3",
            "name": "chris",
            "is_restricted": false,
            "is_ultra_restricted": false
        }
    }
]