[
    {
        "client_msg_id": "46c004fa-8b49-45b5-9847-05ca77a4a053",
        "type": "message",
        "text": "I've processed some information from last nights meeting as well as I can and want to change course a little bit with homework.\n\nFirst of all, I appreciate hearing about how busy some of you are and how little time you have for homework. I also didn't know that weekends were the main time you have available for homework. I hope that's not the only time you have available for all your homework (math, science, literature, history, etc.), but regardless, it sounds like you've been able to carve out time for our meetings but don't necessarily all have the same amount of time available for homework, let alone experimentation, especially during the week.\n\nIt's not realistic for me to have homework assignments ready before the Thursday meetings. Things happen on Thursdays with the students or what they tell me that cause me to pivot what I'm going to present, sometimes even after I've arrived. This happened last night, in fact. I want to be able to do this, especially because we're a small group. Just to illustrate why I say this: if you're giving a lecture to 100 students and two people have run into problems, or have come up with unexpected things interesting enough to look at, then you usually ask them to come see you after class or come to your office hours. But if 25 or 50 or 70 people need attention, you have to change plans. In a group this small, if one or two of us have issues or interesting things to share, that's the equivalent of 30 or 70 people in that other class. One of the beauties of homeschooling is that we can do that pivot and embrace what's actually happening in real time. But since I don't know what's actually going to happen until we're talking on Thursday night, I don't think I can make homework assignments ahead of time. Maybe as the year goes on and we know each other better this will be possible.\n\nSo, TL;DR - I don't think I'll be bringing homework assignments with me on Thursdays for the upcoming week. That's something I need to take as a given. The other key factors already mentioned are that it would really be great for you to have the work by the weekend, and that you don't all have tons of time every week. Along with that, there are different factors that will impact what homework fits each of you best. I might misstate some things here, but as I see it:\n\n• Anna and Michael both said that their schedules are pretty tight. I believe Tristan indicated that he has more time to try things out. I also believe this, since each week, there is something like a virtual network switch sending broadcast packets to a non-existent IP host on his laptop. :slightly_smiling_face:\n• Michael is a returning student. As such, I assume he has seen many of the concepts before. There can be a big difference going back the second time versus the first time. For many people, the second time (and each time after that) that you look at a piece of tech, it just keeps \"fitting into your brain\" better and better.\n• Anna indicated that the HTB exercises seemed hard, even though they were listed as easy by the site. There are many reasons for this (discussion below). But it drew my attention to the fact that different people need different ways to approach things, and I need to try to accommodate that when I can. That's specifically why HackThisSite is back in the homework mix. It has a really different vibe than HTB, and frankly, they teach a lot of the same things with a vibe that might feel more inviting if you don't want all the \"gamification\" that HTB throws at you.\n• Michael, on the other hand, has already used HTB at least somewhat, so I don't think he's intimidated by it.\n• Tristan, on the third hand, can't understand why that make-believe broadcast package on that make-believe router on his make-believe network didn't find the make-believe network host that didn't have the make-believe IP address ... if I got that right. \n    ◦ There's really no point for this bullet point. Just giving you a hard time, big guy. :slightly_smiling_face: \nSo all of these \"givens\" pretty much show me what to do with homework, at least what I'm going to do for now. We meet on Thursdays. I don't think I can have useful homework ready before we meet. I don't think I should put together homework during the day on Friday (I'm writing this on a work break). And I'm just going to choose, as an adult who needs to not hate myself, not to write up homework assignments on Friday night.\n\nBut it's best if you have homework by Friday night or Saturday morning. Impossible? Not at all. In fact, I'd say the opposite: problem solved.\n\nWhat we need to do in order to make all of these things work at once is to decide what the homework is during our Thursday meeting. I can write something in Slack to formalize it a little. Then on the weekend, we can talk in the <#C042MDEPYF6|homework> channel, or you can DM me, and then by Monday it will be done.\n\nIf you have more time to work and experiment, everything we talk about is open-ended. You can always find more. I can always help you if you want to learn more about something specific. I want to respect your busy schedules, and this approach will let us come up with a plan before the weekend that will reflect what happened at Thursday's meeting, and it will happen \"organically.\"\n\nSound good?",
        "user": "U042R3B76SC",
        "ts": "1667587440.106499",
        "blocks": [
            {
                "type": "rich_text",
                "block_id": "VyZi",
                "elements": [
                    {
                        "type": "rich_text_section",
                        "elements": [
                            {
                                "type": "text",
                                "text": "I've processed some information from last nights meeting as well as I can and want to change course a little bit with homework.\n\nFirst of all, I appreciate hearing about how busy some of you are and how little time you have for homework. I also didn't know that weekends were the main time you have available for homework. I hope that's not the only time you have available for all your homework (math, science, literature, history, etc.), but regardless, it sounds like you've been able to carve out time for our meetings but don't necessarily all have the same amount of time available for homework, let alone experimentation, especially during the week.\n\nIt's not realistic for me to have homework assignments ready before the Thursday meetings. Things happen on Thursdays with the students or what they tell me that cause me to pivot what I'm going to present, sometimes even after I've arrived. This happened last night, in fact. I want to be able to do this, especially because we're a small group. Just to illustrate why I say this: if you're giving a lecture to 100 students and two people have run into problems, or have come up with unexpected things interesting enough to look at, then you usually ask them to come see you after class or come to your office hours. But if 25 or 50 or 70 people need attention, you have to change plans. In a group this small, if one or two of us have issues or interesting things to share, that's the equivalent of 30 or 70 people in that other class. One of the beauties of homeschooling is that we can do that pivot and embrace what's actually happening in real time. But since I don't know what's actually going to happen until we're talking on Thursday night, I don't think I can make homework assignments ahead of time. Maybe as the year goes on and we know each other better this will be possible.\n\nSo, TL;DR - I don't think I'll be bringing homework assignments with me on Thursdays for the upcoming week. That's something I need to take as a given. The other key factors already mentioned are that it would really be great for you to have the work by the weekend, and that you don't all have tons of time every week. Along with that, there are different factors that will impact what homework fits each of you best. I might misstate some things here, but as I see it:\n\n"
                            }
                        ]
                    },
                    {
                        "type": "rich_text_list",
                        "elements": [
                            {
                                "type": "rich_text_section",
                                "elements": [
                                    {
                                        "type": "text",
                                        "text": "Anna and Michael both said that their schedules are pretty tight. I believe Tristan indicated that he has more time to try things out. I also believe this, since each week, there is something like a virtual network switch sending broadcast packets to a non-existent IP host on his laptop. "
                                    },
                                    {
                                        "type": "emoji",
                                        "name": "slightly_smiling_face",
                                        "unicode": "1f642"
                                    }
                                ]
                            },
                            {
                                "type": "rich_text_section",
                                "elements": [
                                    {
                                        "type": "text",
                                        "text": "Michael is a returning student. As such, I assume he has seen many of the concepts before. There can be a big difference going back the second time versus the first time. For many people, the second time (and each time after that) that you look at a piece of tech, it just keeps \"fitting into your brain\" better and better."
                                    }
                                ]
                            },
                            {
                                "type": "rich_text_section",
                                "elements": [
                                    {
                                        "type": "text",
                                        "text": "Anna indicated that the HTB exercises seemed hard, even though they were listed as easy by the site. There are many reasons for this (discussion below). But it drew my attention to the fact that different people need different ways to approach things, and I need to try to accommodate that when I can. That's specifically why HackThisSite is back in the homework mix. It has a really different vibe than HTB, and frankly, they teach a lot of the same things with a vibe that might feel more inviting if you don't want all the \"gamification\" that HTB throws at you."
                                    }
                                ]
                            },
                            {
                                "type": "rich_text_section",
                                "elements": [
                                    {
                                        "type": "text",
                                        "text": "Michael, on the other hand, has already used HTB at least somewhat, so I don't think he's intimidated by it."
                                    }
                                ]
                            },
                            {
                                "type": "rich_text_section",
                                "elements": [
                                    {
                                        "type": "text",
                                        "text": "Tristan, on the third hand, can't understand why that make-believe broadcast package on that make-believe router on his make-believe network didn't find the make-believe network host that didn't have the make-believe IP address ... if I got that right. "
                                    }
                                ]
                            }
                        ],
                        "style": "bullet",
                        "indent": 0,
                        "border": 0
                    },
                    {
                        "type": "rich_text_list",
                        "elements": [
                            {
                                "type": "rich_text_section",
                                "elements": [
                                    {
                                        "type": "text",
                                        "text": "There's really no point for this bullet point. Just giving you a hard time, big guy. "
                                    },
                                    {
                                        "type": "emoji",
                                        "name": "slightly_smiling_face",
                                        "unicode": "1f642"
                                    },
                                    {
                                        "type": "text",
                                        "text": " "
                                    }
                                ]
                            }
                        ],
                        "style": "bullet",
                        "indent": 1,
                        "border": 0
                    },
                    {
                        "type": "rich_text_section",
                        "elements": [
                            {
                                "type": "text",
                                "text": "\nSo all of these \"givens\" pretty much show me what to do with homework, at least what I'm going to do for now. We meet on Thursdays. I don't think I can have useful homework ready before we meet. I don't think I should put together homework during the day on Friday (I'm writing this on a work break). And I'm just going to choose, as an adult who needs to not hate myself, not to write up homework assignments on Friday night.\n\nBut it's best if you have homework by Friday night or Saturday morning. Impossible? Not at all. In fact, I'd say the opposite: problem solved.\n\nWhat we need to do in order to make all of these things work at once is to decide what the homework is during our Thursday meeting. I can write something in Slack to formalize it a little. Then on the weekend, we can talk in the "
                            },
                            {
                                "type": "channel",
                                "channel_id": "C042MDEPYF6"
                            },
                            {
                                "type": "text",
                                "text": " channel, or you can DM me, and then by Monday it will be done.\n\nIf you have more time to work and experiment, everything we talk about is open-ended. You can always find more. I can always help you if you want to learn more about something specific. I want to respect your busy schedules, and this approach will let us come up with a plan before the weekend that will reflect what happened at Thursday's meeting, and it will happen \"organically.\"\n\nSound good?"
                            }
                        ]
                    }
                ]
            }
        ],
        "team": "T042E1514F3",
        "user_team": "T042E1514F3",
        "source_team": "T042E1514F3",
        "user_profile": {
            "avatar_hash": "g6730f37144b",
            "image_72": "https:\/\/secure.gravatar.com\/avatar\/6730f37144bd6ae505b97012a7f22a66.jpg?s=72&d=https%3A%2F%2Fa.slack-edge.com%2Fdf10d%2Fimg%2Favatars%2Fava_0006-72.png",
            "first_name": "chris",
            "real_name": "chris",
            "display_name": "",
            "team": "T042E1514F3",
            "name": "chris",
            "is_restricted": false,
            "is_ultra_restricted": false
        }
    },
    {
        "client_msg_id": "b9ca4f2c-c17b-443d-b7e6-91c51382eabf",
        "type": "message",
        "text": "So for this week, the homework should not be a surprise, although I didn't really formalize it yesterday as these thoughts were swimming around in my head. Here it is:\n\nSpend 30 to 60 minutes doing one of the following:\n• Walkthroughs in the Starting Point section of <https:\/\/app.hackthebox.com\/home|Hack The Box>\n• Tasks from any of the paths on <https:\/\/tryhackme.com\/dashboard|Try Hack Me>. \n    ◦ Here's something we didn't discuss. It doesn't have to be a hacking path or anything like that. \n    ◦ You can browse all of their available paths here: <https:\/\/tryhackme.com\/hacktivities#learning-paths>. \n    ◦ One that might interest you is an free three-part path on Linux fundamentals. You can find in on the link I just posted or go to it directly here\n        ▪︎ <https:\/\/tryhackme.com\/module\/linux-fundamentals>\n        ▪︎ It's free!\n        ▪︎ It's newbie-friendly!\n        ▪︎ It has YouTube videos!\n        ▪︎ And it's probably a good place for you if HTB is not your vibe just yet.\n",
        "user": "U042R3B76SC",
        "ts": "1667588164.757339",
        "blocks": [
            {
                "type": "rich_text",
                "block_id": "XlL",
                "elements": [
                    {
                        "type": "rich_text_section",
                        "elements": [
                            {
                                "type": "text",
                                "text": "So for this week, the homework should not be a surprise, although I didn't really formalize it yesterday as these thoughts were swimming around in my head. Here it is:\n\nSpend 30 to 60 minutes doing one of the following:\n"
                            }
                        ]
                    },
                    {
                        "type": "rich_text_list",
                        "elements": [
                            {
                                "type": "rich_text_section",
                                "elements": [
                                    {
                                        "type": "text",
                                        "text": "Walkthroughs in the Starting Point section of "
                                    },
                                    {
                                        "type": "link",
                                        "url": "https:\/\/app.hackthebox.com\/home",
                                        "text": "Hack The Box"
                                    }
                                ]
                            },
                            {
                                "type": "rich_text_section",
                                "elements": [
                                    {
                                        "type": "text",
                                        "text": "Tasks from any of the paths on "
                                    },
                                    {
                                        "type": "link",
                                        "url": "https:\/\/tryhackme.com\/dashboard",
                                        "text": "Try Hack Me"
                                    },
                                    {
                                        "type": "text",
                                        "text": ". "
                                    }
                                ]
                            }
                        ],
                        "style": "bullet",
                        "indent": 0,
                        "border": 0
                    },
                    {
                        "type": "rich_text_list",
                        "elements": [
                            {
                                "type": "rich_text_section",
                                "elements": [
                                    {
                                        "type": "text",
                                        "text": "Here's something we didn't discuss. It doesn't have to be a hacking path or anything like that. "
                                    }
                                ]
                            },
                            {
                                "type": "rich_text_section",
                                "elements": [
                                    {
                                        "type": "text",
                                        "text": "You can browse all of their available paths here: "
                                    },
                                    {
                                        "type": "link",
                                        "url": "https:\/\/tryhackme.com\/hacktivities#learning-paths"
                                    },
                                    {
                                        "type": "text",
                                        "text": ". "
                                    }
                                ]
                            },
                            {
                                "type": "rich_text_section",
                                "elements": [
                                    {
                                        "type": "text",
                                        "text": "One that might interest you is an free three-part path on Linux fundamentals. You can find in on the link I just posted or go to it directly here"
                                    }
                                ]
                            }
                        ],
                        "style": "bullet",
                        "indent": 1,
                        "border": 0
                    },
                    {
                        "type": "rich_text_list",
                        "elements": [
                            {
                                "type": "rich_text_section",
                                "elements": [
                                    {
                                        "type": "link",
                                        "url": "https:\/\/tryhackme.com\/module\/linux-fundamentals"
                                    }
                                ]
                            },
                            {
                                "type": "rich_text_section",
                                "elements": [
                                    {
                                        "type": "text",
                                        "text": "It's free!"
                                    }
                                ]
                            },
                            {
                                "type": "rich_text_section",
                                "elements": [
                                    {
                                        "type": "text",
                                        "text": "It's newbie-friendly!"
                                    }
                                ]
                            },
                            {
                                "type": "rich_text_section",
                                "elements": [
                                    {
                                        "type": "text",
                                        "text": "It has YouTube videos!"
                                    }
                                ]
                            },
                            {
                                "type": "rich_text_section",
                                "elements": [
                                    {
                                        "type": "text",
                                        "text": "And it's probably a good place for you if HTB is not your vibe just yet."
                                    }
                                ]
                            }
                        ],
                        "style": "bullet",
                        "indent": 2,
                        "border": 0
                    },
                    {
                        "type": "rich_text_section",
                        "elements": []
                    }
                ]
            }
        ],
        "team": "T042E1514F3",
        "user_team": "T042E1514F3",
        "source_team": "T042E1514F3",
        "user_profile": {
            "avatar_hash": "g6730f37144b",
            "image_72": "https:\/\/secure.gravatar.com\/avatar\/6730f37144bd6ae505b97012a7f22a66.jpg?s=72&d=https%3A%2F%2Fa.slack-edge.com%2Fdf10d%2Fimg%2Favatars%2Fava_0006-72.png",
            "first_name": "chris",
            "real_name": "chris",
            "display_name": "",
            "team": "T042E1514F3",
            "name": "chris",
            "is_restricted": false,
            "is_ultra_restricted": false
        }
    },
    {
        "client_msg_id": "5974f73c-9349-4d7a-86dc-83a58b387b08",
        "type": "message",
        "text": "By the way, there are many reasons Anna might have found HTB hard last night. None of them are involve her ability or capability, because she has all the raw tools to be really great at this. And just in case I haven't told each of you lately: Micheal and Tristan, so do you.\n\nThis hasn't always been true on my teams, but I'm pretty confident that if _any_ one of the three of you decides to become an expert at some aspect of what we are talking about, then you can. It just takes a lot of time, but that's true of anything. Don't get discouraged. Talk to each other on Slack or Slack me directly if you ever feel stuck.\n\nThe most obvious reasons HTB might have seemed hard last night are all on me. First, HTB has a big walkthrough with each box that you work on. You do all the tasks, you get a flag for each task you accomplish, and at the end they tell you that you have pwnd the machine.\n\nI wanted to make sure we got to the end of one of the boxes so that you'd see the overall flow of working through a box. This was one of those unplanned pivots - I had expected to do things differently last night, but could not, because reasons. So as I ad-libbed this pivot on how we were looking at HTB, I had this little mental tug-of-war between wanting to finish the box so that we would see a complete box-hacking cycle versus wanting to have students participate and answer some of the questions. _(And kudos to Daniel for creative hints, particularly for the word \"terminal.\")_\n\nHaving students answer questions took a little longer, so when I answered questions and did things, I went faster, and ... I didn't use the walkthrough very well. So basically, I went too fast, and made it way harder than it needed to be for people that hadn't seen it before. My apologies.",
        "user": "U042R3B76SC",
        "ts": "1667588944.180509",
        "blocks": [
            {
                "type": "rich_text",
                "block_id": "Dm9c",
                "elements": [
                    {
                        "type": "rich_text_section",
                        "elements": [
                            {
                                "type": "text",
                                "text": "By the way, there are many reasons Anna might have found HTB hard last night. None of them are involve her ability or capability, because she has all the raw tools to be really great at this. And just in case I haven't told each of you lately: Micheal and Tristan, so do you.\n\nThis hasn't always been true on my teams, but I'm pretty confident that if "
                            },
                            {
                                "type": "text",
                                "text": "any ",
                                "style": {
                                    "italic": true
                                }
                            },
                            {
                                "type": "text",
                                "text": "one of the three of you decides to become an expert at some aspect of what we are talking about, then you can. It just takes a lot of time, but that's true of anything. Don't get discouraged. Talk to each other on Slack or Slack me directly if you ever feel stuck.\n\nThe most obvious reasons HTB might have seemed hard last night are all on me. First, HTB has a big walkthrough with each box that you work on. You do all the tasks, you get a flag for each task you accomplish, and at the end they tell you that you have pwnd the machine.\n\nI wanted to make sure we got to the end of one of the boxes so that you'd see the overall flow of working through a box. This was one of those unplanned pivots - I had expected to do things differently last night, but could not, because reasons. So as I ad-libbed this pivot on how we were looking at HTB, I had this little mental tug-of-war between wanting to finish the box so that we would see a complete box-hacking cycle versus wanting to have students participate and answer some of the questions. "
                            },
                            {
                                "type": "text",
                                "text": "(And kudos to Daniel for creative hints, particularly for the word \"terminal.\")",
                                "style": {
                                    "italic": true
                                }
                            },
                            {
                                "type": "text",
                                "text": "\n\nHaving students answer questions took a little longer, so when I answered questions and did things, I went faster, and ... I didn't use the walkthrough very well. So basically, I went too fast, and made it way harder than it needed to be for people that hadn't seen it before. My apologies."
                            }
                        ]
                    }
                ]
            }
        ],
        "team": "T042E1514F3",
        "user_team": "T042E1514F3",
        "source_team": "T042E1514F3",
        "user_profile": {
            "avatar_hash": "g6730f37144b",
            "image_72": "https:\/\/secure.gravatar.com\/avatar\/6730f37144bd6ae505b97012a7f22a66.jpg?s=72&d=https%3A%2F%2Fa.slack-edge.com%2Fdf10d%2Fimg%2Favatars%2Fava_0006-72.png",
            "first_name": "chris",
            "real_name": "chris",
            "display_name": "",
            "team": "T042E1514F3",
            "name": "chris",
            "is_restricted": false,
            "is_ultra_restricted": false
        },
        "edited": {
            "user": "U042R3B76SC",
            "ts": "1667589059.000000"
        }
    },
    {
        "client_msg_id": "46c8d9a8-43df-4f0f-99e6-15483ae17d83",
        "type": "message",
        "text": "That being said, Try Hack Me has lots of good content that seems very accessible. I'm actually going to use it for some stuff myself soon.\nLots of words, but please read what I posted. That's always part of the homework. :slightly_smiling_face:\n\n_Estimated read time: 6 minutes 30 seconds_",
        "user": "U042R3B76SC",
        "ts": "1667589372.948709",
        "blocks": [
            {
                "type": "rich_text",
                "block_id": "9jx",
                "elements": [
                    {
                        "type": "rich_text_section",
                        "elements": [
                            {
                                "type": "text",
                                "text": "That being said, Try Hack Me has lots of good content that seems very accessible. I'm actually going to use it for some stuff myself soon.\nLots of words, but please read what I posted. That's always part of the homework. "
                            },
                            {
                                "type": "emoji",
                                "name": "slightly_smiling_face",
                                "unicode": "1f642"
                            },
                            {
                                "type": "text",
                                "text": "\n\n"
                            },
                            {
                                "type": "text",
                                "text": "Estimated read time: 6 minutes 30 seconds",
                                "style": {
                                    "italic": true
                                }
                            }
                        ]
                    }
                ]
            }
        ],
        "team": "T042E1514F3",
        "user_team": "T042E1514F3",
        "source_team": "T042E1514F3",
        "user_profile": {
            "avatar_hash": "g6730f37144b",
            "image_72": "https:\/\/secure.gravatar.com\/avatar\/6730f37144bd6ae505b97012a7f22a66.jpg?s=72&d=https%3A%2F%2Fa.slack-edge.com%2Fdf10d%2Fimg%2Favatars%2Fava_0006-72.png",
            "first_name": "chris",
            "real_name": "chris",
            "display_name": "",
            "team": "T042E1514F3",
            "name": "chris",
            "is_restricted": false,
            "is_ultra_restricted": false
        }
    }
]