[
    {
        "client_msg_id": "16a08bae-55de-4e34-8f13-74ac4a858790",
        "type": "message",
        "text": "Homework!\n\nI mentioned this at the meeting, but to be (much more) clear (than I was then): open up <https:\/\/haeleon.glitch.me\/cyber.html> and see if you can solve any of the puzzles we didn't solve. Please feel free to use any and all Internet resources. If you want to use the \"Cyber Swiss Army Knife\" (CSAK) page (linked above), that's fine. However, I will give you this challenge. Solve each puzzle with some OTHER page first, and then come back and use CSAK to solve it. This will give you good practice in hunting down multiple resources in case you run into puzzles that CSAK can't solve (like ROT-13, apparently) or CSAK just seems confusing and you want to find something that suits you better.\n\nI'm also hoping to start a video series to help you build a cheat sheet for the `bash` shell that is actually useful. I need to do that tonight in order to get it to you before Wednesday night.\n\nAs far as Hack The Box is concerned, I don't think I'm going to have you set it up on your own just yet. I might show you how to do that Thursday. I'm also considering using TryHackThis, which is a very easy site so far, and HackThisSite, which does no hand-holding whatsoever, so we might do that one together on Thursdays.\n\nOnce I have people hooked up to where they can learn from these sites as little or much as they like, we will turn to the task of securing servers, running services, controlling access (permissions), and whatever else we decide to do.",
        "user": "U042R3B76SC",
        "ts": "1666641816.782719",
        "blocks": [
            {
                "type": "rich_text",
                "block_id": "iI19",
                "elements": [
                    {
                        "type": "rich_text_section",
                        "elements": [
                            {
                                "type": "text",
                                "text": "Homework!\n\nI mentioned this at the meeting, but to be (much more) clear (than I was then): open up "
                            },
                            {
                                "type": "link",
                                "url": "https:\/\/haeleon.glitch.me\/cyber.html"
                            },
                            {
                                "type": "text",
                                "text": " and see if you can solve any of the puzzles we didn't solve. Please feel free to use any and all Internet resources. If you want to use the \"Cyber Swiss Army Knife\" (CSAK) page (linked above), that's fine. However, I will give you this challenge. Solve each puzzle with some OTHER page first, and then come back and use CSAK to solve it. This will give you good practice in hunting down multiple resources in case you run into puzzles that CSAK can't solve (like ROT-13, apparently) or CSAK just seems confusing and you want to find something that suits you better.\n\nI'm also hoping to start a video series to help you build a cheat sheet for the "
                            },
                            {
                                "type": "text",
                                "text": "bash",
                                "style": {
                                    "code": true
                                }
                            },
                            {
                                "type": "text",
                                "text": " shell that is actually useful. I need to do that tonight in order to get it to you before Wednesday night.\n\nAs far as Hack The Box is concerned, I don't think I'm going to have you set it up on your own just yet. I might show you how to do that Thursday. I'm also considering using TryHackThis, which is a very easy site so far, and HackThisSite, which does no hand-holding whatsoever, so we might do that one together on Thursdays.\n\nOnce I have people hooked up to where they can learn from these sites as little or much as they like, we will turn to the task of securing servers, running services, controlling access (permissions), and whatever else we decide to do."
                            }
                        ]
                    }
                ]
            }
        ],
        "team": "T042E1514F3",
        "user_team": "T042E1514F3",
        "source_team": "T042E1514F3",
        "user_profile": {
            "avatar_hash": "g6730f37144b",
            "image_72": "https:\/\/secure.gravatar.com\/avatar\/6730f37144bd6ae505b97012a7f22a66.jpg?s=72&d=https%3A%2F%2Fa.slack-edge.com%2Fdf10d%2Fimg%2Favatars%2Fava_0006-72.png",
            "first_name": "chris",
            "real_name": "chris",
            "display_name": "",
            "team": "T042E1514F3",
            "name": "chris",
            "is_restricted": false,
            "is_ultra_restricted": false
        },
        "attachments": [
            {
                "from_url": "https:\/\/haeleon.glitch.me\/cyber.html",
                "service_icon": "https:\/\/cdn.glitch.com\/569d0670-4e6a-46a9-aa25-19c1d7d7c41b%2FHaeleon%20metal%20glow%20cyan.png?v=1608071279141",
                "id": 1,
                "original_url": "https:\/\/haeleon.glitch.me\/cyber.html",
                "fallback": "HTTPS Anomalies",
                "text": "A webpage with practice Capture-the-flag style puzzles.",
                "title": "HTTPS Anomalies",
                "title_link": "https:\/\/haeleon.glitch.me\/cyber.html",
                "service_name": "haeleon.glitch.me"
            }
        ]
    },
    {
        "client_msg_id": "2fe04c38-437a-4ff9-ab5b-eb5fc838f0f2",
        "type": "message",
        "text": "*On Thursday, I want to have another team discussion about what our goals are for the rest of the year.* \n\nIf you remember from our very first meetings, I don't \"teach to the test.\" It's much more important to me that we learn to work as a team and that we learn how to solve problems, even when the things we are fixing are complicated things we might not have known anything about until a short time ago. These are skills that transfer to every professional field, not just STEM careers, and they even have a positive effect in personal relationships to an extent.\n\nLet me tell you about my previous teams. We won a bunch of competitions. I mean, it was kind of weird, and I completely blame the students, but that's another story. Even though we had a lot of success, there was a ramp-up period when everybody was new to the material. We are in a similar position now.\n\nBack then, it took three years to get to a point where we knew what we were doing. For that group of students, year three happened to start a period of success in competitions that was remarkable. One of the reasons they were so successful was because of the teamwork ethic that they had: the students kept helping each other, with the more experienced students always working to pass the baton to the newer ones.\n\nSince we have two first-year students and a second year student, and since all three of you are in 10th grade, we are setting a new foundation for the team, right now. If you all plan to come back next year, then we also have a unique opportunity to think about our team goals and your personal goals over a two-year period_._\n\nThere are different paths we can take, such as the following:\n\n• Emphasize getting the best possible results at this year's competition.\n    ◦ Doing this will require pushing through a wide breadth of material. There's nothing wrong with this, although we run the proverbial risk of being \"a mile wide and an inch deep\" in what we know. My job would be to make sure we are a good three inches deep. :slightly_smiling_face: \n    ◦ If we choose this route, I can't actually guarantee that we'll git all the right topics or services. What I can guarantee is that I'd make my best guess as to what we should study. \n    ◦ We would look at both Linux and Windows, working mostly on Linux because Windows is easier, so we can add it at the end of the year with relatively little effort.\n    ◦ Even though this looks like \"teaching to the test,\" I would still focus on principles and problem solving as much as possible.\n• Emphasize going a little deeper on principles, with an accelerated \"tour\" of competition content in the last month or two of the year.\n    ◦ We actually did something like this when I was coaching before, but like I mentioned, this only produced optimal results at the competition by year three. \n    ◦ However, I was part of the problem back then, since I'd never done anything with cyber defense either. I am more effective at this now than I was then.\n    ◦ This approach would leave you with less specific knowledge but a greater knowledge of patterns in how to configure and analyze things, how to diagnose\/solve issues in general, and how to teach yourself new things. You would still install and configure core services but we would spend less time trying to predict which specific services the competition will require. \nI'm open to any ideas you have, and I have a rough idea of how to proceed if the feedback I get starts with \"U\" and rhymes with \"THUMB.\" But I really want to know your thoughts, now that we've just started getting our toes wet. We're about to dive in. What does the team want its goals to be? Once we know, we will pursue those goals together. It's time for us to decide the direction of the team (no pressure, right?). And no matter what we choose, this team is going to be successful. We have smart students, we respect each other, you listen to me and to each other, and you are quick learners. Whatever direction we choose, I am confident that we can make good progress down that road.",
        "user": "U042R3B76SC",
        "ts": "1666643395.991539",
        "blocks": [
            {
                "type": "rich_text",
                "block_id": "LFE",
                "elements": [
                    {
                        "type": "rich_text_section",
                        "elements": [
                            {
                                "type": "text",
                                "text": "On Thursday, I want to have another team discussion about what our goals are for the rest of the year. ",
                                "style": {
                                    "bold": true
                                }
                            },
                            {
                                "type": "text",
                                "text": "\n\nIf you remember from our very first meetings, I don't \"teach to the test.\" It's much more important to me that we learn to work as a team and that we learn how to solve problems, even when the things we are fixing are complicated things we might not have known anything about until a short time ago. These are skills that transfer to every professional field, not just STEM careers, and they even have a positive effect in personal relationships to an extent.\n\nLet me tell you about my previous teams. We won a bunch of competitions. I mean, it was kind of weird, and I completely blame the students, but that's another story. Even though we had a lot of success, there was a ramp-up period when everybody was new to the material. We are in a similar position now.\n\nBack then, it took three years to get to a point where we knew what we were doing. For that group of students, year three happened to start a period of success in competitions that was remarkable. One of the reasons they were so successful was because of the teamwork ethic that they had: the students kept helping each other, with the more experienced students always working to pass the baton to the newer ones.\n\nSince we have two first-year students and a second year student, and since all three of you are in 10th grade, we are setting a new foundation for the team, right now. If you all plan to come back next year,"
                            },
                            {
                                "type": "text",
                                "text": " ",
                                "style": {
                                    "italic": true
                                }
                            },
                            {
                                "type": "text",
                                "text": "then we also have a unique opportunity to think about our team goals and your personal goals over a two-year period"
                            },
                            {
                                "type": "text",
                                "text": ".",
                                "style": {
                                    "italic": true
                                }
                            },
                            {
                                "type": "text",
                                "text": "\n\nThere are different paths we can take, such as the following:\n\n"
                            }
                        ]
                    },
                    {
                        "type": "rich_text_list",
                        "elements": [
                            {
                                "type": "rich_text_section",
                                "elements": [
                                    {
                                        "type": "text",
                                        "text": "Emphasize getting the best possible results at this year's competition."
                                    }
                                ]
                            }
                        ],
                        "style": "bullet",
                        "indent": 0,
                        "border": 0
                    },
                    {
                        "type": "rich_text_list",
                        "elements": [
                            {
                                "type": "rich_text_section",
                                "elements": [
                                    {
                                        "type": "text",
                                        "text": "Doing this will require pushing through a wide breadth of material. There's nothing wrong with this, although we run the proverbial risk of being \"a mile wide and an inch deep\" in what we know. My job would be to make sure we are a good three inches deep. "
                                    },
                                    {
                                        "type": "emoji",
                                        "name": "slightly_smiling_face",
                                        "unicode": "1f642"
                                    },
                                    {
                                        "type": "text",
                                        "text": " "
                                    }
                                ]
                            },
                            {
                                "type": "rich_text_section",
                                "elements": [
                                    {
                                        "type": "text",
                                        "text": "If we choose this route, I can't actually guarantee that we'll git all the right topics or services. What I can guarantee is that I'd make my best guess as to what we should study. "
                                    }
                                ]
                            },
                            {
                                "type": "rich_text_section",
                                "elements": [
                                    {
                                        "type": "text",
                                        "text": "We would look at both Linux and Windows, working mostly on Linux because Windows is easier, so we can add it at the end of the year with relatively little effort."
                                    }
                                ]
                            },
                            {
                                "type": "rich_text_section",
                                "elements": [
                                    {
                                        "type": "text",
                                        "text": "Even though this looks like \"teaching to the test,\" I would still focus on principles and problem solving as much as possible."
                                    }
                                ]
                            }
                        ],
                        "style": "bullet",
                        "indent": 1,
                        "border": 0
                    },
                    {
                        "type": "rich_text_list",
                        "elements": [
                            {
                                "type": "rich_text_section",
                                "elements": [
                                    {
                                        "type": "text",
                                        "text": "Emphasize going a little deeper on principles, with an accelerated \"tour\" of competition content in the last month or two of the year."
                                    }
                                ]
                            }
                        ],
                        "style": "bullet",
                        "indent": 0,
                        "border": 0
                    },
                    {
                        "type": "rich_text_list",
                        "elements": [
                            {
                                "type": "rich_text_section",
                                "elements": [
                                    {
                                        "type": "text",
                                        "text": "We actually did something like this when I was coaching before, but like I mentioned, this only produced optimal results at the competition by year three. "
                                    }
                                ]
                            },
                            {
                                "type": "rich_text_section",
                                "elements": [
                                    {
                                        "type": "text",
                                        "text": "However, I was part of the problem back then, since I'd never done anything with cyber defense either. I am more effective at this now than I was then."
                                    }
                                ]
                            },
                            {
                                "type": "rich_text_section",
                                "elements": [
                                    {
                                        "type": "text",
                                        "text": "This approach would leave you with less specific knowledge but a greater knowledge of patterns in how to configure and analyze things, how to diagnose\/solve issues in general, and how to teach yourself new things. You would still install and configure core services but we would spend less time trying to predict which specific services the competition will require. "
                                    }
                                ]
                            }
                        ],
                        "style": "bullet",
                        "indent": 1,
                        "border": 0
                    },
                    {
                        "type": "rich_text_section",
                        "elements": [
                            {
                                "type": "text",
                                "text": "\nI'm open to any ideas you have, and I have a rough idea of how to proceed if the feedback I get starts with \"U\" and rhymes with \"THUMB.\" But I really want to know your thoughts, now that we've just started getting our toes wet. We're about to dive in. What does the team want its goals to be? Once we know, we will pursue those goals together. It's time for us to decide the direction of the team (no pressure, right?). And no matter what we choose, this team is going to be successful. We have smart students, we respect each other, you listen to me and to each other, and you are quick learners. Whatever direction we choose, I am confident that we can make good progress down that road."
                            }
                        ]
                    }
                ]
            }
        ],
        "team": "T042E1514F3",
        "user_team": "T042E1514F3",
        "source_team": "T042E1514F3",
        "user_profile": {
            "avatar_hash": "g6730f37144b",
            "image_72": "https:\/\/secure.gravatar.com\/avatar\/6730f37144bd6ae505b97012a7f22a66.jpg?s=72&d=https%3A%2F%2Fa.slack-edge.com%2Fdf10d%2Fimg%2Favatars%2Fava_0006-72.png",
            "first_name": "chris",
            "real_name": "chris",
            "display_name": "",
            "team": "T042E1514F3",
            "name": "chris",
            "is_restricted": false,
            "is_ultra_restricted": false
        },
        "edited": {
            "user": "U042R3B76SC",
            "ts": "1666643422.000000"
        }
    },
    {
        "client_msg_id": "ac8ab1b3-af90-41ac-9372-d6b32b4c701f",
        "type": "message",
        "text": "Update: I didn't get any videos done for bash tonight but I actually have some free time tomorrow so I'm going to see if I can fit it in then.",
        "user": "U042R3B76SC",
        "ts": "1666671352.043659",
        "blocks": [
            {
                "type": "rich_text",
                "block_id": "24c",
                "elements": [
                    {
                        "type": "rich_text_section",
                        "elements": [
                            {
                                "type": "text",
                                "text": "Update: I didn't get any videos done for bash tonight but I actually have some free time tomorrow so I'm going to see if I can fit it in then."
                            }
                        ]
                    }
                ]
            }
        ],
        "team": "T042E1514F3",
        "user_team": "T042E1514F3",
        "source_team": "T042E1514F3",
        "user_profile": {
            "avatar_hash": "g6730f37144b",
            "image_72": "https:\/\/secure.gravatar.com\/avatar\/6730f37144bd6ae505b97012a7f22a66.jpg?s=72&d=https%3A%2F%2Fa.slack-edge.com%2Fdf10d%2Fimg%2Favatars%2Fava_0006-72.png",
            "first_name": "chris",
            "real_name": "chris",
            "display_name": "",
            "team": "T042E1514F3",
            "name": "chris",
            "is_restricted": false,
            "is_ultra_restricted": false
        }
    }
]