[
    {
        "client_msg_id": "ca0713b3-6236-4c8a-82b0-79ddaa32638a",
        "type": "message",
        "text": "Hey folks, I apologize for not posting homework instructions this weekend as I'd hoped. I have instructions ready for installing VirtualBox but not Ubuntu just yet. I'm going to try to do videos this year because hopefully they'll be easier for me to do (once I get used to them) and easier for you to follow. Plus, if something goes wrong, you can tell me exactly what went wrong by telling the group the time of the video.\n\nHere's the video on installing VirtualBox: <https:\/\/www.youtube.com\/watch?v=vP8o47yD36M>\nI tried to finish the Ubuntu but got too tired. Hopefully tonight? It will be a bit longer than this one, maybe about 30 minutes, just as a guess.",
        "user": "U042R3B76SC",
        "ts": "1663710004.488929",
        "blocks": [
            {
                "type": "rich_text",
                "block_id": "n+ra",
                "elements": [
                    {
                        "type": "rich_text_section",
                        "elements": [
                            {
                                "type": "text",
                                "text": "Hey folks, I apologize for not posting homework instructions this weekend as I'd hoped. I have instructions ready for installing VirtualBox but not Ubuntu just yet. I'm going to try to do videos this year because hopefully they'll be easier for me to do (once I get used to them) and easier for you to follow. Plus, if something goes wrong, you can tell me exactly what went wrong by telling the group the time of the video.\n\nHere's the video on installing VirtualBox: "
                            },
                            {
                                "type": "link",
                                "url": "https:\/\/www.youtube.com\/watch?v=vP8o47yD36M"
                            },
                            {
                                "type": "text",
                                "text": "\nI tried to finish the Ubuntu but got too tired. Hopefully tonight? It will be a bit longer than this one, maybe about 30 minutes, just as a guess."
                            }
                        ]
                    }
                ]
            }
        ],
        "team": "T042E1514F3",
        "user_team": "T042E1514F3",
        "source_team": "T042E1514F3",
        "user_profile": {
            "avatar_hash": "g6730f37144b",
            "image_72": "https:\/\/secure.gravatar.com\/avatar\/6730f37144bd6ae505b97012a7f22a66.jpg?s=72&d=https%3A%2F%2Fa.slack-edge.com%2Fdf10d%2Fimg%2Favatars%2Fava_0006-72.png",
            "first_name": "chris",
            "real_name": "chris",
            "display_name": "",
            "team": "T042E1514F3",
            "name": "chris",
            "is_restricted": false,
            "is_ultra_restricted": false
        },
        "attachments": [
            {
                "from_url": "https:\/\/www.youtube.com\/watch?v=vP8o47yD36M",
                "thumb_url": "https:\/\/i.ytimg.com\/vi\/vP8o47yD36M\/hqdefault.jpg",
                "thumb_width": 480,
                "thumb_height": 360,
                "video_html": "<iframe width=\"400\" height=\"225\" src=\"https:\/\/www.youtube.com\/embed\/vP8o47yD36M?feature=oembed&autoplay=1&iv_load_policy=3\" frameborder=\"0\" allow=\"accelerometer; autoplay; clipboard-write; encrypted-media; gyroscope; picture-in-picture\" allowfullscreen title=\"01 - Installing VirtualBox\"><\/iframe>",
                "video_html_width": 400,
                "video_html_height": 225,
                "service_icon": "https:\/\/a.slack-edge.com\/80588\/img\/unfurl_icons\/youtube.png",
                "id": 1,
                "original_url": "https:\/\/www.youtube.com\/watch?v=vP8o47yD36M",
                "fallback": "YouTube Video: 01 - Installing VirtualBox",
                "title": "01 - Installing VirtualBox",
                "title_link": "https:\/\/www.youtube.com\/watch?v=vP8o47yD36M",
                "author_name": "@sky.kaptin",
                "author_link": "https:\/\/www.youtube.com\/c\/ChrisLeonardSkyCaptain",
                "service_name": "YouTube",
                "service_url": "https:\/\/www.youtube.com\/"
            }
        ]
    }
]