[
    {
        "client_msg_id": "0b6a3645-06a3-4867-a6de-010b6fc79916",
        "type": "message",
        "text": "Ok, I have something.  Last year, one our team members set up a website with a whole bunch of practice anomalies.  Luckily for us, that website is still running.  <https:\/\/haeleon.glitch.me\/cyber.html|https:\/\/haeleon.glitch.me\/cyber.html>",
        "user": "U041LSQC38X",
        "ts": "1664117669.124669",
        "blocks": [
            {
                "type": "rich_text",
                "block_id": "xah99",
                "elements": [
                    {
                        "type": "rich_text_section",
                        "elements": [
                            {
                                "type": "text",
                                "text": "Ok, I have something.  Last year, one our team members set up a website with a whole bunch of practice anomalies.  Luckily for us, that website is still running.  "
                            },
                            {
                                "type": "link",
                                "url": "https:\/\/haeleon.glitch.me\/cyber.html",
                                "text": "https:\/\/haeleon.glitch.me\/cyber.html"
                            }
                        ]
                    }
                ]
            }
        ],
        "team": "T042E1514F3",
        "user_team": "T042E1514F3",
        "source_team": "T042E1514F3",
        "user_profile": {
            "avatar_hash": "g60b962e7353",
            "image_72": "https:\/\/secure.gravatar.com\/avatar\/60b962e73536af1009870d33a2ba0516.jpg?s=72&d=https%3A%2F%2Fa.slack-edge.com%2Fdf10d%2Fimg%2Favatars%2Fava_0012-72.png",
            "first_name": "Michael",
            "real_name": "Michael Tice",
            "display_name": "Michael Tice",
            "team": "T042E1514F3",
            "name": "michael.tice",
            "is_restricted": false,
            "is_ultra_restricted": false
        },
        "attachments": [
            {
                "from_url": "https:\/\/haeleon.glitch.me\/cyber.html",
                "service_icon": "https:\/\/cdn.glitch.com\/569d0670-4e6a-46a9-aa25-19c1d7d7c41b%2FHaeleon%20metal%20glow%20cyan.png?v=1608071279141",
                "id": 1,
                "original_url": "https:\/\/haeleon.glitch.me\/cyber.html",
                "fallback": "HTTPS Anomalies",
                "text": "A webpage with practice Capture-the-flag style puzzles.",
                "title": "HTTPS Anomalies",
                "title_link": "https:\/\/haeleon.glitch.me\/cyber.html",
                "service_name": "haeleon.glitch.me"
            }
        ]
    },
    {
        "client_msg_id": "2c75544c-f6d3-47e0-8018-4457ae92e1ec",
        "type": "message",
        "text": "Also, this is a really good website for decrypting some of those ciphers.  <https:\/\/gchq.github.io\/CyberChef\/|https:\/\/gchq.github.io\/CyberChef\/>",
        "user": "U041LSQC38X",
        "ts": "1664118171.506069",
        "blocks": [
            {
                "type": "rich_text",
                "block_id": "ISWG",
                "elements": [
                    {
                        "type": "rich_text_section",
                        "elements": [
                            {
                                "type": "text",
                                "text": "Also, this is a really good website for decrypting some of those ciphers.  "
                            },
                            {
                                "type": "link",
                                "url": "https:\/\/gchq.github.io\/CyberChef\/",
                                "text": "https:\/\/gchq.github.io\/CyberChef\/"
                            }
                        ]
                    }
                ]
            }
        ],
        "team": "T042E1514F3",
        "user_team": "T042E1514F3",
        "source_team": "T042E1514F3",
        "user_profile": {
            "avatar_hash": "g60b962e7353",
            "image_72": "https:\/\/secure.gravatar.com\/avatar\/60b962e73536af1009870d33a2ba0516.jpg?s=72&d=https%3A%2F%2Fa.slack-edge.com%2Fdf10d%2Fimg%2Favatars%2Fava_0012-72.png",
            "first_name": "Michael",
            "real_name": "Michael Tice",
            "display_name": "Michael Tice",
            "team": "T042E1514F3",
            "name": "michael.tice",
            "is_restricted": false,
            "is_ultra_restricted": false
        },
        "attachments": [
            {
                "from_url": "https:\/\/gchq.github.io\/CyberChef\/",
                "id": 1,
                "original_url": "https:\/\/gchq.github.io\/CyberChef\/",
                "fallback": "CyberChef",
                "text": "The Cyber Swiss Army Knife - a web app for encryption, encoding, compression and data analysis",
                "title": "CyberChef",
                "title_link": "https:\/\/gchq.github.io\/CyberChef\/",
                "service_name": "gchq.github.io"
            }
        ]
    },
    {
        "client_msg_id": "b3ef5696-996e-414d-9bd5-55b5bab8b661",
        "type": "message",
        "text": "Those are really great resources, and I have saved them. They are probably the kind of thing we'd want to tackle later in the year, but if anyone wants to take a shot at them, feel free. There is also a web site maintained by OWASP called the OWASP Juice Shop that claims to be\n&gt; probably the most modern and sophisticated insecure web application! \nOWASP issues a report on the top ten web vulnerabilities every year. You have to run this website yourself, however.",
        "user": "U042R3B76SC",
        "ts": "1664139029.687219",
        "blocks": [
            {
                "type": "rich_text",
                "block_id": "Qd=Ug",
                "elements": [
                    {
                        "type": "rich_text_section",
                        "elements": [
                            {
                                "type": "text",
                                "text": "Those are really great resources, and I have saved them. They are probably the kind of thing we'd want to tackle later in the year, but if anyone wants to take a shot at them, feel free. There is also a web site maintained by OWASP called the OWASP Juice Shop that claims to be\n"
                            }
                        ]
                    },
                    {
                        "type": "rich_text_quote",
                        "elements": [
                            {
                                "type": "text",
                                "text": "probably the most modern and sophisticated insecure web application! "
                            }
                        ]
                    },
                    {
                        "type": "rich_text_section",
                        "elements": [
                            {
                                "type": "text",
                                "text": "\nOWASP issues a report on the top ten web vulnerabilities every year. You have to run this website yourself, however."
                            }
                        ]
                    }
                ]
            }
        ],
        "team": "T042E1514F3",
        "user_team": "T042E1514F3",
        "source_team": "T042E1514F3",
        "user_profile": {
            "avatar_hash": "g6730f37144b",
            "image_72": "https:\/\/secure.gravatar.com\/avatar\/6730f37144bd6ae505b97012a7f22a66.jpg?s=72&d=https%3A%2F%2Fa.slack-edge.com%2Fdf10d%2Fimg%2Favatars%2Fava_0006-72.png",
            "first_name": "chris",
            "real_name": "chris",
            "display_name": "",
            "team": "T042E1514F3",
            "name": "chris",
            "is_restricted": false,
            "is_ultra_restricted": false
        }
    },
    {
        "client_msg_id": "41cec725-dfa3-4601-b61a-44de5b32ab40",
        "type": "message",
        "text": "Anyway, my family and I are having dinner in ten minutes, so I won't be able to post homework until this evening. Just wanted to let you know I had not forgotten about this.",
        "user": "U042R3B76SC",
        "ts": "1664139060.886699",
        "blocks": [
            {
                "type": "rich_text",
                "block_id": "zOzbS",
                "elements": [
                    {
                        "type": "rich_text_section",
                        "elements": [
                            {
                                "type": "text",
                                "text": "Anyway, my family and I are having dinner in ten minutes, so I won't be able to post homework until this evening. Just wanted to let you know I had not forgotten about this."
                            }
                        ]
                    }
                ]
            }
        ],
        "team": "T042E1514F3",
        "user_team": "T042E1514F3",
        "source_team": "T042E1514F3",
        "user_profile": {
            "avatar_hash": "g6730f37144b",
            "image_72": "https:\/\/secure.gravatar.com\/avatar\/6730f37144bd6ae505b97012a7f22a66.jpg?s=72&d=https%3A%2F%2Fa.slack-edge.com%2Fdf10d%2Fimg%2Favatars%2Fava_0006-72.png",
            "first_name": "chris",
            "real_name": "chris",
            "display_name": "",
            "team": "T042E1514F3",
            "name": "chris",
            "is_restricted": false,
            "is_ultra_restricted": false
        }
    },
    {
        "client_msg_id": "6bbbd25f-ce3f-4fea-9142-8cd5c4e29529",
        "type": "message",
        "text": "Oh yeah, that",
        "user": "U041LSQC38X",
        "ts": "1664139088.314739",
        "blocks": [
            {
                "type": "rich_text",
                "block_id": "SPJx5",
                "elements": [
                    {
                        "type": "rich_text_section",
                        "elements": [
                            {
                                "type": "text",
                                "text": "Oh yeah, that"
                            }
                        ]
                    }
                ]
            }
        ],
        "team": "T042E1514F3",
        "user_team": "T042E1514F3",
        "source_team": "T042E1514F3",
        "user_profile": {
            "avatar_hash": "g60b962e7353",
            "image_72": "https:\/\/secure.gravatar.com\/avatar\/60b962e73536af1009870d33a2ba0516.jpg?s=72&d=https%3A%2F%2Fa.slack-edge.com%2Fdf10d%2Fimg%2Favatars%2Fava_0012-72.png",
            "first_name": "Michael",
            "real_name": "Michael Tice",
            "display_name": "Michael Tice",
            "team": "T042E1514F3",
            "name": "michael.tice",
            "is_restricted": false,
            "is_ultra_restricted": false
        },
        "edited": {
            "user": "U041LSQC38X",
            "ts": "1664139101.000000"
        }
    },
    {
        "client_msg_id": "cf9a46bc-ec8b-40f8-9fb8-35e8ba782c76",
        "type": "message",
        "text": "By the way, I did look at <https:\/\/haeleon.glitch.me\/cyber.html>. I did the first few, very nice. I always fail anything having to do with an audio file, but I haven't quite given up on the first audio one yet. I think I'm doing it right but my technique is poor. :slightly_smiling_face:",
        "user": "U042R3B76SC",
        "ts": "1664174156.392959",
        "blocks": [
            {
                "type": "rich_text",
                "block_id": "tqzgm",
                "elements": [
                    {
                        "type": "rich_text_section",
                        "elements": [
                            {
                                "type": "text",
                                "text": "By the way, I did look at "
                            },
                            {
                                "type": "link",
                                "url": "https:\/\/haeleon.glitch.me\/cyber.html"
                            },
                            {
                                "type": "text",
                                "text": ". I did the first few, very nice. I always fail anything having to do with an audio file, but I haven't quite given up on the first audio one yet. I think I'm doing it right but my technique is poor. "
                            },
                            {
                                "type": "emoji",
                                "name": "slightly_smiling_face",
                                "unicode": "1f642"
                            }
                        ]
                    }
                ]
            }
        ],
        "team": "T042E1514F3",
        "user_team": "T042E1514F3",
        "source_team": "T042E1514F3",
        "user_profile": {
            "avatar_hash": "g6730f37144b",
            "image_72": "https:\/\/secure.gravatar.com\/avatar\/6730f37144bd6ae505b97012a7f22a66.jpg?s=72&d=https%3A%2F%2Fa.slack-edge.com%2Fdf10d%2Fimg%2Favatars%2Fava_0006-72.png",
            "first_name": "chris",
            "real_name": "chris",
            "display_name": "",
            "team": "T042E1514F3",
            "name": "chris",
            "is_restricted": false,
            "is_ultra_restricted": false
        },
        "edited": {
            "user": "U042R3B76SC",
            "ts": "1664174618.000000"
        },
        "attachments": [
            {
                "from_url": "https:\/\/haeleon.glitch.me\/cyber.html",
                "service_icon": "https:\/\/cdn.glitch.com\/569d0670-4e6a-46a9-aa25-19c1d7d7c41b%2FHaeleon%20metal%20glow%20cyan.png?v=1608071279141",
                "id": 1,
                "original_url": "https:\/\/haeleon.glitch.me\/cyber.html",
                "fallback": "HTTPS Anomalies",
                "text": "A webpage with practice Capture-the-flag style puzzles.",
                "title": "HTTPS Anomalies",
                "title_link": "https:\/\/haeleon.glitch.me\/cyber.html",
                "service_name": "haeleon.glitch.me"
            }
        ]
    }
]