[
    {
        "client_msg_id": "807126bd-cee8-455d-80a7-dd3061cd36e5",
        "type": "message",
        "text": "Thanks, Anna.\n\nLet's go ahead and cancel this week and start up again on Saturday, January 7. That will give me another evening off while Gabe is in town and let everybody relax another week while enjoying the New Year holiday.\n\nMeetings will be 10:00 AM until noon. You should have a new calendar invitation for the new schedule - please let me know if you do not. Thanks!",
        "user": "U042R3B76SC",
        "ts": "1672172311.895179",
        "blocks": [
            {
                "type": "rich_text",
                "block_id": "0Z6",
                "elements": [
                    {
                        "type": "rich_text_section",
                        "elements": [
                            {
                                "type": "text",
                                "text": "Thanks, Anna.\n\nLet's go ahead and cancel this week and start up again on Saturday, January 7. That will give me another evening off while Gabe is in town and let everybody relax another week while enjoying the New Year holiday.\n\nMeetings will be 10:00 AM until noon. You should have a new calendar invitation for the new schedule - please let me know if you do not. Thanks!"
                            }
                        ]
                    }
                ]
            }
        ],
        "team": "T042E1514F3",
        "user_team": "T042E1514F3",
        "source_team": "T042E1514F3",
        "user_profile": {
            "avatar_hash": "g6730f37144b",
            "image_72": "https:\/\/secure.gravatar.com\/avatar\/6730f37144bd6ae505b97012a7f22a66.jpg?s=72&d=https%3A%2F%2Fa.slack-edge.com%2Fdf10d%2Fimg%2Favatars%2Fava_0006-72.png",
            "first_name": "chris",
            "real_name": "chris",
            "display_name": "",
            "team": "T042E1514F3",
            "name": "chris",
            "is_restricted": false,
            "is_ultra_restricted": false
        }
    },
    {
        "client_msg_id": "e795864f-bc06-4c55-b983-f0654f7017e2",
        "type": "message",
        "text": "We will still be meeting at the GoDaddy office in Hiawatha. We should be switching to a new location downtown sometime this spring, but I'll give you plenty of notice when that is going to happen (we don't have a date for the move yet).",
        "user": "U042R3B76SC",
        "ts": "1672172477.940209",
        "blocks": [
            {
                "type": "rich_text",
                "block_id": "UNe",
                "elements": [
                    {
                        "type": "rich_text_section",
                        "elements": [
                            {
                                "type": "text",
                                "text": "We will still be meeting at the GoDaddy office in Hiawatha. We should be switching to a new location downtown sometime this spring, but I'll give you plenty of notice when that is going to happen (we don't have a date for the move yet)."
                            }
                        ]
                    }
                ]
            }
        ],
        "team": "T042E1514F3",
        "user_team": "T042E1514F3",
        "source_team": "T042E1514F3",
        "user_profile": {
            "avatar_hash": "g6730f37144b",
            "image_72": "https:\/\/secure.gravatar.com\/avatar\/6730f37144bd6ae505b97012a7f22a66.jpg?s=72&d=https%3A%2F%2Fa.slack-edge.com%2Fdf10d%2Fimg%2Favatars%2Fava_0006-72.png",
            "first_name": "chris",
            "real_name": "chris",
            "display_name": "",
            "team": "T042E1514F3",
            "name": "chris",
            "is_restricted": false,
            "is_ultra_restricted": false
        }
    }
]