[
    {
        "client_msg_id": "7304fbe7-1e5d-48dd-b691-8f0dea8c927a",
        "type": "message",
        "text": "Not this week. Tbh, I'm too busy right now to get any ready for you! You all are always welcome to post ideas for each other here during the week, or to start another channel for #student-challenges or something like that.",
        "user": "U042R3B76SC",
        "ts": "1665533522.729369",
        "blocks": [
            {
                "type": "rich_text",
                "block_id": "97O",
                "elements": [
                    {
                        "type": "rich_text_section",
                        "elements": [
                            {
                                "type": "text",
                                "text": "Not this week. Tbh, I'm too busy right now to get any ready for you! You all are always welcome to post ideas for each other here during the week, or to start another channel for #student-challenges or something like that."
                            }
                        ]
                    }
                ]
            }
        ],
        "team": "T042E1514F3",
        "user_team": "T042E1514F3",
        "source_team": "T042E1514F3",
        "user_profile": {
            "avatar_hash": "g6730f37144b",
            "image_72": "https:\/\/secure.gravatar.com\/avatar\/6730f37144bd6ae505b97012a7f22a66.jpg?s=72&d=https%3A%2F%2Fa.slack-edge.com%2Fdf10d%2Fimg%2Favatars%2Fava_0006-72.png",
            "first_name": "chris",
            "real_name": "chris",
            "display_name": "",
            "team": "T042E1514F3",
            "name": "chris",
            "is_restricted": false,
            "is_ultra_restricted": false
        }
    }
]