[
    {
        "type": "message",
        "text": "More family stuff happened, but I finally have notes from Thursday's meeting. Lots of details here to help you remember things later in the season, I hope.",
        "files": [
            {
                "id": "F04AS1K32A0",
                "created": 1668316197,
                "timestamp": 1668316197,
                "name": "05 - Meeting Notes - apt and ssh.pdf",
                "title": "05 - Meeting Notes - apt and ssh.pdf",
                "mimetype": "application\/pdf",
                "filetype": "pdf",
                "pretty_type": "PDF",
                "user": "U042R3B76SC",
                "user_team": "T042E1514F3",
                "editable": false,
                "size": 991246,
                "mode": "hosted",
                "is_external": false,
                "external_type": "",
                "is_public": true,
                "public_url_shared": false,
                "display_as_bot": false,
                "username": "",
                "url_private": "https:\/\/files.slack.com\/files-pri\/T042E1514F3-F04AS1K32A0\/05_-_meeting_notes_-_apt_and_ssh.pdf?t=xoxe-4082039038513-5909763746612-5907217023875-336a8277661c30aa211f6bb0466e7c24",
                "url_private_download": "https:\/\/files.slack.com\/files-pri\/T042E1514F3-F04AS1K32A0\/download\/05_-_meeting_notes_-_apt_and_ssh.pdf?t=xoxe-4082039038513-5909763746612-5907217023875-336a8277661c30aa211f6bb0466e7c24",
                "media_display_type": "unknown",
                "thumb_pdf": "https:\/\/files.slack.com\/files-tmb\/T042E1514F3-F04AS1K32A0-dbb9b8c8ba\/05_-_meeting_notes_-_apt_and_ssh_thumb_pdf.png?t=xoxe-4082039038513-5909763746612-5907217023875-336a8277661c30aa211f6bb0466e7c24",
                "thumb_pdf_w": 935,
                "thumb_pdf_h": 1210,
                "permalink": "https:\/\/cyberdefense2022-2023.slack.com\/files\/U042R3B76SC\/F04AS1K32A0\/05_-_meeting_notes_-_apt_and_ssh.pdf",
                "permalink_public": "https:\/\/slack-files.com\/T042E1514F3-F04AS1K32A0-0fa87f4d19",
                "is_starred": false,
                "has_rich_preview": false,
                "file_access": "visible"
            }
        ],
        "upload": false,
        "user": "U042R3B76SC",
        "display_as_bot": false,
        "ts": "1668316199.705209",
        "blocks": [
            {
                "type": "rich_text",
                "block_id": "1ti",
                "elements": [
                    {
                        "type": "rich_text_section",
                        "elements": [
                            {
                                "type": "text",
                                "text": "More family stuff happened, but I finally have notes from Thursday's meeting. Lots of details here to help you remember things later in the season, I hope."
                            }
                        ]
                    }
                ]
            }
        ],
        "client_msg_id": "b503730d-9051-4a43-8f33-ddf52e7a6810",
        "reactions": [
            {
                "name": "gratitude-thank-you",
                "users": [
                    "U042U2F450R"
                ],
                "count": 1
            }
        ]
    }
]