[
    {
        "type": "message",
        "text": "",
        "files": [
            {
                "id": "F046K476FLL",
                "created": 1665709627,
                "timestamp": 1665709627,
                "name": "05 - Ubuntu Cheatsheet.docx",
                "title": "05 - Ubuntu Cheatsheet.docx",
                "mimetype": "application\/vnd.openxmlformats-officedocument.wordprocessingml.document",
                "filetype": "docx",
                "pretty_type": "Word Document",
                "user": "U042R3B76SC",
                "user_team": "T042E1514F3",
                "editable": false,
                "size": 20137,
                "mode": "hosted",
                "is_external": false,
                "external_type": "",
                "is_public": true,
                "public_url_shared": false,
                "display_as_bot": false,
                "username": "",
                "url_private": "https:\/\/files.slack.com\/files-pri\/T042E1514F3-F046K476FLL\/05_-_ubuntu_cheatsheet.docx?t=xoxe-4082039038513-5909763746612-5907217023875-336a8277661c30aa211f6bb0466e7c24",
                "url_private_download": "https:\/\/files.slack.com\/files-pri\/T042E1514F3-F046K476FLL\/download\/05_-_ubuntu_cheatsheet.docx?t=xoxe-4082039038513-5909763746612-5907217023875-336a8277661c30aa211f6bb0466e7c24",
                "media_display_type": "unknown",
                "converted_pdf": "https:\/\/files.slack.com\/files-tmb\/T042E1514F3-F046K476FLL-6b80f730a1\/05_-_ubuntu_cheatsheet_converted.pdf?t=xoxe-4082039038513-5909763746612-5907217023875-336a8277661c30aa211f6bb0466e7c24",
                "thumb_pdf": "https:\/\/files.slack.com\/files-tmb\/T042E1514F3-F046K476FLL-6b80f730a1\/05_-_ubuntu_cheatsheet_thumb_pdf.png?t=xoxe-4082039038513-5909763746612-5907217023875-336a8277661c30aa211f6bb0466e7c24",
                "thumb_pdf_w": 935,
                "thumb_pdf_h": 1210,
                "permalink": "https:\/\/cyberdefense2022-2023.slack.com\/files\/U042R3B76SC\/F046K476FLL\/05_-_ubuntu_cheatsheet.docx",
                "permalink_public": "https:\/\/slack-files.com\/T042E1514F3-F046K476FLL-f5fba03353",
                "is_starred": false,
                "has_rich_preview": false,
                "file_access": "visible"
            }
        ],
        "upload": false,
        "user": "U042R3B76SC",
        "display_as_bot": false,
        "ts": "1665709633.070629",
        "client_msg_id": "5279f374-25f3-4821-9dfc-c415a4d4186f"
    }
]