[
    {
        "client_msg_id": "ea5b03eb-6e7f-415c-bae3-2f8f9a64a621",
        "type": "message",
        "text": "No notes from last meeting yet, because this week is a wildcat week. :tiger:\n\n<@U042U2F450R> will be at a church function Thursday night, so <@U041LSQC38X> and <@U042R51RY2C>, what do you want to do? Linux stuff? Coding stuff? HTB stuff? Something else?\n\nGive me some feedback, preferably today or tomorrow on what your thoughts are, even if you aren't sure yet, just so we can start talking. Thanks!",
        "user": "U042R3B76SC",
        "ts": "1670285344.879999",
        "blocks": [
            {
                "type": "rich_text",
                "block_id": "X4o",
                "elements": [
                    {
                        "type": "rich_text_section",
                        "elements": [
                            {
                                "type": "text",
                                "text": "No notes from last meeting yet, because this week is a wildcat week. "
                            },
                            {
                                "type": "emoji",
                                "name": "tiger",
                                "unicode": "1f42f"
                            },
                            {
                                "type": "text",
                                "text": "\n\n"
                            },
                            {
                                "type": "user",
                                "user_id": "U042U2F450R"
                            },
                            {
                                "type": "text",
                                "text": " will be at a church function Thursday night, so "
                            },
                            {
                                "type": "user",
                                "user_id": "U041LSQC38X"
                            },
                            {
                                "type": "text",
                                "text": " and "
                            },
                            {
                                "type": "user",
                                "user_id": "U042R51RY2C"
                            },
                            {
                                "type": "text",
                                "text": ", what do you want to do? Linux stuff? Coding stuff? HTB stuff? Something else?\n\nGive me some feedback, preferably today or tomorrow on what your thoughts are, even if you aren't sure yet, just so we can start talking. Thanks!"
                            }
                        ]
                    }
                ]
            }
        ],
        "team": "T042E1514F3",
        "user_team": "T042E1514F3",
        "source_team": "T042E1514F3",
        "user_profile": {
            "avatar_hash": "g6730f37144b",
            "image_72": "https:\/\/secure.gravatar.com\/avatar\/6730f37144bd6ae505b97012a7f22a66.jpg?s=72&d=https%3A%2F%2Fa.slack-edge.com%2Fdf10d%2Fimg%2Favatars%2Fava_0006-72.png",
            "first_name": "chris",
            "real_name": "chris",
            "display_name": "",
            "team": "T042E1514F3",
            "name": "chris",
            "is_restricted": false,
            "is_ultra_restricted": false
        },
        "edited": {
            "user": "U042R3B76SC",
            "ts": "1670285358.000000"
        }
    }
]