[
    {
        "client_msg_id": "06f722bc-6f02-45b0-a52e-2b8472bf8557",
        "type": "message",
        "text": "Happy Couple of Days after Thanksgiving, friends. I have a write-up from the last time we met. There are also some homework suggestions at the end. The overall goal is to expose you to more of what the (bash) shell can do, so if there's something else that YOU want to try to do that is related to the bash shell, let me know about it, and I'm pretty sure I can work with you on that as a replacement for this homework.\n\nI'm aware that this is Saturday, and some of you might mostly have only tomorrow to look this over. No worries.\n\nI'm looking forward to seeing you all on Thursday. One thing we need to talk about is our holiday schedule. I could actually (probably) meet on the 22nd and 29th of December, but usually there are people unavailable those weeks. Can you check with your families and let me know? Thanks.\n\nI'll be out January 26th because our family is taking a trip to Florida.",
        "user": "U042R3B76SC",
        "ts": "1669518377.058749",
        "blocks": [
            {
                "type": "rich_text",
                "block_id": "0vm",
                "elements": [
                    {
                        "type": "rich_text_section",
                        "elements": [
                            {
                                "type": "text",
                                "text": "Happy Couple of Days after Thanksgiving, friends. I have a write-up from the last time we met. There are also some homework suggestions at the end. The overall goal is to expose you to more of what the (bash) shell can do, so if there's something else that YOU want to try to do that is related to the bash shell, let me know about it, and I'm pretty sure I can work with you on that as a replacement for this homework.\n\nI'm aware that this is Saturday, and some of you might mostly have only tomorrow to look this over. No worries.\n\nI'm looking forward to seeing you all on Thursday. One thing we need to talk about is our holiday schedule. I could actually (probably) meet on the 22nd and 29th of December, but usually there are people unavailable those weeks. Can you check with your families and let me know? Thanks.\n\nI'll be out January 26th because our family is taking a trip to Florida."
                            }
                        ]
                    }
                ]
            }
        ],
        "team": "T042E1514F3",
        "user_team": "T042E1514F3",
        "source_team": "T042E1514F3",
        "user_profile": {
            "avatar_hash": "g6730f37144b",
            "image_72": "https:\/\/secure.gravatar.com\/avatar\/6730f37144bd6ae505b97012a7f22a66.jpg?s=72&d=https%3A%2F%2Fa.slack-edge.com%2Fdf10d%2Fimg%2Favatars%2Fava_0006-72.png",
            "first_name": "chris",
            "real_name": "chris",
            "display_name": "",
            "team": "T042E1514F3",
            "name": "chris",
            "is_restricted": false,
            "is_ultra_restricted": false
        }
    },
    {
        "type": "message",
        "text": "",
        "files": [
            {
                "id": "F04CNS8T7PW",
                "created": 1669518413,
                "timestamp": 1669518413,
                "name": "2022-11-17-meeting-notes.pdf",
                "title": "2022-11-17-meeting-notes.pdf",
                "mimetype": "application\/pdf",
                "filetype": "pdf",
                "pretty_type": "PDF",
                "user": "U042R3B76SC",
                "user_team": "T042E1514F3",
                "editable": false,
                "size": 310203,
                "mode": "hosted",
                "is_external": false,
                "external_type": "",
                "is_public": true,
                "public_url_shared": false,
                "display_as_bot": false,
                "username": "",
                "url_private": "https:\/\/files.slack.com\/files-pri\/T042E1514F3-F04CNS8T7PW\/2022-11-17-meeting-notes.pdf?t=xoxe-4082039038513-5909763746612-5907217023875-336a8277661c30aa211f6bb0466e7c24",
                "url_private_download": "https:\/\/files.slack.com\/files-pri\/T042E1514F3-F04CNS8T7PW\/download\/2022-11-17-meeting-notes.pdf?t=xoxe-4082039038513-5909763746612-5907217023875-336a8277661c30aa211f6bb0466e7c24",
                "media_display_type": "unknown",
                "thumb_pdf": "https:\/\/files.slack.com\/files-tmb\/T042E1514F3-F04CNS8T7PW-112940518e\/2022-11-17-meeting-notes_thumb_pdf.png?t=xoxe-4082039038513-5909763746612-5907217023875-336a8277661c30aa211f6bb0466e7c24",
                "thumb_pdf_w": 909,
                "thumb_pdf_h": 1286,
                "permalink": "https:\/\/cyberdefense2022-2023.slack.com\/files\/U042R3B76SC\/F04CNS8T7PW\/2022-11-17-meeting-notes.pdf",
                "permalink_public": "https:\/\/slack-files.com\/T042E1514F3-F04CNS8T7PW-58998e5e0a",
                "is_starred": false,
                "has_rich_preview": false,
                "file_access": "visible"
            }
        ],
        "upload": false,
        "user": "U042R3B76SC",
        "display_as_bot": false,
        "ts": "1669518417.326929",
        "client_msg_id": "7ee42714-ca8d-4194-8632-afe8ebe6c2f5"
    }
]