[
    {
        "type": "message",
        "text": "How to set up hack the box:",
        "files": [
            {
                "id": "F048TBBCPBN",
                "created": 1667178612,
                "timestamp": 1667178612,
                "name": "2022-10-30 20-03-30.mp4",
                "title": "2022-10-30 20-03-30.mp4",
                "mimetype": "video\/mp4",
                "filetype": "mp4",
                "pretty_type": "MPEG 4 Video",
                "user": "U041LSQC38X",
                "user_team": "T042E1514F3",
                "editable": false,
                "size": 13391915,
                "mode": "hosted",
                "is_external": false,
                "external_type": "",
                "is_public": true,
                "public_url_shared": false,
                "display_as_bot": false,
                "username": "",
                "transcription": {
                    "status": "complete",
                    "locale": "en-US",
                    "preview": {
                        "content": "All right. Hello. Today I will be teaching you how to set up, hack the box. So first thing you're gonna wanna do is you wanna get on your virtual",
                        "has_more": true
                    }
                },
                "mp4": "https:\/\/files.slack.com\/files-tmb\/T042E1514F3-F048TBBCPBN-d5a7ec6f53\/2022-10-30_20-03-30.mp4?t=xoxe-4082039038513-5909763746612-5907217023875-336a8277661c30aa211f6bb0466e7c24",
                "url_private": "https:\/\/files.slack.com\/files-tmb\/T042E1514F3-F048TBBCPBN-d5a7ec6f53\/2022-10-30_20-03-30.mp4?t=xoxe-4082039038513-5909763746612-5907217023875-336a8277661c30aa211f6bb0466e7c24",
                "url_private_download": "https:\/\/files.slack.com\/files-pri\/T042E1514F3-F048TBBCPBN\/download\/2022-10-30_20-03-30.mp4?t=xoxe-4082039038513-5909763746612-5907217023875-336a8277661c30aa211f6bb0466e7c24",
                "vtt": "https:\/\/files.slack.com\/files-tmb\/T042E1514F3-F048TBBCPBN-d5a7ec6f53\/file.vtt?_xcb=f5e62&t=xoxe-4082039038513-5909763746612-5907217023875-336a8277661c30aa211f6bb0466e7c24",
                "hls": "https:\/\/files.slack.com\/files-tmb\/T042E1514F3-F048TBBCPBN-d5a7ec6f53\/file.m3u8?_xcb=f5e62&t=xoxe-4082039038513-5909763746612-5907217023875-336a8277661c30aa211f6bb0466e7c24",
                "mp4_low": "https:\/\/files.slack.com\/files-tmb\/T042E1514F3-F048TBBCPBN-d5a7ec6f53\/2022-10-30_20-03-30_trans.mp4?t=xoxe-4082039038513-5909763746612-5907217023875-336a8277661c30aa211f6bb0466e7c24",
                "duration_ms": 307273,
                "media_display_type": "video",
                "thumb_video": "https:\/\/files.slack.com\/files-tmb\/T042E1514F3-F048TBBCPBN-d5a7ec6f53\/2022-10-30_20-03-30_thumb_video.jpeg?t=xoxe-4082039038513-5909763746612-5907217023875-336a8277661c30aa211f6bb0466e7c24",
                "thumb_video_w": 1280,
                "thumb_video_h": 720,
                "permalink": "https:\/\/cyberdefense2022-2023.slack.com\/files\/U041LSQC38X\/F048TBBCPBN\/2022-10-30_20-03-30.mp4",
                "permalink_public": "https:\/\/slack-files.com\/T042E1514F3-F048TBBCPBN-0da1375075",
                "is_starred": false,
                "has_rich_preview": false,
                "file_access": "visible"
            }
        ],
        "upload": false,
        "user": "U041LSQC38X",
        "display_as_bot": false,
        "ts": "1667178638.342529",
        "blocks": [
            {
                "type": "rich_text",
                "block_id": "quk",
                "elements": [
                    {
                        "type": "rich_text_section",
                        "elements": [
                            {
                                "type": "text",
                                "text": "How to set up hack the box:"
                            }
                        ]
                    }
                ]
            }
        ],
        "client_msg_id": "c742939f-dff8-447d-9719-c8139308ee57"
    },
    {
        "type": "message",
        "text": "Kudos, and thank you to <@U041LSQC38X> for that video! I want to spend Thursday going through the first two HTB challenges together. Their material is very instructive and well-organized. So the homework for this week is to be ready to use HTB on Thursday.\n\nTo do this:\n• Register for an account at <http:\/\/hackthebox.com|hackthebox.com> (HTB) if needed\n• Log on to HTB\n• Set up an OpenVPN connection to HTB's StartingPoint\nMichael's video shows how to do all of this. If you can get an icon in the upper-right corner of your browser like the one I'm posting here, you are good to go. Save the *.ovpn file that you use to connect to HTB because you can use it every time you connect (you don't have to download a new one every time.",
        "files": [
            {
                "id": "F048R2QLNKC",
                "mode": "tombstone"
            }
        ],
        "upload": false,
        "user": "U042R3B76SC",
        "display_as_bot": false,
        "ts": "1667183589.308719",
        "blocks": [
            {
                "type": "rich_text",
                "block_id": "Jdby4",
                "elements": [
                    {
                        "type": "rich_text_section",
                        "elements": [
                            {
                                "type": "text",
                                "text": "Kudos, and thank you to "
                            },
                            {
                                "type": "user",
                                "user_id": "U041LSQC38X"
                            },
                            {
                                "type": "text",
                                "text": " for that video! I want to spend Thursday going through the first two HTB challenges together. Their material is very instructive and well-organized. So the homework for this week is to be ready to use HTB on Thursday.\n\nTo do this:\n"
                            }
                        ]
                    },
                    {
                        "type": "rich_text_list",
                        "elements": [
                            {
                                "type": "rich_text_section",
                                "elements": [
                                    {
                                        "type": "text",
                                        "text": "Register for an account at "
                                    },
                                    {
                                        "type": "link",
                                        "url": "http:\/\/hackthebox.com",
                                        "text": "hackthebox.com"
                                    },
                                    {
                                        "type": "text",
                                        "text": " (HTB) if needed"
                                    }
                                ]
                            },
                            {
                                "type": "rich_text_section",
                                "elements": [
                                    {
                                        "type": "text",
                                        "text": "Log on to HTB"
                                    }
                                ]
                            },
                            {
                                "type": "rich_text_section",
                                "elements": [
                                    {
                                        "type": "text",
                                        "text": "Set up an OpenVPN connection to HTB's StartingPoint"
                                    }
                                ]
                            }
                        ],
                        "style": "bullet",
                        "indent": 0,
                        "border": 0
                    },
                    {
                        "type": "rich_text_section",
                        "elements": [
                            {
                                "type": "text",
                                "text": "\nMichael's video shows how to do all of this. If you can get an icon in the upper-right corner of your browser like the one I'm posting here, you are good to go. Save the *.ovpn file that you use to connect to HTB because you can use it every time you connect (you don't have to download a new one every time."
                            }
                        ]
                    }
                ]
            }
        ],
        "client_msg_id": "4419eb4e-77c0-48b7-ab66-03bdc5c5a019"
    },
    {
        "type": "message",
        "text": "",
        "files": [
            {
                "id": "F048TGG9XKN",
                "created": 1667183691,
                "timestamp": 1667183691,
                "name": "image.png",
                "title": "image.png",
                "mimetype": "image\/png",
                "filetype": "png",
                "pretty_type": "PNG",
                "user": "U042R3B76SC",
                "user_team": "T042E1514F3",
                "editable": false,
                "size": 4644,
                "mode": "hosted",
                "is_external": false,
                "external_type": "",
                "is_public": true,
                "public_url_shared": false,
                "display_as_bot": false,
                "username": "",
                "url_private": "https:\/\/files.slack.com\/files-pri\/T042E1514F3-F048TGG9XKN\/image.png?t=xoxe-4082039038513-5909763746612-5907217023875-336a8277661c30aa211f6bb0466e7c24",
                "url_private_download": "https:\/\/files.slack.com\/files-pri\/T042E1514F3-F048TGG9XKN\/download\/image.png?t=xoxe-4082039038513-5909763746612-5907217023875-336a8277661c30aa211f6bb0466e7c24",
                "media_display_type": "unknown",
                "thumb_64": "https:\/\/files.slack.com\/files-tmb\/T042E1514F3-F048TGG9XKN-21a42279d2\/image_64.png?t=xoxe-4082039038513-5909763746612-5907217023875-336a8277661c30aa211f6bb0466e7c24",
                "thumb_80": "https:\/\/files.slack.com\/files-tmb\/T042E1514F3-F048TGG9XKN-21a42279d2\/image_80.png?t=xoxe-4082039038513-5909763746612-5907217023875-336a8277661c30aa211f6bb0466e7c24",
                "thumb_360": "https:\/\/files.slack.com\/files-tmb\/T042E1514F3-F048TGG9XKN-21a42279d2\/image_360.png?t=xoxe-4082039038513-5909763746612-5907217023875-336a8277661c30aa211f6bb0466e7c24",
                "thumb_360_w": 352,
                "thumb_360_h": 106,
                "thumb_160": "https:\/\/files.slack.com\/files-tmb\/T042E1514F3-F048TGG9XKN-21a42279d2\/image_160.png?t=xoxe-4082039038513-5909763746612-5907217023875-336a8277661c30aa211f6bb0466e7c24",
                "original_w": 352,
                "original_h": 106,
                "thumb_tiny": "AwAOADCj1OKNpyQOaASDkUEkmmIXY\/oaQqwGSDik59aOfWgB2x842mk5B5pOfWigD\/\/Z",
                "permalink": "https:\/\/cyberdefense2022-2023.slack.com\/files\/U042R3B76SC\/F048TGG9XKN\/image.png",
                "permalink_public": "https:\/\/slack-files.com\/T042E1514F3-F048TGG9XKN-c2616d6143",
                "is_starred": false,
                "has_rich_preview": false,
                "file_access": "visible"
            }
        ],
        "upload": false,
        "user": "U042R3B76SC",
        "display_as_bot": false,
        "ts": "1667183712.186459",
        "client_msg_id": "7421fe25-c383-451c-ad20-a50c030ef09d"
    },
    {
        "client_msg_id": "a107951b-cab4-47ab-bf4c-b4edeb06c89a",
        "type": "message",
        "text": "As for Hack This Site and Try Hack Me, I am going to leave those alone and have us focus on Hack The Box. Feel free to look at them if you want to, but I've decided that we should focus on HTB.\n\nFinally, there may be HTB scholarships available to give you access to paid features for the rest of the IT Club year. Ask me about this on Thursday if you are interested.",
        "user": "U042R3B76SC",
        "ts": "1667188264.223869",
        "blocks": [
            {
                "type": "rich_text",
                "block_id": "RxW",
                "elements": [
                    {
                        "type": "rich_text_section",
                        "elements": [
                            {
                                "type": "text",
                                "text": "As for Hack This Site and Try Hack Me, I am going to leave those alone and have us focus on Hack The Box. Feel free to look at them if you want to, but I've decided that we should focus on HTB.\n\nFinally, there may be HTB scholarships available to give you access to paid features for the rest of the IT Club year. Ask me about this on Thursday if you are interested."
                            }
                        ]
                    }
                ]
            }
        ],
        "team": "T042E1514F3",
        "user_team": "T042E1514F3",
        "source_team": "T042E1514F3",
        "user_profile": {
            "avatar_hash": "g6730f37144b",
            "image_72": "https:\/\/secure.gravatar.com\/avatar\/6730f37144bd6ae505b97012a7f22a66.jpg?s=72&d=https%3A%2F%2Fa.slack-edge.com%2Fdf10d%2Fimg%2Favatars%2Fava_0006-72.png",
            "first_name": "chris",
            "real_name": "chris",
            "display_name": "",
            "team": "T042E1514F3",
            "name": "chris",
            "is_restricted": false,
            "is_ultra_restricted": false
        }
    }
]