[
    {
        "client_msg_id": "f0a2b8b3-7bd4-4f12-af1a-1791fdd63050",
        "type": "message",
        "text": "Hi team. I apologize for not getting notes into Slack Friday night as intended. Something unexpected just came up at home; it happens.\n\nI have a phone call with a friend tomorrow morning but should be able to get the notes out after that.",
        "user": "U042R3B76SC",
        "ts": "1668238399.846969",
        "blocks": [
            {
                "type": "rich_text",
                "block_id": "mTfGh",
                "elements": [
                    {
                        "type": "rich_text_section",
                        "elements": [
                            {
                                "type": "text",
                                "text": "Hi team. I apologize for not getting notes into Slack Friday night as intended. Something unexpected just came up at home; it happens.\n\nI have a phone call with a friend tomorrow morning but should be able to get the notes out after that."
                            }
                        ]
                    }
                ]
            }
        ],
        "team": "T042E1514F3",
        "user_team": "T042E1514F3",
        "source_team": "T042E1514F3",
        "user_profile": {
            "avatar_hash": "g6730f37144b",
            "image_72": "https:\/\/secure.gravatar.com\/avatar\/6730f37144bd6ae505b97012a7f22a66.jpg?s=72&d=https%3A%2F%2Fa.slack-edge.com%2Fdf10d%2Fimg%2Favatars%2Fava_0006-72.png",
            "first_name": "chris",
            "real_name": "chris",
            "display_name": "",
            "team": "T042E1514F3",
            "name": "chris",
            "is_restricted": false,
            "is_ultra_restricted": false
        }
    }
]