[
    {
        "client_msg_id": "a491f017-8a16-4d05-95cf-87cdff6d6b78",
        "type": "message",
        "text": "Will there be any homework for this week?",
        "user": "U041LSQC38X",
        "ts": "1664058595.245359",
        "blocks": [
            {
                "type": "rich_text",
                "block_id": "6=Os+",
                "elements": [
                    {
                        "type": "rich_text_section",
                        "elements": [
                            {
                                "type": "text",
                                "text": "Will there be any homework for this week?"
                            }
                        ]
                    }
                ]
            }
        ],
        "team": "T042E1514F3",
        "user_team": "T042E1514F3",
        "source_team": "T042E1514F3",
        "user_profile": {
            "avatar_hash": "g60b962e7353",
            "image_72": "https:\/\/secure.gravatar.com\/avatar\/60b962e73536af1009870d33a2ba0516.jpg?s=72&d=https%3A%2F%2Fa.slack-edge.com%2Fdf10d%2Fimg%2Favatars%2Fava_0012-72.png",
            "first_name": "Michael",
            "real_name": "Michael Tice",
            "display_name": "Michael Tice",
            "team": "T042E1514F3",
            "name": "michael.tice",
            "is_restricted": false,
            "is_ultra_restricted": false
        }
    },
    {
        "client_msg_id": "949dac00-d5c8-4f46-894e-f0c958968e4b",
        "type": "message",
        "text": "I sure hope so. What would you folks want it to be?",
        "user": "U042R3B76SC",
        "ts": "1664060071.079829",
        "blocks": [
            {
                "type": "rich_text",
                "block_id": "TU6+",
                "elements": [
                    {
                        "type": "rich_text_section",
                        "elements": [
                            {
                                "type": "text",
                                "text": "I sure hope so. What would you folks want it to be?"
                            }
                        ]
                    }
                ]
            }
        ],
        "team": "T042E1514F3",
        "user_team": "T042E1514F3",
        "source_team": "T042E1514F3",
        "user_profile": {
            "avatar_hash": "g6730f37144b",
            "image_72": "https:\/\/secure.gravatar.com\/avatar\/6730f37144bd6ae505b97012a7f22a66.jpg?s=72&d=https%3A%2F%2Fa.slack-edge.com%2Fdf10d%2Fimg%2Favatars%2Fava_0006-72.png",
            "first_name": "chris",
            "real_name": "chris",
            "display_name": "",
            "team": "T042E1514F3",
            "name": "chris",
            "is_restricted": false,
            "is_ultra_restricted": false
        }
    },
    {
        "client_msg_id": "782aac41-ec4f-4cc1-86af-95360d900da1",
        "type": "message",
        "text": "I have no idea",
        "user": "U042R51RY2C",
        "ts": "1664068470.830149",
        "blocks": [
            {
                "type": "rich_text",
                "block_id": "0u0",
                "elements": [
                    {
                        "type": "rich_text_section",
                        "elements": [
                            {
                                "type": "text",
                                "text": "I have no idea"
                            }
                        ]
                    }
                ]
            }
        ],
        "team": "T042E1514F3",
        "user_team": "T042E1514F3",
        "source_team": "T042E1514F3",
        "user_profile": {
            "avatar_hash": "g24c32288d4d",
            "image_72": "https:\/\/secure.gravatar.com\/avatar\/24c32288d4dbbf5694cc5c9609ec1853.jpg?s=72&d=https%3A%2F%2Fa.slack-edge.com%2Fdf10d%2Fimg%2Favatars%2Fava_0017-72.png",
            "first_name": "Tristan",
            "real_name": "Tristan Ribble",
            "display_name": "",
            "team": "T042E1514F3",
            "name": "tmribble07",
            "is_restricted": false,
            "is_ultra_restricted": false
        },
        "edited": {
            "user": "U042R51RY2C",
            "ts": "1664068480.000000"
        }
    },
    {
        "client_msg_id": "d0db4dc9-c4f5-42f3-9717-7fdf268e86dc",
        "type": "message",
        "text": "Seriously? What other teacher asks the class to pick their own homework?\n\nThen again, I could just be trolling you...",
        "user": "U042R3B76SC",
        "ts": "1664080341.336549",
        "blocks": [
            {
                "type": "rich_text",
                "block_id": "9PBxo",
                "elements": [
                    {
                        "type": "rich_text_section",
                        "elements": [
                            {
                                "type": "text",
                                "text": "Seriously? What other teacher asks the class to pick their own homework?\n\nThen again, I could just be trolling you..."
                            }
                        ]
                    }
                ]
            }
        ],
        "team": "T042E1514F3",
        "user_team": "T042E1514F3",
        "source_team": "T042E1514F3",
        "user_profile": {
            "avatar_hash": "g6730f37144b",
            "image_72": "https:\/\/secure.gravatar.com\/avatar\/6730f37144bd6ae505b97012a7f22a66.jpg?s=72&d=https%3A%2F%2Fa.slack-edge.com%2Fdf10d%2Fimg%2Favatars%2Fava_0006-72.png",
            "first_name": "chris",
            "real_name": "chris",
            "display_name": "",
            "team": "T042E1514F3",
            "name": "chris",
            "is_restricted": false,
            "is_ultra_restricted": false
        }
    },
    {
        "client_msg_id": "a0e0cfee-2fec-4e63-8877-dec719d4f51a",
        "type": "message",
        "text": "I need to think about it a little bit. Ping me tomorrow around 5 or 6 if I haven't gotten anything out here.",
        "user": "U042R3B76SC",
        "ts": "1664080397.867899",
        "blocks": [
            {
                "type": "rich_text",
                "block_id": "IjyA",
                "elements": [
                    {
                        "type": "rich_text_section",
                        "elements": [
                            {
                                "type": "text",
                                "text": "I need to think about it a little bit. Ping me tomorrow around 5 or 6 if I haven't gotten anything out here."
                            }
                        ]
                    }
                ]
            }
        ],
        "team": "T042E1514F3",
        "user_team": "T042E1514F3",
        "source_team": "T042E1514F3",
        "user_profile": {
            "avatar_hash": "g6730f37144b",
            "image_72": "https:\/\/secure.gravatar.com\/avatar\/6730f37144bd6ae505b97012a7f22a66.jpg?s=72&d=https%3A%2F%2Fa.slack-edge.com%2Fdf10d%2Fimg%2Favatars%2Fava_0006-72.png",
            "first_name": "chris",
            "real_name": "chris",
            "display_name": "",
            "team": "T042E1514F3",
            "name": "chris",
            "is_restricted": false,
            "is_ultra_restricted": false
        }
    }
]