[
    {
        "client_msg_id": "e6b17915-03da-49b0-bf29-6cfc903a8bf9",
        "type": "message",
        "text": "do we have any homework for this week?",
        "user": "U041LSQC38X",
        "ts": "1665431254.799039",
        "blocks": [
            {
                "type": "rich_text",
                "block_id": "Za+",
                "elements": [
                    {
                        "type": "rich_text_section",
                        "elements": [
                            {
                                "type": "text",
                                "text": "do we have any homework for this week?"
                            }
                        ]
                    }
                ]
            }
        ],
        "team": "T042E1514F3",
        "user_team": "T042E1514F3",
        "source_team": "T042E1514F3",
        "user_profile": {
            "avatar_hash": "g60b962e7353",
            "image_72": "https:\/\/secure.gravatar.com\/avatar\/60b962e73536af1009870d33a2ba0516.jpg?s=72&d=https%3A%2F%2Fa.slack-edge.com%2Fdf10d%2Fimg%2Favatars%2Fava_0012-72.png",
            "first_name": "Michael",
            "real_name": "Michael Tice",
            "display_name": "Michael Tice",
            "team": "T042E1514F3",
            "name": "michael.tice",
            "is_restricted": false,
            "is_ultra_restricted": false
        }
    }
]