[
    {
        "client_msg_id": "47487f46-62d6-464a-95ad-081c39b3f080",
        "type": "message",
        "text": "It says x64-based PC.",
        "user": "U042U2F450R",
        "ts": "1663856674.860369",
        "blocks": [
            {
                "type": "rich_text",
                "block_id": "v1\/B",
                "elements": [
                    {
                        "type": "rich_text_section",
                        "elements": [
                            {
                                "type": "text",
                                "text": "It says x64-based PC."
                            }
                        ]
                    }
                ]
            }
        ],
        "team": "T042E1514F3",
        "user_team": "T042E1514F3",
        "source_team": "T042E1514F3",
        "user_profile": {
            "avatar_hash": "gff8e94624db",
            "image_72": "https:\/\/secure.gravatar.com\/avatar\/ff8e94624db08a84843122675f06ea92.jpg?s=72&d=https%3A%2F%2Fa.slack-edge.com%2Fdf10d%2Fimg%2Favatars%2Fava_0004-72.png",
            "first_name": "Anna",
            "real_name": "Anna",
            "display_name": "Anna",
            "team": "T042E1514F3",
            "name": "annam45",
            "is_restricted": false,
            "is_ultra_restricted": false
        }
    },
    {
        "type": "message",
        "text": "",
        "files": [
            {
                "id": "F043E5H9AE9",
                "created": 1663856766,
                "timestamp": 1663856766,
                "name": "CPU.png",
                "title": "CPU.png",
                "mimetype": "image\/png",
                "filetype": "png",
                "pretty_type": "PNG",
                "user": "U042U2F450R",
                "user_team": "T042E1514F3",
                "editable": false,
                "size": 55527,
                "mode": "hosted",
                "is_external": false,
                "external_type": "",
                "is_public": true,
                "public_url_shared": false,
                "display_as_bot": false,
                "username": "",
                "url_private": "https:\/\/files.slack.com\/files-pri\/T042E1514F3-F043E5H9AE9\/cpu.png?t=xoxe-4082039038513-5909763746612-5907217023875-336a8277661c30aa211f6bb0466e7c24",
                "url_private_download": "https:\/\/files.slack.com\/files-pri\/T042E1514F3-F043E5H9AE9\/download\/cpu.png?t=xoxe-4082039038513-5909763746612-5907217023875-336a8277661c30aa211f6bb0466e7c24",
                "media_display_type": "unknown",
                "thumb_64": "https:\/\/files.slack.com\/files-tmb\/T042E1514F3-F043E5H9AE9-2a15abcd1b\/cpu_64.png?t=xoxe-4082039038513-5909763746612-5907217023875-336a8277661c30aa211f6bb0466e7c24",
                "thumb_80": "https:\/\/files.slack.com\/files-tmb\/T042E1514F3-F043E5H9AE9-2a15abcd1b\/cpu_80.png?t=xoxe-4082039038513-5909763746612-5907217023875-336a8277661c30aa211f6bb0466e7c24",
                "thumb_360": "https:\/\/files.slack.com\/files-tmb\/T042E1514F3-F043E5H9AE9-2a15abcd1b\/cpu_360.png?t=xoxe-4082039038513-5909763746612-5907217023875-336a8277661c30aa211f6bb0466e7c24",
                "thumb_360_w": 360,
                "thumb_360_h": 240,
                "thumb_480": "https:\/\/files.slack.com\/files-tmb\/T042E1514F3-F043E5H9AE9-2a15abcd1b\/cpu_480.png?t=xoxe-4082039038513-5909763746612-5907217023875-336a8277661c30aa211f6bb0466e7c24",
                "thumb_480_w": 480,
                "thumb_480_h": 320,
                "thumb_160": "https:\/\/files.slack.com\/files-tmb\/T042E1514F3-F043E5H9AE9-2a15abcd1b\/cpu_160.png?t=xoxe-4082039038513-5909763746612-5907217023875-336a8277661c30aa211f6bb0466e7c24",
                "thumb_720": "https:\/\/files.slack.com\/files-tmb\/T042E1514F3-F043E5H9AE9-2a15abcd1b\/cpu_720.png?t=xoxe-4082039038513-5909763746612-5907217023875-336a8277661c30aa211f6bb0466e7c24",
                "thumb_720_w": 720,
                "thumb_720_h": 480,
                "thumb_800": "https:\/\/files.slack.com\/files-tmb\/T042E1514F3-F043E5H9AE9-2a15abcd1b\/cpu_800.png?t=xoxe-4082039038513-5909763746612-5907217023875-336a8277661c30aa211f6bb0466e7c24",
                "thumb_800_w": 800,
                "thumb_800_h": 533,
                "thumb_960": "https:\/\/files.slack.com\/files-tmb\/T042E1514F3-F043E5H9AE9-2a15abcd1b\/cpu_960.png?t=xoxe-4082039038513-5909763746612-5907217023875-336a8277661c30aa211f6bb0466e7c24",
                "thumb_960_w": 960,
                "thumb_960_h": 639,
                "thumb_1024": "https:\/\/files.slack.com\/files-tmb\/T042E1514F3-F043E5H9AE9-2a15abcd1b\/cpu_1024.png?t=xoxe-4082039038513-5909763746612-5907217023875-336a8277661c30aa211f6bb0466e7c24",
                "thumb_1024_w": 1024,
                "thumb_1024_h": 682,
                "original_w": 1126,
                "original_h": 750,
                "thumb_tiny": "AwAfADC\/nGP6CnA5H\/1qD2pR1NABj6UtFFACZ9qOPSlooAae2aB149aWjHrQAmaXNLSYoABgilxRRQB\/\/9k=",
                "permalink": "https:\/\/cyberdefense2022-2023.slack.com\/files\/U042U2F450R\/F043E5H9AE9\/cpu.png",
                "permalink_public": "https:\/\/slack-files.com\/T042E1514F3-F043E5H9AE9-6457ddd1e9",
                "is_starred": false,
                "has_rich_preview": false,
                "file_access": "visible"
            }
        ],
        "upload": false,
        "user": "U042U2F450R",
        "display_as_bot": false,
        "ts": "1663856770.440659",
        "client_msg_id": "e70dc12b-13e4-482c-b799-1028bbe37e17"
    },
    {
        "client_msg_id": "46c3888d-bedd-424c-bdfd-031b1361d7f5",
        "type": "message",
        "text": "How many cores appear total that you can give it?",
        "user": "U042R51RY2C",
        "ts": "1663856842.475479",
        "blocks": [
            {
                "type": "rich_text",
                "block_id": "+pXB",
                "elements": [
                    {
                        "type": "rich_text_section",
                        "elements": [
                            {
                                "type": "text",
                                "text": "How many cores appear total that you can give it?"
                            }
                        ]
                    }
                ]
            }
        ],
        "team": "T042E1514F3",
        "user_team": "T042E1514F3",
        "source_team": "T042E1514F3",
        "user_profile": {
            "avatar_hash": "g24c32288d4d",
            "image_72": "https:\/\/secure.gravatar.com\/avatar\/24c32288d4dbbf5694cc5c9609ec1853.jpg?s=72&d=https%3A%2F%2Fa.slack-edge.com%2Fdf10d%2Fimg%2Favatars%2Fava_0017-72.png",
            "first_name": "Tristan",
            "real_name": "Tristan Ribble",
            "display_name": "",
            "team": "T042E1514F3",
            "name": "tmribble07",
            "is_restricted": false,
            "is_ultra_restricted": false
        }
    },
    {
        "client_msg_id": "928137f2-d1f6-4f7c-a5a1-79cc091da3d2",
        "type": "message",
        "text": "1",
        "user": "U042U2F450R",
        "ts": "1663856872.052669",
        "blocks": [
            {
                "type": "rich_text",
                "block_id": "F=Iq",
                "elements": [
                    {
                        "type": "rich_text_section",
                        "elements": [
                            {
                                "type": "text",
                                "text": "1"
                            }
                        ]
                    }
                ]
            }
        ],
        "team": "T042E1514F3",
        "user_team": "T042E1514F3",
        "source_team": "T042E1514F3",
        "user_profile": {
            "avatar_hash": "gff8e94624db",
            "image_72": "https:\/\/secure.gravatar.com\/avatar\/ff8e94624db08a84843122675f06ea92.jpg?s=72&d=https%3A%2F%2Fa.slack-edge.com%2Fdf10d%2Fimg%2Favatars%2Fava_0004-72.png",
            "first_name": "Anna",
            "real_name": "Anna",
            "display_name": "Anna",
            "team": "T042E1514F3",
            "name": "annam45",
            "is_restricted": false,
            "is_ultra_restricted": false
        }
    },
    {
        "client_msg_id": "f6bff744-635c-4178-b296-49991f809c56",
        "type": "message",
        "text": "The max option on the option on the right",
        "user": "U042R51RY2C",
        "ts": "1663856901.437879",
        "blocks": [
            {
                "type": "rich_text",
                "block_id": "U8b",
                "elements": [
                    {
                        "type": "rich_text_section",
                        "elements": [
                            {
                                "type": "text",
                                "text": "The max option on the option on the right"
                            }
                        ]
                    }
                ]
            }
        ],
        "team": "T042E1514F3",
        "user_team": "T042E1514F3",
        "source_team": "T042E1514F3",
        "user_profile": {
            "avatar_hash": "g24c32288d4d",
            "image_72": "https:\/\/secure.gravatar.com\/avatar\/24c32288d4dbbf5694cc5c9609ec1853.jpg?s=72&d=https%3A%2F%2Fa.slack-edge.com%2Fdf10d%2Fimg%2Favatars%2Fava_0017-72.png",
            "first_name": "Tristan",
            "real_name": "Tristan Ribble",
            "display_name": "",
            "team": "T042E1514F3",
            "name": "tmribble07",
            "is_restricted": false,
            "is_ultra_restricted": false
        },
        "edited": {
            "user": "U042R51RY2C",
            "ts": "1663856914.000000"
        }
    },
    {
        "client_msg_id": "132afc99-9fd0-4b6b-a88c-071da59bd5d8",
        "type": "message",
        "text": "4",
        "user": "U042U2F450R",
        "ts": "1663856922.311909",
        "blocks": [
            {
                "type": "rich_text",
                "block_id": "TzqlF",
                "elements": [
                    {
                        "type": "rich_text_section",
                        "elements": [
                            {
                                "type": "text",
                                "text": "4"
                            }
                        ]
                    }
                ]
            }
        ],
        "team": "T042E1514F3",
        "user_team": "T042E1514F3",
        "source_team": "T042E1514F3",
        "user_profile": {
            "avatar_hash": "gff8e94624db",
            "image_72": "https:\/\/secure.gravatar.com\/avatar\/ff8e94624db08a84843122675f06ea92.jpg?s=72&d=https%3A%2F%2Fa.slack-edge.com%2Fdf10d%2Fimg%2Favatars%2Fava_0004-72.png",
            "first_name": "Anna",
            "real_name": "Anna",
            "display_name": "Anna",
            "team": "T042E1514F3",
            "name": "annam45",
            "is_restricted": false,
            "is_ultra_restricted": false
        }
    },
    {
        "client_msg_id": "fa821d55-2040-4bd3-a7da-86cc3ee42ff9",
        "type": "message",
        "text": "What is are you using?",
        "user": "U042R51RY2C",
        "ts": "1663857025.684089",
        "blocks": [
            {
                "type": "rich_text",
                "block_id": "Pyvb",
                "elements": [
                    {
                        "type": "rich_text_section",
                        "elements": [
                            {
                                "type": "text",
                                "text": "What is are you using?"
                            }
                        ]
                    }
                ]
            }
        ],
        "team": "T042E1514F3",
        "user_team": "T042E1514F3",
        "source_team": "T042E1514F3",
        "user_profile": {
            "avatar_hash": "g24c32288d4d",
            "image_72": "https:\/\/secure.gravatar.com\/avatar\/24c32288d4dbbf5694cc5c9609ec1853.jpg?s=72&d=https%3A%2F%2Fa.slack-edge.com%2Fdf10d%2Fimg%2Favatars%2Fava_0017-72.png",
            "first_name": "Tristan",
            "real_name": "Tristan Ribble",
            "display_name": "",
            "team": "T042E1514F3",
            "name": "tmribble07",
            "is_restricted": false,
            "is_ultra_restricted": false
        }
    },
    {
        "client_msg_id": "40053d88-db44-4fbe-8358-e6ab6fe0501e",
        "type": "message",
        "text": "Os",
        "user": "U042R51RY2C",
        "ts": "1663857029.624459",
        "blocks": [
            {
                "type": "rich_text",
                "block_id": "p5pW",
                "elements": [
                    {
                        "type": "rich_text_section",
                        "elements": [
                            {
                                "type": "text",
                                "text": "Os"
                            }
                        ]
                    }
                ]
            }
        ],
        "team": "T042E1514F3",
        "user_team": "T042E1514F3",
        "source_team": "T042E1514F3",
        "user_profile": {
            "avatar_hash": "g24c32288d4d",
            "image_72": "https:\/\/secure.gravatar.com\/avatar\/24c32288d4dbbf5694cc5c9609ec1853.jpg?s=72&d=https%3A%2F%2Fa.slack-edge.com%2Fdf10d%2Fimg%2Favatars%2Fava_0017-72.png",
            "first_name": "Tristan",
            "real_name": "Tristan Ribble",
            "display_name": "",
            "team": "T042E1514F3",
            "name": "tmribble07",
            "is_restricted": false,
            "is_ultra_restricted": false
        }
    },
    {
        "client_msg_id": "f9c22a3d-734c-440f-aa8e-0f7009a37567",
        "type": "message",
        "text": "What?",
        "user": "U042U2F450R",
        "ts": "1663857044.445289",
        "blocks": [
            {
                "type": "rich_text",
                "block_id": "oDyI3",
                "elements": [
                    {
                        "type": "rich_text_section",
                        "elements": [
                            {
                                "type": "text",
                                "text": "What?"
                            }
                        ]
                    }
                ]
            }
        ],
        "team": "T042E1514F3",
        "user_team": "T042E1514F3",
        "source_team": "T042E1514F3",
        "user_profile": {
            "avatar_hash": "gff8e94624db",
            "image_72": "https:\/\/secure.gravatar.com\/avatar\/ff8e94624db08a84843122675f06ea92.jpg?s=72&d=https%3A%2F%2Fa.slack-edge.com%2Fdf10d%2Fimg%2Favatars%2Fava_0004-72.png",
            "first_name": "Anna",
            "real_name": "Anna",
            "display_name": "Anna",
            "team": "T042E1514F3",
            "name": "annam45",
            "is_restricted": false,
            "is_ultra_restricted": false
        }
    },
    {
        "client_msg_id": "b498b092-e43e-4995-88f0-afbfe4ccab3f",
        "type": "message",
        "text": "What version of windows",
        "user": "U042R51RY2C",
        "ts": "1663857054.017959",
        "blocks": [
            {
                "type": "rich_text",
                "block_id": "sdbGl",
                "elements": [
                    {
                        "type": "rich_text_section",
                        "elements": [
                            {
                                "type": "text",
                                "text": "What version of windows"
                            }
                        ]
                    }
                ]
            }
        ],
        "team": "T042E1514F3",
        "user_team": "T042E1514F3",
        "source_team": "T042E1514F3",
        "user_profile": {
            "avatar_hash": "g24c32288d4d",
            "image_72": "https:\/\/secure.gravatar.com\/avatar\/24c32288d4dbbf5694cc5c9609ec1853.jpg?s=72&d=https%3A%2F%2Fa.slack-edge.com%2Fdf10d%2Fimg%2Favatars%2Fava_0017-72.png",
            "first_name": "Tristan",
            "real_name": "Tristan Ribble",
            "display_name": "",
            "team": "T042E1514F3",
            "name": "tmribble07",
            "is_restricted": false,
            "is_ultra_restricted": false
        }
    },
    {
        "client_msg_id": "6d11d227-3817-48a3-9f0e-34daa4222625",
        "type": "message",
        "text": "Windows 10",
        "user": "U042U2F450R",
        "ts": "1663857072.535519",
        "blocks": [
            {
                "type": "rich_text",
                "block_id": "z6V",
                "elements": [
                    {
                        "type": "rich_text_section",
                        "elements": [
                            {
                                "type": "text",
                                "text": "Windows 10"
                            }
                        ]
                    }
                ]
            }
        ],
        "team": "T042E1514F3",
        "user_team": "T042E1514F3",
        "source_team": "T042E1514F3",
        "user_profile": {
            "avatar_hash": "gff8e94624db",
            "image_72": "https:\/\/secure.gravatar.com\/avatar\/ff8e94624db08a84843122675f06ea92.jpg?s=72&d=https%3A%2F%2Fa.slack-edge.com%2Fdf10d%2Fimg%2Favatars%2Fava_0004-72.png",
            "first_name": "Anna",
            "real_name": "Anna",
            "display_name": "Anna",
            "team": "T042E1514F3",
            "name": "annam45",
            "is_restricted": false,
            "is_ultra_restricted": false
        }
    },
    {
        "client_msg_id": "c7159307-dc86-4044-a85f-a299707e31d2",
        "type": "message",
        "text": "<https:\/\/www.thewindowsclub.com\/disable-hardware-virtualization-in-windows-10#:~:text=less%20commonly%20F10.-,Turn%20ON%20the%20System.,and%20press%20the%20Enter%20key|https:\/\/www.thewindowsclub.com\/disable-hardware-virtualization-in-windows-10#:~:text=less%20commonly%20F10.-,Turn%20ON%20the%20System.,and%20press%20the%20Enter%20key>.",
        "user": "U042R51RY2C",
        "ts": "1663857109.022219",
        "blocks": [
            {
                "type": "rich_text",
                "block_id": "a5h",
                "elements": [
                    {
                        "type": "rich_text_section",
                        "elements": [
                            {
                                "type": "link",
                                "url": "https:\/\/www.thewindowsclub.com\/disable-hardware-virtualization-in-windows-10#:~:text=less%20commonly%20F10.-,Turn%20ON%20the%20System.,and%20press%20the%20Enter%20key",
                                "text": "https:\/\/www.thewindowsclub.com\/disable-hardware-virtualization-in-windows-10#:~:text=less%20commonly%20F10.-,Turn%20ON%20the%20System.,and%20press%20the%20Enter%20key"
                            },
                            {
                                "type": "text",
                                "text": "."
                            }
                        ]
                    }
                ]
            }
        ],
        "team": "T042E1514F3",
        "user_team": "T042E1514F3",
        "source_team": "T042E1514F3",
        "user_profile": {
            "avatar_hash": "g24c32288d4d",
            "image_72": "https:\/\/secure.gravatar.com\/avatar\/24c32288d4dbbf5694cc5c9609ec1853.jpg?s=72&d=https%3A%2F%2Fa.slack-edge.com%2Fdf10d%2Fimg%2Favatars%2Fava_0017-72.png",
            "first_name": "Tristan",
            "real_name": "Tristan Ribble",
            "display_name": "",
            "team": "T042E1514F3",
            "name": "tmribble07",
            "is_restricted": false,
            "is_ultra_restricted": false
        },
        "attachments": [
            {
                "from_url": "https:\/\/www.thewindowsclub.com\/disable-hardware-virtualization-in-windows-10#:~:text=less%20commonly%20F10.-,Turn%20ON%20the%20System.,and%20press%20the%20Enter%20key",
                "ts": 1633956473,
                "image_url": "https:\/\/www.thewindowsclub.com\/wp-content\/uploads\/2020\/10\/disable-Hardware-Virtualization.png",
                "image_width": 415,
                "image_height": 250,
                "image_bytes": 331613,
                "service_icon": "https:\/\/www.thewindowsclub.com\/wp-content\/themes\/the-windows-club\/images\/favicon.ico",
                "id": 1,
                "original_url": "https:\/\/www.thewindowsclub.com\/disable-hardware-virtualization-in-windows-10#:~:text=less%20commonly%20F10.-,Turn%20ON%20the%20System.,and%20press%20the%20Enter%20key",
                "fallback": "The Windows Club: How to enable or disable Hardware Virtualization in Windows 11\/10",
                "text": "In this post we show you how to enable or disable Hardware Virtualization in Windows 11\/10, via the BIOS settings on PCs of various makes.",
                "title": "How to enable or disable Hardware Virtualization in Windows 11\/10",
                "title_link": "https:\/\/www.thewindowsclub.com\/disable-hardware-virtualization-in-windows-10#:~:text=less%20commonly%20F10.-,Turn%20ON%20the%20System.,and%20press%20the%20Enter%20key",
                "service_name": "The Windows Club"
            }
        ]
    },
    {
        "client_msg_id": "23918d34-9142-499c-bb31-0c656d296902",
        "type": "message",
        "text": "That is how to turn on virtualization in 10 but be careful",
        "user": "U042R51RY2C",
        "ts": "1663857138.596989",
        "blocks": [
            {
                "type": "rich_text",
                "block_id": "EEsG",
                "elements": [
                    {
                        "type": "rich_text_section",
                        "elements": [
                            {
                                "type": "text",
                                "text": "That is how to turn on virtualization in 10 but be careful"
                            }
                        ]
                    }
                ]
            }
        ],
        "team": "T042E1514F3",
        "user_team": "T042E1514F3",
        "source_team": "T042E1514F3",
        "user_profile": {
            "avatar_hash": "g24c32288d4d",
            "image_72": "https:\/\/secure.gravatar.com\/avatar\/24c32288d4dbbf5694cc5c9609ec1853.jpg?s=72&d=https%3A%2F%2Fa.slack-edge.com%2Fdf10d%2Fimg%2Favatars%2Fava_0017-72.png",
            "first_name": "Tristan",
            "real_name": "Tristan Ribble",
            "display_name": "",
            "team": "T042E1514F3",
            "name": "tmribble07",
            "is_restricted": false,
            "is_ultra_restricted": false
        }
    },
    {
        "client_msg_id": "ec0dbca1-ff7e-4325-bdbe-511a69debbed",
        "type": "message",
        "text": "You can mess with a lot of bad stuff in the bios",
        "user": "U042R51RY2C",
        "ts": "1663857175.791879",
        "blocks": [
            {
                "type": "rich_text",
                "block_id": "UDZ4",
                "elements": [
                    {
                        "type": "rich_text_section",
                        "elements": [
                            {
                                "type": "text",
                                "text": "You can mess with a lot of bad stuff in the bios"
                            }
                        ]
                    }
                ]
            }
        ],
        "team": "T042E1514F3",
        "user_team": "T042E1514F3",
        "source_team": "T042E1514F3",
        "user_profile": {
            "avatar_hash": "g24c32288d4d",
            "image_72": "https:\/\/secure.gravatar.com\/avatar\/24c32288d4dbbf5694cc5c9609ec1853.jpg?s=72&d=https%3A%2F%2Fa.slack-edge.com%2Fdf10d%2Fimg%2Favatars%2Fava_0017-72.png",
            "first_name": "Tristan",
            "real_name": "Tristan Ribble",
            "display_name": "",
            "team": "T042E1514F3",
            "name": "tmribble07",
            "is_restricted": false,
            "is_ultra_restricted": false
        }
    },
    {
        "client_msg_id": "8d497387-b22e-4fda-94bb-2512479dd337",
        "type": "message",
        "text": "I don't think I'll have time to do this. Tonight?",
        "user": "U042U2F450R",
        "ts": "1663857188.375489",
        "blocks": [
            {
                "type": "rich_text",
                "block_id": "fKR",
                "elements": [
                    {
                        "type": "rich_text_section",
                        "elements": [
                            {
                                "type": "text",
                                "text": "I don't think I'll have time to do this. Tonight?"
                            }
                        ]
                    }
                ]
            }
        ],
        "team": "T042E1514F3",
        "user_team": "T042E1514F3",
        "source_team": "T042E1514F3",
        "user_profile": {
            "avatar_hash": "gff8e94624db",
            "image_72": "https:\/\/secure.gravatar.com\/avatar\/ff8e94624db08a84843122675f06ea92.jpg?s=72&d=https%3A%2F%2Fa.slack-edge.com%2Fdf10d%2Fimg%2Favatars%2Fava_0004-72.png",
            "first_name": "Anna",
            "real_name": "Anna",
            "display_name": "Anna",
            "team": "T042E1514F3",
            "name": "annam45",
            "is_restricted": false,
            "is_ultra_restricted": false
        }
    },
    {
        "type": "message",
        "text": "I think it should be tonight, especially if it's the BIOS\/UEFI. I have 38 cents (don't want to be a bad example and gamble too much here) that says this is either related to BIOS\/UEFI settings or to something called Hypervisor being enabled. I can tell you how to check the second one if you want, but I think it's fine to leave it until tonight.\n\nTo check it, you're going to run a single command using a command-line tool called PowerShell. Also, PowerShell has to be run with elevated privileges. Doing this is pretty easy. Just click the Start button, type PowerShell, and when it shows up, either click the option on the right that I circled in red or (if that doesn't appear for some reason) right-click the *Windows PowerShell* menu item and choose the option I've circled in blue.",
        "files": [
            {
                "id": "F043HFC15M0",
                "created": 1663859962,
                "timestamp": 1663859962,
                "name": "image.png",
                "title": "image.png",
                "mimetype": "image\/png",
                "filetype": "png",
                "pretty_type": "PNG",
                "user": "U042R3B76SC",
                "user_team": "T042E1514F3",
                "editable": false,
                "size": 1203260,
                "mode": "hosted",
                "is_external": false,
                "external_type": "",
                "is_public": true,
                "public_url_shared": false,
                "display_as_bot": false,
                "username": "",
                "url_private": "https:\/\/files.slack.com\/files-pri\/T042E1514F3-F043HFC15M0\/image.png?t=xoxe-4082039038513-5909763746612-5907217023875-336a8277661c30aa211f6bb0466e7c24",
                "url_private_download": "https:\/\/files.slack.com\/files-pri\/T042E1514F3-F043HFC15M0\/download\/image.png?t=xoxe-4082039038513-5909763746612-5907217023875-336a8277661c30aa211f6bb0466e7c24",
                "media_display_type": "unknown",
                "thumb_64": "https:\/\/files.slack.com\/files-tmb\/T042E1514F3-F043HFC15M0-5197cbc6f0\/image_64.png?t=xoxe-4082039038513-5909763746612-5907217023875-336a8277661c30aa211f6bb0466e7c24",
                "thumb_80": "https:\/\/files.slack.com\/files-tmb\/T042E1514F3-F043HFC15M0-5197cbc6f0\/image_80.png?t=xoxe-4082039038513-5909763746612-5907217023875-336a8277661c30aa211f6bb0466e7c24",
                "thumb_360": "https:\/\/files.slack.com\/files-tmb\/T042E1514F3-F043HFC15M0-5197cbc6f0\/image_360.png?t=xoxe-4082039038513-5909763746612-5907217023875-336a8277661c30aa211f6bb0466e7c24",
                "thumb_360_w": 360,
                "thumb_360_h": 297,
                "thumb_480": "https:\/\/files.slack.com\/files-tmb\/T042E1514F3-F043HFC15M0-5197cbc6f0\/image_480.png?t=xoxe-4082039038513-5909763746612-5907217023875-336a8277661c30aa211f6bb0466e7c24",
                "thumb_480_w": 480,
                "thumb_480_h": 395,
                "thumb_160": "https:\/\/files.slack.com\/files-tmb\/T042E1514F3-F043HFC15M0-5197cbc6f0\/image_160.png?t=xoxe-4082039038513-5909763746612-5907217023875-336a8277661c30aa211f6bb0466e7c24",
                "thumb_720": "https:\/\/files.slack.com\/files-tmb\/T042E1514F3-F043HFC15M0-5197cbc6f0\/image_720.png?t=xoxe-4082039038513-5909763746612-5907217023875-336a8277661c30aa211f6bb0466e7c24",
                "thumb_720_w": 720,
                "thumb_720_h": 593,
                "thumb_800": "https:\/\/files.slack.com\/files-tmb\/T042E1514F3-F043HFC15M0-5197cbc6f0\/image_800.png?t=xoxe-4082039038513-5909763746612-5907217023875-336a8277661c30aa211f6bb0466e7c24",
                "thumb_800_w": 800,
                "thumb_800_h": 659,
                "thumb_960": "https:\/\/files.slack.com\/files-tmb\/T042E1514F3-F043HFC15M0-5197cbc6f0\/image_960.png?t=xoxe-4082039038513-5909763746612-5907217023875-336a8277661c30aa211f6bb0466e7c24",
                "thumb_960_w": 960,
                "thumb_960_h": 791,
                "thumb_1024": "https:\/\/files.slack.com\/files-tmb\/T042E1514F3-F043HFC15M0-5197cbc6f0\/image_1024.png?t=xoxe-4082039038513-5909763746612-5907217023875-336a8277661c30aa211f6bb0466e7c24",
                "thumb_1024_w": 1024,
                "thumb_1024_h": 844,
                "original_w": 1668,
                "original_h": 1374,
                "thumb_tiny": "AwAnADCiq55o2\/5xT0OFwMdacG9f0oAbs4zuYfSk2j++351IzDBAFRUALtH99vzpdoz\/AKxvzpS2UC5GB7UwdRQARt8uafuFRxfd\/wDr1Ic+350AIWGD60mRSN0NMyaAHFsGgPzTc8dBSUAW7a0eSLcHUDPvU39nSHnen61NY\/8AHv8A8C\/oKtjoKAMuaxeOJnLJgDtmqixljgEVs3n\/AB6yfSsqH7\/+fWgBnlNzyOKbsPqKn7N9D\/KmUxM\/\/9k=",
                "permalink": "https:\/\/cyberdefense2022-2023.slack.com\/files\/U042R3B76SC\/F043HFC15M0\/image.png",
                "permalink_public": "https:\/\/slack-files.com\/T042E1514F3-F043HFC15M0-def7ce54ee",
                "is_starred": false,
                "has_rich_preview": false,
                "file_access": "visible"
            }
        ],
        "upload": false,
        "user": "U042R3B76SC",
        "display_as_bot": false,
        "ts": "1663860058.142139",
        "blocks": [
            {
                "type": "rich_text",
                "block_id": "5x8",
                "elements": [
                    {
                        "type": "rich_text_section",
                        "elements": [
                            {
                                "type": "text",
                                "text": "I think it should be tonight, especially if it's the BIOS\/UEFI. I have 38 cents (don't want to be a bad example and gamble too much here) that says this is either related to BIOS\/UEFI settings or to something called Hypervisor being enabled. I can tell you how to check the second one if you want, but I think it's fine to leave it until tonight.\n\nTo check it, you're going to run a single command using a command-line tool called PowerShell. Also, PowerShell has to be run with elevated privileges. Doing this is pretty easy. Just click the Start button, type PowerShell, and when it shows up, either click the option on the right that I circled in red or (if that doesn't appear for some reason) right-click the "
                            },
                            {
                                "type": "text",
                                "text": "Windows PowerShell ",
                                "style": {
                                    "bold": true
                                }
                            },
                            {
                                "type": "text",
                                "text": "menu item and choose the option I've circled in blue."
                            }
                        ]
                    }
                ]
            }
        ],
        "edited": {
            "user": "U042R3B76SC",
            "ts": "1663860799.000000"
        },
        "client_msg_id": "1c879ed5-cc7c-4139-b49e-7197f0f3f083"
    },
    {
        "client_msg_id": "3b682646-b9c8-4f3d-b3ca-5902f30639dc",
        "type": "message",
        "text": "Oops! I almost forgot: at this point, make sure VirtualBox is shut off. The world won't come to an end if you don't, as far as I know, but I'd rather have it shut off.\n\nAnyway, once PowerShell is running, type this command in the PowerShell window:\n```Get-WindowsOptionalFeature -Online -FeatureName HypervisorPlatform```\nAssuming the command runs the output should look something like this:\n```Windows PowerShell\nCopyright (C) Microsoft Corporation. All rights reserved.\n\nInstall the latest PowerShell for new features and improvements! <https:\/\/aka.ms\/PSWindows>\n\nPS C:\\Users\\chris&gt; Get-WindowsOptionalFeature -Online -FeatureName HypervisorPlatform\n\n\nFeatureName      : HypervisorPlatform\nDisplayName      : Windows Hypervisor Platform\nDescription      : Enables virtualization software to run on the Windows hypervisor\nRestartRequired  : Possible\nState            : Disabled\nCustomProperties :```\nIf it says that the `State` is Disabled, then that's how we want it. In that case, you don't need to do any of the following, and the solution will probably be in the BIOS\/UEFI settings.\n\nIf it's enabled, you can wait until tonight and we can walk you through fixing it. But if you want to change it now, you can run the following command.\n```Disable-WindowsOptionalFeature -Online -FeatureName HypervisorPlatform```\nThe output will look something like this, but yours might say you need to restart your laptop.\n```PS C:\\Users\\chris&gt; Disable-WindowsOptionalFeature -Online -FeatureName HypervisorPlatform\n\nPath          :\nOnline        : True\nRestartNeeded : False```\nOnce all of this is done, try restarting VirtualBox and see if anything changed.",
        "user": "U042R3B76SC",
        "ts": "1663860772.156329",
        "blocks": [
            {
                "type": "rich_text",
                "block_id": "mmzK",
                "elements": [
                    {
                        "type": "rich_text_section",
                        "elements": [
                            {
                                "type": "text",
                                "text": "Oops! I almost forgot: at this point, make sure VirtualBox is shut off. The world won't come to an end if you don't, as far as I know, but I'd rather have it shut off.\n\nAnyway, once PowerShell is running, type this command in the PowerShell window:\n"
                            }
                        ]
                    },
                    {
                        "type": "rich_text_preformatted",
                        "elements": [
                            {
                                "type": "text",
                                "text": "Get-WindowsOptionalFeature -Online -FeatureName HypervisorPlatform"
                            }
                        ],
                        "border": 0
                    },
                    {
                        "type": "rich_text_section",
                        "elements": [
                            {
                                "type": "text",
                                "text": "\nAssuming the command runs the output should look something like this:\n"
                            }
                        ]
                    },
                    {
                        "type": "rich_text_preformatted",
                        "elements": [
                            {
                                "type": "text",
                                "text": "Windows PowerShell\nCopyright (C) Microsoft Corporation. All rights reserved.\n\nInstall the latest PowerShell for new features and improvements! "
                            },
                            {
                                "type": "link",
                                "url": "https:\/\/aka.ms\/PSWindows"
                            },
                            {
                                "type": "text",
                                "text": "\n\nPS C:\\Users\\chris> Get-WindowsOptionalFeature -Online -FeatureName HypervisorPlatform\n\n\nFeatureName      : HypervisorPlatform\nDisplayName      : Windows Hypervisor Platform\nDescription      : Enables virtualization software to run on the Windows hypervisor\nRestartRequired  : Possible\nState            : Disabled\nCustomProperties :"
                            }
                        ],
                        "border": 0
                    },
                    {
                        "type": "rich_text_section",
                        "elements": [
                            {
                                "type": "text",
                                "text": "\nIf it says that the "
                            },
                            {
                                "type": "text",
                                "text": "State ",
                                "style": {
                                    "code": true
                                }
                            },
                            {
                                "type": "text",
                                "text": "is Disabled, then that's how we want it. In that case, you don't need to do any of the following, and the solution will probably be in the BIOS\/UEFI settings.\n\nIf it's enabled, you can wait until tonight and we can walk you through fixing it. But if you want to change it now, you can run the following command.\n"
                            }
                        ]
                    },
                    {
                        "type": "rich_text_preformatted",
                        "elements": [
                            {
                                "type": "text",
                                "text": "Disable-WindowsOptionalFeature -Online -FeatureName HypervisorPlatform"
                            }
                        ],
                        "border": 0
                    },
                    {
                        "type": "rich_text_section",
                        "elements": [
                            {
                                "type": "text",
                                "text": "\nThe output will look something like this, but yours might say you need to restart your laptop.\n"
                            }
                        ]
                    },
                    {
                        "type": "rich_text_preformatted",
                        "elements": [
                            {
                                "type": "text",
                                "text": "PS C:\\Users\\chris> Disable-WindowsOptionalFeature -Online -FeatureName HypervisorPlatform\n\nPath          :\nOnline        : True\nRestartNeeded : False"
                            }
                        ],
                        "border": 0
                    },
                    {
                        "type": "rich_text_section",
                        "elements": [
                            {
                                "type": "text",
                                "text": "\nOnce all of this is done, try restarting VirtualBox and see if anything changed."
                            }
                        ]
                    }
                ]
            }
        ],
        "team": "T042E1514F3",
        "user_team": "T042E1514F3",
        "source_team": "T042E1514F3",
        "user_profile": {
            "avatar_hash": "g6730f37144b",
            "image_72": "https:\/\/secure.gravatar.com\/avatar\/6730f37144bd6ae505b97012a7f22a66.jpg?s=72&d=https%3A%2F%2Fa.slack-edge.com%2Fdf10d%2Fimg%2Favatars%2Fava_0006-72.png",
            "first_name": "chris",
            "real_name": "chris",
            "display_name": "",
            "team": "T042E1514F3",
            "name": "chris",
            "is_restricted": false,
            "is_ultra_restricted": false
        }
    },
    {
        "client_msg_id": "27d011a9-d6e3-44df-8989-886d9a631b3b",
        "type": "message",
        "text": "I want to make sure to give a shout-out to <@U042R51RY2C> for doing exactly what a great teammate does! Thanks for jumping in to help Anna out. This is exactly how a team becomes a great team.",
        "user": "U042R3B76SC",
        "ts": "1663860894.041669",
        "blocks": [
            {
                "type": "rich_text",
                "block_id": "+GOv",
                "elements": [
                    {
                        "type": "rich_text_section",
                        "elements": [
                            {
                                "type": "text",
                                "text": "I want to make sure to give a shout-out to "
                            },
                            {
                                "type": "user",
                                "user_id": "U042R51RY2C"
                            },
                            {
                                "type": "text",
                                "text": " for doing exactly what a great teammate does! Thanks for jumping in to help Anna out. This is exactly how a team becomes a great team."
                            }
                        ]
                    }
                ]
            }
        ],
        "team": "T042E1514F3",
        "user_team": "T042E1514F3",
        "source_team": "T042E1514F3",
        "user_profile": {
            "avatar_hash": "g6730f37144b",
            "image_72": "https:\/\/secure.gravatar.com\/avatar\/6730f37144bd6ae505b97012a7f22a66.jpg?s=72&d=https%3A%2F%2Fa.slack-edge.com%2Fdf10d%2Fimg%2Favatars%2Fava_0006-72.png",
            "first_name": "chris",
            "real_name": "chris",
            "display_name": "",
            "team": "T042E1514F3",
            "name": "chris",
            "is_restricted": false,
            "is_ultra_restricted": false
        }
    },
    {
        "client_msg_id": "0a816c09-78cd-4512-be66-d15dfbe24c90",
        "type": "message",
        "text": "I see it now. :slightly_smiling_face:",
        "user": "U042R3B76SC",
        "ts": "1663874332.466249",
        "blocks": [
            {
                "type": "rich_text",
                "block_id": "Yc++\/",
                "elements": [
                    {
                        "type": "rich_text_section",
                        "elements": [
                            {
                                "type": "text",
                                "text": "I see it now. "
                            },
                            {
                                "type": "emoji",
                                "name": "slightly_smiling_face",
                                "unicode": "1f642"
                            }
                        ]
                    }
                ]
            }
        ],
        "team": "T042E1514F3",
        "user_team": "T042E1514F3",
        "source_team": "T042E1514F3",
        "user_profile": {
            "avatar_hash": "g6730f37144b",
            "image_72": "https:\/\/secure.gravatar.com\/avatar\/6730f37144bd6ae505b97012a7f22a66.jpg?s=72&d=https%3A%2F%2Fa.slack-edge.com%2Fdf10d%2Fimg%2Favatars%2Fava_0006-72.png",
            "first_name": "chris",
            "real_name": "chris",
            "display_name": "",
            "team": "T042E1514F3",
            "name": "chris",
            "is_restricted": false,
            "is_ultra_restricted": false
        },
        "thread_ts": "1663820573.711199",
        "parent_user_id": "U042U2F450R"
    },
    {
        "type": "message",
        "subtype": "channel_join",
        "ts": "1663892499.824799",
        "user": "U0421AQBX8B",
        "text": "<@U0421AQBX8B> has joined the channel"
    },
    {
        "client_msg_id": "7cc0a2d4-7c35-4326-b030-e678234cb09b",
        "type": "message",
        "text": "Ubuntu install complete.",
        "user": "U042U2F450R",
        "ts": "1663901771.511849",
        "blocks": [
            {
                "type": "rich_text",
                "block_id": "DLnd",
                "elements": [
                    {
                        "type": "rich_text_section",
                        "elements": [
                            {
                                "type": "text",
                                "text": "Ubuntu install complete."
                            }
                        ]
                    }
                ]
            }
        ],
        "team": "T042E1514F3",
        "user_team": "T042E1514F3",
        "source_team": "T042E1514F3",
        "user_profile": {
            "avatar_hash": "gff8e94624db",
            "image_72": "https:\/\/secure.gravatar.com\/avatar\/ff8e94624db08a84843122675f06ea92.jpg?s=72&d=https%3A%2F%2Fa.slack-edge.com%2Fdf10d%2Fimg%2Favatars%2Fava_0004-72.png",
            "first_name": "Anna",
            "real_name": "Anna",
            "display_name": "Anna",
            "team": "T042E1514F3",
            "name": "annam45",
            "is_restricted": false,
            "is_ultra_restricted": false
        }
    },
    {
        "bot_id": "B043Z063LAV",
        "type": "message",
        "text": "party!",
        "user": "U042R3B76SC",
        "ts": "1663902342.889919",
        "blocks": [
            {
                "type": "image",
                "block_id": "rIe",
                "image_url": "https:\/\/media0.giphy.com\/media\/kyLYXonQYYfwYDIeZl\/giphy.gif?cid=6104955e4whl24wq7xdcqdmwf0xxqpv9t10j1r19ft2ffi2g&rid=giphy.gif&ct=g",
                "alt_text": "party!",
                "title": {
                    "type": "plain_text",
                    "text": "party!",
                    "emoji": true
                },
                "image_width": 600,
                "image_height": 450,
                "image_bytes": 866615,
                "is_animated": true,
                "fallback": "600x450px image"
            },
            {
                "type": "context",
                "block_id": "iyF6",
                "elements": [
                    {
                        "type": "image",
                        "image_url": "https:\/\/a.slack-edge.com\/dc483\/img\/plugins\/giphy\/service_32.png",
                        "alt_text": "giphy logo"
                    },
                    {
                        "type": "mrkdwn",
                        "text": "Posted using \/giphy | GIF by <https:\/\/giphy.com\/sesamestreet\/|Sesame Street>",
                        "verbatim": false
                    }
                ]
            }
        ],
        "team": "T042E1514F3",
        "bot_profile": {
            "id": "B043Z063LAV",
            "app_id": "A0F827J2C",
            "name": "giphy",
            "icons": {
                "image_36": "https:\/\/a.slack-edge.com\/dc483\/img\/plugins\/giphy\/service_72.png",
                "image_48": "https:\/\/a.slack-edge.com\/dc483\/img\/plugins\/giphy\/service_48.png",
                "image_72": "https:\/\/a.slack-edge.com\/dc483\/img\/plugins\/giphy\/service_72.png"
            },
            "deleted": false,
            "updated": 1663902197,
            "team_id": "T042E1514F3"
        }
    }
]