[
    {
        "client_msg_id": "c9f8900f-639d-4022-925f-c23b1d50eb66",
        "type": "message",
        "text": "We have more to do tonight than we will be able to, so that's par for the course. Let's try to start as close to 7:10 as we can. I already have your guest info entered into our system!\n\n1. Team goals\/what we want to focus on.\n2. Review that <https:\/\/haeleon.glitch.me\/cyber.html|HTTPS Anomalies> page (why do they call them _HTTPS_ Anomalies?). \n    a. Also, grr at you, <@U041LSQC38X>. I think you said something about not being able to get all of them on one try last week, so I thought I'd see if I could. I \"took the bait,\" so to speak, on the fish picture, even though I knew full well that it was going to be wrong. Grr.\n    b. As part of the steganography discussion, I'll show you how to do an easy one manually. They aren't all easy, and even the word \"easy\" in the phrase \"easy steganographic puzzle\" is significantly from the word \"easy\" in the phrase \"as easy as being taxed by the IRS.\"\n    c. We should also look at the Linux utilities `file` and `binwalk`. \n3. Look at how to use `Hack This Site` so you can try its exercises too. They are interesting and have a pretty different vibe from `Hack the Box`. In particular, they try to look scary and don't go out of their way to be nice to you. :slightly_smiling_face: This site requires no setup - you can just log in and start using it.\n4. Look at how to set up `Hack the Box` so you can use its labs. They are also very instructive.\n5. There is also a site called `TryHackMe`. I don't know how much about it, but its exercises are the easiest by a good margin. I don't think you will need any help getting set up with this site if you want to use it, as it's very straightforward, but if you want to look at it and have issues, just let me know.\nOf course, if the outcome of the discussion in Step #1 includes not wanting to do any of the above, I'm ready to discuss other things. :checkered_flag:",
        "user": "U042R3B76SC",
        "ts": "1666912842.602099",
        "blocks": [
            {
                "type": "rich_text",
                "block_id": "w\/eF",
                "elements": [
                    {
                        "type": "rich_text_section",
                        "elements": [
                            {
                                "type": "text",
                                "text": "We have more to do tonight than we will be able to, so that's par for the course. Let's try to start as close to 7:10 as we can. I already have your guest info entered into our system!\n\n"
                            }
                        ]
                    },
                    {
                        "type": "rich_text_list",
                        "elements": [
                            {
                                "type": "rich_text_section",
                                "elements": [
                                    {
                                        "type": "text",
                                        "text": "Team goals\/what we want to focus on."
                                    }
                                ]
                            },
                            {
                                "type": "rich_text_section",
                                "elements": [
                                    {
                                        "type": "text",
                                        "text": "Review that "
                                    },
                                    {
                                        "type": "link",
                                        "url": "https:\/\/haeleon.glitch.me\/cyber.html",
                                        "text": "HTTPS Anomalies"
                                    },
                                    {
                                        "type": "text",
                                        "text": " page (why do they call them "
                                    },
                                    {
                                        "type": "text",
                                        "text": "HTTPS ",
                                        "style": {
                                            "italic": true
                                        }
                                    },
                                    {
                                        "type": "text",
                                        "text": "Anomalies?). "
                                    }
                                ]
                            }
                        ],
                        "style": "ordered",
                        "indent": 0,
                        "border": 0
                    },
                    {
                        "type": "rich_text_list",
                        "elements": [
                            {
                                "type": "rich_text_section",
                                "elements": [
                                    {
                                        "type": "text",
                                        "text": "Also, grr at you, "
                                    },
                                    {
                                        "type": "user",
                                        "user_id": "U041LSQC38X"
                                    },
                                    {
                                        "type": "text",
                                        "text": ". I think you said something about not being able to get all of them on one try last week, so I thought I'd see if I could. I \"took the bait,\" so to speak, on the fish picture, even though I knew full well that it was going to be wrong. Grr."
                                    }
                                ]
                            },
                            {
                                "type": "rich_text_section",
                                "elements": [
                                    {
                                        "type": "text",
                                        "text": "As part of the steganography discussion, I'll show you how to do an easy one manually. They aren't all easy, and even the word \"easy\" in the phrase \"easy steganographic puzzle\" is significantly from the word \"easy\" in the phrase \"as easy as being taxed by the IRS.\""
                                    }
                                ]
                            },
                            {
                                "type": "rich_text_section",
                                "elements": [
                                    {
                                        "type": "text",
                                        "text": "We should also look at the Linux utilities "
                                    },
                                    {
                                        "type": "text",
                                        "text": "file",
                                        "style": {
                                            "code": true
                                        }
                                    },
                                    {
                                        "type": "text",
                                        "text": " and "
                                    },
                                    {
                                        "type": "text",
                                        "text": "binwalk",
                                        "style": {
                                            "code": true
                                        }
                                    },
                                    {
                                        "type": "text",
                                        "text": ". "
                                    }
                                ]
                            }
                        ],
                        "style": "ordered",
                        "indent": 1,
                        "border": 0
                    },
                    {
                        "type": "rich_text_list",
                        "elements": [
                            {
                                "type": "rich_text_section",
                                "elements": [
                                    {
                                        "type": "text",
                                        "text": "Look at how to use "
                                    },
                                    {
                                        "type": "text",
                                        "text": "Hack This Site",
                                        "style": {
                                            "code": true
                                        }
                                    },
                                    {
                                        "type": "text",
                                        "text": " so you can try its exercises too. They are interesting and have a pretty different vibe from "
                                    },
                                    {
                                        "type": "text",
                                        "text": "Hack the Box",
                                        "style": {
                                            "code": true
                                        }
                                    },
                                    {
                                        "type": "text",
                                        "text": ". In particular, they try to look scary and don't go out of their way to be nice to you. "
                                    },
                                    {
                                        "type": "emoji",
                                        "name": "slightly_smiling_face",
                                        "unicode": "1f642"
                                    },
                                    {
                                        "type": "text",
                                        "text": " This site requires no setup - you can just log in and start using it."
                                    }
                                ]
                            },
                            {
                                "type": "rich_text_section",
                                "elements": [
                                    {
                                        "type": "text",
                                        "text": "Look at how to set up "
                                    },
                                    {
                                        "type": "text",
                                        "text": "Hack the Box",
                                        "style": {
                                            "code": true
                                        }
                                    },
                                    {
                                        "type": "text",
                                        "text": " so you can use its labs. They are also very instructive."
                                    }
                                ]
                            },
                            {
                                "type": "rich_text_section",
                                "elements": [
                                    {
                                        "type": "text",
                                        "text": "There is also a site called "
                                    },
                                    {
                                        "type": "text",
                                        "text": "TryHackMe",
                                        "style": {
                                            "code": true
                                        }
                                    },
                                    {
                                        "type": "text",
                                        "text": ". I don't know how much about it, but its exercises are the easiest by a good margin. I don't think you will need any help getting set up with this site if you want to use it, as it's very straightforward, but if you want to look at it and have issues, just let me know."
                                    }
                                ]
                            }
                        ],
                        "style": "ordered",
                        "indent": 0,
                        "offset": 2,
                        "border": 0
                    },
                    {
                        "type": "rich_text_section",
                        "elements": [
                            {
                                "type": "text",
                                "text": "\nOf course, if the outcome of the discussion in Step #1 includes not wanting to do any of the above, I'm ready to discuss other things. "
                            },
                            {
                                "type": "emoji",
                                "name": "checkered_flag",
                                "unicode": "1f3c1"
                            }
                        ]
                    }
                ]
            }
        ],
        "team": "T042E1514F3",
        "user_team": "T042E1514F3",
        "source_team": "T042E1514F3",
        "user_profile": {
            "avatar_hash": "g6730f37144b",
            "image_72": "https:\/\/secure.gravatar.com\/avatar\/6730f37144bd6ae505b97012a7f22a66.jpg?s=72&d=https%3A%2F%2Fa.slack-edge.com%2Fdf10d%2Fimg%2Favatars%2Fava_0006-72.png",
            "first_name": "chris",
            "real_name": "chris",
            "display_name": "",
            "team": "T042E1514F3",
            "name": "chris",
            "is_restricted": false,
            "is_ultra_restricted": false
        }
    },
    {
        "client_msg_id": "55a4868f-718e-472b-a2ce-74bebd266199",
        "type": "message",
        "text": "`sudo apt update; sudo apt install binwalk`",
        "user": "U042R3B76SC",
        "ts": "1666919211.348719",
        "blocks": [
            {
                "type": "rich_text",
                "block_id": "0DZ58",
                "elements": [
                    {
                        "type": "rich_text_section",
                        "elements": [
                            {
                                "type": "text",
                                "text": "sudo apt update; sudo apt install binwalk",
                                "style": {
                                    "code": true
                                }
                            }
                        ]
                    }
                ]
            }
        ],
        "team": "T042E1514F3",
        "user_team": "T042E1514F3",
        "source_team": "T042E1514F3",
        "user_profile": {
            "avatar_hash": "g6730f37144b",
            "image_72": "https:\/\/secure.gravatar.com\/avatar\/6730f37144bd6ae505b97012a7f22a66.jpg?s=72&d=https%3A%2F%2Fa.slack-edge.com%2Fdf10d%2Fimg%2Favatars%2Fava_0006-72.png",
            "first_name": "chris",
            "real_name": "chris",
            "display_name": "",
            "team": "T042E1514F3",
            "name": "chris",
            "is_restricted": false,
            "is_ultra_restricted": false
        }
    }
]