[
    {
        "client_msg_id": "8b3ce5e6-358e-40c9-9b34-2ed99945c4fc",
        "type": "message",
        "text": "Your esoteric-language program to win a free tech site membership for a year! I thought you might try Chef.",
        "user": "U042R3B76SC",
        "ts": "1670522466.723959",
        "blocks": [
            {
                "type": "rich_text",
                "block_id": "jSFS",
                "elements": [
                    {
                        "type": "rich_text_section",
                        "elements": [
                            {
                                "type": "text",
                                "text": "Your esoteric-language program to win a free tech site membership for a year! I thought you might try Chef."
                            }
                        ]
                    }
                ]
            }
        ],
        "team": "T042E1514F3",
        "user_team": "T042E1514F3",
        "source_team": "T042E1514F3",
        "user_profile": {
            "avatar_hash": "g6730f37144b",
            "image_72": "https:\/\/secure.gravatar.com\/avatar\/6730f37144bd6ae505b97012a7f22a66.jpg?s=72&d=https%3A%2F%2Fa.slack-edge.com%2Fdf10d%2Fimg%2Favatars%2Fava_0006-72.png",
            "first_name": "chris",
            "real_name": "chris",
            "display_name": "",
            "team": "T042E1514F3",
            "name": "chris",
            "is_restricted": false,
            "is_ultra_restricted": false
        }
    },
    {
        "client_msg_id": "194f3044-aada-4286-98da-8b23127f4f6e",
        "type": "message",
        "text": "I was actually going to use befunge, but I'm a bit busy with finals right now.",
        "user": "U041LSQC38X",
        "ts": "1670534099.749069",
        "blocks": [
            {
                "type": "rich_text",
                "block_id": "r3oH",
                "elements": [
                    {
                        "type": "rich_text_section",
                        "elements": [
                            {
                                "type": "text",
                                "text": "I was actually going to use befunge, but I'm a bit busy with finals right now."
                            }
                        ]
                    }
                ]
            }
        ],
        "team": "T042E1514F3",
        "user_team": "T042E1514F3",
        "source_team": "T042E1514F3",
        "user_profile": {
            "avatar_hash": "g60b962e7353",
            "image_72": "https:\/\/secure.gravatar.com\/avatar\/60b962e73536af1009870d33a2ba0516.jpg?s=72&d=https%3A%2F%2Fa.slack-edge.com%2Fdf10d%2Fimg%2Favatars%2Fava_0012-72.png",
            "first_name": "Michael",
            "real_name": "Michael Tice",
            "display_name": "Michael Tice",
            "team": "T042E1514F3",
            "name": "michael.tice",
            "is_restricted": false,
            "is_ultra_restricted": false
        }
    }
]