[
    {
        "client_msg_id": "0295b0e9-fe4a-4782-a664-3dc65d20a055",
        "type": "message",
        "text": "<@U042R3B76SC> are we meeting tomorrow?",
        "user": "U042U2F450R",
        "ts": "1683305728.499939",
        "blocks": [
            {
                "type": "rich_text",
                "block_id": "7b8oL",
                "elements": [
                    {
                        "type": "rich_text_section",
                        "elements": [
                            {
                                "type": "user",
                                "user_id": "U042R3B76SC"
                            },
                            {
                                "type": "text",
                                "text": " are we meeting tomorrow?"
                            }
                        ]
                    }
                ]
            }
        ],
        "team": "T042E1514F3",
        "user_team": "T042E1514F3",
        "source_team": "T042E1514F3",
        "user_profile": {
            "avatar_hash": "gff8e94624db",
            "image_72": "https:\/\/secure.gravatar.com\/avatar\/ff8e94624db08a84843122675f06ea92.jpg?s=72&d=https%3A%2F%2Fa.slack-edge.com%2Fdf10d%2Fimg%2Favatars%2Fava_0004-72.png",
            "first_name": "Anna",
            "real_name": "Anna",
            "display_name": "Anna",
            "team": "T042E1514F3",
            "name": "annam45",
            "is_restricted": false,
            "is_ultra_restricted": false
        }
    },
    {
        "client_msg_id": "01337545-b3bc-436a-a682-39a2ffb94a70",
        "type": "message",
        "text": "There's nothing to do for the next CDC yet, so there's no need to meet. I am available if anyone wants to have a \"stump the chump\" session (I'm the chump) where we discuss anything at all that anybody wants to, and you see how many times you can stump me. It's not hard.\n\nBut no, nothing planned and unless someone wants to meet, not even any optional meeting.",
        "user": "U042R3B76SC",
        "ts": "1683305936.854799",
        "blocks": [
            {
                "type": "rich_text",
                "block_id": "XM8",
                "elements": [
                    {
                        "type": "rich_text_section",
                        "elements": [
                            {
                                "type": "text",
                                "text": "There's nothing to do for the next CDC yet, so there's no need to meet. I am available if anyone wants to have a \"stump the chump\" session (I'm the chump) where we discuss anything at all that anybody wants to, and you see how many times you can stump me. It's not hard.\n\nBut no, nothing planned and unless someone wants to meet, not even any optional meeting."
                            }
                        ]
                    }
                ]
            }
        ],
        "team": "T042E1514F3",
        "user_team": "T042E1514F3",
        "source_team": "T042E1514F3",
        "user_profile": {
            "avatar_hash": "g6730f37144b",
            "image_72": "https:\/\/secure.gravatar.com\/avatar\/6730f37144bd6ae505b97012a7f22a66.jpg?s=72&d=https%3A%2F%2Fa.slack-edge.com%2Fdf10d%2Fimg%2Favatars%2Fava_0006-72.png",
            "first_name": "chris",
            "real_name": "chris",
            "display_name": "",
            "team": "T042E1514F3",
            "name": "chris",
            "is_restricted": false,
            "is_ultra_restricted": false
        }
    },
    {
        "client_msg_id": "09186c5b-0ec4-42a1-8b4a-89625a5c3edb",
        "type": "message",
        "text": "But _does_ anybody want to meet? I might as well ask, right?",
        "user": "U042R3B76SC",
        "ts": "1683305952.235909",
        "blocks": [
            {
                "type": "rich_text",
                "block_id": "MMc",
                "elements": [
                    {
                        "type": "rich_text_section",
                        "elements": [
                            {
                                "type": "text",
                                "text": "But "
                            },
                            {
                                "type": "text",
                                "text": "does",
                                "style": {
                                    "italic": true
                                }
                            },
                            {
                                "type": "text",
                                "text": " anybody want to meet? I might as well ask, right?"
                            }
                        ]
                    }
                ]
            }
        ],
        "team": "T042E1514F3",
        "user_team": "T042E1514F3",
        "source_team": "T042E1514F3",
        "user_profile": {
            "avatar_hash": "g6730f37144b",
            "image_72": "https:\/\/secure.gravatar.com\/avatar\/6730f37144bd6ae505b97012a7f22a66.jpg?s=72&d=https%3A%2F%2Fa.slack-edge.com%2Fdf10d%2Fimg%2Favatars%2Fava_0006-72.png",
            "first_name": "chris",
            "real_name": "chris",
            "display_name": "",
            "team": "T042E1514F3",
            "name": "chris",
            "is_restricted": false,
            "is_ultra_restricted": false
        }
    },
    {
        "client_msg_id": "071846ea-79f0-4e79-9adf-c3884786bf5c",
        "type": "message",
        "text": "Considering that Saturdays are not preferable for me, I'll decline meeting since it's optional.",
        "user": "U042U2F450R",
        "ts": "1683306857.581509",
        "blocks": [
            {
                "type": "rich_text",
                "block_id": "MS+9H",
                "elements": [
                    {
                        "type": "rich_text_section",
                        "elements": [
                            {
                                "type": "text",
                                "text": "Considering that Saturdays are not preferable for me, I'll decline meeting since it's optional."
                            }
                        ]
                    }
                ]
            }
        ],
        "team": "T042E1514F3",
        "user_team": "T042E1514F3",
        "source_team": "T042E1514F3",
        "user_profile": {
            "avatar_hash": "gff8e94624db",
            "image_72": "https:\/\/secure.gravatar.com\/avatar\/ff8e94624db08a84843122675f06ea92.jpg?s=72&d=https%3A%2F%2Fa.slack-edge.com%2Fdf10d%2Fimg%2Favatars%2Fava_0004-72.png",
            "first_name": "Anna",
            "real_name": "Anna",
            "display_name": "Anna",
            "team": "T042E1514F3",
            "name": "annam45",
            "is_restricted": false,
            "is_ultra_restricted": false
        },
        "reactions": [
            {
                "name": "+1::skin-tone-2",
                "users": [
                    "U042R3B76SC"
                ],
                "count": 1
            }
        ]
    }
]