[
    {
        "client_msg_id": "199484e2-f97e-4e20-9356-79c5e5bffc88",
        "type": "message",
        "text": "*Homework:*\n1. Install Metasploitable into VirtualBox. See download link in <#C046GPWL1V0|resources>.\n    a. Pro tips: only allocate one processor; shut off APIC on the Motherboard tab.\n2. We want to be able to connect to it from Windows, so change its networking configuration from NAT to Bridged.\n3. Walk through everything on <https:\/\/docs.rapid7.com\/metasploit\/metasploitable-2-exploitability-guide|this page> and validate that it matches what's on your Metasploitable instance.\n",
        "user": "U042R3B76SC",
        "ts": "1691714542.394319",
        "blocks": [
            {
                "type": "rich_text",
                "block_id": "xgxTz",
                "elements": [
                    {
                        "type": "rich_text_section",
                        "elements": [
                            {
                                "type": "text",
                                "text": "Homework:",
                                "style": {
                                    "bold": true
                                }
                            },
                            {
                                "type": "text",
                                "text": "\n"
                            }
                        ]
                    },
                    {
                        "type": "rich_text_list",
                        "elements": [
                            {
                                "type": "rich_text_section",
                                "elements": [
                                    {
                                        "type": "text",
                                        "text": "Install Metasploitable into VirtualBox. See download link in "
                                    },
                                    {
                                        "type": "channel",
                                        "channel_id": "C046GPWL1V0"
                                    },
                                    {
                                        "type": "text",
                                        "text": "."
                                    }
                                ]
                            }
                        ],
                        "style": "ordered",
                        "indent": 0,
                        "border": 0
                    },
                    {
                        "type": "rich_text_list",
                        "elements": [
                            {
                                "type": "rich_text_section",
                                "elements": [
                                    {
                                        "type": "text",
                                        "text": "Pro tips: only allocate one processor; shut off APIC on the Motherboard tab."
                                    }
                                ]
                            }
                        ],
                        "style": "ordered",
                        "indent": 1,
                        "border": 0
                    },
                    {
                        "type": "rich_text_list",
                        "elements": [
                            {
                                "type": "rich_text_section",
                                "elements": [
                                    {
                                        "type": "text",
                                        "text": "We want to be able to connect to it from Windows, so change its networking configuration from NAT to Bridged."
                                    }
                                ]
                            },
                            {
                                "type": "rich_text_section",
                                "elements": [
                                    {
                                        "type": "text",
                                        "text": "Walk through everything on "
                                    },
                                    {
                                        "type": "link",
                                        "url": "https:\/\/docs.rapid7.com\/metasploit\/metasploitable-2-exploitability-guide",
                                        "text": "this page"
                                    },
                                    {
                                        "type": "text",
                                        "text": " and validate that it matches what's on your Metasploitable instance."
                                    }
                                ]
                            }
                        ],
                        "style": "ordered",
                        "indent": 0,
                        "offset": 1,
                        "border": 0
                    },
                    {
                        "type": "rich_text_section",
                        "elements": []
                    }
                ]
            }
        ],
        "team": "T042E1514F3",
        "user_team": "T042E1514F3",
        "source_team": "T042E1514F3",
        "user_profile": {
            "avatar_hash": "g6730f37144b",
            "image_72": "https:\/\/secure.gravatar.com\/avatar\/6730f37144bd6ae505b97012a7f22a66.jpg?s=72&d=https%3A%2F%2Fa.slack-edge.com%2Fdf10d%2Fimg%2Favatars%2Fava_0006-72.png",
            "first_name": "chris",
            "real_name": "chris",
            "display_name": "",
            "team": "T042E1514F3",
            "name": "chris",
            "is_restricted": false,
            "is_ultra_restricted": false
        }
    },
    {
        "type": "message",
        "subtype": "bot_message",
        "text": "<https:\/\/cyberdefense2022-2023.slack.com\/archives\/C046GPWL1V0\/p1691712777019289>",
        "ts": "1691714587.968359",
        "username": "Reacji Channeler",
        "icons": {
            "emoji": "notebook"
        },
        "bot_id": "B05JK240CLU",
        "app_id": "A1BFDR28J",
        "blocks": [
            {
                "type": "rich_text",
                "block_id": "rVxXA",
                "elements": [
                    {
                        "type": "rich_text_section",
                        "elements": [
                            {
                                "type": "link",
                                "url": "https:\/\/cyberdefense2022-2023.slack.com\/archives\/C046GPWL1V0\/p1691712777019289"
                            }
                        ]
                    }
                ]
            }
        ],
        "attachments": [
            {
                "from_url": "https:\/\/cyberdefense2022-2023.slack.com\/archives\/C046GPWL1V0\/p1691712777019289",
                "ts": "1691712777.019289",
                "author_id": "U042R3B76SC",
                "channel_id": "C046GPWL1V0",
                "channel_team": "T042E1514F3",
                "is_msg_unfurl": true,
                "message_blocks": [
                    {
                        "team": "T042E1514F3",
                        "channel": "C046GPWL1V0",
                        "ts": "1691712777.019289",
                        "message": {
                            "blocks": [
                                {
                                    "type": "rich_text",
                                    "block_id": "bBj",
                                    "elements": [
                                        {
                                            "type": "rich_text_section",
                                            "elements": [
                                                {
                                                    "type": "text",
                                                    "text": "Direct download link for virtual image files:\n"
                                                },
                                                {
                                                    "type": "link",
                                                    "url": "https:\/\/downloads.metasploit.com\/data\/metasploitable\/metasploitable-linux-2.0.0.zip"
                                                }
                                            ]
                                        }
                                    ]
                                }
                            ]
                        }
                    }
                ],
                "id": 1,
                "original_url": "https:\/\/cyberdefense2022-2023.slack.com\/archives\/C046GPWL1V0\/p1691712777019289",
                "fallback": "[August 10th, 2023 5:12 PM] chris: Direct download link for virtual image files:\n<https:\/\/downloads.metasploit.com\/data\/metasploitable\/metasploitable-linux-2.0.0.zip>",
                "text": "Direct download link for virtual image files:\n<https:\/\/downloads.metasploit.com\/data\/metasploitable\/metasploitable-linux-2.0.0.zip>",
                "author_name": "chris",
                "author_link": "https:\/\/cyberdefense2022-2023.slack.com\/team\/U042R3B76SC",
                "author_icon": "https:\/\/secure.gravatar.com\/avatar\/6730f37144bd6ae505b97012a7f22a66.jpg?s=48&d=https%3A%2F%2Fa.slack-edge.com%2Fdf10d%2Fimg%2Favatars%2Fava_0006-48.png",
                "author_subname": "chris",
                "mrkdwn_in": [
                    "text"
                ],
                "footer": "Slack Conversation"
            }
        ],
        "edited": {
            "user": "B05JK240CLU",
            "ts": "1691714588.000000"
        }
    }
]