[
    {
        "client_msg_id": "6ae0a704-3526-4c68-80dd-8440143f9b49",
        "type": "message",
        "text": "Scenario is up!  <https:\/\/www.cyio.iastate.edu\/wp-content\/uploads\/2023\/04\/ITS-Scenario-2023.pdf>",
        "user": "U041LSQC38X",
        "ts": "1681178007.886489",
        "blocks": [
            {
                "type": "rich_text",
                "block_id": "AUE",
                "elements": [
                    {
                        "type": "rich_text_section",
                        "elements": [
                            {
                                "type": "text",
                                "text": "Scenario is up!  "
                            },
                            {
                                "type": "link",
                                "url": "https:\/\/www.cyio.iastate.edu\/wp-content\/uploads\/2023\/04\/ITS-Scenario-2023.pdf"
                            }
                        ]
                    }
                ]
            }
        ],
        "team": "T042E1514F3",
        "user_team": "T042E1514F3",
        "source_team": "T042E1514F3",
        "user_profile": {
            "avatar_hash": "g60b962e7353",
            "image_72": "https:\/\/secure.gravatar.com\/avatar\/60b962e73536af1009870d33a2ba0516.jpg?s=72&d=https%3A%2F%2Fa.slack-edge.com%2Fdf10d%2Fimg%2Favatars%2Fava_0012-72.png",
            "first_name": "Michael",
            "real_name": "Michael Tice",
            "display_name": "Michael Tice",
            "team": "T042E1514F3",
            "name": "michael.tice",
            "is_restricted": false,
            "is_ultra_restricted": false
        }
    },
    {
        "client_msg_id": "c4a9e209-1e6d-49e4-80c8-3168e23178f5",
        "type": "message",
        "text": "But vCenter isn't",
        "user": "U041LSQC38X",
        "ts": "1681178050.497209",
        "blocks": [
            {
                "type": "rich_text",
                "block_id": "zwa",
                "elements": [
                    {
                        "type": "rich_text_section",
                        "elements": [
                            {
                                "type": "text",
                                "text": "But vCenter isn't"
                            }
                        ]
                    }
                ]
            }
        ],
        "team": "T042E1514F3",
        "user_team": "T042E1514F3",
        "source_team": "T042E1514F3",
        "user_profile": {
            "avatar_hash": "g60b962e7353",
            "image_72": "https:\/\/secure.gravatar.com\/avatar\/60b962e73536af1009870d33a2ba0516.jpg?s=72&d=https%3A%2F%2Fa.slack-edge.com%2Fdf10d%2Fimg%2Favatars%2Fava_0012-72.png",
            "first_name": "Michael",
            "real_name": "Michael Tice",
            "display_name": "Michael Tice",
            "team": "T042E1514F3",
            "name": "michael.tice",
            "is_restricted": false,
            "is_ultra_restricted": false
        }
    },
    {
        "client_msg_id": "13f3446d-e6df-4bf2-bab9-8a25bec380b5",
        "type": "message",
        "text": "As Michael says, the scenario is available. However, VCenter is actually up also. Dan and Michael were given only partial information so that's why they couldn't get it to work. If you follow these instructions, you should get onto VCenter just fine.\n\n1. Click on this <https:\/\/signup.iseage.org\/|signup link>.\n2. Signup and validate your email.\n3. Once inside the site, join Team 5 (\"T.  H.  R.  E.  E.  &amp;.  C.\"). ",
        "user": "U042R3B76SC",
        "ts": "1681183791.685119",
        "blocks": [
            {
                "type": "rich_text",
                "block_id": "Zald4",
                "elements": [
                    {
                        "type": "rich_text_section",
                        "elements": [
                            {
                                "type": "text",
                                "text": "As Michael says, the scenario is available. However, VCenter is actually up also. Dan and Michael were given only partial information so that's why they couldn't get it to work. If you follow these instructions, you should get onto VCenter just fine.\n\n"
                            }
                        ]
                    },
                    {
                        "type": "rich_text_list",
                        "elements": [
                            {
                                "type": "rich_text_section",
                                "elements": [
                                    {
                                        "type": "text",
                                        "text": "Click on this "
                                    },
                                    {
                                        "type": "link",
                                        "url": "https:\/\/signup.iseage.org\/",
                                        "text": "signup link"
                                    },
                                    {
                                        "type": "text",
                                        "text": "."
                                    }
                                ]
                            },
                            {
                                "type": "rich_text_section",
                                "elements": [
                                    {
                                        "type": "text",
                                        "text": "Signup and validate your email."
                                    }
                                ]
                            },
                            {
                                "type": "rich_text_section",
                                "elements": [
                                    {
                                        "type": "text",
                                        "text": "Once inside the site, join Team 5 (\"T.  H.  R.  E.  E.  &.  C.\"). "
                                    }
                                ]
                            }
                        ],
                        "style": "ordered",
                        "indent": 0,
                        "border": 0
                    }
                ]
            }
        ],
        "team": "T042E1514F3",
        "user_team": "T042E1514F3",
        "source_team": "T042E1514F3",
        "user_profile": {
            "avatar_hash": "g6730f37144b",
            "image_72": "https:\/\/secure.gravatar.com\/avatar\/6730f37144bd6ae505b97012a7f22a66.jpg?s=72&d=https%3A%2F%2Fa.slack-edge.com%2Fdf10d%2Fimg%2Favatars%2Fava_0006-72.png",
            "first_name": "chris",
            "real_name": "chris",
            "display_name": "",
            "team": "T042E1514F3",
            "name": "chris",
            "is_restricted": false,
            "is_ultra_restricted": false
        },
        "edited": {
            "user": "U042R3B76SC",
            "ts": "1681184993.000000"
        }
    },
    {
        "client_msg_id": "1d3b6b2d-a16d-41a3-a14a-9bdde0caccda",
        "type": "message",
        "text": "After that, log onto <http:\/\/vcenter.iseage.org|vcenter.iseage.org> using the account you created on the signup page, and you should be taken to the resources area for Team 5.",
        "user": "U042R3B76SC",
        "ts": "1681184058.297579",
        "blocks": [
            {
                "type": "rich_text",
                "block_id": "c2sUO",
                "elements": [
                    {
                        "type": "rich_text_section",
                        "elements": [
                            {
                                "type": "text",
                                "text": "After that, log onto "
                            },
                            {
                                "type": "link",
                                "url": "http:\/\/vcenter.iseage.org",
                                "text": "vcenter.iseage.org"
                            },
                            {
                                "type": "text",
                                "text": " using the account you created on the signup page, and you should be taken to the resources area for Team 5."
                            }
                        ]
                    }
                ]
            }
        ],
        "team": "T042E1514F3",
        "user_team": "T042E1514F3",
        "source_team": "T042E1514F3",
        "user_profile": {
            "avatar_hash": "g6730f37144b",
            "image_72": "https:\/\/secure.gravatar.com\/avatar\/6730f37144bd6ae505b97012a7f22a66.jpg?s=72&d=https%3A%2F%2Fa.slack-edge.com%2Fdf10d%2Fimg%2Favatars%2Fava_0006-72.png",
            "first_name": "chris",
            "real_name": "chris",
            "display_name": "",
            "team": "T042E1514F3",
            "name": "chris",
            "is_restricted": false,
            "is_ultra_restricted": false
        },
        "edited": {
            "user": "U042R3B76SC",
            "ts": "1681185036.000000"
        }
    },
    {
        "type": "message",
        "text": "Once you are logged in, your screen should look like this.",
        "files": [
            {
                "id": "F052LL730RY",
                "created": 1681184232,
                "timestamp": 1681184232,
                "name": "image.png",
                "title": "image.png",
                "mimetype": "image\/png",
                "filetype": "png",
                "pretty_type": "PNG",
                "user": "U042R3B76SC",
                "user_team": "T042E1514F3",
                "editable": false,
                "size": 265975,
                "mode": "hosted",
                "is_external": false,
                "external_type": "",
                "is_public": true,
                "public_url_shared": false,
                "display_as_bot": false,
                "username": "",
                "url_private": "https:\/\/files.slack.com\/files-pri\/T042E1514F3-F052LL730RY\/image.png?t=xoxe-4082039038513-5909763746612-5907217023875-336a8277661c30aa211f6bb0466e7c24",
                "url_private_download": "https:\/\/files.slack.com\/files-pri\/T042E1514F3-F052LL730RY\/download\/image.png?t=xoxe-4082039038513-5909763746612-5907217023875-336a8277661c30aa211f6bb0466e7c24",
                "media_display_type": "unknown",
                "thumb_64": "https:\/\/files.slack.com\/files-tmb\/T042E1514F3-F052LL730RY-c3598ea496\/image_64.png?t=xoxe-4082039038513-5909763746612-5907217023875-336a8277661c30aa211f6bb0466e7c24",
                "thumb_80": "https:\/\/files.slack.com\/files-tmb\/T042E1514F3-F052LL730RY-c3598ea496\/image_80.png?t=xoxe-4082039038513-5909763746612-5907217023875-336a8277661c30aa211f6bb0466e7c24",
                "thumb_360": "https:\/\/files.slack.com\/files-tmb\/T042E1514F3-F052LL730RY-c3598ea496\/image_360.png?t=xoxe-4082039038513-5909763746612-5907217023875-336a8277661c30aa211f6bb0466e7c24",
                "thumb_360_w": 360,
                "thumb_360_h": 192,
                "thumb_480": "https:\/\/files.slack.com\/files-tmb\/T042E1514F3-F052LL730RY-c3598ea496\/image_480.png?t=xoxe-4082039038513-5909763746612-5907217023875-336a8277661c30aa211f6bb0466e7c24",
                "thumb_480_w": 480,
                "thumb_480_h": 255,
                "thumb_160": "https:\/\/files.slack.com\/files-tmb\/T042E1514F3-F052LL730RY-c3598ea496\/image_160.png?t=xoxe-4082039038513-5909763746612-5907217023875-336a8277661c30aa211f6bb0466e7c24",
                "thumb_720": "https:\/\/files.slack.com\/files-tmb\/T042E1514F3-F052LL730RY-c3598ea496\/image_720.png?t=xoxe-4082039038513-5909763746612-5907217023875-336a8277661c30aa211f6bb0466e7c24",
                "thumb_720_w": 720,
                "thumb_720_h": 383,
                "thumb_800": "https:\/\/files.slack.com\/files-tmb\/T042E1514F3-F052LL730RY-c3598ea496\/image_800.png?t=xoxe-4082039038513-5909763746612-5907217023875-336a8277661c30aa211f6bb0466e7c24",
                "thumb_800_w": 800,
                "thumb_800_h": 426,
                "thumb_960": "https:\/\/files.slack.com\/files-tmb\/T042E1514F3-F052LL730RY-c3598ea496\/image_960.png?t=xoxe-4082039038513-5909763746612-5907217023875-336a8277661c30aa211f6bb0466e7c24",
                "thumb_960_w": 960,
                "thumb_960_h": 511,
                "thumb_1024": "https:\/\/files.slack.com\/files-tmb\/T042E1514F3-F052LL730RY-c3598ea496\/image_1024.png?t=xoxe-4082039038513-5909763746612-5907217023875-336a8277661c30aa211f6bb0466e7c24",
                "thumb_1024_w": 1024,
                "thumb_1024_h": 545,
                "original_w": 2960,
                "original_h": 1575,
                "thumb_tiny": "AwAZADCy1vbKcMn86UWtueQnH1NWDR3oAg+xwf8APP8AU0fY4P7n6mrFJQBB9kgH8H6mj7JB\/c\/U1P1oxxQAuM0nHrS0UAJketGfxpaSgA\/Cg9OlFFAH\/9k=",
                "permalink": "https:\/\/cyberdefense2022-2023.slack.com\/files\/U042R3B76SC\/F052LL730RY\/image.png",
                "permalink_public": "https:\/\/slack-files.com\/T042E1514F3-F052LL730RY-dfeffc7ed6",
                "is_starred": false,
                "has_rich_preview": false,
                "file_access": "visible"
            }
        ],
        "upload": false,
        "user": "U042R3B76SC",
        "display_as_bot": false,
        "ts": "1681184236.801949",
        "blocks": [
            {
                "type": "rich_text",
                "block_id": "Hb3FM",
                "elements": [
                    {
                        "type": "rich_text_section",
                        "elements": [
                            {
                                "type": "text",
                                "text": "Once you are logged in, your screen should look like this."
                            }
                        ]
                    }
                ]
            }
        ],
        "edited": {
            "user": "U042R3B76SC",
            "ts": "1681185063.000000"
        },
        "client_msg_id": "d2aa89f2-044c-4558-b3f5-f3ddf9b6ddc1"
    },
    {
        "type": "message",
        "text": "I took snapshots of all five of your servers because I'm a nice guy.",
        "files": [
            {
                "id": "F052LNC055Y",
                "created": 1681186008,
                "timestamp": 1681186008,
                "name": "image.png",
                "title": "image.png",
                "mimetype": "image\/png",
                "filetype": "png",
                "pretty_type": "PNG",
                "user": "U042R3B76SC",
                "user_team": "T042E1514F3",
                "editable": false,
                "size": 330815,
                "mode": "hosted",
                "is_external": false,
                "external_type": "",
                "is_public": true,
                "public_url_shared": false,
                "display_as_bot": false,
                "username": "",
                "url_private": "https:\/\/files.slack.com\/files-pri\/T042E1514F3-F052LNC055Y\/image.png?t=xoxe-4082039038513-5909763746612-5907217023875-336a8277661c30aa211f6bb0466e7c24",
                "url_private_download": "https:\/\/files.slack.com\/files-pri\/T042E1514F3-F052LNC055Y\/download\/image.png?t=xoxe-4082039038513-5909763746612-5907217023875-336a8277661c30aa211f6bb0466e7c24",
                "media_display_type": "unknown",
                "thumb_64": "https:\/\/files.slack.com\/files-tmb\/T042E1514F3-F052LNC055Y-151c91c97e\/image_64.png?t=xoxe-4082039038513-5909763746612-5907217023875-336a8277661c30aa211f6bb0466e7c24",
                "thumb_80": "https:\/\/files.slack.com\/files-tmb\/T042E1514F3-F052LNC055Y-151c91c97e\/image_80.png?t=xoxe-4082039038513-5909763746612-5907217023875-336a8277661c30aa211f6bb0466e7c24",
                "thumb_360": "https:\/\/files.slack.com\/files-tmb\/T042E1514F3-F052LNC055Y-151c91c97e\/image_360.png?t=xoxe-4082039038513-5909763746612-5907217023875-336a8277661c30aa211f6bb0466e7c24",
                "thumb_360_w": 360,
                "thumb_360_h": 217,
                "thumb_480": "https:\/\/files.slack.com\/files-tmb\/T042E1514F3-F052LNC055Y-151c91c97e\/image_480.png?t=xoxe-4082039038513-5909763746612-5907217023875-336a8277661c30aa211f6bb0466e7c24",
                "thumb_480_w": 480,
                "thumb_480_h": 290,
                "thumb_160": "https:\/\/files.slack.com\/files-tmb\/T042E1514F3-F052LNC055Y-151c91c97e\/image_160.png?t=xoxe-4082039038513-5909763746612-5907217023875-336a8277661c30aa211f6bb0466e7c24",
                "thumb_720": "https:\/\/files.slack.com\/files-tmb\/T042E1514F3-F052LNC055Y-151c91c97e\/image_720.png?t=xoxe-4082039038513-5909763746612-5907217023875-336a8277661c30aa211f6bb0466e7c24",
                "thumb_720_w": 720,
                "thumb_720_h": 434,
                "thumb_800": "https:\/\/files.slack.com\/files-tmb\/T042E1514F3-F052LNC055Y-151c91c97e\/image_800.png?t=xoxe-4082039038513-5909763746612-5907217023875-336a8277661c30aa211f6bb0466e7c24",
                "thumb_800_w": 800,
                "thumb_800_h": 483,
                "thumb_960": "https:\/\/files.slack.com\/files-tmb\/T042E1514F3-F052LNC055Y-151c91c97e\/image_960.png?t=xoxe-4082039038513-5909763746612-5907217023875-336a8277661c30aa211f6bb0466e7c24",
                "thumb_960_w": 960,
                "thumb_960_h": 579,
                "thumb_1024": "https:\/\/files.slack.com\/files-tmb\/T042E1514F3-F052LNC055Y-151c91c97e\/image_1024.png?t=xoxe-4082039038513-5909763746612-5907217023875-336a8277661c30aa211f6bb0466e7c24",
                "thumb_1024_w": 1024,
                "thumb_1024_h": 618,
                "original_w": 2970,
                "original_h": 1792,
                "thumb_tiny": "AwAcADDS6Uxy4b5VyPwp7EDqQKOtAEe9\/wDnk35ije\/\/ADyb\/voVJRQAikkcqVPoTS0UUAIQD15+oo6DjpSbjS5oAXHvR3pMmjNAC0lGaM0Af\/\/Z",
                "permalink": "https:\/\/cyberdefense2022-2023.slack.com\/files\/U042R3B76SC\/F052LNC055Y\/image.png",
                "permalink_public": "https:\/\/slack-files.com\/T042E1514F3-F052LNC055Y-ee47e2a835",
                "is_starred": false,
                "has_rich_preview": false,
                "file_access": "visible"
            }
        ],
        "upload": false,
        "user": "U042R3B76SC",
        "display_as_bot": false,
        "ts": "1681186013.033189",
        "blocks": [
            {
                "type": "rich_text",
                "block_id": "zulB",
                "elements": [
                    {
                        "type": "rich_text_section",
                        "elements": [
                            {
                                "type": "text",
                                "text": "I took snapshots of all five of your servers because I'm a nice guy."
                            }
                        ]
                    }
                ]
            }
        ],
        "client_msg_id": "55eb343e-09de-4f39-891e-37ba6a91f555"
    },
    {
        "client_msg_id": "81dbba78-55a6-4fed-adb3-bd3ddb638e88",
        "type": "message",
        "text": "*IMPORTANT:*\nBefore you make any changes to the servers, the team needs to have someplace where you can keep track of tasks. A shared to-do list or task tracker that can track \"things we need to do\" and \"things we already did\" is adequate. In the past, some teams have used Trello, which is old but trusty.",
        "user": "U042R3B76SC",
        "ts": "1681186668.061969",
        "blocks": [
            {
                "type": "rich_text",
                "block_id": "z5\/",
                "elements": [
                    {
                        "type": "rich_text_section",
                        "elements": [
                            {
                                "type": "text",
                                "text": "IMPORTANT:",
                                "style": {
                                    "bold": true
                                }
                            },
                            {
                                "type": "text",
                                "text": "\nBefore you make any changes to the servers, the team needs to have someplace where you can keep track of tasks. A shared to-do list or task tracker that can track \"things we need to do\" and \"things we already did\" is adequate. In the past, some teams have used Trello, which is old but trusty."
                            }
                        ]
                    }
                ]
            }
        ],
        "team": "T042E1514F3",
        "user_team": "T042E1514F3",
        "source_team": "T042E1514F3",
        "user_profile": {
            "avatar_hash": "g6730f37144b",
            "image_72": "https:\/\/secure.gravatar.com\/avatar\/6730f37144bd6ae505b97012a7f22a66.jpg?s=72&d=https%3A%2F%2Fa.slack-edge.com%2Fdf10d%2Fimg%2Favatars%2Fava_0006-72.png",
            "first_name": "chris",
            "real_name": "chris",
            "display_name": "",
            "team": "T042E1514F3",
            "name": "chris",
            "is_restricted": false,
            "is_ultra_restricted": false
        }
    },
    {
        "type": "message",
        "text": "Here is a screenshot from one former team's Trello board:",
        "files": [
            {
                "id": "F052LP50KQA",
                "created": 1681186684,
                "timestamp": 1681186684,
                "name": "image.png",
                "title": "image.png",
                "mimetype": "image\/png",
                "filetype": "png",
                "pretty_type": "PNG",
                "user": "U042R3B76SC",
                "user_team": "T042E1514F3",
                "editable": false,
                "size": 2011291,
                "mode": "hosted",
                "is_external": false,
                "external_type": "",
                "is_public": true,
                "public_url_shared": false,
                "display_as_bot": false,
                "username": "",
                "url_private": "https:\/\/files.slack.com\/files-pri\/T042E1514F3-F052LP50KQA\/image.png?t=xoxe-4082039038513-5909763746612-5907217023875-336a8277661c30aa211f6bb0466e7c24",
                "url_private_download": "https:\/\/files.slack.com\/files-pri\/T042E1514F3-F052LP50KQA\/download\/image.png?t=xoxe-4082039038513-5909763746612-5907217023875-336a8277661c30aa211f6bb0466e7c24",
                "media_display_type": "unknown",
                "thumb_64": "https:\/\/files.slack.com\/files-tmb\/T042E1514F3-F052LP50KQA-df3bab678c\/image_64.png?t=xoxe-4082039038513-5909763746612-5907217023875-336a8277661c30aa211f6bb0466e7c24",
                "thumb_80": "https:\/\/files.slack.com\/files-tmb\/T042E1514F3-F052LP50KQA-df3bab678c\/image_80.png?t=xoxe-4082039038513-5909763746612-5907217023875-336a8277661c30aa211f6bb0466e7c24",
                "thumb_360": "https:\/\/files.slack.com\/files-tmb\/T042E1514F3-F052LP50KQA-df3bab678c\/image_360.png?t=xoxe-4082039038513-5909763746612-5907217023875-336a8277661c30aa211f6bb0466e7c24",
                "thumb_360_w": 360,
                "thumb_360_h": 233,
                "thumb_480": "https:\/\/files.slack.com\/files-tmb\/T042E1514F3-F052LP50KQA-df3bab678c\/image_480.png?t=xoxe-4082039038513-5909763746612-5907217023875-336a8277661c30aa211f6bb0466e7c24",
                "thumb_480_w": 480,
                "thumb_480_h": 311,
                "thumb_160": "https:\/\/files.slack.com\/files-tmb\/T042E1514F3-F052LP50KQA-df3bab678c\/image_160.png?t=xoxe-4082039038513-5909763746612-5907217023875-336a8277661c30aa211f6bb0466e7c24",
                "thumb_720": "https:\/\/files.slack.com\/files-tmb\/T042E1514F3-F052LP50KQA-df3bab678c\/image_720.png?t=xoxe-4082039038513-5909763746612-5907217023875-336a8277661c30aa211f6bb0466e7c24",
                "thumb_720_w": 720,
                "thumb_720_h": 466,
                "thumb_800": "https:\/\/files.slack.com\/files-tmb\/T042E1514F3-F052LP50KQA-df3bab678c\/image_800.png?t=xoxe-4082039038513-5909763746612-5907217023875-336a8277661c30aa211f6bb0466e7c24",
                "thumb_800_w": 800,
                "thumb_800_h": 518,
                "thumb_960": "https:\/\/files.slack.com\/files-tmb\/T042E1514F3-F052LP50KQA-df3bab678c\/image_960.png?t=xoxe-4082039038513-5909763746612-5907217023875-336a8277661c30aa211f6bb0466e7c24",
                "thumb_960_w": 960,
                "thumb_960_h": 622,
                "thumb_1024": "https:\/\/files.slack.com\/files-tmb\/T042E1514F3-F052LP50KQA-df3bab678c\/image_1024.png?t=xoxe-4082039038513-5909763746612-5907217023875-336a8277661c30aa211f6bb0466e7c24",
                "thumb_1024_w": 1024,
                "thumb_1024_h": 663,
                "original_w": 2973,
                "original_h": 1925,
                "thumb_tiny": "AwAfADDQCjFJtGc8\/wBKcvKj6UUAJtoKDHegsoIHc0p7UANKDjlvzpDECQMt+dPqOaQoRgDn1oECuTxmpO3eqMUciTE5+U9fpUiC6DqXkBTPI9qARapJNwXK4z70m4DqaUkEUAMjk3nB4x1HpTbnnFKhXfnjOMU2VlbGDmmLof\/Z",
                "permalink": "https:\/\/cyberdefense2022-2023.slack.com\/files\/U042R3B76SC\/F052LP50KQA\/image.png",
                "permalink_public": "https:\/\/slack-files.com\/T042E1514F3-F052LP50KQA-9eff10feeb",
                "is_starred": false,
                "has_rich_preview": false,
                "file_access": "visible"
            }
        ],
        "upload": false,
        "user": "U042R3B76SC",
        "display_as_bot": false,
        "ts": "1681186689.959619",
        "blocks": [
            {
                "type": "rich_text",
                "block_id": "U\/z2",
                "elements": [
                    {
                        "type": "rich_text_section",
                        "elements": [
                            {
                                "type": "text",
                                "text": "Here is a screenshot from one former team's Trello board:"
                            }
                        ]
                    }
                ]
            }
        ],
        "client_msg_id": "205556c6-ab6a-4989-9135-310e28865d36"
    },
    {
        "type": "message",
        "text": "Here's another.",
        "files": [
            {
                "id": "F052ZC37K1P",
                "created": 1681186731,
                "timestamp": 1681186731,
                "name": "image.png",
                "title": "image.png",
                "mimetype": "image\/png",
                "filetype": "png",
                "pretty_type": "PNG",
                "user": "U042R3B76SC",
                "user_team": "T042E1514F3",
                "editable": false,
                "size": 2735606,
                "mode": "hosted",
                "is_external": false,
                "external_type": "",
                "is_public": true,
                "public_url_shared": false,
                "display_as_bot": false,
                "username": "",
                "url_private": "https:\/\/files.slack.com\/files-pri\/T042E1514F3-F052ZC37K1P\/image.png?t=xoxe-4082039038513-5909763746612-5907217023875-336a8277661c30aa211f6bb0466e7c24",
                "url_private_download": "https:\/\/files.slack.com\/files-pri\/T042E1514F3-F052ZC37K1P\/download\/image.png?t=xoxe-4082039038513-5909763746612-5907217023875-336a8277661c30aa211f6bb0466e7c24",
                "media_display_type": "unknown",
                "thumb_64": "https:\/\/files.slack.com\/files-tmb\/T042E1514F3-F052ZC37K1P-10683dd415\/image_64.png?t=xoxe-4082039038513-5909763746612-5907217023875-336a8277661c30aa211f6bb0466e7c24",
                "thumb_80": "https:\/\/files.slack.com\/files-tmb\/T042E1514F3-F052ZC37K1P-10683dd415\/image_80.png?t=xoxe-4082039038513-5909763746612-5907217023875-336a8277661c30aa211f6bb0466e7c24",
                "thumb_360": "https:\/\/files.slack.com\/files-tmb\/T042E1514F3-F052ZC37K1P-10683dd415\/image_360.png?t=xoxe-4082039038513-5909763746612-5907217023875-336a8277661c30aa211f6bb0466e7c24",
                "thumb_360_w": 360,
                "thumb_360_h": 227,
                "thumb_480": "https:\/\/files.slack.com\/files-tmb\/T042E1514F3-F052ZC37K1P-10683dd415\/image_480.png?t=xoxe-4082039038513-5909763746612-5907217023875-336a8277661c30aa211f6bb0466e7c24",
                "thumb_480_w": 480,
                "thumb_480_h": 302,
                "thumb_160": "https:\/\/files.slack.com\/files-tmb\/T042E1514F3-F052ZC37K1P-10683dd415\/image_160.png?t=xoxe-4082039038513-5909763746612-5907217023875-336a8277661c30aa211f6bb0466e7c24",
                "thumb_720": "https:\/\/files.slack.com\/files-tmb\/T042E1514F3-F052ZC37K1P-10683dd415\/image_720.png?t=xoxe-4082039038513-5909763746612-5907217023875-336a8277661c30aa211f6bb0466e7c24",
                "thumb_720_w": 720,
                "thumb_720_h": 453,
                "thumb_800": "https:\/\/files.slack.com\/files-tmb\/T042E1514F3-F052ZC37K1P-10683dd415\/image_800.png?t=xoxe-4082039038513-5909763746612-5907217023875-336a8277661c30aa211f6bb0466e7c24",
                "thumb_800_w": 800,
                "thumb_800_h": 504,
                "thumb_960": "https:\/\/files.slack.com\/files-tmb\/T042E1514F3-F052ZC37K1P-10683dd415\/image_960.png?t=xoxe-4082039038513-5909763746612-5907217023875-336a8277661c30aa211f6bb0466e7c24",
                "thumb_960_w": 960,
                "thumb_960_h": 605,
                "thumb_1024": "https:\/\/files.slack.com\/files-tmb\/T042E1514F3-F052ZC37K1P-10683dd415\/image_1024.png?t=xoxe-4082039038513-5909763746612-5907217023875-336a8277661c30aa211f6bb0466e7c24",
                "thumb_1024_w": 1024,
                "thumb_1024_h": 645,
                "original_w": 2979,
                "original_h": 1876,
                "thumb_tiny": "AwAeADCVLGBowxVs49aebKDaTs59qnT\/AFC\/7v8ASlb\/AFdAFY6dbgfdPX+9QdPtwQdp\/OrTdB9RUF9K8MAdMZ3Ac0ARvZWqY3YUH1amOlkpwWHI7HNU5bqWcKJMcHjApkm0MPKOVxzkUAbcf+oX\/dH8qVv9XWeb14o0UgEleOOlaBPyGgBW6D61V1ID7LycfMKmnlEULSEZC9qzrq+W5h8sIVOc5JoAqsMZK9P1pYQpf5yAvfJ601QWIXNLwzAEc9KAP\/\/Z",
                "permalink": "https:\/\/cyberdefense2022-2023.slack.com\/files\/U042R3B76SC\/F052ZC37K1P\/image.png",
                "permalink_public": "https:\/\/slack-files.com\/T042E1514F3-F052ZC37K1P-69c578d341",
                "is_starred": false,
                "has_rich_preview": false,
                "file_access": "visible"
            }
        ],
        "upload": false,
        "user": "U042R3B76SC",
        "display_as_bot": false,
        "ts": "1681186737.794239",
        "blocks": [
            {
                "type": "rich_text",
                "block_id": "VIYs",
                "elements": [
                    {
                        "type": "rich_text_section",
                        "elements": [
                            {
                                "type": "text",
                                "text": "Here's another."
                            }
                        ]
                    }
                ]
            }
        ],
        "client_msg_id": "113ebb83-587c-4b42-92b0-b2e3f06f6080"
    },
    {
        "client_msg_id": "1267034c-b507-484a-ae62-08c8ef95a68d",
        "type": "message",
        "text": "I made the screen content small so you could see as much as possible, but they both are a bit wider than this. The point is just that there are a number of tasks you are going to want to perform, and if anybody starts to do things without communicating with the rest of the team, you are  doooooooooooooooooooooooooed to confuse each other.\n\nYou don't have to use Trello by any means. Use anything the three of you agree to, as long as we can all see it (myself and parents included), and everybody can update it as needed. If you don't have something like this from the very beginning, you will probably be doooooooooooooooooooooooooed to confuse one another.",
        "user": "U042R3B76SC",
        "ts": "1681186848.504609",
        "blocks": [
            {
                "type": "rich_text",
                "block_id": "nODz",
                "elements": [
                    {
                        "type": "rich_text_section",
                        "elements": [
                            {
                                "type": "text",
                                "text": "I made the screen content small so you could see as much as possible, but they both are a bit wider than this. The point is just that there are a number of tasks you are going to want to perform, and if anybody starts to do things without communicating with the rest of the team, you are  doooooooooooooooooooooooooed to confuse each other.\n\nYou don't have to use Trello by any means. Use anything the three of you agree to, as long as we can all see it (myself and parents included), and everybody can update it as needed. If you don't have something like this from the very beginning, you will probably be doooooooooooooooooooooooooed to confuse one another."
                            }
                        ]
                    }
                ]
            }
        ],
        "team": "T042E1514F3",
        "user_team": "T042E1514F3",
        "source_team": "T042E1514F3",
        "user_profile": {
            "avatar_hash": "g6730f37144b",
            "image_72": "https:\/\/secure.gravatar.com\/avatar\/6730f37144bd6ae505b97012a7f22a66.jpg?s=72&d=https%3A%2F%2Fa.slack-edge.com%2Fdf10d%2Fimg%2Favatars%2Fava_0006-72.png",
            "first_name": "chris",
            "real_name": "chris",
            "display_name": "",
            "team": "T042E1514F3",
            "name": "chris",
            "is_restricted": false,
            "is_ultra_restricted": false
        },
        "edited": {
            "user": "U042R3B76SC",
            "ts": "1681220219.000000"
        }
    },
    {
        "client_msg_id": "56c86884-c2ed-4c04-aa6a-f74f9274f335",
        "type": "message",
        "text": "*PLEASE READ EVERYTHING I WROTE FROM 10:29 PM UNTIL NOW AND THEN HAVE FUN.* :slightly_smiling_face:\n*WE'LL TALK MORE ON SATURDAY.*",
        "user": "U042R3B76SC",
        "ts": "1681186910.037229",
        "blocks": [
            {
                "type": "rich_text",
                "block_id": "wYfj",
                "elements": [
                    {
                        "type": "rich_text_section",
                        "elements": [
                            {
                                "type": "text",
                                "text": "PLEASE READ EVERYTHING I WROTE FROM 10:29 PM UNTIL NOW AND THEN HAVE FUN. ",
                                "style": {
                                    "bold": true
                                }
                            },
                            {
                                "type": "emoji",
                                "name": "slightly_smiling_face",
                                "unicode": "1f642"
                            },
                            {
                                "type": "text",
                                "text": "\n"
                            },
                            {
                                "type": "text",
                                "text": "WE'LL TALK MORE ON SATURDAY.",
                                "style": {
                                    "bold": true
                                }
                            }
                        ]
                    }
                ]
            }
        ],
        "team": "T042E1514F3",
        "user_team": "T042E1514F3",
        "source_team": "T042E1514F3",
        "user_profile": {
            "avatar_hash": "g6730f37144b",
            "image_72": "https:\/\/secure.gravatar.com\/avatar\/6730f37144bd6ae505b97012a7f22a66.jpg?s=72&d=https%3A%2F%2Fa.slack-edge.com%2Fdf10d%2Fimg%2Favatars%2Fava_0006-72.png",
            "first_name": "chris",
            "real_name": "chris",
            "display_name": "",
            "team": "T042E1514F3",
            "name": "chris",
            "is_restricted": false,
            "is_ultra_restricted": false
        }
    }
]