[
    {
        "client_msg_id": "da9ad5b6-b0e4-45bf-b9cb-39bb6c34f168",
        "type": "message",
        "text": "This week I can meet:\n• Wednesday from 4 pm until 9\n• Tuesday 8-10 pm on zoom\n• Thursday 8-10 pm on zoom\n• Saturday from 10 am until 12, but this is last resort.\nAfter this week until further notice, I can meet Wednesday or Thursday evenings. I prefer Thursday. I might be able to meet Tuesday's, but this is not preferable because I am usually scheduled for work.\n\nIf I know the schedule by noon on Tuesday, I can ask off work for whatever meeting day is decided.\nAre we going to meet at Chris' house? I would strongly prefer in-person over zoom.",
        "user": "U042U2F450R",
        "ts": "1682903838.028039",
        "blocks": [
            {
                "type": "rich_text",
                "block_id": "QJ5",
                "elements": [
                    {
                        "type": "rich_text_section",
                        "elements": [
                            {
                                "type": "text",
                                "text": "This week I can meet:\n"
                            }
                        ]
                    },
                    {
                        "type": "rich_text_list",
                        "elements": [
                            {
                                "type": "rich_text_section",
                                "elements": [
                                    {
                                        "type": "text",
                                        "text": "Wednesday from 4 pm until 9"
                                    }
                                ]
                            },
                            {
                                "type": "rich_text_section",
                                "elements": [
                                    {
                                        "type": "text",
                                        "text": "Tuesday 8-10 pm on zoom"
                                    }
                                ]
                            },
                            {
                                "type": "rich_text_section",
                                "elements": [
                                    {
                                        "type": "text",
                                        "text": "Thursday 8-10 pm on zoom"
                                    }
                                ]
                            },
                            {
                                "type": "rich_text_section",
                                "elements": [
                                    {
                                        "type": "text",
                                        "text": "Saturday from 10 am until 12, but this is last resort."
                                    }
                                ]
                            }
                        ],
                        "style": "bullet",
                        "indent": 0,
                        "border": 0
                    },
                    {
                        "type": "rich_text_section",
                        "elements": [
                            {
                                "type": "text",
                                "text": "\nAfter this week until further notice, I can meet Wednesday or Thursday evenings. I prefer Thursday. I might be able to meet Tuesday's, but this is not preferable because I am usually scheduled for work.\n\nIf I know the schedule by noon on Tuesday, I can ask off work for whatever meeting day is decided.\nAre we going to meet at Chris' house? I would strongly prefer in-person over zoom."
                            }
                        ]
                    }
                ]
            }
        ],
        "team": "T042E1514F3",
        "user_team": "T042E1514F3",
        "source_team": "T042E1514F3",
        "user_profile": {
            "avatar_hash": "gff8e94624db",
            "image_72": "https:\/\/secure.gravatar.com\/avatar\/ff8e94624db08a84843122675f06ea92.jpg?s=72&d=https%3A%2F%2Fa.slack-edge.com%2Fdf10d%2Fimg%2Favatars%2Fava_0004-72.png",
            "first_name": "Anna",
            "real_name": "Anna",
            "display_name": "Anna",
            "team": "T042E1514F3",
            "name": "annam45",
            "is_restricted": false,
            "is_ultra_restricted": false
        }
    }
]