[
    {
        "client_msg_id": "78c4f4bc-d0d7-4b89-b5d3-1836531ae23c",
        "type": "message",
        "text": "<@U042R51RY2C> - I can do that starting around late morning noon.",
        "user": "U042R3B76SC",
        "ts": "1681915413.594219",
        "blocks": [
            {
                "type": "rich_text",
                "block_id": "RvR",
                "elements": [
                    {
                        "type": "rich_text_section",
                        "elements": [
                            {
                                "type": "user",
                                "user_id": "U042R51RY2C"
                            },
                            {
                                "type": "text",
                                "text": " - I can do that starting around late morning noon."
                            }
                        ]
                    }
                ]
            }
        ],
        "team": "T042E1514F3",
        "user_team": "T042E1514F3",
        "source_team": "T042E1514F3",
        "user_profile": {
            "avatar_hash": "g6730f37144b",
            "image_72": "https:\/\/secure.gravatar.com\/avatar\/6730f37144bd6ae505b97012a7f22a66.jpg?s=72&d=https%3A%2F%2Fa.slack-edge.com%2Fdf10d%2Fimg%2Favatars%2Fava_0006-72.png",
            "first_name": "chris",
            "real_name": "chris",
            "display_name": "",
            "team": "T042E1514F3",
            "name": "chris",
            "is_restricted": false,
            "is_ultra_restricted": false
        }
    },
    {
        "client_msg_id": "3494b088-7c24-4749-92eb-d5b8429fea28",
        "type": "message",
        "text": "If you have time, can you explain what part of \"not working\" you'd like me to focus on  - is the web server not running, is something else like tomcat not running, do you just not know how it's supposed to run, or is it something else?",
        "user": "U042R3B76SC",
        "ts": "1681915574.599079",
        "blocks": [
            {
                "type": "rich_text",
                "block_id": "b8J6",
                "elements": [
                    {
                        "type": "rich_text_section",
                        "elements": [
                            {
                                "type": "text",
                                "text": "If you have time, can you explain what part of \"not working\" you'd like me to focus on  - is the web server not running, is something else like tomcat not running, do you just not know how it's supposed to run, or is it something else?"
                            }
                        ]
                    }
                ]
            }
        ],
        "team": "T042E1514F3",
        "user_team": "T042E1514F3",
        "source_team": "T042E1514F3",
        "user_profile": {
            "avatar_hash": "g6730f37144b",
            "image_72": "https:\/\/secure.gravatar.com\/avatar\/6730f37144bd6ae505b97012a7f22a66.jpg?s=72&d=https%3A%2F%2Fa.slack-edge.com%2Fdf10d%2Fimg%2Favatars%2Fava_0006-72.png",
            "first_name": "chris",
            "real_name": "chris",
            "display_name": "",
            "team": "T042E1514F3",
            "name": "chris",
            "is_restricted": false,
            "is_ultra_restricted": false
        }
    },
    {
        "client_msg_id": "f59e9713-a048-499e-bd4d-89b0aca95363",
        "type": "message",
        "text": "Took a quick look and I'm pretty sure I can help with `yum`, btw.",
        "user": "U042R3B76SC",
        "ts": "1681916357.232199",
        "blocks": [
            {
                "type": "rich_text",
                "block_id": "pNS",
                "elements": [
                    {
                        "type": "rich_text_section",
                        "elements": [
                            {
                                "type": "text",
                                "text": "Took a quick look and I'm pretty sure I can help with "
                            },
                            {
                                "type": "text",
                                "text": "yum",
                                "style": {
                                    "code": true
                                }
                            },
                            {
                                "type": "text",
                                "text": ", btw."
                            }
                        ]
                    }
                ]
            }
        ],
        "team": "T042E1514F3",
        "user_team": "T042E1514F3",
        "source_team": "T042E1514F3",
        "user_profile": {
            "avatar_hash": "g6730f37144b",
            "image_72": "https:\/\/secure.gravatar.com\/avatar\/6730f37144bd6ae505b97012a7f22a66.jpg?s=72&d=https%3A%2F%2Fa.slack-edge.com%2Fdf10d%2Fimg%2Favatars%2Fava_0006-72.png",
            "first_name": "chris",
            "real_name": "chris",
            "display_name": "",
            "team": "T042E1514F3",
            "name": "chris",
            "is_restricted": false,
            "is_ultra_restricted": false
        }
    },
    {
        "client_msg_id": "b9da044a-b74d-4486-917c-2a9f304cbdf6",
        "type": "message",
        "text": "<@U042R3B76SC>, did you see my schedule I posted two days ago in this channel? I'm just making sure because I got an email reminder for Thursday.",
        "user": "U042U2F450R",
        "ts": "1681921212.345579",
        "blocks": [
            {
                "type": "rich_text",
                "block_id": "Xiy",
                "elements": [
                    {
                        "type": "rich_text_section",
                        "elements": [
                            {
                                "type": "user",
                                "user_id": "U042R3B76SC"
                            },
                            {
                                "type": "text",
                                "text": ", did you see my schedule I posted two days ago in this channel? I'm just making sure because I got an email reminder for Thursday."
                            }
                        ]
                    }
                ]
            }
        ],
        "team": "T042E1514F3",
        "user_team": "T042E1514F3",
        "source_team": "T042E1514F3",
        "user_profile": {
            "avatar_hash": "gff8e94624db",
            "image_72": "https:\/\/secure.gravatar.com\/avatar\/ff8e94624db08a84843122675f06ea92.jpg?s=72&d=https%3A%2F%2Fa.slack-edge.com%2Fdf10d%2Fimg%2Favatars%2Fava_0004-72.png",
            "first_name": "Anna",
            "real_name": "Anna",
            "display_name": "Anna",
            "team": "T042E1514F3",
            "name": "annam45",
            "is_restricted": false,
            "is_ultra_restricted": false
        },
        "edited": {
            "user": "U042U2F450R",
            "ts": "1681921284.000000"
        }
    },
    {
        "client_msg_id": "46dc0f99-9dde-402d-95b4-3298dea9862d",
        "type": "message",
        "text": "I did not see that. Thanks for pointing it out.\n\n<@U042R51RY2C> \/ <@U041LSQC38X> - these are times Anna is available:\n&gt; Wednesday: 2:30 pm - the rest of the day\n&gt; Thursday: 2:30 pm - 3:30 (not preferable), 8 pm - 10\n&gt; Friday: 12 pm-3\nI've cleared out my optional appointments so that I'm available from now through the end of the competition except for 2:00 to 3:00 PM this afternoon.\n\nCan you guys meet sometime later today, late (8 pm) Thursday, or at noon Friday?\n\nAnna, do you want to get together sometime today take a shot at building the git server?",
        "user": "U042R3B76SC",
        "ts": "1681921979.231029",
        "blocks": [
            {
                "type": "rich_text",
                "block_id": "wheC",
                "elements": [
                    {
                        "type": "rich_text_section",
                        "elements": [
                            {
                                "type": "text",
                                "text": "I did not see that. Thanks for pointing it out.\n\n"
                            },
                            {
                                "type": "user",
                                "user_id": "U042R51RY2C"
                            },
                            {
                                "type": "text",
                                "text": " \/ "
                            },
                            {
                                "type": "user",
                                "user_id": "U041LSQC38X"
                            },
                            {
                                "type": "text",
                                "text": " - these are times Anna is available:\n"
                            }
                        ]
                    },
                    {
                        "type": "rich_text_quote",
                        "elements": [
                            {
                                "type": "text",
                                "text": "Wednesday: 2:30 pm - the rest of the day\nThursday: 2:30 pm - 3:30 (not preferable), 8 pm - 10\nFriday: 12 pm-3"
                            }
                        ]
                    },
                    {
                        "type": "rich_text_section",
                        "elements": [
                            {
                                "type": "text",
                                "text": "\nI've cleared out my optional appointments so that I'm available from now through the end of the competition except for 2:00 to 3:00 PM this afternoon.\n\nCan you guys meet sometime later today, late (8 pm) Thursday, or at noon Friday?\n\nAnna, do you want to get together sometime today take a shot at building the git server?"
                            }
                        ]
                    }
                ]
            }
        ],
        "team": "T042E1514F3",
        "user_team": "T042E1514F3",
        "source_team": "T042E1514F3",
        "user_profile": {
            "avatar_hash": "g6730f37144b",
            "image_72": "https:\/\/secure.gravatar.com\/avatar\/6730f37144bd6ae505b97012a7f22a66.jpg?s=72&d=https%3A%2F%2Fa.slack-edge.com%2Fdf10d%2Fimg%2Favatars%2Fava_0006-72.png",
            "first_name": "chris",
            "real_name": "chris",
            "display_name": "",
            "team": "T042E1514F3",
            "name": "chris",
            "is_restricted": false,
            "is_ultra_restricted": false
        }
    },
    {
        "client_msg_id": "fba46416-c5d0-48e2-95e3-5069b98447f6",
        "type": "message",
        "text": "Sure",
        "user": "U042U2F450R",
        "ts": "1681922119.900199",
        "blocks": [
            {
                "type": "rich_text",
                "block_id": "huK",
                "elements": [
                    {
                        "type": "rich_text_section",
                        "elements": [
                            {
                                "type": "text",
                                "text": "Sure"
                            }
                        ]
                    }
                ]
            }
        ],
        "team": "T042E1514F3",
        "user_team": "T042E1514F3",
        "source_team": "T042E1514F3",
        "user_profile": {
            "avatar_hash": "gff8e94624db",
            "image_72": "https:\/\/secure.gravatar.com\/avatar\/ff8e94624db08a84843122675f06ea92.jpg?s=72&d=https%3A%2F%2Fa.slack-edge.com%2Fdf10d%2Fimg%2Favatars%2Fava_0004-72.png",
            "first_name": "Anna",
            "real_name": "Anna",
            "display_name": "Anna",
            "team": "T042E1514F3",
            "name": "annam45",
            "is_restricted": false,
            "is_ultra_restricted": false
        },
        "reactions": [
            {
                "name": "+1::skin-tone-2",
                "users": [
                    "U042R3B76SC"
                ],
                "count": 1
            }
        ]
    },
    {
        "client_msg_id": "afdbe659-60be-4fbf-a32d-ef451b3b62ba",
        "type": "message",
        "text": "I cannot meet today, but I can meet from 1:25 friday until like 7:00 around",
        "user": "U042R51RY2C",
        "ts": "1681923427.636879",
        "blocks": [
            {
                "type": "rich_text",
                "block_id": "QYbP",
                "elements": [
                    {
                        "type": "rich_text_section",
                        "elements": [
                            {
                                "type": "text",
                                "text": "I cannot meet today, but I can meet from 1:25 friday until like 7:00 around"
                            }
                        ]
                    }
                ]
            }
        ],
        "team": "T042E1514F3",
        "user_team": "T042E1514F3",
        "source_team": "T042E1514F3",
        "user_profile": {
            "avatar_hash": "g24c32288d4d",
            "image_72": "https:\/\/secure.gravatar.com\/avatar\/24c32288d4dbbf5694cc5c9609ec1853.jpg?s=72&d=https%3A%2F%2Fa.slack-edge.com%2Fdf10d%2Fimg%2Favatars%2Fava_0017-72.png",
            "first_name": "Tristan",
            "real_name": "Tristan Ribble",
            "display_name": "",
            "team": "T042E1514F3",
            "name": "tmribble07",
            "is_restricted": false,
            "is_ultra_restricted": false
        }
    },
    {
        "client_msg_id": "4128ebfd-528f-45fd-95f2-b0b26ba60f03",
        "type": "message",
        "text": "that may change though,",
        "user": "U042R51RY2C",
        "ts": "1681923438.750759",
        "blocks": [
            {
                "type": "rich_text",
                "block_id": "YbZW",
                "elements": [
                    {
                        "type": "rich_text_section",
                        "elements": [
                            {
                                "type": "text",
                                "text": "that may change though,"
                            }
                        ]
                    }
                ]
            }
        ],
        "team": "T042E1514F3",
        "user_team": "T042E1514F3",
        "source_team": "T042E1514F3",
        "user_profile": {
            "avatar_hash": "g24c32288d4d",
            "image_72": "https:\/\/secure.gravatar.com\/avatar\/24c32288d4dbbf5694cc5c9609ec1853.jpg?s=72&d=https%3A%2F%2Fa.slack-edge.com%2Fdf10d%2Fimg%2Favatars%2Fava_0017-72.png",
            "first_name": "Tristan",
            "real_name": "Tristan Ribble",
            "display_name": "",
            "team": "T042E1514F3",
            "name": "tmribble07",
            "is_restricted": false,
            "is_ultra_restricted": false
        },
        "reactions": [
            {
                "name": "+1::skin-tone-2",
                "users": [
                    "U042R3B76SC"
                ],
                "count": 1
            }
        ]
    },
    {
        "client_msg_id": "9a3df66f-c052-4824-aae1-563c6675d897",
        "type": "message",
        "text": "I'm available to meet now.",
        "user": "U042U2F450R",
        "ts": "1681932948.267369",
        "blocks": [
            {
                "type": "rich_text",
                "block_id": "ptNa",
                "elements": [
                    {
                        "type": "rich_text_section",
                        "elements": [
                            {
                                "type": "text",
                                "text": "I'm available to meet now."
                            }
                        ]
                    }
                ]
            }
        ],
        "team": "T042E1514F3",
        "user_team": "T042E1514F3",
        "source_team": "T042E1514F3",
        "user_profile": {
            "avatar_hash": "gff8e94624db",
            "image_72": "https:\/\/secure.gravatar.com\/avatar\/ff8e94624db08a84843122675f06ea92.jpg?s=72&d=https%3A%2F%2Fa.slack-edge.com%2Fdf10d%2Fimg%2Favatars%2Fava_0004-72.png",
            "first_name": "Anna",
            "real_name": "Anna",
            "display_name": "Anna",
            "team": "T042E1514F3",
            "name": "annam45",
            "is_restricted": false,
            "is_ultra_restricted": false
        },
        "thread_ts": "1681932948.267369",
        "reply_count": 8,
        "reply_users_count": 2,
        "latest_reply": "1681949566.283659",
        "reply_users": [
            "U042R3B76SC",
            "U042U2F450R"
        ],
        "replies": [
            {
                "user": "U042R3B76SC",
                "ts": "1681934657.524859"
            },
            {
                "user": "U042R3B76SC",
                "ts": "1681934679.421229"
            },
            {
                "user": "U042R3B76SC",
                "ts": "1681935195.207679"
            },
            {
                "user": "U042U2F450R",
                "ts": "1681935460.245629"
            },
            {
                "user": "U042R3B76SC",
                "ts": "1681935876.454069"
            },
            {
                "user": "U042R3B76SC",
                "ts": "1681937286.811459"
            },
            {
                "user": "U042R3B76SC",
                "ts": "1681940832.760199"
            },
            {
                "user": "U042R3B76SC",
                "ts": "1681949566.283659"
            }
        ],
        "is_locked": false,
        "subscribed": true,
        "last_read": "1681949566.283659"
    },
    {
        "client_msg_id": "b5414bfc-9edd-47d0-ad0f-93757140f947",
        "type": "message",
        "text": "Hi, Anna, I am now also.",
        "user": "U042R3B76SC",
        "ts": "1681934657.524859",
        "blocks": [
            {
                "type": "rich_text",
                "block_id": "6EjAJ",
                "elements": [
                    {
                        "type": "rich_text_section",
                        "elements": [
                            {
                                "type": "text",
                                "text": "Hi, Anna, I am now also."
                            }
                        ]
                    }
                ]
            }
        ],
        "team": "T042E1514F3",
        "user_team": "T042E1514F3",
        "source_team": "T042E1514F3",
        "user_profile": {
            "avatar_hash": "g6730f37144b",
            "image_72": "https:\/\/secure.gravatar.com\/avatar\/6730f37144bd6ae505b97012a7f22a66.jpg?s=72&d=https%3A%2F%2Fa.slack-edge.com%2Fdf10d%2Fimg%2Favatars%2Fava_0006-72.png",
            "first_name": "chris",
            "real_name": "chris",
            "display_name": "",
            "team": "T042E1514F3",
            "name": "chris",
            "is_restricted": false,
            "is_ultra_restricted": false
        },
        "thread_ts": "1681932948.267369",
        "parent_user_id": "U042U2F450R"
    },
    {
        "client_msg_id": "84ee9c85-fc88-40e7-98ef-77ce4aef9f34",
        "type": "message",
        "text": "Let me get a zoom link for us.",
        "user": "U042R3B76SC",
        "ts": "1681934679.421229",
        "blocks": [
            {
                "type": "rich_text",
                "block_id": "h4dT",
                "elements": [
                    {
                        "type": "rich_text_section",
                        "elements": [
                            {
                                "type": "text",
                                "text": "Let me get a zoom link for us."
                            }
                        ]
                    }
                ]
            }
        ],
        "team": "T042E1514F3",
        "user_team": "T042E1514F3",
        "source_team": "T042E1514F3",
        "user_profile": {
            "avatar_hash": "g6730f37144b",
            "image_72": "https:\/\/secure.gravatar.com\/avatar\/6730f37144bd6ae505b97012a7f22a66.jpg?s=72&d=https%3A%2F%2Fa.slack-edge.com%2Fdf10d%2Fimg%2Favatars%2Fava_0006-72.png",
            "first_name": "chris",
            "real_name": "chris",
            "display_name": "",
            "team": "T042E1514F3",
            "name": "chris",
            "is_restricted": false,
            "is_ultra_restricted": false
        },
        "thread_ts": "1681932948.267369",
        "parent_user_id": "U042U2F450R"
    },
    {
        "client_msg_id": "2d94e9cb-4261-4d40-8846-96d61e7172c9",
        "type": "message",
        "text": "Sorry for the delay - <https:\/\/godaddy.zoom.us\/j\/92568953305?pwd=SEJOL3pYY3ZXZkJ5Y0FCYlFDNTl1Zz09>\n\nWhenever you see this is fine.",
        "user": "U042R3B76SC",
        "ts": "1681935195.207679",
        "blocks": [
            {
                "type": "rich_text",
                "block_id": "lsUOo",
                "elements": [
                    {
                        "type": "rich_text_section",
                        "elements": [
                            {
                                "type": "text",
                                "text": "Sorry for the delay - "
                            },
                            {
                                "type": "link",
                                "url": "https:\/\/godaddy.zoom.us\/j\/92568953305?pwd=SEJOL3pYY3ZXZkJ5Y0FCYlFDNTl1Zz09"
                            },
                            {
                                "type": "text",
                                "text": "\n\nWhenever you see this is fine."
                            }
                        ]
                    }
                ]
            }
        ],
        "team": "T042E1514F3",
        "user_team": "T042E1514F3",
        "source_team": "T042E1514F3",
        "user_profile": {
            "avatar_hash": "g6730f37144b",
            "image_72": "https:\/\/secure.gravatar.com\/avatar\/6730f37144bd6ae505b97012a7f22a66.jpg?s=72&d=https%3A%2F%2Fa.slack-edge.com%2Fdf10d%2Fimg%2Favatars%2Fava_0006-72.png",
            "first_name": "chris",
            "real_name": "chris",
            "display_name": "",
            "team": "T042E1514F3",
            "name": "chris",
            "is_restricted": false,
            "is_ultra_restricted": false
        },
        "thread_ts": "1681932948.267369",
        "parent_user_id": "U042U2F450R"
    },
    {
        "client_msg_id": "fbd88287-d8a3-4b04-81f0-e5db948e045c",
        "type": "message",
        "text": "I'm in.",
        "user": "U042U2F450R",
        "ts": "1681935460.245629",
        "blocks": [
            {
                "type": "rich_text",
                "block_id": "DJqS",
                "elements": [
                    {
                        "type": "rich_text_section",
                        "elements": [
                            {
                                "type": "text",
                                "text": "I'm in."
                            }
                        ]
                    }
                ]
            }
        ],
        "team": "T042E1514F3",
        "user_team": "T042E1514F3",
        "source_team": "T042E1514F3",
        "user_profile": {
            "avatar_hash": "gff8e94624db",
            "image_72": "https:\/\/secure.gravatar.com\/avatar\/ff8e94624db08a84843122675f06ea92.jpg?s=72&d=https%3A%2F%2Fa.slack-edge.com%2Fdf10d%2Fimg%2Favatars%2Fava_0004-72.png",
            "first_name": "Anna",
            "real_name": "Anna",
            "display_name": "Anna",
            "team": "T042E1514F3",
            "name": "annam45",
            "is_restricted": false,
            "is_ultra_restricted": false
        },
        "thread_ts": "1681932948.267369",
        "parent_user_id": "U042U2F450R"
    },
    {
        "client_msg_id": "eb587f01-ca78-4b6b-9a36-6b3df55c3e16",
        "type": "message",
        "text": "<https:\/\/drive.google.com\/drive\/folders\/1xbCWxoZAGqPjY10DXaI3FKUBd53PCcUu>",
        "user": "U042R3B76SC",
        "ts": "1681935876.454069",
        "blocks": [
            {
                "type": "rich_text",
                "block_id": "=7GVn",
                "elements": [
                    {
                        "type": "rich_text_section",
                        "elements": [
                            {
                                "type": "link",
                                "url": "https:\/\/drive.google.com\/drive\/folders\/1xbCWxoZAGqPjY10DXaI3FKUBd53PCcUu"
                            }
                        ]
                    }
                ]
            }
        ],
        "team": "T042E1514F3",
        "user_team": "T042E1514F3",
        "source_team": "T042E1514F3",
        "user_profile": {
            "avatar_hash": "g6730f37144b",
            "image_72": "https:\/\/secure.gravatar.com\/avatar\/6730f37144bd6ae505b97012a7f22a66.jpg?s=72&d=https%3A%2F%2Fa.slack-edge.com%2Fdf10d%2Fimg%2Favatars%2Fava_0006-72.png",
            "first_name": "chris",
            "real_name": "chris",
            "display_name": "",
            "team": "T042E1514F3",
            "name": "chris",
            "is_restricted": false,
            "is_ultra_restricted": false
        },
        "thread_ts": "1681932948.267369",
        "parent_user_id": "U042U2F450R"
    },
    {
        "client_msg_id": "99756fa6-6bc5-4810-9160-b803f5ac711a",
        "type": "message",
        "text": "<https:\/\/about.gitlab.com\/install\/#ubuntu>",
        "user": "U042R3B76SC",
        "ts": "1681937286.811459",
        "blocks": [
            {
                "type": "rich_text",
                "block_id": "N791R",
                "elements": [
                    {
                        "type": "rich_text_section",
                        "elements": [
                            {
                                "type": "link",
                                "url": "https:\/\/about.gitlab.com\/install\/#ubuntu"
                            }
                        ]
                    }
                ]
            }
        ],
        "team": "T042E1514F3",
        "user_team": "T042E1514F3",
        "source_team": "T042E1514F3",
        "user_profile": {
            "avatar_hash": "g6730f37144b",
            "image_72": "https:\/\/secure.gravatar.com\/avatar\/6730f37144bd6ae505b97012a7f22a66.jpg?s=72&d=https%3A%2F%2Fa.slack-edge.com%2Fdf10d%2Fimg%2Favatars%2Fava_0006-72.png",
            "first_name": "chris",
            "real_name": "chris",
            "display_name": "",
            "team": "T042E1514F3",
            "name": "chris",
            "is_restricted": false,
            "is_ultra_restricted": false
        },
        "attachments": [
            {
                "image_url": "https:\/\/about.gitlab.com\/nuxt-images\/open-graph\/open-graph-gitlab.png",
                "image_width": 875,
                "image_height": 612,
                "image_bytes": 71435,
                "from_url": "https:\/\/about.gitlab.com\/install\/#ubuntu",
                "service_icon": "https:\/\/about.gitlab.com\/nuxt-images\/ico\/apple-touch-icon-57x57.png?cache=2022041",
                "id": 1,
                "original_url": "https:\/\/about.gitlab.com\/install\/#ubuntu",
                "fallback": "Download and install GitLab",
                "text": "Download, install and maintain your own GitLab instance with various installation packages and downloads for Linux, Kubernetes, Docker, Google Cloud and more.",
                "title": "Download and install GitLab",
                "title_link": "https:\/\/about.gitlab.com\/install\/#ubuntu",
                "service_name": "about.gitlab.com"
            }
        ],
        "thread_ts": "1681932948.267369",
        "parent_user_id": "U042U2F450R"
    },
    {
        "client_msg_id": "7f93692e-3cd0-4943-a2b4-f024fdbeb246",
        "type": "message",
        "text": "```# akuefler, 2023-04-19:\n# set proxy config via profie.d - should apply for all users\n#\nPROXY_URL=\"<http:\/\/199.100.16.100:3128\/>\"\n\nexport http_proxy=\"$PROXY_URL\"\nexport https_proxy=\"$PROXY_URL\"\nexport ftp_proxy=\"$PROXY_URL\"\nexport no_proxy=\"127.0.0.1,localhost\"\n\n# For curl\nexport HTTP_PROXY=\"$PROXY_URL\"\nexport HTTPS_PROXY=\"$PROXY_URL\"\nexport FTP_PROXY=\"$PROXY_URL\"\nexport NO_PROXY=\"127.0.0.1,localhost\"```",
        "user": "U042R3B76SC",
        "ts": "1681940832.760199",
        "blocks": [
            {
                "type": "rich_text",
                "block_id": "+y7",
                "elements": [
                    {
                        "type": "rich_text_preformatted",
                        "elements": [
                            {
                                "type": "text",
                                "text": "# akuefler, 2023-04-19:\n# set proxy config via profie.d - should apply for all users\n#\nPROXY_URL=\""
                            },
                            {
                                "type": "link",
                                "url": "http:\/\/199.100.16.100:3128\/"
                            },
                            {
                                "type": "text",
                                "text": "\"\n\nexport http_proxy=\"$PROXY_URL\"\nexport https_proxy=\"$PROXY_URL\"\nexport ftp_proxy=\"$PROXY_URL\"\nexport no_proxy=\"127.0.0.1,localhost\"\n\n# For curl\nexport HTTP_PROXY=\"$PROXY_URL\"\nexport HTTPS_PROXY=\"$PROXY_URL\"\nexport FTP_PROXY=\"$PROXY_URL\"\nexport NO_PROXY=\"127.0.0.1,localhost\""
                            }
                        ],
                        "border": 0
                    }
                ]
            }
        ],
        "team": "T042E1514F3",
        "user_team": "T042E1514F3",
        "source_team": "T042E1514F3",
        "user_profile": {
            "avatar_hash": "g6730f37144b",
            "image_72": "https:\/\/secure.gravatar.com\/avatar\/6730f37144bd6ae505b97012a7f22a66.jpg?s=72&d=https%3A%2F%2Fa.slack-edge.com%2Fdf10d%2Fimg%2Favatars%2Fava_0006-72.png",
            "first_name": "chris",
            "real_name": "chris",
            "display_name": "",
            "team": "T042E1514F3",
            "name": "chris",
            "is_restricted": false,
            "is_ultra_restricted": false
        },
        "thread_ts": "1681932948.267369",
        "parent_user_id": "U042U2F450R"
    },
    {
        "client_msg_id": "96dcc547-716e-4dc1-9e6d-7f57b775b4de",
        "type": "message",
        "text": "The above format works for `\/etc\/profile` in Centos 7 and 8.\n\nThe format below works for `\/etc\/environment`in Ubuntu 20 (and probably 22):\n```# akuefler, 2023-04-19:\n# set proxy config via profie.d - should apply for all users\n\nexport http_proxy=\"<http:\/\/199.100.16.100:3128\/>\"\nexport https_proxy=\"<http:\/\/199.100.16.100:3128\/>\"\nexport ftp_proxy=\"<http:\/\/199.100.16.100:3128\/>\"\nexport no_proxy=\"127.0.0.1,localhost\"\n\n# For curl\nexport HTTP_PROXY=\"<http:\/\/199.100.16.100:3128\/>\"\nexport HTTPS_PROXY=\"<http:\/\/199.100.16.100:3128\/>\"\nexport FTP_PROXY=\"<http:\/\/199.100.16.100:3128\/>\"\nexport NO_PROXY=\"127.0.0.1,localhost\"```",
        "user": "U042R3B76SC",
        "ts": "1681949566.283659",
        "blocks": [
            {
                "type": "rich_text",
                "block_id": "PvbkH",
                "elements": [
                    {
                        "type": "rich_text_section",
                        "elements": [
                            {
                                "type": "text",
                                "text": "The above format works for "
                            },
                            {
                                "type": "text",
                                "text": "\/etc\/profile",
                                "style": {
                                    "code": true
                                }
                            },
                            {
                                "type": "text",
                                "text": " in Centos 7 and 8.\n\nThe format below works for "
                            },
                            {
                                "type": "text",
                                "text": "\/etc\/environment",
                                "style": {
                                    "code": true
                                }
                            },
                            {
                                "type": "text",
                                "text": "in Ubuntu 20 (and probably 22):\n"
                            }
                        ]
                    },
                    {
                        "type": "rich_text_preformatted",
                        "elements": [
                            {
                                "type": "text",
                                "text": "# akuefler, 2023-04-19:\n# set proxy config via profie.d - should apply for all users\n\nexport http_proxy=\""
                            },
                            {
                                "type": "link",
                                "url": "http:\/\/199.100.16.100:3128\/"
                            },
                            {
                                "type": "text",
                                "text": "\"\nexport https_proxy=\""
                            },
                            {
                                "type": "link",
                                "url": "http:\/\/199.100.16.100:3128\/"
                            },
                            {
                                "type": "text",
                                "text": "\"\nexport ftp_proxy=\""
                            },
                            {
                                "type": "link",
                                "url": "http:\/\/199.100.16.100:3128\/"
                            },
                            {
                                "type": "text",
                                "text": "\"\nexport no_proxy=\"127.0.0.1,localhost\"\n\n# For curl\nexport HTTP_PROXY=\""
                            },
                            {
                                "type": "link",
                                "url": "http:\/\/199.100.16.100:3128\/"
                            },
                            {
                                "type": "text",
                                "text": "\"\nexport HTTPS_PROXY=\""
                            },
                            {
                                "type": "link",
                                "url": "http:\/\/199.100.16.100:3128\/"
                            },
                            {
                                "type": "text",
                                "text": "\"\nexport FTP_PROXY=\""
                            },
                            {
                                "type": "link",
                                "url": "http:\/\/199.100.16.100:3128\/"
                            },
                            {
                                "type": "text",
                                "text": "\"\nexport NO_PROXY=\"127.0.0.1,localhost\""
                            }
                        ],
                        "border": 0
                    }
                ]
            }
        ],
        "team": "T042E1514F3",
        "user_team": "T042E1514F3",
        "source_team": "T042E1514F3",
        "user_profile": {
            "avatar_hash": "g6730f37144b",
            "image_72": "https:\/\/secure.gravatar.com\/avatar\/6730f37144bd6ae505b97012a7f22a66.jpg?s=72&d=https%3A%2F%2Fa.slack-edge.com%2Fdf10d%2Fimg%2Favatars%2Fava_0006-72.png",
            "first_name": "chris",
            "real_name": "chris",
            "display_name": "",
            "team": "T042E1514F3",
            "name": "chris",
            "is_restricted": false,
            "is_ultra_restricted": false
        },
        "edited": {
            "user": "U042R3B76SC",
            "ts": "1681950303.000000"
        },
        "thread_ts": "1681932948.267369",
        "parent_user_id": "U042U2F450R"
    },
    {
        "client_msg_id": "49a683be-0568-4ce8-9438-2b1edb291fc7",
        "type": "message",
        "text": "*End of Day Notes:*\n1. I have tomorrow off and my #1 job will be to stabilize the network characteristics of our servers. To help me out, please DO NOT:\n    a. Change any networking properties\n    b. Change any service scripts that have to do with networking properties\n    c. Fiddle around with CLI networking tools like `route`,  `ip`, or `ifconfig`, which might change any network characteristics of an instance while I am working on it. \n        i. That could confuse me and cost us time that we don't want to lose. If we don't have stable network profiles, we can't do much else.\n    d. In fact, if you find yourself thinking too hard about network configuration, just STOP. :slightly_smiling_face: \n        i. I'll let you know when you may resume.\n    e. <@U042R51RY2C>, this might apply the most to you, so I'll add this: \"please.\" I can teach everything to you, but this isn't the time. Just let me fix it. I'll take notes and we can review them later.\n2. <@U042U2F450R> and I installed the GitLab server, but it still needs to be configured. Please let Anna and I do that configuration. By having just the two of us work on it end-to-end, we will hopefully have one consistently-built server that will stay up and get us some easy availability points.\n3. <@U041LSQC38X>, you said something about starting documentation by using previous years' docs. Have you gotten a start on that? \n    a. I need you and Anna to determine if there is a way for you to produce the white team documents. \n    b. The DNS records for all the servers are configured on IScore (<http:\/\/iscore.iseage.org|iscore.iseage.org>). Is that enough to go on?\n    c. It's OK to document what _we want to do_, _even if we don't have it done._ For example, it's fine to say that we want to configure firewalls on each server to allow traffic only on certain ports, even if don't have that done yet. Doing so shows that we have a \"roadmap\" and an understanding that this would be valuable. Go ahead and document what we want to implement.\n    d. Also, there's no need to repeat phrases like \"we hope to have done xxx by competition day,\" either. You can just put a single addendum at the end that says that the document represents our roadmap, but due to being a small team with a short preparation window, some of the items in the document may not have been fully implemented before competition day arrived.\nHave a great night &amp; tomorrow. I'll talk to you soon.",
        "user": "U042R3B76SC",
        "ts": "1681956793.333989",
        "blocks": [
            {
                "type": "rich_text",
                "block_id": "pcUCJ",
                "elements": [
                    {
                        "type": "rich_text_section",
                        "elements": [
                            {
                                "type": "text",
                                "text": "End of Day Notes:",
                                "style": {
                                    "bold": true
                                }
                            },
                            {
                                "type": "text",
                                "text": "\n"
                            }
                        ]
                    },
                    {
                        "type": "rich_text_list",
                        "elements": [
                            {
                                "type": "rich_text_section",
                                "elements": [
                                    {
                                        "type": "text",
                                        "text": "I have tomorrow off and my #1 job will be to stabilize the network characteristics of our servers. To help me out, please DO NOT:"
                                    }
                                ]
                            }
                        ],
                        "style": "ordered",
                        "indent": 0,
                        "border": 0
                    },
                    {
                        "type": "rich_text_list",
                        "elements": [
                            {
                                "type": "rich_text_section",
                                "elements": [
                                    {
                                        "type": "text",
                                        "text": "Change any networking properties"
                                    }
                                ]
                            },
                            {
                                "type": "rich_text_section",
                                "elements": [
                                    {
                                        "type": "text",
                                        "text": "Change any service scripts that have to do with networking properties"
                                    }
                                ]
                            },
                            {
                                "type": "rich_text_section",
                                "elements": [
                                    {
                                        "type": "text",
                                        "text": "Fiddle around with CLI networking tools like "
                                    },
                                    {
                                        "type": "text",
                                        "text": "route",
                                        "style": {
                                            "code": true
                                        }
                                    },
                                    {
                                        "type": "text",
                                        "text": ",  "
                                    },
                                    {
                                        "type": "text",
                                        "text": "ip",
                                        "style": {
                                            "code": true
                                        }
                                    },
                                    {
                                        "type": "text",
                                        "text": ", or "
                                    },
                                    {
                                        "type": "text",
                                        "text": "ifconfig",
                                        "style": {
                                            "code": true
                                        }
                                    },
                                    {
                                        "type": "text",
                                        "text": ", which might change any network characteristics of an instance while I am working on it. "
                                    }
                                ]
                            }
                        ],
                        "style": "ordered",
                        "indent": 1,
                        "border": 0
                    },
                    {
                        "type": "rich_text_list",
                        "elements": [
                            {
                                "type": "rich_text_section",
                                "elements": [
                                    {
                                        "type": "text",
                                        "text": "That could confuse me and cost us time that we don't want to lose. If we don't have stable network profiles, we can't do much else."
                                    }
                                ]
                            }
                        ],
                        "style": "ordered",
                        "indent": 2,
                        "border": 0
                    },
                    {
                        "type": "rich_text_list",
                        "elements": [
                            {
                                "type": "rich_text_section",
                                "elements": [
                                    {
                                        "type": "text",
                                        "text": "In fact, if you find yourself thinking too hard about network configuration, just STOP. "
                                    },
                                    {
                                        "type": "emoji",
                                        "name": "slightly_smiling_face",
                                        "unicode": "1f642"
                                    },
                                    {
                                        "type": "text",
                                        "text": " "
                                    }
                                ]
                            }
                        ],
                        "style": "ordered",
                        "indent": 1,
                        "offset": 3,
                        "border": 0
                    },
                    {
                        "type": "rich_text_list",
                        "elements": [
                            {
                                "type": "rich_text_section",
                                "elements": [
                                    {
                                        "type": "text",
                                        "text": "I'll let you know when you may resume."
                                    }
                                ]
                            }
                        ],
                        "style": "ordered",
                        "indent": 2,
                        "border": 0
                    },
                    {
                        "type": "rich_text_list",
                        "elements": [
                            {
                                "type": "rich_text_section",
                                "elements": [
                                    {
                                        "type": "user",
                                        "user_id": "U042R51RY2C"
                                    },
                                    {
                                        "type": "text",
                                        "text": ", this might apply the most to you, so I'll add this: \"please.\" I can teach everything to you, but this isn't the time. Just let me fix it. I'll take notes and we can review them later."
                                    }
                                ]
                            }
                        ],
                        "style": "ordered",
                        "indent": 1,
                        "offset": 4,
                        "border": 0
                    },
                    {
                        "type": "rich_text_list",
                        "elements": [
                            {
                                "type": "rich_text_section",
                                "elements": [
                                    {
                                        "type": "user",
                                        "user_id": "U042U2F450R"
                                    },
                                    {
                                        "type": "text",
                                        "text": " and I installed the GitLab server, but it still needs to be configured. Please let Anna and I do that configuration. By having just the two of us work on it end-to-end, we will hopefully have one consistently-built server that will stay up and get us some easy availability points."
                                    }
                                ]
                            },
                            {
                                "type": "rich_text_section",
                                "elements": [
                                    {
                                        "type": "user",
                                        "user_id": "U041LSQC38X"
                                    },
                                    {
                                        "type": "text",
                                        "text": ", you said something about starting documentation by using previous years' docs. Have you gotten a start on that? "
                                    }
                                ]
                            }
                        ],
                        "style": "ordered",
                        "indent": 0,
                        "offset": 1,
                        "border": 0
                    },
                    {
                        "type": "rich_text_list",
                        "elements": [
                            {
                                "type": "rich_text_section",
                                "elements": [
                                    {
                                        "type": "text",
                                        "text": "I need you and Anna to determine if there is a way for you to produce the white team documents. "
                                    }
                                ]
                            },
                            {
                                "type": "rich_text_section",
                                "elements": [
                                    {
                                        "type": "text",
                                        "text": "The DNS records for all the servers are configured on IScore ("
                                    },
                                    {
                                        "type": "link",
                                        "url": "http:\/\/iscore.iseage.org",
                                        "text": "iscore.iseage.org"
                                    },
                                    {
                                        "type": "text",
                                        "text": "). Is that enough to go on?"
                                    }
                                ]
                            },
                            {
                                "type": "rich_text_section",
                                "elements": [
                                    {
                                        "type": "text",
                                        "text": "It's OK to document what "
                                    },
                                    {
                                        "type": "text",
                                        "text": "we want to do",
                                        "style": {
                                            "italic": true
                                        }
                                    },
                                    {
                                        "type": "text",
                                        "text": ", "
                                    },
                                    {
                                        "type": "text",
                                        "text": "even if we don't have it done. ",
                                        "style": {
                                            "italic": true
                                        }
                                    },
                                    {
                                        "type": "text",
                                        "text": "For example, it's fine to say that we want to configure firewalls on each server to allow traffic only on certain ports, even if don't have that done yet. Doing so shows that we have a \"roadmap\" and an understanding that this would be valuable. Go ahead and document what we want to implement."
                                    }
                                ]
                            },
                            {
                                "type": "rich_text_section",
                                "elements": [
                                    {
                                        "type": "text",
                                        "text": "Also, there's no need to repeat phrases like \"we hope to have done xxx by competition day,\" either. You can just put a single addendum at the end that says that the document represents our roadmap, but due to being a small team with a short preparation window, some of the items in the document may not have been fully implemented before competition day arrived."
                                    }
                                ]
                            }
                        ],
                        "style": "ordered",
                        "indent": 1,
                        "border": 0
                    },
                    {
                        "type": "rich_text_section",
                        "elements": [
                            {
                                "type": "text",
                                "text": "\nHave a great night & tomorrow. I'll talk to you soon."
                            }
                        ]
                    }
                ]
            }
        ],
        "team": "T042E1514F3",
        "user_team": "T042E1514F3",
        "source_team": "T042E1514F3",
        "user_profile": {
            "avatar_hash": "g6730f37144b",
            "image_72": "https:\/\/secure.gravatar.com\/avatar\/6730f37144bd6ae505b97012a7f22a66.jpg?s=72&d=https%3A%2F%2Fa.slack-edge.com%2Fdf10d%2Fimg%2Favatars%2Fava_0006-72.png",
            "first_name": "chris",
            "real_name": "chris",
            "display_name": "",
            "team": "T042E1514F3",
            "name": "chris",
            "is_restricted": false,
            "is_ultra_restricted": false
        },
        "thread_ts": "1681956793.333989",
        "reply_count": 4,
        "reply_users_count": 2,
        "latest_reply": "1681956925.162619",
        "reply_users": [
            "U042R51RY2C",
            "U042R3B76SC"
        ],
        "replies": [
            {
                "user": "U042R51RY2C",
                "ts": "1681956864.352409"
            },
            {
                "user": "U042R3B76SC",
                "ts": "1681956884.099009"
            },
            {
                "user": "U042R3B76SC",
                "ts": "1681956899.091129"
            },
            {
                "user": "U042R3B76SC",
                "ts": "1681956925.162619"
            }
        ],
        "is_locked": false,
        "subscribed": true,
        "last_read": "1681956925.162619"
    },
    {
        "client_msg_id": "C8A39D21-DCD6-4E8A-B6AA-FC29F1C0006E",
        "type": "message",
        "text": "Yup I will keep my hands off the server’s tomorrow!",
        "user": "U042R51RY2C",
        "ts": "1681956864.352409",
        "blocks": [
            {
                "type": "rich_text",
                "block_id": "W8vGI",
                "elements": [
                    {
                        "type": "rich_text_section",
                        "elements": [
                            {
                                "type": "text",
                                "text": "Yup I will keep my hands off the "
                            },
                            {
                                "type": "text",
                                "text": "server’s tomorrow"
                            },
                            {
                                "type": "text",
                                "text": "!"
                            }
                        ]
                    }
                ]
            }
        ],
        "team": "T042E1514F3",
        "user_team": "T042E1514F3",
        "source_team": "T042E1514F3",
        "user_profile": {
            "avatar_hash": "g24c32288d4d",
            "image_72": "https:\/\/secure.gravatar.com\/avatar\/24c32288d4dbbf5694cc5c9609ec1853.jpg?s=72&d=https%3A%2F%2Fa.slack-edge.com%2Fdf10d%2Fimg%2Favatars%2Fava_0017-72.png",
            "first_name": "Tristan",
            "real_name": "Tristan Ribble",
            "display_name": "",
            "team": "T042E1514F3",
            "name": "tmribble07",
            "is_restricted": false,
            "is_ultra_restricted": false
        },
        "thread_ts": "1681956793.333989",
        "parent_user_id": "U042R3B76SC"
    },
    {
        "client_msg_id": "1f66f5c9-fef4-4d7b-9e3c-cccfe73b67a8",
        "type": "message",
        "text": "Just the networking stuff. :slightly_smiling_face:",
        "user": "U042R3B76SC",
        "ts": "1681956884.099009",
        "blocks": [
            {
                "type": "rich_text",
                "block_id": "2cnxn",
                "elements": [
                    {
                        "type": "rich_text_section",
                        "elements": [
                            {
                                "type": "text",
                                "text": "Just the networking stuff. "
                            },
                            {
                                "type": "emoji",
                                "name": "slightly_smiling_face",
                                "unicode": "1f642"
                            }
                        ]
                    }
                ]
            }
        ],
        "team": "T042E1514F3",
        "user_team": "T042E1514F3",
        "source_team": "T042E1514F3",
        "user_profile": {
            "avatar_hash": "g6730f37144b",
            "image_72": "https:\/\/secure.gravatar.com\/avatar\/6730f37144bd6ae505b97012a7f22a66.jpg?s=72&d=https%3A%2F%2Fa.slack-edge.com%2Fdf10d%2Fimg%2Favatars%2Fava_0006-72.png",
            "first_name": "chris",
            "real_name": "chris",
            "display_name": "",
            "team": "T042E1514F3",
            "name": "chris",
            "is_restricted": false,
            "is_ultra_restricted": false
        },
        "thread_ts": "1681956793.333989",
        "parent_user_id": "U042R3B76SC"
    },
    {
        "client_msg_id": "35b34353-fc70-4f6a-babe-b9eefcff3bab",
        "type": "message",
        "text": "Let me know if you're working on other stuff so we can coordinate.",
        "user": "U042R3B76SC",
        "ts": "1681956899.091129",
        "blocks": [
            {
                "type": "rich_text",
                "block_id": "9MQ",
                "elements": [
                    {
                        "type": "rich_text_section",
                        "elements": [
                            {
                                "type": "text",
                                "text": "Let me know if you're working on other stuff so we can coordinate."
                            }
                        ]
                    }
                ]
            }
        ],
        "team": "T042E1514F3",
        "user_team": "T042E1514F3",
        "source_team": "T042E1514F3",
        "user_profile": {
            "avatar_hash": "g6730f37144b",
            "image_72": "https:\/\/secure.gravatar.com\/avatar\/6730f37144bd6ae505b97012a7f22a66.jpg?s=72&d=https%3A%2F%2Fa.slack-edge.com%2Fdf10d%2Fimg%2Favatars%2Fava_0006-72.png",
            "first_name": "chris",
            "real_name": "chris",
            "display_name": "",
            "team": "T042E1514F3",
            "name": "chris",
            "is_restricted": false,
            "is_ultra_restricted": false
        },
        "edited": {
            "user": "U042R3B76SC",
            "ts": "1681956914.000000"
        },
        "thread_ts": "1681956793.333989",
        "parent_user_id": "U042R3B76SC"
    },
    {
        "client_msg_id": "89db7677-4d0d-4a83-addf-66e8265b061b",
        "type": "message",
        "text": "Same for <@U041LSQC38X> and <@U042U2F450R>.",
        "user": "U042R3B76SC",
        "ts": "1681956925.162619",
        "blocks": [
            {
                "type": "rich_text",
                "block_id": "zB6Ez",
                "elements": [
                    {
                        "type": "rich_text_section",
                        "elements": [
                            {
                                "type": "text",
                                "text": "Same for "
                            },
                            {
                                "type": "user",
                                "user_id": "U041LSQC38X"
                            },
                            {
                                "type": "text",
                                "text": " and "
                            },
                            {
                                "type": "user",
                                "user_id": "U042U2F450R"
                            },
                            {
                                "type": "text",
                                "text": "."
                            }
                        ]
                    }
                ]
            }
        ],
        "team": "T042E1514F3",
        "user_team": "T042E1514F3",
        "source_team": "T042E1514F3",
        "user_profile": {
            "avatar_hash": "g6730f37144b",
            "image_72": "https:\/\/secure.gravatar.com\/avatar\/6730f37144bd6ae505b97012a7f22a66.jpg?s=72&d=https%3A%2F%2Fa.slack-edge.com%2Fdf10d%2Fimg%2Favatars%2Fava_0006-72.png",
            "first_name": "chris",
            "real_name": "chris",
            "display_name": "",
            "team": "T042E1514F3",
            "name": "chris",
            "is_restricted": false,
            "is_ultra_restricted": false
        },
        "thread_ts": "1681956793.333989",
        "parent_user_id": "U042R3B76SC"
    }
]