[
    {
        "client_msg_id": "5b2faa2b-7ad2-4de6-ae33-51581e10b275",
        "type": "message",
        "text": "<https:\/\/github.com\/sql-sith\/cdc-2023>",
        "user": "U042R3B76SC",
        "ts": "1677341327.988059",
        "blocks": [
            {
                "type": "rich_text",
                "block_id": "O\/PDx",
                "elements": [
                    {
                        "type": "rich_text_section",
                        "elements": [
                            {
                                "type": "link",
                                "url": "https:\/\/github.com\/sql-sith\/cdc-2023"
                            }
                        ]
                    }
                ]
            }
        ],
        "team": "T042E1514F3",
        "user_team": "T042E1514F3",
        "source_team": "T042E1514F3",
        "user_profile": {
            "avatar_hash": "g6730f37144b",
            "image_72": "https:\/\/secure.gravatar.com\/avatar\/6730f37144bd6ae505b97012a7f22a66.jpg?s=72&d=https%3A%2F%2Fa.slack-edge.com%2Fdf10d%2Fimg%2Favatars%2Fava_0006-72.png",
            "first_name": "chris",
            "real_name": "chris",
            "display_name": "",
            "team": "T042E1514F3",
            "name": "chris",
            "is_restricted": false,
            "is_ultra_restricted": false
        },
        "attachments": [
            {
                "image_url": "https:\/\/opengraph.githubassets.com\/01148936d4bae6d94e732be062fda5eb536d668484df40121876bb5c710f113d\/sql-sith\/cdc-2023",
                "image_width": 1200,
                "image_height": 600,
                "image_bytes": 130227,
                "from_url": "https:\/\/github.com\/sql-sith\/cdc-2023",
                "service_icon": "https:\/\/a.slack-edge.com\/80588\/img\/unfurl_icons\/github.png",
                "id": 1,
                "original_url": "https:\/\/github.com\/sql-sith\/cdc-2023",
                "fallback": "GitHub: GitHub - sql-sith\/cdc-2023: Information for Cedar Rapids Area Homeschools Cyber Defense Team, 2022-2023",
                "text": "Information for Cedar Rapids Area Homeschools Cyber Defense Team, 2022-2023 - GitHub - sql-sith\/cdc-2023: Information for Cedar Rapids Area Homeschools Cyber Defense Team, 2022-2023",
                "title": "GitHub - sql-sith\/cdc-2023: Information for Cedar Rapids Area Homeschools Cyber Defense Team, 2022-2023",
                "title_link": "https:\/\/github.com\/sql-sith\/cdc-2023",
                "service_name": "GitHub"
            }
        ]
    },
    {
        "client_msg_id": "fc12cde6-5106-46f5-9950-0435030e8935",
        "type": "message",
        "text": "Click that ^ ^",
        "user": "U042R3B76SC",
        "ts": "1677341332.300469",
        "blocks": [
            {
                "type": "rich_text",
                "block_id": "2=qd",
                "elements": [
                    {
                        "type": "rich_text_section",
                        "elements": [
                            {
                                "type": "text",
                                "text": "Click that ^ ^"
                            }
                        ]
                    }
                ]
            }
        ],
        "team": "T042E1514F3",
        "user_team": "T042E1514F3",
        "source_team": "T042E1514F3",
        "user_profile": {
            "avatar_hash": "g6730f37144b",
            "image_72": "https:\/\/secure.gravatar.com\/avatar\/6730f37144bd6ae505b97012a7f22a66.jpg?s=72&d=https%3A%2F%2Fa.slack-edge.com%2Fdf10d%2Fimg%2Favatars%2Fava_0006-72.png",
            "first_name": "chris",
            "real_name": "chris",
            "display_name": "",
            "team": "T042E1514F3",
            "name": "chris",
            "is_restricted": false,
            "is_ultra_restricted": false
        }
    },
    {
        "client_msg_id": "dab2f1c1-6ad7-4bf5-b80a-48cd780a2dd0",
        "type": "message",
        "text": "Trust me",
        "user": "U042R3B76SC",
        "ts": "1677341335.159919",
        "blocks": [
            {
                "type": "rich_text",
                "block_id": "I6C",
                "elements": [
                    {
                        "type": "rich_text_section",
                        "elements": [
                            {
                                "type": "text",
                                "text": "Trust me"
                            }
                        ]
                    }
                ]
            }
        ],
        "team": "T042E1514F3",
        "user_team": "T042E1514F3",
        "source_team": "T042E1514F3",
        "user_profile": {
            "avatar_hash": "g6730f37144b",
            "image_72": "https:\/\/secure.gravatar.com\/avatar\/6730f37144bd6ae505b97012a7f22a66.jpg?s=72&d=https%3A%2F%2Fa.slack-edge.com%2Fdf10d%2Fimg%2Favatars%2Fava_0006-72.png",
            "first_name": "chris",
            "real_name": "chris",
            "display_name": "",
            "team": "T042E1514F3",
            "name": "chris",
            "is_restricted": false,
            "is_ultra_restricted": false
        }
    },
    {
        "client_msg_id": "aebc7185-a971-4b04-b36b-881032c63820",
        "type": "message",
        "text": "It's not a Rickroll",
        "user": "U042R3B76SC",
        "ts": "1677341340.855399",
        "blocks": [
            {
                "type": "rich_text",
                "block_id": "sXGLh",
                "elements": [
                    {
                        "type": "rich_text_section",
                        "elements": [
                            {
                                "type": "text",
                                "text": "It's not a Rickroll"
                            }
                        ]
                    }
                ]
            }
        ],
        "team": "T042E1514F3",
        "user_team": "T042E1514F3",
        "source_team": "T042E1514F3",
        "user_profile": {
            "avatar_hash": "g6730f37144b",
            "image_72": "https:\/\/secure.gravatar.com\/avatar\/6730f37144bd6ae505b97012a7f22a66.jpg?s=72&d=https%3A%2F%2Fa.slack-edge.com%2Fdf10d%2Fimg%2Favatars%2Fava_0006-72.png",
            "first_name": "chris",
            "real_name": "chris",
            "display_name": "",
            "team": "T042E1514F3",
            "name": "chris",
            "is_restricted": false,
            "is_ultra_restricted": false
        }
    },
    {
        "client_msg_id": "1dc8f0d2-9f12-471a-9f8b-5d789a19717e",
        "type": "message",
        "text": "Maybe a virus",
        "user": "U042R3B76SC",
        "ts": "1677341344.519769",
        "blocks": [
            {
                "type": "rich_text",
                "block_id": "5RJ8",
                "elements": [
                    {
                        "type": "rich_text_section",
                        "elements": [
                            {
                                "type": "text",
                                "text": "Maybe a virus"
                            }
                        ]
                    }
                ]
            }
        ],
        "team": "T042E1514F3",
        "user_team": "T042E1514F3",
        "source_team": "T042E1514F3",
        "user_profile": {
            "avatar_hash": "g6730f37144b",
            "image_72": "https:\/\/secure.gravatar.com\/avatar\/6730f37144bd6ae505b97012a7f22a66.jpg?s=72&d=https%3A%2F%2Fa.slack-edge.com%2Fdf10d%2Fimg%2Favatars%2Fava_0006-72.png",
            "first_name": "chris",
            "real_name": "chris",
            "display_name": "",
            "team": "T042E1514F3",
            "name": "chris",
            "is_restricted": false,
            "is_ultra_restricted": false
        }
    }
]