[
    {
        "client_msg_id": "9f6e3d6b-bef7-425f-8a23-5842a5f63baa",
        "type": "message",
        "text": "*PERMISSION SLIP FOR FIELD TRIP* \n\n\n______________May 15, 2023______________\n(Today’s Date)\n\n\n_____Cedar Valley Homeschool IT Club_______________________\n(Name of Class)\n\n\nhas a special field trip planned and would like your permission to take your child.\n\n\nDate of trip_____May 22, 2023________ Departure Time____3:00 A.M.________\n\nLocation of Trip__Iowa State University_ Return Time______6:00 P.M._________\n\nPhone (_630_)__362-2065________ Method of Travel_____Private Car_______________\n\nDrivers(s)_____Daniel Tice________________________________________\nTo give permission, please sign the lower half of the permission slip and return it to the class by\n\n\n ____May 19, 2023______________________\n(Date)\n(keep the top half for your information)\n(cut along dotted line and return this half)\n*PERMISSION SLIP FOR FIELD TRIP* \n\n\n\nChild’s name _________________________________________________________\n (Last) (First)\n\nI give permission for my child to attend with ____Cedar Valley Homeschool IT Club____\n (Name of Class)\n\nMentors on a field trip to ____________________________ on ____________________\n (Location of Trip) (Date)\n\nI can be reached at (____)___________________ during the hours of the field trip.\n (Phone Number)\n\n\n______________________________________ ________________\nSignature of parent\/guardian Date",
        "user": "U0421AQBX8B",
        "ts": "1684195223.091489",
        "blocks": [
            {
                "type": "rich_text",
                "block_id": "yZR",
                "elements": [
                    {
                        "type": "rich_text_section",
                        "elements": [
                            {
                                "type": "text",
                                "text": "PERMISSION SLIP FOR FIELD TRIP ",
                                "style": {
                                    "bold": true
                                }
                            },
                            {
                                "type": "text",
                                "text": "\n\n\n______________May 15, 2023______________\n(Today’s Date)\n\n\n_____Cedar Valley Homeschool IT Club_______________________\n(Name of Class)\n\n\nhas a special field trip planned and would like your permission to take your child.\n\n\nDate of trip_____May 22, 2023________ Departure Time____3:00 A.M.________\n\nLocation of Trip__Iowa State University_ Return Time______6:00 P.M._________\n\nPhone (_630_)__362-2065________ Method of Travel_____Private Car_______________\n\nDrivers(s)_____Daniel Tice________________________________________\nTo give permission, please sign the lower half of the permission slip and return it to the class by\n\n\n ____May 19, 2023______________________\n(Date)\n(keep the top half for your information)\n(cut along dotted line and return this half)\n"
                            },
                            {
                                "type": "text",
                                "text": "PERMISSION SLIP FOR FIELD TRIP ",
                                "style": {
                                    "bold": true
                                }
                            },
                            {
                                "type": "text",
                                "text": "\n\n\n\nChild’s name _________________________________________________________\n (Last) (First)\n\nI give permission for my child to attend with ____Cedar Valley Homeschool IT Club____\n (Name of Class)\n\nMentors on a field trip to ____________________________ on ____________________\n (Location of Trip) (Date)\n\nI can be reached at (____)___________________ during the hours of the field trip.\n (Phone Number)\n\n\n______________________________________ ________________\nSignature of parent\/guardian Date"
                            }
                        ]
                    }
                ]
            }
        ],
        "team": "T042E1514F3",
        "user_team": "T042E1514F3",
        "source_team": "T042E1514F3",
        "user_profile": {
            "avatar_hash": "g4c1eed42032",
            "image_72": "https:\/\/secure.gravatar.com\/avatar\/4c1eed420327197d000fb89a053a08f3.jpg?s=72&d=https%3A%2F%2Fa.slack-edge.com%2Fdf10d%2Fimg%2Favatars%2Fava_0013-72.png",
            "first_name": "Daniel",
            "real_name": "Daniel Tice",
            "display_name": "Daniel Tice",
            "team": "T042E1514F3",
            "name": "danielstice",
            "is_restricted": false,
            "is_ultra_restricted": false
        },
        "edited": {
            "user": "U0421AQBX8B",
            "ts": "1684195340.000000"
        }
    },
    {
        "client_msg_id": "3098a0d0-71dc-4c15-9787-27ecda4c9c94",
        "type": "message",
        "text": "<@U042U2F450R> <@U042R51RY2C>  Can you print this and have your folks sign a slip?  Thanks!  Dan",
        "user": "U0421AQBX8B",
        "ts": "1684195291.602189",
        "blocks": [
            {
                "type": "rich_text",
                "block_id": "ooMNK",
                "elements": [
                    {
                        "type": "rich_text_section",
                        "elements": [
                            {
                                "type": "user",
                                "user_id": "U042U2F450R"
                            },
                            {
                                "type": "text",
                                "text": " "
                            },
                            {
                                "type": "user",
                                "user_id": "U042R51RY2C"
                            },
                            {
                                "type": "text",
                                "text": "  Can you print this and have your folks sign a slip?  Thanks!  Dan"
                            }
                        ]
                    }
                ]
            }
        ],
        "team": "T042E1514F3",
        "user_team": "T042E1514F3",
        "source_team": "T042E1514F3",
        "user_profile": {
            "avatar_hash": "g4c1eed42032",
            "image_72": "https:\/\/secure.gravatar.com\/avatar\/4c1eed420327197d000fb89a053a08f3.jpg?s=72&d=https%3A%2F%2Fa.slack-edge.com%2Fdf10d%2Fimg%2Favatars%2Fava_0013-72.png",
            "first_name": "Daniel",
            "real_name": "Daniel Tice",
            "display_name": "Daniel Tice",
            "team": "T042E1514F3",
            "name": "danielstice",
            "is_restricted": false,
            "is_ultra_restricted": false
        }
    }
]