[
    {
        "bot_id": "B052RHNE82E",
        "type": "message",
        "text": "tmribble07 transitioned CDC2023-48 Scrat is definitely a stego, there are copies of it everywhere, t… from Billing ⟶ Done",
        "user": "U053F8E317S",
        "ts": "1681563738.829579",
        "app_id": "A2RPP3NFR",
        "blocks": [
            {
                "type": "section",
                "block_id": "no:ih:10047::c0a7fda0db8d11ed8c1f37facaaa2883",
                "text": {
                    "type": "mrkdwn",
                    "text": "*tmribble07 transitioned a Task from `Billing` ⟶ `Done`*\n*<https:\/\/cdc2023.atlassian.net\/browse\/CDC2023-48?atlOrigin=eyJpIjoiYWE3Y2I1N2ZkZmJlNGE5MjhhMTg2NzY4ZDRmMWJhNTQiLCJwIjoiamlyYS1zbGFjay1pbnQifQ|CDC2023-48 Scrat is definitely a stego, there are copies of it everywhere, t…>*",
                    "verbatim": false
                },
                "accessory": {
                    "type": "overflow",
                    "action_id": "{\"issueId\":\"10047\",\"instanceId\":\"10611f2c-0537-3ea5-a6a7-765564e825d7\",\"projectId\":\"10000\"}",
                    "options": [
                        {
                            "text": {
                                "type": "plain_text",
                                "text": "Watch",
                                "emoji": true
                            },
                            "value": "watch"
                        },
                        {
                            "text": {
                                "type": "plain_text",
                                "text": "Comment",
                                "emoji": true
                            },
                            "value": "comment"
                        },
                        {
                            "text": {
                                "type": "plain_text",
                                "text": "Assign",
                                "emoji": true
                            },
                            "value": "assign"
                        },
                        {
                            "text": {
                                "type": "plain_text",
                                "text": "Transition",
                                "emoji": true
                            },
                            "value": "transition"
                        },
                        {
                            "text": {
                                "type": "plain_text",
                                "text": "Why am I seeing this?",
                                "emoji": true
                            },
                            "value": "why"
                        }
                    ]
                }
            }
        ],
        "team": "T042E1514F3",
        "bot_profile": {
            "id": "B052RHNE82E",
            "app_id": "A2RPP3NFR",
            "name": "Jira Cloud",
            "icons": {
                "image_36": "https:\/\/avatars.slack-edge.com\/2018-11-30\/493753869479_4b703f4119efe3d7d0ff_36.png",
                "image_48": "https:\/\/avatars.slack-edge.com\/2018-11-30\/493753869479_4b703f4119efe3d7d0ff_48.png",
                "image_72": "https:\/\/avatars.slack-edge.com\/2018-11-30\/493753869479_4b703f4119efe3d7d0ff_72.png"
            },
            "deleted": false,
            "updated": 1681239587,
            "team_id": "T042E1514F3"
        }
    },
    {
        "bot_id": "B052RHNE82E",
        "type": "message",
        "text": "tmribble07 transitioned CDC2023-46 investigate \/root\/scrat it is probably a steganography. from Billing ⟶ Done",
        "user": "U053F8E317S",
        "ts": "1681563744.963829",
        "app_id": "A2RPP3NFR",
        "blocks": [
            {
                "type": "section",
                "block_id": "no:ih:10045::c453eea0db8d11edada819c033a21df1",
                "text": {
                    "type": "mrkdwn",
                    "text": "*tmribble07 transitioned a Task from `Billing` ⟶ `Done`*\n*<https:\/\/cdc2023.atlassian.net\/browse\/CDC2023-46?atlOrigin=eyJpIjoiYzJkMzk1NDkwYjU3NGM5MDgxZGIzZGQ4Zjk0YTdhNWMiLCJwIjoiamlyYS1zbGFjay1pbnQifQ|CDC2023-46 investigate \/root\/scrat it is probably a steganography.>*",
                    "verbatim": false
                },
                "accessory": {
                    "type": "overflow",
                    "action_id": "{\"issueId\":\"10045\",\"instanceId\":\"10611f2c-0537-3ea5-a6a7-765564e825d7\",\"projectId\":\"10000\"}",
                    "options": [
                        {
                            "text": {
                                "type": "plain_text",
                                "text": "Watch",
                                "emoji": true
                            },
                            "value": "watch"
                        },
                        {
                            "text": {
                                "type": "plain_text",
                                "text": "Comment",
                                "emoji": true
                            },
                            "value": "comment"
                        },
                        {
                            "text": {
                                "type": "plain_text",
                                "text": "Assign",
                                "emoji": true
                            },
                            "value": "assign"
                        },
                        {
                            "text": {
                                "type": "plain_text",
                                "text": "Transition",
                                "emoji": true
                            },
                            "value": "transition"
                        },
                        {
                            "text": {
                                "type": "plain_text",
                                "text": "Why am I seeing this?",
                                "emoji": true
                            },
                            "value": "why"
                        }
                    ]
                }
            }
        ],
        "team": "T042E1514F3",
        "bot_profile": {
            "id": "B052RHNE82E",
            "app_id": "A2RPP3NFR",
            "name": "Jira Cloud",
            "icons": {
                "image_36": "https:\/\/avatars.slack-edge.com\/2018-11-30\/493753869479_4b703f4119efe3d7d0ff_36.png",
                "image_48": "https:\/\/avatars.slack-edge.com\/2018-11-30\/493753869479_4b703f4119efe3d7d0ff_48.png",
                "image_72": "https:\/\/avatars.slack-edge.com\/2018-11-30\/493753869479_4b703f4119efe3d7d0ff_72.png"
            },
            "deleted": false,
            "updated": 1681239587,
            "team_id": "T042E1514F3"
        }
    },
    {
        "bot_id": "B052RHNE82E",
        "type": "message",
        "text": "tmribble07 created a Task CDC2023-52 \/etc\/sudoers needs to be edited, the group wheel is a security ha…",
        "user": "U053F8E317S",
        "ts": "1681563874.644109",
        "app_id": "A2RPP3NFR",
        "blocks": [
            {
                "type": "section",
                "block_id": "no:ih:10051::11a18370db8e11ed8ff3954d791b6527",
                "text": {
                    "type": "mrkdwn",
                    "text": "*tmribble07 created a Task*\n*<https:\/\/cdc2023.atlassian.net\/browse\/CDC2023-52?atlOrigin=eyJpIjoiODczODMzYWIzMDE5NDAxODlmNmIzMzgyYzc0ZDg1NTIiLCJwIjoiamlyYS1zbGFjay1pbnQifQ|CDC2023-52 \/etc\/sudoers needs to be edited, the group wheel is a security ha…>*",
                    "verbatim": false
                },
                "accessory": {
                    "type": "overflow",
                    "action_id": "{\"issueId\":\"10051\",\"instanceId\":\"10611f2c-0537-3ea5-a6a7-765564e825d7\",\"projectId\":\"10000\"}",
                    "options": [
                        {
                            "text": {
                                "type": "plain_text",
                                "text": "Watch",
                                "emoji": true
                            },
                            "value": "watch"
                        },
                        {
                            "text": {
                                "type": "plain_text",
                                "text": "Comment",
                                "emoji": true
                            },
                            "value": "comment"
                        },
                        {
                            "text": {
                                "type": "plain_text",
                                "text": "Assign",
                                "emoji": true
                            },
                            "value": "assign"
                        },
                        {
                            "text": {
                                "type": "plain_text",
                                "text": "Transition",
                                "emoji": true
                            },
                            "value": "transition"
                        },
                        {
                            "text": {
                                "type": "plain_text",
                                "text": "Why am I seeing this?",
                                "emoji": true
                            },
                            "value": "why"
                        }
                    ]
                }
            },
            {
                "type": "context",
                "block_id": "no:cx:10051::11a18371db8e11ed8ff3954d791b6527",
                "elements": [
                    {
                        "type": "mrkdwn",
                        "text": "Status: *To Do*",
                        "verbatim": false
                    },
                    {
                        "type": "image",
                        "image_url": "https:\/\/product-integrations-cdn.atl-paas.net\/jira-issuetype\/task.png",
                        "alt_text": "Task"
                    },
                    {
                        "type": "mrkdwn",
                        "text": "Type: *Task*",
                        "verbatim": false
                    },
                    {
                        "type": "image",
                        "image_url": "https:\/\/product-integrations-cdn.atl-paas.net\/icons\/unknown-user.png",
                        "alt_text": "Unassigned"
                    },
                    {
                        "type": "mrkdwn",
                        "text": "Assignee: *Unassigned*",
                        "verbatim": false
                    },
                    {
                        "type": "image",
                        "image_url": "https:\/\/product-integrations-cdn.atl-paas.net\/jira-priority\/medium.png",
                        "alt_text": "Medium"
                    },
                    {
                        "type": "mrkdwn",
                        "text": "Priority: *Medium*",
                        "verbatim": false
                    }
                ]
            }
        ],
        "team": "T042E1514F3",
        "bot_profile": {
            "id": "B052RHNE82E",
            "app_id": "A2RPP3NFR",
            "name": "Jira Cloud",
            "icons": {
                "image_36": "https:\/\/avatars.slack-edge.com\/2018-11-30\/493753869479_4b703f4119efe3d7d0ff_36.png",
                "image_48": "https:\/\/avatars.slack-edge.com\/2018-11-30\/493753869479_4b703f4119efe3d7d0ff_48.png",
                "image_72": "https:\/\/avatars.slack-edge.com\/2018-11-30\/493753869479_4b703f4119efe3d7d0ff_72.png"
            },
            "deleted": false,
            "updated": 1681239587,
            "team_id": "T042E1514F3"
        }
    },
    {
        "bot_id": "B052RHNE82E",
        "type": "message",
        "text": "tmribble07 transitioned CDC2023-14 investigate \/root\/anaconda&lt;tab&gt; it it weird and wrong from WWW ⟶ Done",
        "user": "U053F8E317S",
        "ts": "1681564290.691839",
        "app_id": "A2RPP3NFR",
        "blocks": [
            {
                "type": "section",
                "block_id": "no:ih:10013::099cca30db8f11ed92d825b2cb1fb1ff",
                "text": {
                    "type": "mrkdwn",
                    "text": "*tmribble07 transitioned a Task from `WWW` ⟶ `Done`*\n*<https:\/\/cdc2023.atlassian.net\/browse\/CDC2023-14?atlOrigin=eyJpIjoiZGVlYjZmODUwOWVjNDJkNWFkMGUwNTllZDMyYjgwYjQiLCJwIjoiamlyYS1zbGFjay1pbnQifQ|CDC2023-14 investigate \/root\/anaconda&lt;tab&gt; it it weird and wrong>*",
                    "verbatim": false
                },
                "accessory": {
                    "type": "overflow",
                    "action_id": "{\"issueId\":\"10013\",\"instanceId\":\"10611f2c-0537-3ea5-a6a7-765564e825d7\",\"projectId\":\"10000\"}",
                    "options": [
                        {
                            "text": {
                                "type": "plain_text",
                                "text": "Watch",
                                "emoji": true
                            },
                            "value": "watch"
                        },
                        {
                            "text": {
                                "type": "plain_text",
                                "text": "Comment",
                                "emoji": true
                            },
                            "value": "comment"
                        },
                        {
                            "text": {
                                "type": "plain_text",
                                "text": "Assign",
                                "emoji": true
                            },
                            "value": "assign"
                        },
                        {
                            "text": {
                                "type": "plain_text",
                                "text": "Transition",
                                "emoji": true
                            },
                            "value": "transition"
                        },
                        {
                            "text": {
                                "type": "plain_text",
                                "text": "Why am I seeing this?",
                                "emoji": true
                            },
                            "value": "why"
                        }
                    ]
                }
            }
        ],
        "team": "T042E1514F3",
        "bot_profile": {
            "id": "B052RHNE82E",
            "app_id": "A2RPP3NFR",
            "name": "Jira Cloud",
            "icons": {
                "image_36": "https:\/\/avatars.slack-edge.com\/2018-11-30\/493753869479_4b703f4119efe3d7d0ff_36.png",
                "image_48": "https:\/\/avatars.slack-edge.com\/2018-11-30\/493753869479_4b703f4119efe3d7d0ff_48.png",
                "image_72": "https:\/\/avatars.slack-edge.com\/2018-11-30\/493753869479_4b703f4119efe3d7d0ff_72.png"
            },
            "deleted": false,
            "updated": 1681239587,
            "team_id": "T042E1514F3"
        }
    },
    {
        "bot_id": "B052RHNE82E",
        "type": "message",
        "text": "tmribble07 created a Task CDC2023-53 Activate the Firewall",
        "user": "U053F8E317S",
        "ts": "1681564407.544479",
        "app_id": "A2RPP3NFR",
        "blocks": [
            {
                "type": "section",
                "block_id": "no:ih:10052::4f3ce2f0db8f11ed8ff3954d791b6527",
                "text": {
                    "type": "mrkdwn",
                    "text": "*tmribble07 created a Task*\n*<https:\/\/cdc2023.atlassian.net\/browse\/CDC2023-53?atlOrigin=eyJpIjoiZTk4OTY1ZThiNDA1NDA5YTg4NWNlMjc2MzhlODFhMDkiLCJwIjoiamlyYS1zbGFjay1pbnQifQ|CDC2023-53 Activate the Firewall>*",
                    "verbatim": false
                },
                "accessory": {
                    "type": "overflow",
                    "action_id": "{\"issueId\":\"10052\",\"instanceId\":\"10611f2c-0537-3ea5-a6a7-765564e825d7\",\"projectId\":\"10000\"}",
                    "options": [
                        {
                            "text": {
                                "type": "plain_text",
                                "text": "Watch",
                                "emoji": true
                            },
                            "value": "watch"
                        },
                        {
                            "text": {
                                "type": "plain_text",
                                "text": "Comment",
                                "emoji": true
                            },
                            "value": "comment"
                        },
                        {
                            "text": {
                                "type": "plain_text",
                                "text": "Assign",
                                "emoji": true
                            },
                            "value": "assign"
                        },
                        {
                            "text": {
                                "type": "plain_text",
                                "text": "Transition",
                                "emoji": true
                            },
                            "value": "transition"
                        },
                        {
                            "text": {
                                "type": "plain_text",
                                "text": "Why am I seeing this?",
                                "emoji": true
                            },
                            "value": "why"
                        }
                    ]
                }
            },
            {
                "type": "context",
                "block_id": "no:cx:10052::4f3ce2f1db8f11ed8ff3954d791b6527",
                "elements": [
                    {
                        "type": "mrkdwn",
                        "text": "Status: *To Do*",
                        "verbatim": false
                    },
                    {
                        "type": "image",
                        "image_url": "https:\/\/product-integrations-cdn.atl-paas.net\/jira-issuetype\/task.png",
                        "alt_text": "Task"
                    },
                    {
                        "type": "mrkdwn",
                        "text": "Type: *Task*",
                        "verbatim": false
                    },
                    {
                        "type": "image",
                        "image_url": "https:\/\/product-integrations-cdn.atl-paas.net\/icons\/unknown-user.png",
                        "alt_text": "Unassigned"
                    },
                    {
                        "type": "mrkdwn",
                        "text": "Assignee: *Unassigned*",
                        "verbatim": false
                    },
                    {
                        "type": "image",
                        "image_url": "https:\/\/product-integrations-cdn.atl-paas.net\/jira-priority\/medium.png",
                        "alt_text": "Medium"
                    },
                    {
                        "type": "mrkdwn",
                        "text": "Priority: *Medium*",
                        "verbatim": false
                    }
                ]
            }
        ],
        "team": "T042E1514F3",
        "bot_profile": {
            "id": "B052RHNE82E",
            "app_id": "A2RPP3NFR",
            "name": "Jira Cloud",
            "icons": {
                "image_36": "https:\/\/avatars.slack-edge.com\/2018-11-30\/493753869479_4b703f4119efe3d7d0ff_36.png",
                "image_48": "https:\/\/avatars.slack-edge.com\/2018-11-30\/493753869479_4b703f4119efe3d7d0ff_48.png",
                "image_72": "https:\/\/avatars.slack-edge.com\/2018-11-30\/493753869479_4b703f4119efe3d7d0ff_72.png"
            },
            "deleted": false,
            "updated": 1681239587,
            "team_id": "T042E1514F3"
        }
    },
    {
        "bot_id": "B052RHNE82E",
        "type": "message",
        "text": "tmribble07 transitioned CDC2023-51 investigate \/usr\/bin\/c99 from Billing ⟶ Done",
        "user": "U053F8E317S",
        "ts": "1681571694.237549",
        "app_id": "A2RPP3NFR",
        "blocks": [
            {
                "type": "section",
                "block_id": "no:ih:10050::46769420dba011ed8c1f37facaaa2883",
                "text": {
                    "type": "mrkdwn",
                    "text": "*tmribble07 transitioned a Task from `Billing` ⟶ `Done`*\n*<https:\/\/cdc2023.atlassian.net\/browse\/CDC2023-51?atlOrigin=eyJpIjoiMzBjODhkYzExMGJhNGY1MmEyMTk1MTZmZGM3MGQ1ZTAiLCJwIjoiamlyYS1zbGFjay1pbnQifQ|CDC2023-51 investigate \/usr\/bin\/c99>*",
                    "verbatim": false
                },
                "accessory": {
                    "type": "overflow",
                    "action_id": "{\"issueId\":\"10050\",\"instanceId\":\"10611f2c-0537-3ea5-a6a7-765564e825d7\",\"projectId\":\"10000\"}",
                    "options": [
                        {
                            "text": {
                                "type": "plain_text",
                                "text": "Watch",
                                "emoji": true
                            },
                            "value": "watch"
                        },
                        {
                            "text": {
                                "type": "plain_text",
                                "text": "Comment",
                                "emoji": true
                            },
                            "value": "comment"
                        },
                        {
                            "text": {
                                "type": "plain_text",
                                "text": "Assign",
                                "emoji": true
                            },
                            "value": "assign"
                        },
                        {
                            "text": {
                                "type": "plain_text",
                                "text": "Transition",
                                "emoji": true
                            },
                            "value": "transition"
                        },
                        {
                            "text": {
                                "type": "plain_text",
                                "text": "Why am I seeing this?",
                                "emoji": true
                            },
                            "value": "why"
                        }
                    ]
                }
            }
        ],
        "team": "T042E1514F3",
        "bot_profile": {
            "id": "B052RHNE82E",
            "app_id": "A2RPP3NFR",
            "name": "Jira Cloud",
            "icons": {
                "image_36": "https:\/\/avatars.slack-edge.com\/2018-11-30\/493753869479_4b703f4119efe3d7d0ff_36.png",
                "image_48": "https:\/\/avatars.slack-edge.com\/2018-11-30\/493753869479_4b703f4119efe3d7d0ff_48.png",
                "image_72": "https:\/\/avatars.slack-edge.com\/2018-11-30\/493753869479_4b703f4119efe3d7d0ff_72.png"
            },
            "deleted": false,
            "updated": 1681239587,
            "team_id": "T042E1514F3"
        }
    },
    {
        "bot_id": "B052RHNE82E",
        "type": "message",
        "text": "tmribble07 created a Task CDC2023-54 instance of shadow in \/var\/www\/html",
        "user": "U053F8E317S",
        "ts": "1681575501.895269",
        "app_id": "A2RPP3NFR",
        "blocks": [
            {
                "type": "section",
                "block_id": "no:ih:10053::2401ff20dba911edb59667aa1033bf35",
                "text": {
                    "type": "mrkdwn",
                    "text": "*tmribble07 created a Task*\n*<https:\/\/cdc2023.atlassian.net\/browse\/CDC2023-54?atlOrigin=eyJpIjoiYzhjYmRlYzkzMzgzNGJhNmJjNjdjNzc3NmYyYTRlOWEiLCJwIjoiamlyYS1zbGFjay1pbnQifQ|CDC2023-54 instance of shadow in \/var\/www\/html>*",
                    "verbatim": false
                },
                "accessory": {
                    "type": "overflow",
                    "action_id": "{\"issueId\":\"10053\",\"instanceId\":\"10611f2c-0537-3ea5-a6a7-765564e825d7\",\"projectId\":\"10000\"}",
                    "options": [
                        {
                            "text": {
                                "type": "plain_text",
                                "text": "Watch",
                                "emoji": true
                            },
                            "value": "watch"
                        },
                        {
                            "text": {
                                "type": "plain_text",
                                "text": "Comment",
                                "emoji": true
                            },
                            "value": "comment"
                        },
                        {
                            "text": {
                                "type": "plain_text",
                                "text": "Assign",
                                "emoji": true
                            },
                            "value": "assign"
                        },
                        {
                            "text": {
                                "type": "plain_text",
                                "text": "Transition",
                                "emoji": true
                            },
                            "value": "transition"
                        },
                        {
                            "text": {
                                "type": "plain_text",
                                "text": "Why am I seeing this?",
                                "emoji": true
                            },
                            "value": "why"
                        }
                    ]
                }
            },
            {
                "type": "context",
                "block_id": "no:cx:10053::2401ff21dba911edb59667aa1033bf35",
                "elements": [
                    {
                        "type": "mrkdwn",
                        "text": "Status: *To Do*",
                        "verbatim": false
                    },
                    {
                        "type": "image",
                        "image_url": "https:\/\/product-integrations-cdn.atl-paas.net\/jira-issuetype\/task.png",
                        "alt_text": "Task"
                    },
                    {
                        "type": "mrkdwn",
                        "text": "Type: *Task*",
                        "verbatim": false
                    },
                    {
                        "type": "image",
                        "image_url": "https:\/\/product-integrations-cdn.atl-paas.net\/icons\/unknown-user.png",
                        "alt_text": "Unassigned"
                    },
                    {
                        "type": "mrkdwn",
                        "text": "Assignee: *Unassigned*",
                        "verbatim": false
                    },
                    {
                        "type": "image",
                        "image_url": "https:\/\/product-integrations-cdn.atl-paas.net\/jira-priority\/medium.png",
                        "alt_text": "Medium"
                    },
                    {
                        "type": "mrkdwn",
                        "text": "Priority: *Medium*",
                        "verbatim": false
                    }
                ]
            }
        ],
        "team": "T042E1514F3",
        "bot_profile": {
            "id": "B052RHNE82E",
            "app_id": "A2RPP3NFR",
            "name": "Jira Cloud",
            "icons": {
                "image_36": "https:\/\/avatars.slack-edge.com\/2018-11-30\/493753869479_4b703f4119efe3d7d0ff_36.png",
                "image_48": "https:\/\/avatars.slack-edge.com\/2018-11-30\/493753869479_4b703f4119efe3d7d0ff_48.png",
                "image_72": "https:\/\/avatars.slack-edge.com\/2018-11-30\/493753869479_4b703f4119efe3d7d0ff_72.png"
            },
            "deleted": false,
            "updated": 1681239587,
            "team_id": "T042E1514F3"
        }
    },
    {
        "bot_id": "B052RHNE82E",
        "type": "message",
        "text": "tmribble07 created a Task CDC2023-55 what is var\/www\/html\/removeme.php",
        "user": "U053F8E317S",
        "ts": "1681575621.899159",
        "app_id": "A2RPP3NFR",
        "blocks": [
            {
                "type": "section",
                "block_id": "no:ih:10054::6b892760dba911ed8c1f37facaaa2883",
                "text": {
                    "type": "mrkdwn",
                    "text": "*tmribble07 created a Task*\n*<https:\/\/cdc2023.atlassian.net\/browse\/CDC2023-55?atlOrigin=eyJpIjoiOGM3MTM3MGQ3NDRhNDkzNTk1NTYzYTQ2OWI3ZDY2NmEiLCJwIjoiamlyYS1zbGFjay1pbnQifQ|CDC2023-55 what is var\/www\/html\/removeme.php>*",
                    "verbatim": false
                },
                "accessory": {
                    "type": "overflow",
                    "action_id": "{\"issueId\":\"10054\",\"instanceId\":\"10611f2c-0537-3ea5-a6a7-765564e825d7\",\"projectId\":\"10000\"}",
                    "options": [
                        {
                            "text": {
                                "type": "plain_text",
                                "text": "Watch",
                                "emoji": true
                            },
                            "value": "watch"
                        },
                        {
                            "text": {
                                "type": "plain_text",
                                "text": "Comment",
                                "emoji": true
                            },
                            "value": "comment"
                        },
                        {
                            "text": {
                                "type": "plain_text",
                                "text": "Assign",
                                "emoji": true
                            },
                            "value": "assign"
                        },
                        {
                            "text": {
                                "type": "plain_text",
                                "text": "Transition",
                                "emoji": true
                            },
                            "value": "transition"
                        },
                        {
                            "text": {
                                "type": "plain_text",
                                "text": "Why am I seeing this?",
                                "emoji": true
                            },
                            "value": "why"
                        }
                    ]
                }
            },
            {
                "type": "context",
                "block_id": "no:cx:10054::6b892761dba911ed8c1f37facaaa2883",
                "elements": [
                    {
                        "type": "mrkdwn",
                        "text": "Status: *To Do*",
                        "verbatim": false
                    },
                    {
                        "type": "image",
                        "image_url": "https:\/\/product-integrations-cdn.atl-paas.net\/jira-issuetype\/task.png",
                        "alt_text": "Task"
                    },
                    {
                        "type": "mrkdwn",
                        "text": "Type: *Task*",
                        "verbatim": false
                    },
                    {
                        "type": "image",
                        "image_url": "https:\/\/product-integrations-cdn.atl-paas.net\/icons\/unknown-user.png",
                        "alt_text": "Unassigned"
                    },
                    {
                        "type": "mrkdwn",
                        "text": "Assignee: *Unassigned*",
                        "verbatim": false
                    },
                    {
                        "type": "image",
                        "image_url": "https:\/\/product-integrations-cdn.atl-paas.net\/jira-priority\/medium.png",
                        "alt_text": "Medium"
                    },
                    {
                        "type": "mrkdwn",
                        "text": "Priority: *Medium*",
                        "verbatim": false
                    }
                ]
            }
        ],
        "team": "T042E1514F3",
        "bot_profile": {
            "id": "B052RHNE82E",
            "app_id": "A2RPP3NFR",
            "name": "Jira Cloud",
            "icons": {
                "image_36": "https:\/\/avatars.slack-edge.com\/2018-11-30\/493753869479_4b703f4119efe3d7d0ff_36.png",
                "image_48": "https:\/\/avatars.slack-edge.com\/2018-11-30\/493753869479_4b703f4119efe3d7d0ff_48.png",
                "image_72": "https:\/\/avatars.slack-edge.com\/2018-11-30\/493753869479_4b703f4119efe3d7d0ff_72.png"
            },
            "deleted": false,
            "updated": 1681239587,
            "team_id": "T042E1514F3"
        }
    },
    {
        "client_msg_id": "8f0b16ff-4ee2-4033-82e5-2ffd464d11dd",
        "type": "message",
        "text": "<https:\/\/trello.com\/invite\/userworkspace48272262\/ATTI93ad7c34b54b400f574c0653714ab2b050765B81>",
        "user": "U041LSQC38X",
        "ts": "1681576529.751139",
        "blocks": [
            {
                "type": "rich_text",
                "block_id": "Eibis",
                "elements": [
                    {
                        "type": "rich_text_section",
                        "elements": [
                            {
                                "type": "link",
                                "url": "https:\/\/trello.com\/invite\/userworkspace48272262\/ATTI93ad7c34b54b400f574c0653714ab2b050765B81"
                            }
                        ]
                    }
                ]
            }
        ],
        "team": "T042E1514F3",
        "user_team": "T042E1514F3",
        "source_team": "T042E1514F3",
        "user_profile": {
            "avatar_hash": "g60b962e7353",
            "image_72": "https:\/\/secure.gravatar.com\/avatar\/60b962e73536af1009870d33a2ba0516.jpg?s=72&d=https%3A%2F%2Fa.slack-edge.com%2Fdf10d%2Fimg%2Favatars%2Fava_0012-72.png",
            "first_name": "Michael",
            "real_name": "Michael Tice",
            "display_name": "Michael Tice",
            "team": "T042E1514F3",
            "name": "michael.tice",
            "is_restricted": false,
            "is_ultra_restricted": false
        }
    },
    {
        "bot_id": "B052RHNE82E",
        "type": "message",
        "text": "tmribble07 transitioned CDC2023-54 instance of shadow in \/var\/www\/html from WWW ⟶ Done",
        "user": "U053F8E317S",
        "ts": "1681577217.497099",
        "app_id": "A2RPP3NFR",
        "blocks": [
            {
                "type": "section",
                "block_id": "no:ih:10053::2293cc50dbad11edaaa3c737a3d68fad",
                "text": {
                    "type": "mrkdwn",
                    "text": "*tmribble07 transitioned a Task from `WWW` ⟶ `Done`*\n*<https:\/\/cdc2023.atlassian.net\/browse\/CDC2023-54?atlOrigin=eyJpIjoiMzA0NzI3N2Q3NDcyNDFlYzg2NzRjMmNjZjdiOTE0OWMiLCJwIjoiamlyYS1zbGFjay1pbnQifQ|CDC2023-54 instance of shadow in \/var\/www\/html>*",
                    "verbatim": false
                },
                "accessory": {
                    "type": "overflow",
                    "action_id": "{\"issueId\":\"10053\",\"instanceId\":\"10611f2c-0537-3ea5-a6a7-765564e825d7\",\"projectId\":\"10000\"}",
                    "options": [
                        {
                            "text": {
                                "type": "plain_text",
                                "text": "Watch",
                                "emoji": true
                            },
                            "value": "watch"
                        },
                        {
                            "text": {
                                "type": "plain_text",
                                "text": "Comment",
                                "emoji": true
                            },
                            "value": "comment"
                        },
                        {
                            "text": {
                                "type": "plain_text",
                                "text": "Assign",
                                "emoji": true
                            },
                            "value": "assign"
                        },
                        {
                            "text": {
                                "type": "plain_text",
                                "text": "Transition",
                                "emoji": true
                            },
                            "value": "transition"
                        },
                        {
                            "text": {
                                "type": "plain_text",
                                "text": "Why am I seeing this?",
                                "emoji": true
                            },
                            "value": "why"
                        }
                    ]
                }
            }
        ],
        "team": "T042E1514F3",
        "bot_profile": {
            "id": "B052RHNE82E",
            "app_id": "A2RPP3NFR",
            "name": "Jira Cloud",
            "icons": {
                "image_36": "https:\/\/avatars.slack-edge.com\/2018-11-30\/493753869479_4b703f4119efe3d7d0ff_36.png",
                "image_48": "https:\/\/avatars.slack-edge.com\/2018-11-30\/493753869479_4b703f4119efe3d7d0ff_48.png",
                "image_72": "https:\/\/avatars.slack-edge.com\/2018-11-30\/493753869479_4b703f4119efe3d7d0ff_72.png"
            },
            "deleted": false,
            "updated": 1681239587,
            "team_id": "T042E1514F3"
        }
    },
    {
        "bot_id": "B052RHNE82E",
        "type": "message",
        "text": "tmribble07 transitioned CDC2023-55 what is var\/www\/html\/removeme.php from WWW ⟶ Done",
        "user": "U053F8E317S",
        "ts": "1681577223.497519",
        "app_id": "A2RPP3NFR",
        "blocks": [
            {
                "type": "section",
                "block_id": "no:ih:10054::26294f20dbad11ed92d825b2cb1fb1ff",
                "text": {
                    "type": "mrkdwn",
                    "text": "*tmribble07 transitioned a Task from `WWW` ⟶ `Done`*\n*<https:\/\/cdc2023.atlassian.net\/browse\/CDC2023-55?atlOrigin=eyJpIjoiMjQzMmFhMmFkMDQ4NDcyNzkxYTczNTUwMmQ5M2JmMTkiLCJwIjoiamlyYS1zbGFjay1pbnQifQ|CDC2023-55 what is var\/www\/html\/removeme.php>*",
                    "verbatim": false
                },
                "accessory": {
                    "type": "overflow",
                    "action_id": "{\"issueId\":\"10054\",\"instanceId\":\"10611f2c-0537-3ea5-a6a7-765564e825d7\",\"projectId\":\"10000\"}",
                    "options": [
                        {
                            "text": {
                                "type": "plain_text",
                                "text": "Watch",
                                "emoji": true
                            },
                            "value": "watch"
                        },
                        {
                            "text": {
                                "type": "plain_text",
                                "text": "Comment",
                                "emoji": true
                            },
                            "value": "comment"
                        },
                        {
                            "text": {
                                "type": "plain_text",
                                "text": "Assign",
                                "emoji": true
                            },
                            "value": "assign"
                        },
                        {
                            "text": {
                                "type": "plain_text",
                                "text": "Transition",
                                "emoji": true
                            },
                            "value": "transition"
                        },
                        {
                            "text": {
                                "type": "plain_text",
                                "text": "Why am I seeing this?",
                                "emoji": true
                            },
                            "value": "why"
                        }
                    ]
                }
            }
        ],
        "team": "T042E1514F3",
        "bot_profile": {
            "id": "B052RHNE82E",
            "app_id": "A2RPP3NFR",
            "name": "Jira Cloud",
            "icons": {
                "image_36": "https:\/\/avatars.slack-edge.com\/2018-11-30\/493753869479_4b703f4119efe3d7d0ff_36.png",
                "image_48": "https:\/\/avatars.slack-edge.com\/2018-11-30\/493753869479_4b703f4119efe3d7d0ff_48.png",
                "image_72": "https:\/\/avatars.slack-edge.com\/2018-11-30\/493753869479_4b703f4119efe3d7d0ff_72.png"
            },
            "deleted": false,
            "updated": 1681239587,
            "team_id": "T042E1514F3"
        }
    },
    {
        "client_msg_id": "9af7c228-f407-4efa-9023-9e938131b3a4",
        "type": "message",
        "text": "<https:\/\/docs.iseage.org\/rules\/v4.1\/server_setup\/index.html#connect-to-competition-network>",
        "user": "U041LSQC38X",
        "ts": "1681578231.695539",
        "blocks": [
            {
                "type": "rich_text",
                "block_id": "+Sq",
                "elements": [
                    {
                        "type": "rich_text_section",
                        "elements": [
                            {
                                "type": "link",
                                "url": "https:\/\/docs.iseage.org\/rules\/v4.1\/server_setup\/index.html#connect-to-competition-network"
                            }
                        ]
                    }
                ]
            }
        ],
        "team": "T042E1514F3",
        "user_team": "T042E1514F3",
        "source_team": "T042E1514F3",
        "user_profile": {
            "avatar_hash": "g60b962e7353",
            "image_72": "https:\/\/secure.gravatar.com\/avatar\/60b962e73536af1009870d33a2ba0516.jpg?s=72&d=https%3A%2F%2Fa.slack-edge.com%2Fdf10d%2Fimg%2Favatars%2Fava_0012-72.png",
            "first_name": "Michael",
            "real_name": "Michael Tice",
            "display_name": "Michael Tice",
            "team": "T042E1514F3",
            "name": "michael.tice",
            "is_restricted": false,
            "is_ultra_restricted": false
        }
    },
    {
        "client_msg_id": "ef746c03-1033-4cbd-9fe0-cb9d7c82b987",
        "type": "message",
        "text": "<https:\/\/www.cyio.iastate.edu\/wp-content\/uploads\/2023\/04\/ITS-Scenario-2023.pdf>",
        "user": "U041LSQC38X",
        "ts": "1681583364.214009",
        "blocks": [
            {
                "type": "rich_text",
                "block_id": "ycgN",
                "elements": [
                    {
                        "type": "rich_text_section",
                        "elements": [
                            {
                                "type": "link",
                                "url": "https:\/\/www.cyio.iastate.edu\/wp-content\/uploads\/2023\/04\/ITS-Scenario-2023.pdf"
                            }
                        ]
                    }
                ]
            }
        ],
        "team": "T042E1514F3",
        "user_team": "T042E1514F3",
        "source_team": "T042E1514F3",
        "user_profile": {
            "avatar_hash": "g60b962e7353",
            "image_72": "https:\/\/secure.gravatar.com\/avatar\/60b962e73536af1009870d33a2ba0516.jpg?s=72&d=https%3A%2F%2Fa.slack-edge.com%2Fdf10d%2Fimg%2Favatars%2Fava_0012-72.png",
            "first_name": "Michael",
            "real_name": "Michael Tice",
            "display_name": "Michael Tice",
            "team": "T042E1514F3",
            "name": "michael.tice",
            "is_restricted": false,
            "is_ultra_restricted": false
        }
    },
    {
        "client_msg_id": "10af5499-c241-411d-8798-fc87be44c952",
        "type": "message",
        "text": "I made an account for Trello and didn't see any boards when I went to the link Michael gave. Has nobody made any or am I in the wrong place?",
        "user": "U042U2F450R",
        "ts": "1681611217.275109",
        "blocks": [
            {
                "type": "rich_text",
                "block_id": "+=w",
                "elements": [
                    {
                        "type": "rich_text_section",
                        "elements": [
                            {
                                "type": "text",
                                "text": "I made an account for Trello and didn't see any boards when I went to the link Michael gave. Has nobody made any or am I in the wrong place?"
                            }
                        ]
                    }
                ]
            }
        ],
        "team": "T042E1514F3",
        "user_team": "T042E1514F3",
        "source_team": "T042E1514F3",
        "user_profile": {
            "avatar_hash": "gff8e94624db",
            "image_72": "https:\/\/secure.gravatar.com\/avatar\/ff8e94624db08a84843122675f06ea92.jpg?s=72&d=https%3A%2F%2Fa.slack-edge.com%2Fdf10d%2Fimg%2Favatars%2Fava_0004-72.png",
            "first_name": "Anna",
            "real_name": "Anna",
            "display_name": "Anna",
            "team": "T042E1514F3",
            "name": "annam45",
            "is_restricted": false,
            "is_ultra_restricted": false
        },
        "edited": {
            "user": "U042U2F450R",
            "ts": "1681611251.000000"
        }
    },
    {
        "client_msg_id": "adca5488-f6ee-4233-8445-1a3c645e35fa",
        "type": "message",
        "text": "Regarding restaurants for after the competition, both me and my mom would prefer not to go to a Mexican restaurant. I found a Culver's 7 minutes away from the campus and a Subway 3 minutes away. My preference would be to go to Culver's. What do you all think of going to one of these places instead?",
        "user": "U042U2F450R",
        "ts": "1681612640.620169",
        "blocks": [
            {
                "type": "rich_text",
                "block_id": "M3lG",
                "elements": [
                    {
                        "type": "rich_text_section",
                        "elements": [
                            {
                                "type": "text",
                                "text": "Regarding restaurants for after the competition, both me and my mom would prefer not to go to a Mexican restaurant. I found a Culver's 7 minutes away from the campus and a Subway 3 minutes away. My preference would be to go to Culver's. What do you all think of going to one of these places instead?"
                            }
                        ]
                    }
                ]
            }
        ],
        "team": "T042E1514F3",
        "user_team": "T042E1514F3",
        "source_team": "T042E1514F3",
        "user_profile": {
            "avatar_hash": "gff8e94624db",
            "image_72": "https:\/\/secure.gravatar.com\/avatar\/ff8e94624db08a84843122675f06ea92.jpg?s=72&d=https%3A%2F%2Fa.slack-edge.com%2Fdf10d%2Fimg%2Favatars%2Fava_0004-72.png",
            "first_name": "Anna",
            "real_name": "Anna",
            "display_name": "Anna",
            "team": "T042E1514F3",
            "name": "annam45",
            "is_restricted": false,
            "is_ultra_restricted": false
        }
    }
]