[
    {
        "client_msg_id": "dd04392e-e5d5-45a2-9bda-8486afa2777b",
        "type": "message",
        "text": "Hey folks! I am running late and just leaving my house now. Map says that I will be parking at about 2 minutes after 10:00, so look for me then. See you soon!",
        "user": "U042R3B76SC",
        "ts": "1679151142.528919",
        "blocks": [
            {
                "type": "rich_text",
                "block_id": "Rg1",
                "elements": [
                    {
                        "type": "rich_text_section",
                        "elements": [
                            {
                                "type": "text",
                                "text": "Hey folks! I am running late and just leaving my house now. Map says that I will be parking at about 2 minutes after 10:00, so look for me then. See you soon!"
                            }
                        ]
                    }
                ]
            }
        ],
        "team": "T042E1514F3",
        "user_team": "T042E1514F3",
        "source_team": "T042E1514F3",
        "user_profile": {
            "avatar_hash": "g6730f37144b",
            "image_72": "https:\/\/secure.gravatar.com\/avatar\/6730f37144bd6ae505b97012a7f22a66.jpg?s=72&d=https%3A%2F%2Fa.slack-edge.com%2Fdf10d%2Fimg%2Favatars%2Fava_0006-72.png",
            "first_name": "chris",
            "real_name": "chris",
            "display_name": "",
            "team": "T042E1514F3",
            "name": "chris",
            "is_restricted": false,
            "is_ultra_restricted": false
        },
        "thread_ts": "1679151142.528919",
        "reply_count": 1,
        "reply_users_count": 1,
        "latest_reply": "1679151331.412839",
        "reply_users": [
            "U042R3B76SC"
        ],
        "replies": [
            {
                "user": "U042R3B76SC",
                "ts": "1679151331.412839"
            }
        ],
        "is_locked": false,
        "subscribed": true,
        "last_read": "1679151331.412839"
    },
    {
        "client_msg_id": "9b735801-0ffb-4026-a4ff-cd5fa9d476d0",
        "type": "message",
        "text": "Garage door was frozen to the ground! ETA for parking is now 10:04.",
        "user": "U042R3B76SC",
        "ts": "1679151331.412839",
        "blocks": [
            {
                "type": "rich_text",
                "block_id": "o0nB",
                "elements": [
                    {
                        "type": "rich_text_section",
                        "elements": [
                            {
                                "type": "text",
                                "text": "Garage door was frozen to the ground! ETA for parking is now 10:04."
                            }
                        ]
                    }
                ]
            }
        ],
        "team": "T042E1514F3",
        "user_team": "T042E1514F3",
        "source_team": "T042E1514F3",
        "user_profile": {
            "avatar_hash": "g6730f37144b",
            "image_72": "https:\/\/secure.gravatar.com\/avatar\/6730f37144bd6ae505b97012a7f22a66.jpg?s=72&d=https%3A%2F%2Fa.slack-edge.com%2Fdf10d%2Fimg%2Favatars%2Fava_0006-72.png",
            "first_name": "chris",
            "real_name": "chris",
            "display_name": "",
            "team": "T042E1514F3",
            "name": "chris",
            "is_restricted": false,
            "is_ultra_restricted": false
        },
        "thread_ts": "1679151142.528919",
        "parent_user_id": "U042R3B76SC"
    },
    {
        "client_msg_id": "7EB873EE-35DE-411B-98FC-E29E0B1D6E31",
        "type": "message",
        "text": "At the front door",
        "user": "U042R51RY2C",
        "ts": "1679152224.739439",
        "blocks": [
            {
                "type": "rich_text",
                "block_id": "2gqUQ",
                "elements": [
                    {
                        "type": "rich_text_section",
                        "elements": [
                            {
                                "type": "text",
                                "text": "At the front door"
                            }
                        ]
                    }
                ]
            }
        ],
        "team": "T042E1514F3",
        "user_team": "T042E1514F3",
        "source_team": "T042E1514F3",
        "user_profile": {
            "avatar_hash": "g24c32288d4d",
            "image_72": "https:\/\/secure.gravatar.com\/avatar\/24c32288d4dbbf5694cc5c9609ec1853.jpg?s=72&d=https%3A%2F%2Fa.slack-edge.com%2Fdf10d%2Fimg%2Favatars%2Fava_0017-72.png",
            "first_name": "Tristan",
            "real_name": "Tristan Ribble",
            "display_name": "",
            "team": "T042E1514F3",
            "name": "tmribble07",
            "is_restricted": false,
            "is_ultra_restricted": false
        }
    },
    {
        "client_msg_id": "07F270BE-94F6-40ED-BD0A-1269C1D605F0",
        "type": "message",
        "text": "Hurry up it’s cold out here ",
        "user": "U042R51RY2C",
        "ts": "1679152308.883729",
        "blocks": [
            {
                "type": "rich_text",
                "block_id": "bPpB",
                "elements": [
                    {
                        "type": "rich_text_section",
                        "elements": [
                            {
                                "type": "text",
                                "text": "Hurry up "
                            },
                            {
                                "type": "text",
                                "text": "it’s"
                            },
                            {
                                "type": "text",
                                "text": " cold out here "
                            }
                        ]
                    }
                ]
            }
        ],
        "team": "T042E1514F3",
        "user_team": "T042E1514F3",
        "source_team": "T042E1514F3",
        "user_profile": {
            "avatar_hash": "g24c32288d4d",
            "image_72": "https:\/\/secure.gravatar.com\/avatar\/24c32288d4dbbf5694cc5c9609ec1853.jpg?s=72&d=https%3A%2F%2Fa.slack-edge.com%2Fdf10d%2Fimg%2Favatars%2Fava_0017-72.png",
            "first_name": "Tristan",
            "real_name": "Tristan Ribble",
            "display_name": "",
            "team": "T042E1514F3",
            "name": "tmribble07",
            "is_restricted": false,
            "is_ultra_restricted": false
        }
    }
]