[
    {
        "bot_id": "B052RHNE82E",
        "type": "message",
        "text": "tmribble07 created a Task CDC2023-45 Make the http server listen on port 443, not port 80. (go to \/etc…",
        "user": "U053F8E317S",
        "ts": "1681475818.925069",
        "app_id": "A2RPP3NFR",
        "blocks": [
            {
                "type": "section",
                "block_id": "no:ih:10044::0c5258e0dac111ed8ff3954d791b6527",
                "text": {
                    "type": "mrkdwn",
                    "text": "*tmribble07 created a Task*\n*<https:\/\/cdc2023.atlassian.net\/browse\/CDC2023-45?atlOrigin=eyJpIjoiOTNjZDMxNDIxZWRlNDZhMGI3YjNkMTRjYzJmNDk1YjkiLCJwIjoiamlyYS1zbGFjay1pbnQifQ|CDC2023-45 Make the http server listen on port 443, not port 80. (go to \/etc…>*",
                    "verbatim": false
                },
                "accessory": {
                    "type": "overflow",
                    "action_id": "{\"issueId\":\"10044\",\"instanceId\":\"10611f2c-0537-3ea5-a6a7-765564e825d7\",\"projectId\":\"10000\"}",
                    "options": [
                        {
                            "text": {
                                "type": "plain_text",
                                "text": "Watch",
                                "emoji": true
                            },
                            "value": "watch"
                        },
                        {
                            "text": {
                                "type": "plain_text",
                                "text": "Comment",
                                "emoji": true
                            },
                            "value": "comment"
                        },
                        {
                            "text": {
                                "type": "plain_text",
                                "text": "Assign",
                                "emoji": true
                            },
                            "value": "assign"
                        },
                        {
                            "text": {
                                "type": "plain_text",
                                "text": "Transition",
                                "emoji": true
                            },
                            "value": "transition"
                        },
                        {
                            "text": {
                                "type": "plain_text",
                                "text": "Why am I seeing this?",
                                "emoji": true
                            },
                            "value": "why"
                        }
                    ]
                }
            },
            {
                "type": "context",
                "block_id": "no:cx:10044::0c5258e1dac111ed8ff3954d791b6527",
                "elements": [
                    {
                        "type": "mrkdwn",
                        "text": "Status: *To Do*",
                        "verbatim": false
                    },
                    {
                        "type": "image",
                        "image_url": "https:\/\/product-integrations-cdn.atl-paas.net\/jira-issuetype\/task.png",
                        "alt_text": "Task"
                    },
                    {
                        "type": "mrkdwn",
                        "text": "Type: *Task*",
                        "verbatim": false
                    },
                    {
                        "type": "image",
                        "image_url": "https:\/\/product-integrations-cdn.atl-paas.net\/icons\/unknown-user.png",
                        "alt_text": "Unassigned"
                    },
                    {
                        "type": "mrkdwn",
                        "text": "Assignee: *Unassigned*",
                        "verbatim": false
                    },
                    {
                        "type": "image",
                        "image_url": "https:\/\/product-integrations-cdn.atl-paas.net\/jira-priority\/medium.png",
                        "alt_text": "Medium"
                    },
                    {
                        "type": "mrkdwn",
                        "text": "Priority: *Medium*",
                        "verbatim": false
                    }
                ]
            }
        ],
        "team": "T042E1514F3",
        "bot_profile": {
            "id": "B052RHNE82E",
            "app_id": "A2RPP3NFR",
            "name": "Jira Cloud",
            "icons": {
                "image_36": "https:\/\/avatars.slack-edge.com\/2018-11-30\/493753869479_4b703f4119efe3d7d0ff_36.png",
                "image_48": "https:\/\/avatars.slack-edge.com\/2018-11-30\/493753869479_4b703f4119efe3d7d0ff_48.png",
                "image_72": "https:\/\/avatars.slack-edge.com\/2018-11-30\/493753869479_4b703f4119efe3d7d0ff_72.png"
            },
            "deleted": false,
            "updated": 1681239587,
            "team_id": "T042E1514F3"
        }
    },
    {
        "bot_id": "B052RHNE82E",
        "type": "message",
        "text": "tmribble07 created a Task CDC2023-46 investigate \/root\/scrat it is probably a steganography.",
        "user": "U053F8E317S",
        "ts": "1681477313.585389",
        "app_id": "A2RPP3NFR",
        "blocks": [
            {
                "type": "section",
                "block_id": "no:ih:10045::873731e0dac411ed9eeb9998bdeed762",
                "text": {
                    "type": "mrkdwn",
                    "text": "*tmribble07 created a Task*\n*<https:\/\/cdc2023.atlassian.net\/browse\/CDC2023-46?atlOrigin=eyJpIjoiMGU2NTVmMTA1MWE3NDBhYWI5MzQ0YzAyYjE2MDAwYTAiLCJwIjoiamlyYS1zbGFjay1pbnQifQ|CDC2023-46 investigate \/root\/scrat it is probably a steganography.>*",
                    "verbatim": false
                },
                "accessory": {
                    "type": "overflow",
                    "action_id": "{\"issueId\":\"10045\",\"instanceId\":\"10611f2c-0537-3ea5-a6a7-765564e825d7\",\"projectId\":\"10000\"}",
                    "options": [
                        {
                            "text": {
                                "type": "plain_text",
                                "text": "Watch",
                                "emoji": true
                            },
                            "value": "watch"
                        },
                        {
                            "text": {
                                "type": "plain_text",
                                "text": "Comment",
                                "emoji": true
                            },
                            "value": "comment"
                        },
                        {
                            "text": {
                                "type": "plain_text",
                                "text": "Assign",
                                "emoji": true
                            },
                            "value": "assign"
                        },
                        {
                            "text": {
                                "type": "plain_text",
                                "text": "Transition",
                                "emoji": true
                            },
                            "value": "transition"
                        },
                        {
                            "text": {
                                "type": "plain_text",
                                "text": "Why am I seeing this?",
                                "emoji": true
                            },
                            "value": "why"
                        }
                    ]
                }
            },
            {
                "type": "context",
                "block_id": "no:cx:10045::873731e1dac411ed9eeb9998bdeed762",
                "elements": [
                    {
                        "type": "mrkdwn",
                        "text": "Status: *To Do*",
                        "verbatim": false
                    },
                    {
                        "type": "image",
                        "image_url": "https:\/\/product-integrations-cdn.atl-paas.net\/jira-issuetype\/task.png",
                        "alt_text": "Task"
                    },
                    {
                        "type": "mrkdwn",
                        "text": "Type: *Task*",
                        "verbatim": false
                    },
                    {
                        "type": "image",
                        "image_url": "https:\/\/product-integrations-cdn.atl-paas.net\/icons\/unknown-user.png",
                        "alt_text": "Unassigned"
                    },
                    {
                        "type": "mrkdwn",
                        "text": "Assignee: *Unassigned*",
                        "verbatim": false
                    },
                    {
                        "type": "image",
                        "image_url": "https:\/\/product-integrations-cdn.atl-paas.net\/jira-priority\/medium.png",
                        "alt_text": "Medium"
                    },
                    {
                        "type": "mrkdwn",
                        "text": "Priority: *Medium*",
                        "verbatim": false
                    }
                ]
            }
        ],
        "team": "T042E1514F3",
        "bot_profile": {
            "id": "B052RHNE82E",
            "app_id": "A2RPP3NFR",
            "name": "Jira Cloud",
            "icons": {
                "image_36": "https:\/\/avatars.slack-edge.com\/2018-11-30\/493753869479_4b703f4119efe3d7d0ff_36.png",
                "image_48": "https:\/\/avatars.slack-edge.com\/2018-11-30\/493753869479_4b703f4119efe3d7d0ff_48.png",
                "image_72": "https:\/\/avatars.slack-edge.com\/2018-11-30\/493753869479_4b703f4119efe3d7d0ff_72.png"
            },
            "deleted": false,
            "updated": 1681239587,
            "team_id": "T042E1514F3"
        }
    },
    {
        "bot_id": "B052RHNE82E",
        "type": "message",
        "text": "tmribble07 created a Task CDC2023-47 THERE IS NO YUM",
        "user": "U053F8E317S",
        "ts": "1681479456.159369",
        "app_id": "A2RPP3NFR",
        "blocks": [
            {
                "type": "section",
                "block_id": "no:ih:10046::8448d240dac911edab3ecdb7d5e2c18a",
                "text": {
                    "type": "mrkdwn",
                    "text": "*tmribble07 created a Task*\n*<https:\/\/cdc2023.atlassian.net\/browse\/CDC2023-47?atlOrigin=eyJpIjoiMjgyNDZlYmVkM2RlNDFkMDhlNWJkZDM2ODgxMzk3ZWYiLCJwIjoiamlyYS1zbGFjay1pbnQifQ|CDC2023-47 THERE IS NO YUM>*",
                    "verbatim": false
                },
                "accessory": {
                    "type": "overflow",
                    "action_id": "{\"issueId\":\"10046\",\"instanceId\":\"10611f2c-0537-3ea5-a6a7-765564e825d7\",\"projectId\":\"10000\"}",
                    "options": [
                        {
                            "text": {
                                "type": "plain_text",
                                "text": "Watch",
                                "emoji": true
                            },
                            "value": "watch"
                        },
                        {
                            "text": {
                                "type": "plain_text",
                                "text": "Comment",
                                "emoji": true
                            },
                            "value": "comment"
                        },
                        {
                            "text": {
                                "type": "plain_text",
                                "text": "Assign",
                                "emoji": true
                            },
                            "value": "assign"
                        },
                        {
                            "text": {
                                "type": "plain_text",
                                "text": "Transition",
                                "emoji": true
                            },
                            "value": "transition"
                        },
                        {
                            "text": {
                                "type": "plain_text",
                                "text": "Why am I seeing this?",
                                "emoji": true
                            },
                            "value": "why"
                        }
                    ]
                }
            },
            {
                "type": "context",
                "block_id": "no:cx:10046::8448d241dac911edab3ecdb7d5e2c18a",
                "elements": [
                    {
                        "type": "mrkdwn",
                        "text": "Status: *To Do*",
                        "verbatim": false
                    },
                    {
                        "type": "image",
                        "image_url": "https:\/\/product-integrations-cdn.atl-paas.net\/jira-issuetype\/task.png",
                        "alt_text": "Task"
                    },
                    {
                        "type": "mrkdwn",
                        "text": "Type: *Task*",
                        "verbatim": false
                    },
                    {
                        "type": "image",
                        "image_url": "https:\/\/product-integrations-cdn.atl-paas.net\/icons\/unknown-user.png",
                        "alt_text": "Unassigned"
                    },
                    {
                        "type": "mrkdwn",
                        "text": "Assignee: *Unassigned*",
                        "verbatim": false
                    },
                    {
                        "type": "image",
                        "image_url": "https:\/\/product-integrations-cdn.atl-paas.net\/jira-priority\/medium.png",
                        "alt_text": "Medium"
                    },
                    {
                        "type": "mrkdwn",
                        "text": "Priority: *Medium*",
                        "verbatim": false
                    }
                ]
            }
        ],
        "team": "T042E1514F3",
        "bot_profile": {
            "id": "B052RHNE82E",
            "app_id": "A2RPP3NFR",
            "name": "Jira Cloud",
            "icons": {
                "image_36": "https:\/\/avatars.slack-edge.com\/2018-11-30\/493753869479_4b703f4119efe3d7d0ff_36.png",
                "image_48": "https:\/\/avatars.slack-edge.com\/2018-11-30\/493753869479_4b703f4119efe3d7d0ff_48.png",
                "image_72": "https:\/\/avatars.slack-edge.com\/2018-11-30\/493753869479_4b703f4119efe3d7d0ff_72.png"
            },
            "deleted": false,
            "updated": 1681239587,
            "team_id": "T042E1514F3"
        }
    },
    {
        "bot_id": "B052RHNE82E",
        "type": "message",
        "text": "tmribble07 created a Task CDC2023-48 Scrat is definitely a stego, there are copies of it everywhere, t…",
        "user": "U053F8E317S",
        "ts": "1681480867.091139",
        "app_id": "A2RPP3NFR",
        "blocks": [
            {
                "type": "section",
                "block_id": "no:ih:10047::cd42bd00dacc11ed9451d75e2a7a2d69",
                "text": {
                    "type": "mrkdwn",
                    "text": "*tmribble07 created a Task*\n*<https:\/\/cdc2023.atlassian.net\/browse\/CDC2023-48?atlOrigin=eyJpIjoiNjUwZGIyMjJkNzQwNGI2MmJhY2RiZGRlZWQ2YTIwYmIiLCJwIjoiamlyYS1zbGFjay1pbnQifQ|CDC2023-48 Scrat is definitely a stego, there are copies of it everywhere, t…>*",
                    "verbatim": false
                },
                "accessory": {
                    "type": "overflow",
                    "action_id": "{\"issueId\":\"10047\",\"instanceId\":\"10611f2c-0537-3ea5-a6a7-765564e825d7\",\"projectId\":\"10000\"}",
                    "options": [
                        {
                            "text": {
                                "type": "plain_text",
                                "text": "Watch",
                                "emoji": true
                            },
                            "value": "watch"
                        },
                        {
                            "text": {
                                "type": "plain_text",
                                "text": "Comment",
                                "emoji": true
                            },
                            "value": "comment"
                        },
                        {
                            "text": {
                                "type": "plain_text",
                                "text": "Assign",
                                "emoji": true
                            },
                            "value": "assign"
                        },
                        {
                            "text": {
                                "type": "plain_text",
                                "text": "Transition",
                                "emoji": true
                            },
                            "value": "transition"
                        },
                        {
                            "text": {
                                "type": "plain_text",
                                "text": "Why am I seeing this?",
                                "emoji": true
                            },
                            "value": "why"
                        }
                    ]
                }
            },
            {
                "type": "context",
                "block_id": "no:cx:10047::cd42bd01dacc11ed9451d75e2a7a2d69",
                "elements": [
                    {
                        "type": "mrkdwn",
                        "text": "Status: *To Do*",
                        "verbatim": false
                    },
                    {
                        "type": "image",
                        "image_url": "https:\/\/product-integrations-cdn.atl-paas.net\/jira-issuetype\/task.png",
                        "alt_text": "Task"
                    },
                    {
                        "type": "mrkdwn",
                        "text": "Type: *Task*",
                        "verbatim": false
                    },
                    {
                        "type": "image",
                        "image_url": "https:\/\/product-integrations-cdn.atl-paas.net\/icons\/unknown-user.png",
                        "alt_text": "Unassigned"
                    },
                    {
                        "type": "mrkdwn",
                        "text": "Assignee: *Unassigned*",
                        "verbatim": false
                    },
                    {
                        "type": "image",
                        "image_url": "https:\/\/product-integrations-cdn.atl-paas.net\/jira-priority\/medium.png",
                        "alt_text": "Medium"
                    },
                    {
                        "type": "mrkdwn",
                        "text": "Priority: *Medium*",
                        "verbatim": false
                    }
                ]
            }
        ],
        "team": "T042E1514F3",
        "bot_profile": {
            "id": "B052RHNE82E",
            "app_id": "A2RPP3NFR",
            "name": "Jira Cloud",
            "icons": {
                "image_36": "https:\/\/avatars.slack-edge.com\/2018-11-30\/493753869479_4b703f4119efe3d7d0ff_36.png",
                "image_48": "https:\/\/avatars.slack-edge.com\/2018-11-30\/493753869479_4b703f4119efe3d7d0ff_48.png",
                "image_72": "https:\/\/avatars.slack-edge.com\/2018-11-30\/493753869479_4b703f4119efe3d7d0ff_72.png"
            },
            "deleted": false,
            "updated": 1681239587,
            "team_id": "T042E1514F3"
        }
    },
    {
        "bot_id": "B052RHNE82E",
        "type": "message",
        "text": "tmribble07 created a Task CDC2023-49 the billing server has a directory, \/var\/www\/isedrm\/ everything i…",
        "user": "U053F8E317S",
        "ts": "1681481473.236319",
        "app_id": "A2RPP3NFR",
        "blocks": [
            {
                "type": "section",
                "block_id": "no:ih:10048::3680eb10dace11ed8c1f37facaaa2883",
                "text": {
                    "type": "mrkdwn",
                    "text": "*tmribble07 created a Task*\n*<https:\/\/cdc2023.atlassian.net\/browse\/CDC2023-49?atlOrigin=eyJpIjoiNjhlNTI4OWNhNDI1NGVkMWE0ZWNiMTQ2YjBlZjBhN2IiLCJwIjoiamlyYS1zbGFjay1pbnQifQ|CDC2023-49 the billing server has a directory, \/var\/www\/isedrm\/ everything i…>*",
                    "verbatim": false
                },
                "accessory": {
                    "type": "overflow",
                    "action_id": "{\"issueId\":\"10048\",\"instanceId\":\"10611f2c-0537-3ea5-a6a7-765564e825d7\",\"projectId\":\"10000\"}",
                    "options": [
                        {
                            "text": {
                                "type": "plain_text",
                                "text": "Watch",
                                "emoji": true
                            },
                            "value": "watch"
                        },
                        {
                            "text": {
                                "type": "plain_text",
                                "text": "Comment",
                                "emoji": true
                            },
                            "value": "comment"
                        },
                        {
                            "text": {
                                "type": "plain_text",
                                "text": "Assign",
                                "emoji": true
                            },
                            "value": "assign"
                        },
                        {
                            "text": {
                                "type": "plain_text",
                                "text": "Transition",
                                "emoji": true
                            },
                            "value": "transition"
                        },
                        {
                            "text": {
                                "type": "plain_text",
                                "text": "Why am I seeing this?",
                                "emoji": true
                            },
                            "value": "why"
                        }
                    ]
                }
            },
            {
                "type": "context",
                "block_id": "no:cx:10048::3680eb11dace11ed8c1f37facaaa2883",
                "elements": [
                    {
                        "type": "mrkdwn",
                        "text": "Status: *To Do*",
                        "verbatim": false
                    },
                    {
                        "type": "image",
                        "image_url": "https:\/\/product-integrations-cdn.atl-paas.net\/jira-issuetype\/task.png",
                        "alt_text": "Task"
                    },
                    {
                        "type": "mrkdwn",
                        "text": "Type: *Task*",
                        "verbatim": false
                    },
                    {
                        "type": "image",
                        "image_url": "https:\/\/product-integrations-cdn.atl-paas.net\/icons\/unknown-user.png",
                        "alt_text": "Unassigned"
                    },
                    {
                        "type": "mrkdwn",
                        "text": "Assignee: *Unassigned*",
                        "verbatim": false
                    },
                    {
                        "type": "image",
                        "image_url": "https:\/\/product-integrations-cdn.atl-paas.net\/jira-priority\/medium.png",
                        "alt_text": "Medium"
                    },
                    {
                        "type": "mrkdwn",
                        "text": "Priority: *Medium*",
                        "verbatim": false
                    }
                ]
            }
        ],
        "team": "T042E1514F3",
        "bot_profile": {
            "id": "B052RHNE82E",
            "app_id": "A2RPP3NFR",
            "name": "Jira Cloud",
            "icons": {
                "image_36": "https:\/\/avatars.slack-edge.com\/2018-11-30\/493753869479_4b703f4119efe3d7d0ff_36.png",
                "image_48": "https:\/\/avatars.slack-edge.com\/2018-11-30\/493753869479_4b703f4119efe3d7d0ff_48.png",
                "image_72": "https:\/\/avatars.slack-edge.com\/2018-11-30\/493753869479_4b703f4119efe3d7d0ff_72.png"
            },
            "deleted": false,
            "updated": 1681239587,
            "team_id": "T042E1514F3"
        }
    },
    {
        "bot_id": "B052RHNE82E",
        "type": "message",
        "text": "tmribble07 created a Task CDC2023-50 investigate directory \/home\/notroot\/",
        "user": "U053F8E317S",
        "ts": "1681481537.936579",
        "app_id": "A2RPP3NFR",
        "blocks": [
            {
                "type": "section",
                "block_id": "no:ih:10049::5d1c5750dace11edaaa3c737a3d68fad",
                "text": {
                    "type": "mrkdwn",
                    "text": "*tmribble07 created a Task*\n*<https:\/\/cdc2023.atlassian.net\/browse\/CDC2023-50?atlOrigin=eyJpIjoiY2E4ZWUxNjA3OGJiNDNiNGE3NTM2YjEyMmNjYmExNzQiLCJwIjoiamlyYS1zbGFjay1pbnQifQ|CDC2023-50 investigate directory \/home\/notroot\/>*",
                    "verbatim": false
                },
                "accessory": {
                    "type": "overflow",
                    "action_id": "{\"issueId\":\"10049\",\"instanceId\":\"10611f2c-0537-3ea5-a6a7-765564e825d7\",\"projectId\":\"10000\"}",
                    "options": [
                        {
                            "text": {
                                "type": "plain_text",
                                "text": "Watch",
                                "emoji": true
                            },
                            "value": "watch"
                        },
                        {
                            "text": {
                                "type": "plain_text",
                                "text": "Comment",
                                "emoji": true
                            },
                            "value": "comment"
                        },
                        {
                            "text": {
                                "type": "plain_text",
                                "text": "Assign",
                                "emoji": true
                            },
                            "value": "assign"
                        },
                        {
                            "text": {
                                "type": "plain_text",
                                "text": "Transition",
                                "emoji": true
                            },
                            "value": "transition"
                        },
                        {
                            "text": {
                                "type": "plain_text",
                                "text": "Why am I seeing this?",
                                "emoji": true
                            },
                            "value": "why"
                        }
                    ]
                }
            },
            {
                "type": "context",
                "block_id": "no:cx:10049::5d1c5751dace11edaaa3c737a3d68fad",
                "elements": [
                    {
                        "type": "mrkdwn",
                        "text": "Status: *To Do*",
                        "verbatim": false
                    },
                    {
                        "type": "image",
                        "image_url": "https:\/\/product-integrations-cdn.atl-paas.net\/jira-issuetype\/task.png",
                        "alt_text": "Task"
                    },
                    {
                        "type": "mrkdwn",
                        "text": "Type: *Task*",
                        "verbatim": false
                    },
                    {
                        "type": "image",
                        "image_url": "https:\/\/product-integrations-cdn.atl-paas.net\/icons\/unknown-user.png",
                        "alt_text": "Unassigned"
                    },
                    {
                        "type": "mrkdwn",
                        "text": "Assignee: *Unassigned*",
                        "verbatim": false
                    },
                    {
                        "type": "image",
                        "image_url": "https:\/\/product-integrations-cdn.atl-paas.net\/jira-priority\/medium.png",
                        "alt_text": "Medium"
                    },
                    {
                        "type": "mrkdwn",
                        "text": "Priority: *Medium*",
                        "verbatim": false
                    }
                ]
            }
        ],
        "team": "T042E1514F3",
        "bot_profile": {
            "id": "B052RHNE82E",
            "app_id": "A2RPP3NFR",
            "name": "Jira Cloud",
            "icons": {
                "image_36": "https:\/\/avatars.slack-edge.com\/2018-11-30\/493753869479_4b703f4119efe3d7d0ff_36.png",
                "image_48": "https:\/\/avatars.slack-edge.com\/2018-11-30\/493753869479_4b703f4119efe3d7d0ff_48.png",
                "image_72": "https:\/\/avatars.slack-edge.com\/2018-11-30\/493753869479_4b703f4119efe3d7d0ff_72.png"
            },
            "deleted": false,
            "updated": 1681239587,
            "team_id": "T042E1514F3"
        }
    },
    {
        "bot_id": "B052RHNE82E",
        "type": "message",
        "text": "tmribble07 created a Task CDC2023-51 investigate \/usr\/bin\/c99",
        "user": "U053F8E317S",
        "ts": "1681481652.727149",
        "app_id": "A2RPP3NFR",
        "blocks": [
            {
                "type": "section",
                "block_id": "no:ih:10050::a1896e50dace11edaaa3c737a3d68fad",
                "text": {
                    "type": "mrkdwn",
                    "text": "*tmribble07 created a Task*\n*<https:\/\/cdc2023.atlassian.net\/browse\/CDC2023-51?atlOrigin=eyJpIjoiYjY2ZGVjZGI3ZjE3NGFiMTg3N2VjNWE4MDU4OTFhYTgiLCJwIjoiamlyYS1zbGFjay1pbnQifQ|CDC2023-51 investigate \/usr\/bin\/c99>*",
                    "verbatim": false
                },
                "accessory": {
                    "type": "overflow",
                    "action_id": "{\"issueId\":\"10050\",\"instanceId\":\"10611f2c-0537-3ea5-a6a7-765564e825d7\",\"projectId\":\"10000\"}",
                    "options": [
                        {
                            "text": {
                                "type": "plain_text",
                                "text": "Watch",
                                "emoji": true
                            },
                            "value": "watch"
                        },
                        {
                            "text": {
                                "type": "plain_text",
                                "text": "Comment",
                                "emoji": true
                            },
                            "value": "comment"
                        },
                        {
                            "text": {
                                "type": "plain_text",
                                "text": "Assign",
                                "emoji": true
                            },
                            "value": "assign"
                        },
                        {
                            "text": {
                                "type": "plain_text",
                                "text": "Transition",
                                "emoji": true
                            },
                            "value": "transition"
                        },
                        {
                            "text": {
                                "type": "plain_text",
                                "text": "Why am I seeing this?",
                                "emoji": true
                            },
                            "value": "why"
                        }
                    ]
                }
            },
            {
                "type": "context",
                "block_id": "no:cx:10050::a1896e51dace11edaaa3c737a3d68fad",
                "elements": [
                    {
                        "type": "mrkdwn",
                        "text": "Status: *To Do*",
                        "verbatim": false
                    },
                    {
                        "type": "image",
                        "image_url": "https:\/\/product-integrations-cdn.atl-paas.net\/jira-issuetype\/task.png",
                        "alt_text": "Task"
                    },
                    {
                        "type": "mrkdwn",
                        "text": "Type: *Task*",
                        "verbatim": false
                    },
                    {
                        "type": "image",
                        "image_url": "https:\/\/product-integrations-cdn.atl-paas.net\/icons\/unknown-user.png",
                        "alt_text": "Unassigned"
                    },
                    {
                        "type": "mrkdwn",
                        "text": "Assignee: *Unassigned*",
                        "verbatim": false
                    },
                    {
                        "type": "image",
                        "image_url": "https:\/\/product-integrations-cdn.atl-paas.net\/jira-priority\/medium.png",
                        "alt_text": "Medium"
                    },
                    {
                        "type": "mrkdwn",
                        "text": "Priority: *Medium*",
                        "verbatim": false
                    }
                ]
            }
        ],
        "team": "T042E1514F3",
        "bot_profile": {
            "id": "B052RHNE82E",
            "app_id": "A2RPP3NFR",
            "name": "Jira Cloud",
            "icons": {
                "image_36": "https:\/\/avatars.slack-edge.com\/2018-11-30\/493753869479_4b703f4119efe3d7d0ff_36.png",
                "image_48": "https:\/\/avatars.slack-edge.com\/2018-11-30\/493753869479_4b703f4119efe3d7d0ff_48.png",
                "image_72": "https:\/\/avatars.slack-edge.com\/2018-11-30\/493753869479_4b703f4119efe3d7d0ff_72.png"
            },
            "deleted": false,
            "updated": 1681239587,
            "team_id": "T042E1514F3"
        }
    }
]