[
    {
        "client_msg_id": "ad600658-def9-4359-83e8-f1fa34926cf2",
        "type": "message",
        "text": "I'm double posting this from the announcements channel because I think that at least some of your parents can see this channel but they can't see the announcements channel.\n\n&gt; This is important and I forgot to mention it earlier. There are no beverages available in the new office, and there is such a small amount of food that I cannot share it with you in good conscience. So you may want to stop someplace. If you want something to drink or a snack. I would ask you to not bring too much. Please try to keep it to about the same amount you would have grabbed from the Speakeasy before, so that the conference room isn't overwhelmed with pizza and Arby's and ribeye steaks or anything like that. :slightly_smiling_face:",
        "user": "U042R3B76SC",
        "ts": "1677940760.036789",
        "blocks": [
            {
                "type": "rich_text",
                "block_id": "TXB",
                "elements": [
                    {
                        "type": "rich_text_section",
                        "elements": [
                            {
                                "type": "text",
                                "text": "I'm double posting this from the announcements channel because I think that at least some of your parents can see this channel but they can't see the announcements channel.\n\n"
                            }
                        ]
                    },
                    {
                        "type": "rich_text_quote",
                        "elements": [
                            {
                                "type": "text",
                                "text": "This is important and I forgot to mention it earlier. There are no beverages available in the new office, and there is such a small amount of food that I cannot share it with you in good conscience. So you may want to stop someplace. If you want something to drink or a snack. I would ask you to not bring too much. Please try to keep it to about the same amount you would have grabbed from the Speakeasy before, so that the conference room isn't overwhelmed with pizza and Arby's and ribeye steaks or anything like that. "
                            },
                            {
                                "type": "emoji",
                                "name": "slightly_smiling_face",
                                "unicode": "1f642"
                            }
                        ],
                        "border": 0
                    }
                ]
            }
        ],
        "team": "T042E1514F3",
        "user_team": "T042E1514F3",
        "source_team": "T042E1514F3",
        "user_profile": {
            "avatar_hash": "g6730f37144b",
            "image_72": "https:\/\/secure.gravatar.com\/avatar\/6730f37144bd6ae505b97012a7f22a66.jpg?s=72&d=https%3A%2F%2Fa.slack-edge.com%2Fdf10d%2Fimg%2Favatars%2Fava_0006-72.png",
            "first_name": "chris",
            "real_name": "chris",
            "display_name": "",
            "team": "T042E1514F3",
            "name": "chris",
            "is_restricted": false,
            "is_ultra_restricted": false
        }
    },
    {
        "client_msg_id": "a142c99d-7bf8-4f2a-8e54-7bfc8c860d09",
        "type": "message",
        "text": "<https:\/\/godaddy.zoom.us\/j\/94943092652?pwd=VGQwNjZCeHRwem5CdDJZOVljMWVPQT09&amp;from=addon>\n\nNew link ^ ^",
        "user": "U042R3B76SC",
        "ts": "1677947217.760599",
        "blocks": [
            {
                "type": "rich_text",
                "block_id": "LSB",
                "elements": [
                    {
                        "type": "rich_text_section",
                        "elements": [
                            {
                                "type": "link",
                                "url": "https:\/\/godaddy.zoom.us\/j\/94943092652?pwd=VGQwNjZCeHRwem5CdDJZOVljMWVPQT09&from=addon"
                            },
                            {
                                "type": "text",
                                "text": "\n\nNew link ^ ^"
                            }
                        ]
                    }
                ]
            }
        ],
        "team": "T042E1514F3",
        "user_team": "T042E1514F3",
        "source_team": "T042E1514F3",
        "user_profile": {
            "avatar_hash": "g6730f37144b",
            "image_72": "https:\/\/secure.gravatar.com\/avatar\/6730f37144bd6ae505b97012a7f22a66.jpg?s=72&d=https%3A%2F%2Fa.slack-edge.com%2Fdf10d%2Fimg%2Favatars%2Fava_0006-72.png",
            "first_name": "chris",
            "real_name": "chris",
            "display_name": "",
            "team": "T042E1514F3",
            "name": "chris",
            "is_restricted": false,
            "is_ultra_restricted": false
        }
    },
    {
        "type": "message",
        "text": "",
        "files": [
            {
                "id": "F04SDHSH8MQ",
                "created": 1677948057,
                "timestamp": 1677948057,
                "name": "2023-02-25-meeting-notes.md.pdf",
                "title": "2023-02-25-meeting-notes.md.pdf",
                "mimetype": "application\/pdf",
                "filetype": "pdf",
                "pretty_type": "PDF",
                "user": "U042R3B76SC",
                "user_team": "T042E1514F3",
                "editable": false,
                "size": 213329,
                "mode": "hosted",
                "is_external": false,
                "external_type": "",
                "is_public": true,
                "public_url_shared": false,
                "display_as_bot": false,
                "username": "",
                "url_private": "https:\/\/files.slack.com\/files-pri\/T042E1514F3-F04SDHSH8MQ\/2023-02-25-meeting-notes.md.pdf?t=xoxe-4082039038513-5909763746612-5907217023875-336a8277661c30aa211f6bb0466e7c24",
                "url_private_download": "https:\/\/files.slack.com\/files-pri\/T042E1514F3-F04SDHSH8MQ\/download\/2023-02-25-meeting-notes.md.pdf?t=xoxe-4082039038513-5909763746612-5907217023875-336a8277661c30aa211f6bb0466e7c24",
                "media_display_type": "unknown",
                "thumb_pdf": "https:\/\/files.slack.com\/files-tmb\/T042E1514F3-F04SDHSH8MQ-2d40a5f6a6\/2023-02-25-meeting-notes.md_thumb_pdf.png?t=xoxe-4082039038513-5909763746612-5907217023875-336a8277661c30aa211f6bb0466e7c24",
                "thumb_pdf_w": 935,
                "thumb_pdf_h": 1210,
                "permalink": "https:\/\/cyberdefense2022-2023.slack.com\/files\/U042R3B76SC\/F04SDHSH8MQ\/2023-02-25-meeting-notes.md.pdf",
                "permalink_public": "https:\/\/slack-files.com\/T042E1514F3-F04SDHSH8MQ-160e1b008a",
                "is_starred": false,
                "has_rich_preview": false,
                "file_access": "visible"
            }
        ],
        "upload": false,
        "user": "U042R3B76SC",
        "display_as_bot": false,
        "ts": "1677948061.040129",
        "client_msg_id": "eb27efd8-aa7f-4894-a209-8a18aae890d4"
    },
    {
        "type": "message",
        "text": "",
        "files": [
            {
                "id": "F04SDGUTZDZ",
                "created": 1677952789,
                "timestamp": 1677952789,
                "name": "03 - CentOS 6.4 Cheat Sheet.docx",
                "title": "03 - CentOS 6.4 Cheat Sheet.docx",
                "mimetype": "application\/vnd.openxmlformats-officedocument.wordprocessingml.document",
                "filetype": "docx",
                "pretty_type": "Word Document",
                "user": "U042R3B76SC",
                "user_team": "T042E1514F3",
                "editable": false,
                "size": 17926,
                "mode": "hosted",
                "is_external": false,
                "external_type": "",
                "is_public": true,
                "public_url_shared": false,
                "display_as_bot": false,
                "username": "",
                "url_private": "https:\/\/files.slack.com\/files-pri\/T042E1514F3-F04SDGUTZDZ\/03_-_centos_6.4_cheat_sheet.docx?t=xoxe-4082039038513-5909763746612-5907217023875-336a8277661c30aa211f6bb0466e7c24",
                "url_private_download": "https:\/\/files.slack.com\/files-pri\/T042E1514F3-F04SDGUTZDZ\/download\/03_-_centos_6.4_cheat_sheet.docx?t=xoxe-4082039038513-5909763746612-5907217023875-336a8277661c30aa211f6bb0466e7c24",
                "media_display_type": "unknown",
                "converted_pdf": "https:\/\/files.slack.com\/files-tmb\/T042E1514F3-F04SDGUTZDZ-728340d254\/03_-_centos_6.4_cheat_sheet_converted.pdf?t=xoxe-4082039038513-5909763746612-5907217023875-336a8277661c30aa211f6bb0466e7c24",
                "thumb_pdf": "https:\/\/files.slack.com\/files-tmb\/T042E1514F3-F04SDGUTZDZ-728340d254\/03_-_centos_6.4_cheat_sheet_thumb_pdf.png?t=xoxe-4082039038513-5909763746612-5907217023875-336a8277661c30aa211f6bb0466e7c24",
                "thumb_pdf_w": 935,
                "thumb_pdf_h": 1210,
                "permalink": "https:\/\/cyberdefense2022-2023.slack.com\/files\/U042R3B76SC\/F04SDGUTZDZ\/03_-_centos_6.4_cheat_sheet.docx",
                "permalink_public": "https:\/\/slack-files.com\/T042E1514F3-F04SDGUTZDZ-1832fb1a2e",
                "is_starred": false,
                "has_rich_preview": false,
                "file_access": "visible"
            }
        ],
        "upload": false,
        "user": "U042R3B76SC",
        "display_as_bot": false,
        "ts": "1677952794.817139",
        "client_msg_id": "7f100bba-ca4a-4c94-9c36-089115b7aa3f"
    },
    {
        "client_msg_id": "8a7be601-138e-4da0-9775-20ca64cb7d58",
        "type": "message",
        "text": "Somebody could use this as a starting point for an Ubuntu cheat sheet. Note that it's for CentOS, so things need changing. Feel free to change it from Q&amp;A.",
        "user": "U042R3B76SC",
        "ts": "1677952926.902659",
        "blocks": [
            {
                "type": "rich_text",
                "block_id": "sl4A",
                "elements": [
                    {
                        "type": "rich_text_section",
                        "elements": [
                            {
                                "type": "text",
                                "text": "Somebody could use this as a starting point for an Ubuntu cheat sheet. Note that it's for CentOS, so things need changing. Feel free to change it from Q&A."
                            }
                        ]
                    }
                ]
            }
        ],
        "team": "T042E1514F3",
        "user_team": "T042E1514F3",
        "source_team": "T042E1514F3",
        "user_profile": {
            "avatar_hash": "g6730f37144b",
            "image_72": "https:\/\/secure.gravatar.com\/avatar\/6730f37144bd6ae505b97012a7f22a66.jpg?s=72&d=https%3A%2F%2Fa.slack-edge.com%2Fdf10d%2Fimg%2Favatars%2Fava_0006-72.png",
            "first_name": "chris",
            "real_name": "chris",
            "display_name": "",
            "team": "T042E1514F3",
            "name": "chris",
            "is_restricted": false,
            "is_ultra_restricted": false
        }
    },
    {
        "client_msg_id": "f6bfc33e-536d-4e92-9270-a55a27e03bf0",
        "type": "message",
        "text": "If I find an Ubuntu cheat sheet, I'll post that.",
        "user": "U042R3B76SC",
        "ts": "1677952944.670009",
        "blocks": [
            {
                "type": "rich_text",
                "block_id": "dQ56t",
                "elements": [
                    {
                        "type": "rich_text_section",
                        "elements": [
                            {
                                "type": "text",
                                "text": "If I find an Ubuntu cheat sheet, I'll post that."
                            }
                        ]
                    }
                ]
            }
        ],
        "team": "T042E1514F3",
        "user_team": "T042E1514F3",
        "source_team": "T042E1514F3",
        "user_profile": {
            "avatar_hash": "g6730f37144b",
            "image_72": "https:\/\/secure.gravatar.com\/avatar\/6730f37144bd6ae505b97012a7f22a66.jpg?s=72&d=https%3A%2F%2Fa.slack-edge.com%2Fdf10d%2Fimg%2Favatars%2Fava_0006-72.png",
            "first_name": "chris",
            "real_name": "chris",
            "display_name": "",
            "team": "T042E1514F3",
            "name": "chris",
            "is_restricted": false,
            "is_ultra_restricted": false
        }
    },
    {
        "type": "message",
        "text": "Here's a similar file that we updated for Ubuntu back in 2017. Although it is for Ubuntu, not CentOS, there have been a bunch of changes to the preferred way to do some of these commands. But this is still a good starting point for anybody who wants to take the lead on starting any kind of cheat sheet for commands for Ubuntu 20.04\/22.04.",
        "files": [
            {
                "id": "F04S7NLSSNA",
                "created": 1677993229,
                "timestamp": 1677993229,
                "name": "Ubuntu 16.01 LTS Cheatsheet.docx",
                "title": "Ubuntu 16.01 LTS Cheatsheet.docx",
                "mimetype": "application\/vnd.openxmlformats-officedocument.wordprocessingml.document",
                "filetype": "docx",
                "pretty_type": "Word Document",
                "user": "U042R3B76SC",
                "user_team": "T042E1514F3",
                "editable": false,
                "size": 17229,
                "mode": "hosted",
                "is_external": false,
                "external_type": "",
                "is_public": true,
                "public_url_shared": false,
                "display_as_bot": false,
                "username": "",
                "url_private": "https:\/\/files.slack.com\/files-pri\/T042E1514F3-F04S7NLSSNA\/ubuntu_16.01_lts_cheatsheet.docx?t=xoxe-4082039038513-5909763746612-5907217023875-336a8277661c30aa211f6bb0466e7c24",
                "url_private_download": "https:\/\/files.slack.com\/files-pri\/T042E1514F3-F04S7NLSSNA\/download\/ubuntu_16.01_lts_cheatsheet.docx?t=xoxe-4082039038513-5909763746612-5907217023875-336a8277661c30aa211f6bb0466e7c24",
                "media_display_type": "unknown",
                "converted_pdf": "https:\/\/files.slack.com\/files-tmb\/T042E1514F3-F04S7NLSSNA-409d5dd7b0\/ubuntu_16.01_lts_cheatsheet_converted.pdf?t=xoxe-4082039038513-5909763746612-5907217023875-336a8277661c30aa211f6bb0466e7c24",
                "thumb_pdf": "https:\/\/files.slack.com\/files-tmb\/T042E1514F3-F04S7NLSSNA-409d5dd7b0\/ubuntu_16.01_lts_cheatsheet_thumb_pdf.png?t=xoxe-4082039038513-5909763746612-5907217023875-336a8277661c30aa211f6bb0466e7c24",
                "thumb_pdf_w": 935,
                "thumb_pdf_h": 1210,
                "permalink": "https:\/\/cyberdefense2022-2023.slack.com\/files\/U042R3B76SC\/F04S7NLSSNA\/ubuntu_16.01_lts_cheatsheet.docx",
                "permalink_public": "https:\/\/slack-files.com\/T042E1514F3-F04S7NLSSNA-ca4311cccc",
                "is_starred": false,
                "has_rich_preview": false,
                "file_access": "visible"
            }
        ],
        "upload": false,
        "user": "U042R3B76SC",
        "display_as_bot": false,
        "ts": "1677993375.706559",
        "blocks": [
            {
                "type": "rich_text",
                "block_id": "Fl=V",
                "elements": [
                    {
                        "type": "rich_text_section",
                        "elements": [
                            {
                                "type": "text",
                                "text": "Here's a similar file that we updated for Ubuntu back in 2017. Although it is for Ubuntu, not CentOS, there have been a bunch of changes to the preferred way to do some of these commands. But this is still a good starting point for anybody who wants to take the lead on starting any kind of cheat sheet for commands for Ubuntu 20.04\/22.04."
                            }
                        ]
                    }
                ]
            }
        ],
        "edited": {
            "user": "U042R3B76SC",
            "ts": "1677993399.000000"
        },
        "client_msg_id": "1754d64a-84de-4631-a531-92384e1b3946"
    }
]