[
    {
        "type": "message",
        "subtype": "bot_message",
        "text": "News! All messages with :notebook: reactions will now be automatically posted to this channel. <@U042R3B76SC> set this up (and you can type `\/reacji-channeler help` to learn more).",
        "ts": "1690217581.338749",
        "username": "Reacji Channeler",
        "icons": {
            "emoji": ":notebook:"
        },
        "bot_id": "B05JK240CLU",
        "app_id": "A1BFDR28J",
        "blocks": [
            {
                "type": "rich_text",
                "block_id": "Zsd",
                "elements": [
                    {
                        "type": "rich_text_section",
                        "elements": [
                            {
                                "type": "text",
                                "text": "News! All messages with "
                            },
                            {
                                "type": "emoji",
                                "name": "notebook",
                                "unicode": "1f4d3"
                            },
                            {
                                "type": "text",
                                "text": " reactions will now be automatically posted to this channel. "
                            },
                            {
                                "type": "user",
                                "user_id": "U042R3B76SC"
                            },
                            {
                                "type": "text",
                                "text": " set this up (and you can type "
                            },
                            {
                                "type": "text",
                                "text": "\/reacji-channeler help",
                                "style": {
                                    "code": true
                                }
                            },
                            {
                                "type": "text",
                                "text": " to learn more)."
                            }
                        ]
                    }
                ]
            }
        ]
    }
]