[
    {
        "bot_id": "B052RHNE82E",
        "type": "message",
        "text": "tmribble07 created a Task CDC2023-56 Go over the ssh config file, the billing one was a mess, so natur…",
        "user": "U053F8E317S",
        "ts": "1681655184.844899",
        "app_id": "A2RPP3NFR",
        "blocks": [
            {
                "type": "section",
                "block_id": "no:ih:10055::aabd93d0dc6211edaaa3c737a3d68fad",
                "text": {
                    "type": "mrkdwn",
                    "text": "*tmribble07 created a Task*\n*<https:\/\/cdc2023.atlassian.net\/browse\/CDC2023-56?atlOrigin=eyJpIjoiZGE0ZDQ3OGI4YmVlNGE1M2I5NDhiYWU1OTc2NDMyM2EiLCJwIjoiamlyYS1zbGFjay1pbnQifQ|CDC2023-56 Go over the ssh config file, the billing one was a mess, so natur…>*",
                    "verbatim": false
                },
                "accessory": {
                    "type": "overflow",
                    "action_id": "{\"issueId\":\"10055\",\"instanceId\":\"10611f2c-0537-3ea5-a6a7-765564e825d7\",\"projectId\":\"10000\"}",
                    "options": [
                        {
                            "text": {
                                "type": "plain_text",
                                "text": "Watch",
                                "emoji": true
                            },
                            "value": "watch"
                        },
                        {
                            "text": {
                                "type": "plain_text",
                                "text": "Comment",
                                "emoji": true
                            },
                            "value": "comment"
                        },
                        {
                            "text": {
                                "type": "plain_text",
                                "text": "Assign",
                                "emoji": true
                            },
                            "value": "assign"
                        },
                        {
                            "text": {
                                "type": "plain_text",
                                "text": "Transition",
                                "emoji": true
                            },
                            "value": "transition"
                        },
                        {
                            "text": {
                                "type": "plain_text",
                                "text": "Why am I seeing this?",
                                "emoji": true
                            },
                            "value": "why"
                        }
                    ]
                }
            },
            {
                "type": "context",
                "block_id": "no:cx:10055::aabd93d1dc6211edaaa3c737a3d68fad",
                "elements": [
                    {
                        "type": "mrkdwn",
                        "text": "Status: *To Do*",
                        "verbatim": false
                    },
                    {
                        "type": "image",
                        "image_url": "https:\/\/product-integrations-cdn.atl-paas.net\/jira-issuetype\/task.png",
                        "alt_text": "Task"
                    },
                    {
                        "type": "mrkdwn",
                        "text": "Type: *Task*",
                        "verbatim": false
                    },
                    {
                        "type": "image",
                        "image_url": "https:\/\/product-integrations-cdn.atl-paas.net\/icons\/unknown-user.png",
                        "alt_text": "Unassigned"
                    },
                    {
                        "type": "mrkdwn",
                        "text": "Assignee: *Unassigned*",
                        "verbatim": false
                    },
                    {
                        "type": "image",
                        "image_url": "https:\/\/product-integrations-cdn.atl-paas.net\/jira-priority\/medium.png",
                        "alt_text": "Medium"
                    },
                    {
                        "type": "mrkdwn",
                        "text": "Priority: *Medium*",
                        "verbatim": false
                    }
                ]
            }
        ],
        "team": "T042E1514F3",
        "bot_profile": {
            "id": "B052RHNE82E",
            "app_id": "A2RPP3NFR",
            "name": "Jira Cloud",
            "icons": {
                "image_36": "https:\/\/avatars.slack-edge.com\/2018-11-30\/493753869479_4b703f4119efe3d7d0ff_36.png",
                "image_48": "https:\/\/avatars.slack-edge.com\/2018-11-30\/493753869479_4b703f4119efe3d7d0ff_48.png",
                "image_72": "https:\/\/avatars.slack-edge.com\/2018-11-30\/493753869479_4b703f4119efe3d7d0ff_72.png"
            },
            "deleted": false,
            "updated": 1681239587,
            "team_id": "T042E1514F3"
        }
    },
    {
        "client_msg_id": "e25f8b03-386a-4677-9760-d18f2da349da",
        "type": "message",
        "text": "<@U042R51RY2C>, shouldn't this be in Trello?",
        "user": "U042R3B76SC",
        "ts": "1681678480.816749",
        "blocks": [
            {
                "type": "rich_text",
                "block_id": "OAH",
                "elements": [
                    {
                        "type": "rich_text_section",
                        "elements": [
                            {
                                "type": "user",
                                "user_id": "U042R51RY2C"
                            },
                            {
                                "type": "text",
                                "text": ", shouldn't this be in Trello?"
                            }
                        ]
                    }
                ]
            }
        ],
        "team": "T042E1514F3",
        "user_team": "T042E1514F3",
        "source_team": "T042E1514F3",
        "user_profile": {
            "avatar_hash": "g6730f37144b",
            "image_72": "https:\/\/secure.gravatar.com\/avatar\/6730f37144bd6ae505b97012a7f22a66.jpg?s=72&d=https%3A%2F%2Fa.slack-edge.com%2Fdf10d%2Fimg%2Favatars%2Fava_0006-72.png",
            "first_name": "chris",
            "real_name": "chris",
            "display_name": "",
            "team": "T042E1514F3",
            "name": "chris",
            "is_restricted": false,
            "is_ultra_restricted": false
        }
    },
    {
        "client_msg_id": "730dfebc-2e21-40b8-931b-66a00ee27a5b",
        "type": "message",
        "text": "Also, what did you compare it to to prove it was \"a mess?\"",
        "user": "U042R3B76SC",
        "ts": "1681678530.333259",
        "blocks": [
            {
                "type": "rich_text",
                "block_id": "o4i",
                "elements": [
                    {
                        "type": "rich_text_section",
                        "elements": [
                            {
                                "type": "text",
                                "text": "Also, what did you compare it to to prove it was \"a mess?\""
                            }
                        ]
                    }
                ]
            }
        ],
        "team": "T042E1514F3",
        "user_team": "T042E1514F3",
        "source_team": "T042E1514F3",
        "user_profile": {
            "avatar_hash": "g6730f37144b",
            "image_72": "https:\/\/secure.gravatar.com\/avatar\/6730f37144bd6ae505b97012a7f22a66.jpg?s=72&d=https%3A%2F%2Fa.slack-edge.com%2Fdf10d%2Fimg%2Favatars%2Fava_0006-72.png",
            "first_name": "chris",
            "real_name": "chris",
            "display_name": "",
            "team": "T042E1514F3",
            "name": "chris",
            "is_restricted": false,
            "is_ultra_restricted": false
        },
        "thread_ts": "1681678530.333259",
        "reply_count": 4,
        "reply_users_count": 2,
        "latest_reply": "1681745440.424249",
        "reply_users": [
            "U042R51RY2C",
            "U042R3B76SC"
        ],
        "replies": [
            {
                "user": "U042R51RY2C",
                "ts": "1681743799.380939"
            },
            {
                "user": "U042R51RY2C",
                "ts": "1681743845.470929"
            },
            {
                "user": "U042R3B76SC",
                "ts": "1681745382.784139"
            },
            {
                "user": "U042R51RY2C",
                "ts": "1681745440.424249"
            }
        ],
        "is_locked": false,
        "subscribed": true,
        "last_read": "1681745440.424249"
    },
    {
        "client_msg_id": "725ddfc7-73fe-4b87-94be-dcf69054fd0c",
        "type": "message",
        "text": "Regarding connecting to the competition network, I have good news and bad news.\n\nThe good news is that it's easy to do. Just do this:\n1. Install (or update) the OpenVPN Connect app by *<https:\/\/openvpn.net\/downloads\/openvpn-connect-v3-windows.msi|downloading and running this file>*. If you want to install in Linux instead, you should go to <http:\/\/openvpn.net|openvpn.net> and find the correct way to install it for your version of Linux.\n2. Download *<https:\/\/download.iseage.org\/vpn|this file from ISEAGE>* that defines the CDC VPN.\n3. Double-click on that file in *File Explorer*. This will start a process to import the VPN information into OpenVPN. I will walk through that process (with screenshots) in a thread attached to this post.\n4. After you have finished the instructions in the thread, you should be connected to the competition network. To disconnect, or connect in the future, use the `iseage-vpn` network you just created in the *OpenVPN* app.",
        "user": "U042R3B76SC",
        "ts": "1681690335.834159",
        "blocks": [
            {
                "type": "rich_text",
                "block_id": "k=Y+",
                "elements": [
                    {
                        "type": "rich_text_section",
                        "elements": [
                            {
                                "type": "text",
                                "text": "Regarding connecting to the competition network, I have good news and bad news.\n\nThe good news is that it's easy to do. Just do this:\n"
                            }
                        ]
                    },
                    {
                        "type": "rich_text_list",
                        "elements": [
                            {
                                "type": "rich_text_section",
                                "elements": [
                                    {
                                        "type": "text",
                                        "text": "Install (or update) the OpenVPN Connect app by "
                                    },
                                    {
                                        "type": "link",
                                        "url": "https:\/\/openvpn.net\/downloads\/openvpn-connect-v3-windows.msi",
                                        "text": "downloading and running this file",
                                        "style": {
                                            "bold": true
                                        }
                                    },
                                    {
                                        "type": "text",
                                        "text": ". If you want to install in Linux instead, you should go to "
                                    },
                                    {
                                        "type": "link",
                                        "url": "http:\/\/openvpn.net",
                                        "text": "openvpn.net"
                                    },
                                    {
                                        "type": "text",
                                        "text": " and find the correct way to install it for your version of Linux."
                                    }
                                ]
                            },
                            {
                                "type": "rich_text_section",
                                "elements": [
                                    {
                                        "type": "text",
                                        "text": "Download "
                                    },
                                    {
                                        "type": "link",
                                        "url": "https:\/\/download.iseage.org\/vpn",
                                        "text": "this file from ISEAGE",
                                        "style": {
                                            "bold": true
                                        }
                                    },
                                    {
                                        "type": "text",
                                        "text": " that defines the CDC VPN."
                                    }
                                ]
                            },
                            {
                                "type": "rich_text_section",
                                "elements": [
                                    {
                                        "type": "text",
                                        "text": "Double-click on that file in "
                                    },
                                    {
                                        "type": "text",
                                        "text": "File Explorer",
                                        "style": {
                                            "bold": true
                                        }
                                    },
                                    {
                                        "type": "text",
                                        "text": ". This will start a process to import the VPN information into OpenVPN. I will walk through that process (with screenshots) in a thread attached to this post."
                                    }
                                ]
                            },
                            {
                                "type": "rich_text_section",
                                "elements": [
                                    {
                                        "type": "text",
                                        "text": "After you have finished the instructions in the thread, you should be connected to the competition network. To disconnect, or connect in the future, use the "
                                    },
                                    {
                                        "type": "text",
                                        "text": "iseage-vpn",
                                        "style": {
                                            "code": true
                                        }
                                    },
                                    {
                                        "type": "text",
                                        "text": " network you just created in the "
                                    },
                                    {
                                        "type": "text",
                                        "text": "OpenVPN",
                                        "style": {
                                            "bold": true
                                        }
                                    },
                                    {
                                        "type": "text",
                                        "text": " app."
                                    }
                                ]
                            }
                        ],
                        "style": "ordered",
                        "indent": 0,
                        "border": 0
                    }
                ]
            }
        ],
        "team": "T042E1514F3",
        "user_team": "T042E1514F3",
        "source_team": "T042E1514F3",
        "user_profile": {
            "avatar_hash": "g6730f37144b",
            "image_72": "https:\/\/secure.gravatar.com\/avatar\/6730f37144bd6ae505b97012a7f22a66.jpg?s=72&d=https%3A%2F%2Fa.slack-edge.com%2Fdf10d%2Fimg%2Favatars%2Fava_0006-72.png",
            "first_name": "chris",
            "real_name": "chris",
            "display_name": "",
            "team": "T042E1514F3",
            "name": "chris",
            "is_restricted": false,
            "is_ultra_restricted": false
        },
        "edited": {
            "user": "U042R3B76SC",
            "ts": "1681694890.000000"
        },
        "thread_ts": "1681690335.834159",
        "reply_count": 6,
        "reply_users_count": 1,
        "latest_reply": "1681712878.613499",
        "reply_users": [
            "U042R3B76SC"
        ],
        "replies": [
            {
                "user": "U042R3B76SC",
                "ts": "1681690349.551969"
            },
            {
                "user": "U042R3B76SC",
                "ts": "1681690445.083489"
            },
            {
                "user": "U042R3B76SC",
                "ts": "1681691818.221339"
            },
            {
                "user": "U042R3B76SC",
                "ts": "1681691874.909409"
            },
            {
                "user": "U042R3B76SC",
                "ts": "1681692841.537459"
            },
            {
                "user": "U042R3B76SC",
                "ts": "1681712878.613499"
            }
        ],
        "is_locked": false,
        "subscribed": true,
        "last_read": "1681712878.613499"
    },
    {
        "type": "message",
        "text": "",
        "files": [
            {
                "id": "F0531C612RM",
                "created": 1681690345,
                "timestamp": 1681690345,
                "name": "image.png",
                "title": "image.png",
                "mimetype": "image\/png",
                "filetype": "png",
                "pretty_type": "PNG",
                "user": "U042R3B76SC",
                "user_team": "T042E1514F3",
                "editable": false,
                "size": 80115,
                "mode": "hosted",
                "is_external": false,
                "external_type": "",
                "is_public": true,
                "public_url_shared": false,
                "display_as_bot": false,
                "username": "",
                "url_private": "https:\/\/files.slack.com\/files-pri\/T042E1514F3-F0531C612RM\/image.png?t=xoxe-4082039038513-5909763746612-5907217023875-336a8277661c30aa211f6bb0466e7c24",
                "url_private_download": "https:\/\/files.slack.com\/files-pri\/T042E1514F3-F0531C612RM\/download\/image.png?t=xoxe-4082039038513-5909763746612-5907217023875-336a8277661c30aa211f6bb0466e7c24",
                "media_display_type": "unknown",
                "thumb_64": "https:\/\/files.slack.com\/files-tmb\/T042E1514F3-F0531C612RM-ebe9488cbe\/image_64.png?t=xoxe-4082039038513-5909763746612-5907217023875-336a8277661c30aa211f6bb0466e7c24",
                "thumb_80": "https:\/\/files.slack.com\/files-tmb\/T042E1514F3-F0531C612RM-ebe9488cbe\/image_80.png?t=xoxe-4082039038513-5909763746612-5907217023875-336a8277661c30aa211f6bb0466e7c24",
                "thumb_360": "https:\/\/files.slack.com\/files-tmb\/T042E1514F3-F0531C612RM-ebe9488cbe\/image_360.png?t=xoxe-4082039038513-5909763746612-5907217023875-336a8277661c30aa211f6bb0466e7c24",
                "thumb_360_w": 360,
                "thumb_360_h": 115,
                "thumb_480": "https:\/\/files.slack.com\/files-tmb\/T042E1514F3-F0531C612RM-ebe9488cbe\/image_480.png?t=xoxe-4082039038513-5909763746612-5907217023875-336a8277661c30aa211f6bb0466e7c24",
                "thumb_480_w": 480,
                "thumb_480_h": 154,
                "thumb_160": "https:\/\/files.slack.com\/files-tmb\/T042E1514F3-F0531C612RM-ebe9488cbe\/image_160.png?t=xoxe-4082039038513-5909763746612-5907217023875-336a8277661c30aa211f6bb0466e7c24",
                "thumb_720": "https:\/\/files.slack.com\/files-tmb\/T042E1514F3-F0531C612RM-ebe9488cbe\/image_720.png?t=xoxe-4082039038513-5909763746612-5907217023875-336a8277661c30aa211f6bb0466e7c24",
                "thumb_720_w": 720,
                "thumb_720_h": 231,
                "thumb_800": "https:\/\/files.slack.com\/files-tmb\/T042E1514F3-F0531C612RM-ebe9488cbe\/image_800.png?t=xoxe-4082039038513-5909763746612-5907217023875-336a8277661c30aa211f6bb0466e7c24",
                "thumb_800_w": 800,
                "thumb_800_h": 256,
                "thumb_960": "https:\/\/files.slack.com\/files-tmb\/T042E1514F3-F0531C612RM-ebe9488cbe\/image_960.png?t=xoxe-4082039038513-5909763746612-5907217023875-336a8277661c30aa211f6bb0466e7c24",
                "thumb_960_w": 960,
                "thumb_960_h": 308,
                "thumb_1024": "https:\/\/files.slack.com\/files-tmb\/T042E1514F3-F0531C612RM-ebe9488cbe\/image_1024.png?t=xoxe-4082039038513-5909763746612-5907217023875-336a8277661c30aa211f6bb0466e7c24",
                "thumb_1024_w": 1024,
                "thumb_1024_h": 328,
                "original_w": 1878,
                "original_h": 602,
                "thumb_tiny": "AwAPADClu46UZz2zSH7opV+6PxoATI9KMj0oJA7UAj0FABkelGR6UZHoKMj0oA\/\/2Q==",
                "permalink": "https:\/\/cyberdefense2022-2023.slack.com\/files\/U042R3B76SC\/F0531C612RM\/image.png",
                "permalink_public": "https:\/\/slack-files.com\/T042E1514F3-F0531C612RM-9c297ed864",
                "is_starred": false,
                "has_rich_preview": false,
                "file_access": "visible"
            }
        ],
        "upload": false,
        "user": "U042R3B76SC",
        "display_as_bot": false,
        "ts": "1681690349.551969",
        "client_msg_id": "322ac31e-b6cb-42c1-b0a6-75c269a41289",
        "thread_ts": "1681690335.834159",
        "parent_user_id": "U042R3B76SC"
    },
    {
        "type": "message",
        "text": "",
        "files": [
            {
                "id": "F0531C8QN6T",
                "created": 1681690442,
                "timestamp": 1681690442,
                "name": "image.png",
                "title": "image.png",
                "mimetype": "image\/png",
                "filetype": "png",
                "pretty_type": "PNG",
                "user": "U042R3B76SC",
                "user_team": "T042E1514F3",
                "editable": false,
                "size": 86526,
                "mode": "hosted",
                "is_external": false,
                "external_type": "",
                "is_public": true,
                "public_url_shared": false,
                "display_as_bot": false,
                "username": "",
                "url_private": "https:\/\/files.slack.com\/files-pri\/T042E1514F3-F0531C8QN6T\/image.png?t=xoxe-4082039038513-5909763746612-5907217023875-336a8277661c30aa211f6bb0466e7c24",
                "url_private_download": "https:\/\/files.slack.com\/files-pri\/T042E1514F3-F0531C8QN6T\/download\/image.png?t=xoxe-4082039038513-5909763746612-5907217023875-336a8277661c30aa211f6bb0466e7c24",
                "media_display_type": "unknown",
                "thumb_64": "https:\/\/files.slack.com\/files-tmb\/T042E1514F3-F0531C8QN6T-065b23fb60\/image_64.png?t=xoxe-4082039038513-5909763746612-5907217023875-336a8277661c30aa211f6bb0466e7c24",
                "thumb_80": "https:\/\/files.slack.com\/files-tmb\/T042E1514F3-F0531C8QN6T-065b23fb60\/image_80.png?t=xoxe-4082039038513-5909763746612-5907217023875-336a8277661c30aa211f6bb0466e7c24",
                "thumb_360": "https:\/\/files.slack.com\/files-tmb\/T042E1514F3-F0531C8QN6T-065b23fb60\/image_360.png?t=xoxe-4082039038513-5909763746612-5907217023875-336a8277661c30aa211f6bb0466e7c24",
                "thumb_360_w": 210,
                "thumb_360_h": 360,
                "thumb_480": "https:\/\/files.slack.com\/files-tmb\/T042E1514F3-F0531C8QN6T-065b23fb60\/image_480.png?t=xoxe-4082039038513-5909763746612-5907217023875-336a8277661c30aa211f6bb0466e7c24",
                "thumb_480_w": 280,
                "thumb_480_h": 480,
                "thumb_160": "https:\/\/files.slack.com\/files-tmb\/T042E1514F3-F0531C8QN6T-065b23fb60\/image_160.png?t=xoxe-4082039038513-5909763746612-5907217023875-336a8277661c30aa211f6bb0466e7c24",
                "thumb_720": "https:\/\/files.slack.com\/files-tmb\/T042E1514F3-F0531C8QN6T-065b23fb60\/image_720.png?t=xoxe-4082039038513-5909763746612-5907217023875-336a8277661c30aa211f6bb0466e7c24",
                "thumb_720_w": 420,
                "thumb_720_h": 720,
                "thumb_800": "https:\/\/files.slack.com\/files-tmb\/T042E1514F3-F0531C8QN6T-065b23fb60\/image_800.png?t=xoxe-4082039038513-5909763746612-5907217023875-336a8277661c30aa211f6bb0466e7c24",
                "thumb_800_w": 800,
                "thumb_800_h": 1370,
                "thumb_960": "https:\/\/files.slack.com\/files-tmb\/T042E1514F3-F0531C8QN6T-065b23fb60\/image_960.png?t=xoxe-4082039038513-5909763746612-5907217023875-336a8277661c30aa211f6bb0466e7c24",
                "thumb_960_w": 561,
                "thumb_960_h": 960,
                "thumb_1024": "https:\/\/files.slack.com\/files-tmb\/T042E1514F3-F0531C8QN6T-065b23fb60\/image_1024.png?t=xoxe-4082039038513-5909763746612-5907217023875-336a8277661c30aa211f6bb0466e7c24",
                "thumb_1024_w": 598,
                "thumb_1024_h": 1024,
                "original_w": 800,
                "original_h": 1370,
                "thumb_tiny": "AwAwAByn5b+350CJ\/T9anozQBB5T+n60eU\/p+tWBRQBfhiiMKFkBJFO8mL+4v5VCsxEaBZFGF5Bp3nN\/z2jpXHYkEEXdF\/Kqd2oSbCjAx2q4s8e0ZkTPeqd2webKnIx2piIqKKKACiikHTmgD\/\/Z",
                "permalink": "https:\/\/cyberdefense2022-2023.slack.com\/files\/U042R3B76SC\/F0531C8QN6T\/image.png",
                "permalink_public": "https:\/\/slack-files.com\/T042E1514F3-F0531C8QN6T-78fc702221",
                "is_starred": false,
                "has_rich_preview": false,
                "file_access": "visible"
            }
        ],
        "upload": false,
        "user": "U042R3B76SC",
        "display_as_bot": false,
        "ts": "1681690445.083489",
        "client_msg_id": "738a1b78-d2e0-47b2-9a64-ddddcb2d4ab1",
        "thread_ts": "1681690335.834159",
        "parent_user_id": "U042R3B76SC"
    },
    {
        "type": "message",
        "text": "Use the same username and password you do for logging onto <http:\/\/vcenter.iseage.org|vcenter.iseage.org>.\n\nYou know I would generally never save my password on a form like this.\n\nIn this case, however, this is a temporary network without any association with \"real-world assets\" like real website accounts, so I think saving your password here is OK.",
        "files": [
            {
                "id": "F053FRNARMH",
                "created": 1681691675,
                "timestamp": 1681691675,
                "name": "image.png",
                "title": "image.png",
                "mimetype": "image\/png",
                "filetype": "png",
                "pretty_type": "PNG",
                "user": "U042R3B76SC",
                "user_team": "T042E1514F3",
                "editable": false,
                "size": 73288,
                "mode": "hosted",
                "is_external": false,
                "external_type": "",
                "is_public": true,
                "public_url_shared": false,
                "display_as_bot": false,
                "username": "",
                "url_private": "https:\/\/files.slack.com\/files-pri\/T042E1514F3-F053FRNARMH\/image.png?t=xoxe-4082039038513-5909763746612-5907217023875-336a8277661c30aa211f6bb0466e7c24",
                "url_private_download": "https:\/\/files.slack.com\/files-pri\/T042E1514F3-F053FRNARMH\/download\/image.png?t=xoxe-4082039038513-5909763746612-5907217023875-336a8277661c30aa211f6bb0466e7c24",
                "media_display_type": "unknown",
                "thumb_64": "https:\/\/files.slack.com\/files-tmb\/T042E1514F3-F053FRNARMH-d71e8de55c\/image_64.png?t=xoxe-4082039038513-5909763746612-5907217023875-336a8277661c30aa211f6bb0466e7c24",
                "thumb_80": "https:\/\/files.slack.com\/files-tmb\/T042E1514F3-F053FRNARMH-d71e8de55c\/image_80.png?t=xoxe-4082039038513-5909763746612-5907217023875-336a8277661c30aa211f6bb0466e7c24",
                "thumb_360": "https:\/\/files.slack.com\/files-tmb\/T042E1514F3-F053FRNARMH-d71e8de55c\/image_360.png?t=xoxe-4082039038513-5909763746612-5907217023875-336a8277661c30aa211f6bb0466e7c24",
                "thumb_360_w": 210,
                "thumb_360_h": 360,
                "thumb_480": "https:\/\/files.slack.com\/files-tmb\/T042E1514F3-F053FRNARMH-d71e8de55c\/image_480.png?t=xoxe-4082039038513-5909763746612-5907217023875-336a8277661c30aa211f6bb0466e7c24",
                "thumb_480_w": 280,
                "thumb_480_h": 480,
                "thumb_160": "https:\/\/files.slack.com\/files-tmb\/T042E1514F3-F053FRNARMH-d71e8de55c\/image_160.png?t=xoxe-4082039038513-5909763746612-5907217023875-336a8277661c30aa211f6bb0466e7c24",
                "thumb_720": "https:\/\/files.slack.com\/files-tmb\/T042E1514F3-F053FRNARMH-d71e8de55c\/image_720.png?t=xoxe-4082039038513-5909763746612-5907217023875-336a8277661c30aa211f6bb0466e7c24",
                "thumb_720_w": 420,
                "thumb_720_h": 720,
                "thumb_800": "https:\/\/files.slack.com\/files-tmb\/T042E1514F3-F053FRNARMH-d71e8de55c\/image_800.png?t=xoxe-4082039038513-5909763746612-5907217023875-336a8277661c30aa211f6bb0466e7c24",
                "thumb_800_w": 800,
                "thumb_800_h": 1370,
                "thumb_960": "https:\/\/files.slack.com\/files-tmb\/T042E1514F3-F053FRNARMH-d71e8de55c\/image_960.png?t=xoxe-4082039038513-5909763746612-5907217023875-336a8277661c30aa211f6bb0466e7c24",
                "thumb_960_w": 561,
                "thumb_960_h": 960,
                "thumb_1024": "https:\/\/files.slack.com\/files-tmb\/T042E1514F3-F053FRNARMH-d71e8de55c\/image_1024.png?t=xoxe-4082039038513-5909763746612-5907217023875-336a8277661c30aa211f6bb0466e7c24",
                "thumb_1024_w": 598,
                "thumb_1024_h": 1024,
                "original_w": 800,
                "original_h": 1370,
                "thumb_tiny": "AwAwABw+y3PbH5ij7HN\/d\/8AHhWifpSgD0p3AzDZT9lH4sKPsdx6D861KQ0XCwgPJ6j8KcOaTv8A\/Wo59aQC0hpPMT++v50AhhkEH6UAOAoozxSMSFJAyfSgCP7ND\/zyX8qeqLGNqAKPQVH5kv8Azzp6MSuXG0+lK9x2sf\/Z",
                "permalink": "https:\/\/cyberdefense2022-2023.slack.com\/files\/U042R3B76SC\/F053FRNARMH\/image.png",
                "permalink_public": "https:\/\/slack-files.com\/T042E1514F3-F053FRNARMH-bb55a1a30f",
                "is_starred": false,
                "has_rich_preview": false,
                "file_access": "visible"
            }
        ],
        "upload": false,
        "user": "U042R3B76SC",
        "display_as_bot": false,
        "ts": "1681691818.221339",
        "blocks": [
            {
                "type": "rich_text",
                "block_id": "4ff",
                "elements": [
                    {
                        "type": "rich_text_section",
                        "elements": [
                            {
                                "type": "text",
                                "text": "Use the same username and password you do for logging onto "
                            },
                            {
                                "type": "link",
                                "url": "http:\/\/vcenter.iseage.org",
                                "text": "vcenter.iseage.org"
                            },
                            {
                                "type": "text",
                                "text": ".\n\nYou know I would generally never save my password on a form like this.\n\nIn this case, however, this is a temporary network without any association with \"real-world assets\" like real website accounts, so I think saving your password here is OK."
                            }
                        ]
                    }
                ]
            }
        ],
        "client_msg_id": "6c541ee7-7a19-40ae-a7d4-f135ad4a080b",
        "thread_ts": "1681690335.834159",
        "parent_user_id": "U042R3B76SC"
    },
    {
        "client_msg_id": "83271a3a-838b-4f01-9baf-2dfb80382c33",
        "type": "message",
        "text": "Click *CONNECT.*",
        "user": "U042R3B76SC",
        "ts": "1681691874.909409",
        "blocks": [
            {
                "type": "rich_text",
                "block_id": "6PLP",
                "elements": [
                    {
                        "type": "rich_text_section",
                        "elements": [
                            {
                                "type": "text",
                                "text": "Click "
                            },
                            {
                                "type": "text",
                                "text": "CONNECT.",
                                "style": {
                                    "bold": true
                                }
                            }
                        ]
                    }
                ]
            }
        ],
        "team": "T042E1514F3",
        "user_team": "T042E1514F3",
        "source_team": "T042E1514F3",
        "user_profile": {
            "avatar_hash": "g6730f37144b",
            "image_72": "https:\/\/secure.gravatar.com\/avatar\/6730f37144bd6ae505b97012a7f22a66.jpg?s=72&d=https%3A%2F%2Fa.slack-edge.com%2Fdf10d%2Fimg%2Favatars%2Fava_0006-72.png",
            "first_name": "chris",
            "real_name": "chris",
            "display_name": "",
            "team": "T042E1514F3",
            "name": "chris",
            "is_restricted": false,
            "is_ultra_restricted": false
        },
        "thread_ts": "1681690335.834159",
        "parent_user_id": "U042R3B76SC"
    },
    {
        "type": "message",
        "text": "As far as I can tell, Iowa State hasn't provided a certificate we can use. Go ahead and check the box for *Don't show again for this profile* and click *Continue.*",
        "files": [
            {
                "id": "F053JF2KLLU",
                "created": 1681692781,
                "timestamp": 1681692781,
                "name": "image.png",
                "title": "image.png",
                "mimetype": "image\/png",
                "filetype": "png",
                "pretty_type": "PNG",
                "user": "U042R3B76SC",
                "user_team": "T042E1514F3",
                "editable": false,
                "size": 92359,
                "mode": "hosted",
                "is_external": false,
                "external_type": "",
                "is_public": true,
                "public_url_shared": false,
                "display_as_bot": false,
                "username": "",
                "url_private": "https:\/\/files.slack.com\/files-pri\/T042E1514F3-F053JF2KLLU\/image.png?t=xoxe-4082039038513-5909763746612-5907217023875-336a8277661c30aa211f6bb0466e7c24",
                "url_private_download": "https:\/\/files.slack.com\/files-pri\/T042E1514F3-F053JF2KLLU\/download\/image.png?t=xoxe-4082039038513-5909763746612-5907217023875-336a8277661c30aa211f6bb0466e7c24",
                "media_display_type": "unknown",
                "thumb_64": "https:\/\/files.slack.com\/files-tmb\/T042E1514F3-F053JF2KLLU-4b6adc3343\/image_64.png?t=xoxe-4082039038513-5909763746612-5907217023875-336a8277661c30aa211f6bb0466e7c24",
                "thumb_80": "https:\/\/files.slack.com\/files-tmb\/T042E1514F3-F053JF2KLLU-4b6adc3343\/image_80.png?t=xoxe-4082039038513-5909763746612-5907217023875-336a8277661c30aa211f6bb0466e7c24",
                "thumb_360": "https:\/\/files.slack.com\/files-tmb\/T042E1514F3-F053JF2KLLU-4b6adc3343\/image_360.png?t=xoxe-4082039038513-5909763746612-5907217023875-336a8277661c30aa211f6bb0466e7c24",
                "thumb_360_w": 210,
                "thumb_360_h": 360,
                "thumb_480": "https:\/\/files.slack.com\/files-tmb\/T042E1514F3-F053JF2KLLU-4b6adc3343\/image_480.png?t=xoxe-4082039038513-5909763746612-5907217023875-336a8277661c30aa211f6bb0466e7c24",
                "thumb_480_w": 280,
                "thumb_480_h": 480,
                "thumb_160": "https:\/\/files.slack.com\/files-tmb\/T042E1514F3-F053JF2KLLU-4b6adc3343\/image_160.png?t=xoxe-4082039038513-5909763746612-5907217023875-336a8277661c30aa211f6bb0466e7c24",
                "thumb_720": "https:\/\/files.slack.com\/files-tmb\/T042E1514F3-F053JF2KLLU-4b6adc3343\/image_720.png?t=xoxe-4082039038513-5909763746612-5907217023875-336a8277661c30aa211f6bb0466e7c24",
                "thumb_720_w": 420,
                "thumb_720_h": 720,
                "thumb_800": "https:\/\/files.slack.com\/files-tmb\/T042E1514F3-F053JF2KLLU-4b6adc3343\/image_800.png?t=xoxe-4082039038513-5909763746612-5907217023875-336a8277661c30aa211f6bb0466e7c24",
                "thumb_800_w": 800,
                "thumb_800_h": 1370,
                "thumb_960": "https:\/\/files.slack.com\/files-tmb\/T042E1514F3-F053JF2KLLU-4b6adc3343\/image_960.png?t=xoxe-4082039038513-5909763746612-5907217023875-336a8277661c30aa211f6bb0466e7c24",
                "thumb_960_w": 561,
                "thumb_960_h": 960,
                "thumb_1024": "https:\/\/files.slack.com\/files-tmb\/T042E1514F3-F053JF2KLLU-4b6adc3343\/image_1024.png?t=xoxe-4082039038513-5909763746612-5907217023875-336a8277661c30aa211f6bb0466e7c24",
                "thumb_1024_w": 598,
                "thumb_1024_h": 1024,
                "original_w": 800,
                "original_h": 1370,
                "thumb_tiny": "AwAwAByn5b+350CJ\/T9atCNyMhGIPtR5Un9xvyoAq+U\/p+tHlP8A5NWvKk\/uN+VNYFThgQfegDSg\/wBQg\/2af+f51BE+yNOGPyj6U7zv9hqV0OzJRn\/Jqhff8fH4CtAHjoeaz77\/AI+PwFMRGHcDAdgPY0eZJ\/z0f86bRQA7zH\/vt+ZprEscsST70Ug6c0Af\/9k=",
                "permalink": "https:\/\/cyberdefense2022-2023.slack.com\/files\/U042R3B76SC\/F053JF2KLLU\/image.png",
                "permalink_public": "https:\/\/slack-files.com\/T042E1514F3-F053JF2KLLU-91b0cafe5b",
                "is_starred": false,
                "has_rich_preview": false,
                "file_access": "visible"
            }
        ],
        "upload": false,
        "user": "U042R3B76SC",
        "display_as_bot": false,
        "ts": "1681692841.537459",
        "blocks": [
            {
                "type": "rich_text",
                "block_id": "M\/TU",
                "elements": [
                    {
                        "type": "rich_text_section",
                        "elements": [
                            {
                                "type": "text",
                                "text": "As far as I can tell, Iowa State hasn't provided a certificate we can use. Go ahead and check the box for "
                            },
                            {
                                "type": "text",
                                "text": "Don't show again for this profile",
                                "style": {
                                    "bold": true
                                }
                            },
                            {
                                "type": "text",
                                "text": " and click "
                            },
                            {
                                "type": "text",
                                "text": "Continue.",
                                "style": {
                                    "bold": true
                                }
                            }
                        ]
                    }
                ]
            }
        ],
        "client_msg_id": "c203334e-8459-4a6b-a5ad-1a37e24b1383",
        "thread_ts": "1681690335.834159",
        "parent_user_id": "U042R3B76SC"
    },
    {
        "client_msg_id": "a49ea69c-f84a-4587-b502-8b6dbc4ed6ce",
        "type": "message",
        "text": "The bad news comes in two parts.\n\nI recommend using OpenVPN to access the competition network in your main Windows session and doing all other (normal) Internet usage in a VM. If you'd rather, you could use a VM to access the VPN and use Windows for regular Internet access. I recommend against accessing the competition network and the regular internet from Windows at the same time because it probably won't work easily, and it might not be worth the effort to try to manage proxy configurations. I bet you would literally spend hours trying to get this to work, and since you only have one week to put into the competition preparation, I think that would be a poor use of time. And to be honest, I don't trust their proxy enough to think it would necessarily work anyway. So based on my experience, it is probably better to know that when you connect to the competition VPN, the computer or VM you connect from will lose \"normal\" Internet connectivity.\n\nThe second part of the bad news is that most of the servers are not properly configured for remote access.\n• 64.5.53.5 (billing\/drm website) allows ssh sometimes. It is very spotty. I don't know its *ssh* password so I haven't looked further.\n• 64.5.53.10 (wordpress website) is configured for *ssh.*\n• 64.5.53.15 (database) actively refuses *ssh* connections.\n• 64.5.53.30 (game) does not respond to requests for *remote desktop* connections.\nI'll look into this tomorrow. Tonight, I need to file my taxes. :smile:",
        "user": "U042R3B76SC",
        "ts": "1681695393.493719",
        "blocks": [
            {
                "type": "rich_text",
                "block_id": "A4n",
                "elements": [
                    {
                        "type": "rich_text_section",
                        "elements": [
                            {
                                "type": "text",
                                "text": "The bad news comes in two parts.\n\nI recommend using OpenVPN to access the competition network in your main Windows session and doing all other (normal) Internet usage in a VM. If you'd rather, you could use a VM to access the VPN and use Windows for regular Internet access. I recommend against accessing the competition network and the regular internet from Windows at the same time because it probably won't work easily, and it might not be worth the effort to try to manage proxy configurations. I bet you would literally spend hours trying to get this to work, and since you only have one week to put into the competition preparation, I think that would be a poor use of time. And to be honest, I don't trust their proxy enough to think it would necessarily work anyway. So based on my experience, it is probably better to know that when you connect to the competition VPN, the computer or VM you connect from will lose \"normal\" Internet connectivity.\n\nThe second part of the bad news is that most of the servers are not properly configured for remote access.\n"
                            }
                        ]
                    },
                    {
                        "type": "rich_text_list",
                        "elements": [
                            {
                                "type": "rich_text_section",
                                "elements": [
                                    {
                                        "type": "text",
                                        "text": "64.5.53.5 (billing\/drm website) allows ssh sometimes. It is very spotty. I don't know its "
                                    },
                                    {
                                        "type": "text",
                                        "text": "ssh",
                                        "style": {
                                            "bold": true
                                        }
                                    },
                                    {
                                        "type": "text",
                                        "text": " password so I haven't looked further."
                                    }
                                ]
                            },
                            {
                                "type": "rich_text_section",
                                "elements": [
                                    {
                                        "type": "text",
                                        "text": "64.5.53.10 (wordpress website) is configured for "
                                    },
                                    {
                                        "type": "text",
                                        "text": "ssh.",
                                        "style": {
                                            "bold": true
                                        }
                                    }
                                ]
                            },
                            {
                                "type": "rich_text_section",
                                "elements": [
                                    {
                                        "type": "text",
                                        "text": "64.5.53.15 (database) actively refuses "
                                    },
                                    {
                                        "type": "text",
                                        "text": "ssh",
                                        "style": {
                                            "bold": true
                                        }
                                    },
                                    {
                                        "type": "text",
                                        "text": " connections."
                                    }
                                ]
                            },
                            {
                                "type": "rich_text_section",
                                "elements": [
                                    {
                                        "type": "text",
                                        "text": "64.5.53.30 (game) does not respond to requests for "
                                    },
                                    {
                                        "type": "text",
                                        "text": "remote desktop",
                                        "style": {
                                            "bold": true
                                        }
                                    },
                                    {
                                        "type": "text",
                                        "text": " connections."
                                    }
                                ]
                            }
                        ],
                        "style": "bullet",
                        "indent": 0,
                        "border": 0
                    },
                    {
                        "type": "rich_text_section",
                        "elements": [
                            {
                                "type": "text",
                                "text": "\nI'll look into this tomorrow. Tonight, I need to file my taxes. "
                            },
                            {
                                "type": "emoji",
                                "name": "smile",
                                "unicode": "1f604"
                            }
                        ]
                    }
                ]
            }
        ],
        "team": "T042E1514F3",
        "user_team": "T042E1514F3",
        "source_team": "T042E1514F3",
        "user_profile": {
            "avatar_hash": "g6730f37144b",
            "image_72": "https:\/\/secure.gravatar.com\/avatar\/6730f37144bd6ae505b97012a7f22a66.jpg?s=72&d=https%3A%2F%2Fa.slack-edge.com%2Fdf10d%2Fimg%2Favatars%2Fava_0006-72.png",
            "first_name": "chris",
            "real_name": "chris",
            "display_name": "",
            "team": "T042E1514F3",
            "name": "chris",
            "is_restricted": false,
            "is_ultra_restricted": false
        }
    },
    {
        "client_msg_id": "0ea510eb-4996-4fa1-83bc-21e171e88eb9",
        "type": "message",
        "text": "Here are some ideas I have for the week:\n\n*Deciding what you want to fix*\n• Don't fix anything or think it looks terrible or scary just because \"it doesn't look right\" to you. \n    ◦ I haven't read well over half of the Linux configuration files. \n    ◦ By comparison, the amount you have read is \"less.\" :slightly_smiling_face: If something looks wrong, there is a good chance that it's just because you're learning. \n• If something looks odd, just make a note that you think we should look at it, and why, and we'll look at as many of them as possible. But *Don't Panic*.\n• There are several things you can do to determine if you have found something that is indeed harmful.\n    ◦ If you have found a configuration setting for a real product like Apache, Ubuntu, or CentOS (and not something like Scrat that was just created for the competition), find the documentation for the product. It should tell you what the setting is for. If you don't understand what it is saying, let me know! I'll try to let you know what the setting is about and if it's important.\n    ◦ If you think a file is owned by the wrong user\/group combination or has incorrect permissions, compare it to a \"fresh\" installation. Make sure you are using the right OS. We have VMs running Ubuntu. For CentOS, you can either build a new VM in VirtualBox or build one in VCenter. \n        ▪︎ Using VCenter is probably a better thing to do as a teammate since others will have access to the VM. If you use VirtualBox, the VM will only be available on your own laptop.\n    ◦ If something doesn't match in a comparison, it doesn't necessarily mean that it's bad. It's just a good sign that we should look at it.\n*Documentation*\nWe decided Saturday that Michael and Anna would work on this.\n\n*GitLab server*\nI wish the scenario had dropped earlier so that we could do this as a team exercise. Maybe we can find time to walk through building this server as a hands-on exercise and see how far we can get. Remember, my schedule is pretty flexible this week.\n\n*Deciding what to fix, part 2*\nI intend to start looking at the servers sometime tomorrow and will make a list of items that I find and that I think we should do. I will try to prioritize them somehow.",
        "user": "U042R3B76SC",
        "ts": "1681696711.445379",
        "blocks": [
            {
                "type": "rich_text",
                "block_id": "lurV",
                "elements": [
                    {
                        "type": "rich_text_section",
                        "elements": [
                            {
                                "type": "text",
                                "text": "Here are some ideas I have for the week:\n\n"
                            },
                            {
                                "type": "text",
                                "text": "Deciding what you want to fix",
                                "style": {
                                    "bold": true
                                }
                            },
                            {
                                "type": "text",
                                "text": "\n"
                            }
                        ]
                    },
                    {
                        "type": "rich_text_list",
                        "elements": [
                            {
                                "type": "rich_text_section",
                                "elements": [
                                    {
                                        "type": "text",
                                        "text": "Don't fix anything or think it looks terrible or scary just because \"it doesn't look right\" to you. "
                                    }
                                ]
                            }
                        ],
                        "style": "bullet",
                        "indent": 0,
                        "border": 0
                    },
                    {
                        "type": "rich_text_list",
                        "elements": [
                            {
                                "type": "rich_text_section",
                                "elements": [
                                    {
                                        "type": "text",
                                        "text": "I haven't read well over half of the Linux configuration files. "
                                    }
                                ]
                            },
                            {
                                "type": "rich_text_section",
                                "elements": [
                                    {
                                        "type": "text",
                                        "text": "By comparison, the amount you have read is \"less.\" "
                                    },
                                    {
                                        "type": "emoji",
                                        "name": "slightly_smiling_face",
                                        "unicode": "1f642"
                                    },
                                    {
                                        "type": "text",
                                        "text": " If something looks wrong, there is a good chance that it's just because you're learning. "
                                    }
                                ]
                            }
                        ],
                        "style": "bullet",
                        "indent": 1,
                        "border": 0
                    },
                    {
                        "type": "rich_text_list",
                        "elements": [
                            {
                                "type": "rich_text_section",
                                "elements": [
                                    {
                                        "type": "text",
                                        "text": "If something looks odd, just make a note that you think we should look at it, and why, and we'll look at as many of them as possible. But "
                                    },
                                    {
                                        "type": "text",
                                        "text": "Don't Panic",
                                        "style": {
                                            "bold": true
                                        }
                                    },
                                    {
                                        "type": "text",
                                        "text": "."
                                    }
                                ]
                            },
                            {
                                "type": "rich_text_section",
                                "elements": [
                                    {
                                        "type": "text",
                                        "text": "There are several things you can do to determine if you have found something that is indeed harmful."
                                    }
                                ]
                            }
                        ],
                        "style": "bullet",
                        "indent": 0,
                        "border": 0
                    },
                    {
                        "type": "rich_text_list",
                        "elements": [
                            {
                                "type": "rich_text_section",
                                "elements": [
                                    {
                                        "type": "text",
                                        "text": "If you have found a configuration setting for a real product like Apache, Ubuntu, or CentOS (and not something like Scrat that was just created for the competition), find the documentation for the product. It should tell you what the setting is for. If you don't understand what it is saying, let me know! I'll try to let you know what the setting is about and if it's important."
                                    }
                                ]
                            },
                            {
                                "type": "rich_text_section",
                                "elements": [
                                    {
                                        "type": "text",
                                        "text": "If you think a file is owned by the wrong user\/group combination or has incorrect permissions, compare it to a \"fresh\" installation. Make sure you are using the right OS. We have VMs running Ubuntu. For CentOS, you can either build a new VM in VirtualBox or build one in VCenter. "
                                    }
                                ]
                            }
                        ],
                        "style": "bullet",
                        "indent": 1,
                        "border": 0
                    },
                    {
                        "type": "rich_text_list",
                        "elements": [
                            {
                                "type": "rich_text_section",
                                "elements": [
                                    {
                                        "type": "text",
                                        "text": "Using VCenter is probably a better thing to do as a teammate since others will have access to the VM. If you use VirtualBox, the VM will only be available on your own laptop."
                                    }
                                ]
                            }
                        ],
                        "style": "bullet",
                        "indent": 2,
                        "border": 0
                    },
                    {
                        "type": "rich_text_list",
                        "elements": [
                            {
                                "type": "rich_text_section",
                                "elements": [
                                    {
                                        "type": "text",
                                        "text": "If something doesn't match in a comparison, it doesn't necessarily mean that it's bad. It's just a good sign that we should look at it."
                                    }
                                ]
                            }
                        ],
                        "style": "bullet",
                        "indent": 1,
                        "border": 0
                    },
                    {
                        "type": "rich_text_section",
                        "elements": [
                            {
                                "type": "text",
                                "text": "\n"
                            },
                            {
                                "type": "text",
                                "text": "Documentation",
                                "style": {
                                    "bold": true
                                }
                            },
                            {
                                "type": "text",
                                "text": "\nWe decided Saturday that Michael and Anna would work on this.\n\n"
                            },
                            {
                                "type": "text",
                                "text": "GitLab server",
                                "style": {
                                    "bold": true
                                }
                            },
                            {
                                "type": "text",
                                "text": "\nI wish the scenario had dropped earlier so that we could do this as a team exercise. Maybe we can find time to walk through building this server as a hands-on exercise and see how far we can get. Remember, my schedule is pretty flexible this week.\n\n"
                            },
                            {
                                "type": "text",
                                "text": "Deciding what to fix, part 2",
                                "style": {
                                    "bold": true
                                }
                            },
                            {
                                "type": "text",
                                "text": "\nI intend to start looking at the servers sometime tomorrow and will make a list of items that I find and that I think we should do. I will try to prioritize them somehow."
                            }
                        ]
                    }
                ]
            }
        ],
        "team": "T042E1514F3",
        "user_team": "T042E1514F3",
        "source_team": "T042E1514F3",
        "user_profile": {
            "avatar_hash": "g6730f37144b",
            "image_72": "https:\/\/secure.gravatar.com\/avatar\/6730f37144bd6ae505b97012a7f22a66.jpg?s=72&d=https%3A%2F%2Fa.slack-edge.com%2Fdf10d%2Fimg%2Favatars%2Fava_0006-72.png",
            "first_name": "chris",
            "real_name": "chris",
            "display_name": "",
            "team": "T042E1514F3",
            "name": "chris",
            "is_restricted": false,
            "is_ultra_restricted": false
        }
    },
    {
        "bot_id": "B04CFCSSPTJ",
        "type": "message",
        "text": "<@U042R3B76SC> has a polly for you!",
        "user": "U04BRJH176F",
        "ts": "1681697563.350849",
        "app_id": "A04E6JX41",
        "blocks": [
            {
                "type": "section",
                "block_id": "R=h",
                "text": {
                    "type": "mrkdwn",
                    "text": "*Can you attend a Zoom meeting tomorrow (Monday the 17th)? Choose the start times that would work for you.*\nYou may vote for multiple options",
                    "verbatim": true
                },
                "accessory": {
                    "type": "overflow",
                    "action_id": "PollMessage(h6CNnASdv4v4CJRbR).PollMessageOverflowMenu()",
                    "options": [
                        {
                            "text": {
                                "type": "plain_text",
                                "text": "Settings",
                                "emoji": true
                            },
                            "value": "settings"
                        }
                    ]
                }
            },
            {
                "type": "actions",
                "block_id": "81SO",
                "elements": [
                    {
                        "type": "button",
                        "action_id": "PollMessage(h6CNnASdv4v4CJRbR).VotingButton(0)",
                        "text": {
                            "type": "plain_text",
                            "text": "1",
                            "emoji": true
                        },
                        "value": "one"
                    },
                    {
                        "type": "button",
                        "action_id": "PollMessage(h6CNnASdv4v4CJRbR).VotingButton(1)",
                        "text": {
                            "type": "plain_text",
                            "text": "2",
                            "emoji": true
                        },
                        "value": "two"
                    },
                    {
                        "type": "button",
                        "action_id": "PollMessage(h6CNnASdv4v4CJRbR).VotingButton(2)",
                        "text": {
                            "type": "plain_text",
                            "text": "3",
                            "emoji": true
                        },
                        "value": "three"
                    },
                    {
                        "type": "button",
                        "action_id": "PollMessage(h6CNnASdv4v4CJRbR).VotingButton(3)",
                        "text": {
                            "type": "plain_text",
                            "text": "4",
                            "emoji": true
                        },
                        "value": "four"
                    },
                    {
                        "type": "button",
                        "action_id": "PollMessage(h6CNnASdv4v4CJRbR).VotingButton(4)",
                        "text": {
                            "type": "plain_text",
                            "text": "5",
                            "emoji": true
                        },
                        "value": "five"
                    }
                ]
            },
            {
                "type": "actions",
                "block_id": "zC1iu",
                "elements": [
                    {
                        "type": "button",
                        "action_id": "PollMessage(h6CNnASdv4v4CJRbR).VotingButton(5)",
                        "text": {
                            "type": "plain_text",
                            "text": "6",
                            "emoji": true
                        },
                        "value": "six"
                    },
                    {
                        "type": "button",
                        "action_id": "PollMessage(h6CNnASdv4v4CJRbR).VotingButton(6)",
                        "text": {
                            "type": "plain_text",
                            "text": "7",
                            "emoji": true
                        },
                        "value": "seven"
                    },
                    {
                        "type": "button",
                        "action_id": "PollMessage(h6CNnASdv4v4CJRbR).VotingButton(7)",
                        "text": {
                            "type": "plain_text",
                            "text": "8",
                            "emoji": true
                        },
                        "value": "eight"
                    }
                ]
            },
            {
                "type": "section",
                "block_id": "zjR8\/",
                "fields": [
                    {
                        "type": "mrkdwn",
                        "text": "*1*: Yes: 10 AM  \n\n`⁢ ⁢ ⁢ ⁢ ⁢ ⁢ ⁢ ⁢ ⁢ ⁢ ⁢ ⁢ ⁢ ⁢ ⁢ ⁢ ⁢ ⁢ ⁢ ⁢ ⁢ ⁢ ⁢ ⁢ ⁢ `  |  0% (0)",
                        "verbatim": true
                    },
                    {
                        "type": "mrkdwn",
                        "text": "*2*: Yes: 11 AM  \n\n`⁢ ⁢ ⁢ ⁢ ⁢ ⁢ ⁢ ⁢ ⁢ ⁢ ⁢ ⁢ ⁢ ⁢ ⁢ ⁢ ⁢ ⁢ ⁢ ⁢ ⁢ ⁢ ⁢ ⁢ ⁢ `  |  0% (0)",
                        "verbatim": true
                    }
                ]
            },
            {
                "type": "section",
                "block_id": "rXI7",
                "fields": [
                    {
                        "type": "mrkdwn",
                        "text": "*3*: Yes: noon  \n\n`⁢ ⁢ ⁢ ⁢ ⁢ ⁢ ⁢ ⁢ ⁢ ⁢ ⁢ ⁢ ⁢ ⁢ ⁢ ⁢ ⁢ ⁢ ⁢ ⁢ ⁢ ⁢ ⁢ ⁢ ⁢ `  |  0% (0)",
                        "verbatim": true
                    },
                    {
                        "type": "mrkdwn",
                        "text": "*4*: Yes: 3 PM  \n\n`████████ ⁢ ⁢ ⁢ ⁢ ⁢ ⁢ ⁢ ⁢ ⁢ ⁢ ⁢ ⁢ ⁢ ⁢ ⁢ ⁢ ⁢`  |  33% (2)\n\n<@U042R51RY2C>, <@U042U2F450R>",
                        "verbatim": true
                    }
                ]
            },
            {
                "type": "section",
                "block_id": "EHfD",
                "fields": [
                    {
                        "type": "mrkdwn",
                        "text": "*5*: Yes: 4 PM  \n\n`████ ⁢ ⁢ ⁢ ⁢ ⁢ ⁢ ⁢ ⁢ ⁢ ⁢ ⁢ ⁢ ⁢ ⁢ ⁢ ⁢ ⁢ ⁢ ⁢ ⁢ ⁢`  |  17% (1)\n\n<@U042U2F450R>",
                        "verbatim": true
                    },
                    {
                        "type": "mrkdwn",
                        "text": "*6*: Yes: 7 PM  \n\n`████ ⁢ ⁢ ⁢ ⁢ ⁢ ⁢ ⁢ ⁢ ⁢ ⁢ ⁢ ⁢ ⁢ ⁢ ⁢ ⁢ ⁢ ⁢ ⁢ ⁢ ⁢`  |  17% (1)\n\n<@U042U2F450R>",
                        "verbatim": true
                    }
                ]
            },
            {
                "type": "section",
                "block_id": "dOXC",
                "fields": [
                    {
                        "type": "mrkdwn",
                        "text": "*7*: Yes: 8 PM  \n\n`████████ ⁢ ⁢ ⁢ ⁢ ⁢ ⁢ ⁢ ⁢ ⁢ ⁢ ⁢ ⁢ ⁢ ⁢ ⁢ ⁢ ⁢`  |  33% (2)\n\n<@U041LSQC38X>, <@U042U2F450R>",
                        "verbatim": true
                    },
                    {
                        "type": "mrkdwn",
                        "text": "*8*: No, I can't meet on Monday  \n\n`⁢ ⁢ ⁢ ⁢ ⁢ ⁢ ⁢ ⁢ ⁢ ⁢ ⁢ ⁢ ⁢ ⁢ ⁢ ⁢ ⁢ ⁢ ⁢ ⁢ ⁢ ⁢ ⁢ ⁢ ⁢ `  |  0% (0)",
                        "verbatim": true
                    }
                ]
            },
            {
                "type": "context",
                "block_id": "pTkS",
                "elements": [
                    {
                        "type": "mrkdwn",
                        "text": "*Total Votes*: 3",
                        "verbatim": true
                    }
                ]
            },
            {
                "type": "actions",
                "block_id": "PFm\/N",
                "elements": [
                    {
                        "type": "button",
                        "action_id": "PollMessage(h6CNnASdv4v4CJRbR).AddCommentButton",
                        "text": {
                            "type": "plain_text",
                            "text": "Add a Comment",
                            "emoji": true
                        }
                    },
                    {
                        "type": "button",
                        "action_id": "PollMessage(h6CNnASdv4v4CJRbR).ViewAllResponsesButton",
                        "text": {
                            "type": "plain_text",
                            "text": "View All Responses ",
                            "emoji": true
                        }
                    }
                ]
            },
            {
                "type": "divider",
                "block_id": "QyQL"
            },
            {
                "type": "context",
                "block_id": "wpJj",
                "elements": [
                    {
                        "type": "mrkdwn",
                        "text": "Sender: @chris | :unlock: *Responses:* Non-Anonymous | *:clock930: Closes: *<!date^1682302362^{date_short} at {time}|Apr 24, 2023 at 02:12 AM>",
                        "verbatim": true
                    }
                ]
            }
        ],
        "team": "T042E1514F3",
        "bot_profile": {
            "id": "B04CFCSSPTJ",
            "app_id": "A04E6JX41",
            "name": "Polly",
            "icons": {
                "image_36": "https:\/\/avatars.slack-edge.com\/2020-10-26\/1466083688641_05afc842ead4d799a4fc_36.png",
                "image_48": "https:\/\/avatars.slack-edge.com\/2020-10-26\/1466083688641_05afc842ead4d799a4fc_48.png",
                "image_72": "https:\/\/avatars.slack-edge.com\/2020-10-26\/1466083688641_05afc842ead4d799a4fc_72.png"
            },
            "deleted": false,
            "updated": 1668974019,
            "team_id": "T042E1514F3"
        },
        "edited": {
            "user": "B04CFCSSPTJ",
            "ts": "1681745643.000000"
        },
        "thread_ts": "1681697563.350849",
        "reply_count": 2,
        "reply_users_count": 1,
        "latest_reply": "1681744118.686729",
        "reply_users": [
            "U042R3B76SC"
        ],
        "replies": [
            {
                "user": "U042R3B76SC",
                "ts": "1681712925.243059"
            },
            {
                "user": "U042R3B76SC",
                "ts": "1681744118.686729"
            }
        ],
        "is_locked": false,
        "subscribed": true,
        "last_read": "1681744118.686729"
    },
    {
        "client_msg_id": "c06978a9-aecd-4d06-a5f7-b157d14e7725",
        "type": "message",
        "text": "You should be connected, and at this point, you should be able to interact with resources on the production network. For example, you should be able to run `ping 64.5.53.10` and get responses (if networking is setup correctly).",
        "user": "U042R3B76SC",
        "ts": "1681712878.613499",
        "blocks": [
            {
                "type": "rich_text",
                "block_id": "r18a",
                "elements": [
                    {
                        "type": "rich_text_section",
                        "elements": [
                            {
                                "type": "text",
                                "text": "You should be connected, and at this point, you should be able to interact with resources on the production network. For example, you should be able to run "
                            },
                            {
                                "type": "text",
                                "text": "ping 64.5.53.10",
                                "style": {
                                    "code": true
                                }
                            },
                            {
                                "type": "text",
                                "text": " and get responses (if networking is setup correctly)."
                            }
                        ]
                    }
                ]
            }
        ],
        "team": "T042E1514F3",
        "user_team": "T042E1514F3",
        "source_team": "T042E1514F3",
        "user_profile": {
            "avatar_hash": "g6730f37144b",
            "image_72": "https:\/\/secure.gravatar.com\/avatar\/6730f37144bd6ae505b97012a7f22a66.jpg?s=72&d=https%3A%2F%2Fa.slack-edge.com%2Fdf10d%2Fimg%2Favatars%2Fava_0006-72.png",
            "first_name": "chris",
            "real_name": "chris",
            "display_name": "",
            "team": "T042E1514F3",
            "name": "chris",
            "is_restricted": false,
            "is_ultra_restricted": false
        },
        "thread_ts": "1681690335.834159",
        "parent_user_id": "U042R3B76SC"
    },
    {
        "client_msg_id": "0bc23638-bb1a-4ff3-ab1d-11aa54f4b691",
        "type": "message",
        "text": "Thanks, <@U042U2F450R>.\n\n<@U041LSQC38X> \/ <@U042R51RY2C>, do any of these times work for you?",
        "user": "U042R3B76SC",
        "ts": "1681712925.243059",
        "blocks": [
            {
                "type": "rich_text",
                "block_id": "9cN",
                "elements": [
                    {
                        "type": "rich_text_section",
                        "elements": [
                            {
                                "type": "text",
                                "text": "Thanks, "
                            },
                            {
                                "type": "user",
                                "user_id": "U042U2F450R"
                            },
                            {
                                "type": "text",
                                "text": ".\n\n"
                            },
                            {
                                "type": "user",
                                "user_id": "U041LSQC38X"
                            },
                            {
                                "type": "text",
                                "text": " \/ "
                            },
                            {
                                "type": "user",
                                "user_id": "U042R51RY2C"
                            },
                            {
                                "type": "text",
                                "text": ", do any of these times work for you?"
                            }
                        ]
                    }
                ]
            }
        ],
        "team": "T042E1514F3",
        "user_team": "T042E1514F3",
        "source_team": "T042E1514F3",
        "user_profile": {
            "avatar_hash": "g6730f37144b",
            "image_72": "https:\/\/secure.gravatar.com\/avatar\/6730f37144bd6ae505b97012a7f22a66.jpg?s=72&d=https%3A%2F%2Fa.slack-edge.com%2Fdf10d%2Fimg%2Favatars%2Fava_0006-72.png",
            "first_name": "chris",
            "real_name": "chris",
            "display_name": "",
            "team": "T042E1514F3",
            "name": "chris",
            "is_restricted": false,
            "is_ultra_restricted": false
        },
        "thread_ts": "1681697563.350849",
        "parent_user_id": "U04BRJH176F"
    }
]