[
    {
        "client_msg_id": "7008185d-edd3-4844-83df-37bb20f532fa",
        "type": "message",
        "text": "do we know the \"rank\" of the people in the tsi?",
        "user": "U042R51RY2C",
        "ts": "1684613534.001269",
        "blocks": [
            {
                "type": "rich_text",
                "block_id": "yPnJ",
                "elements": [
                    {
                        "type": "rich_text_section",
                        "elements": [
                            {
                                "type": "text",
                                "text": "do we know the \"rank\" of the people in the tsi?"
                            }
                        ]
                    }
                ]
            }
        ],
        "team": "T042E1514F3",
        "user_team": "T042E1514F3",
        "source_team": "T042E1514F3",
        "user_profile": {
            "avatar_hash": "g24c32288d4d",
            "image_72": "https:\/\/secure.gravatar.com\/avatar\/24c32288d4dbbf5694cc5c9609ec1853.jpg?s=72&d=https%3A%2F%2Fa.slack-edge.com%2Fdf10d%2Fimg%2Favatars%2Fava_0017-72.png",
            "first_name": "Tristan",
            "real_name": "Tristan Ribble",
            "display_name": "",
            "team": "T042E1514F3",
            "name": "tmribble07",
            "is_restricted": false,
            "is_ultra_restricted": false
        },
        "edited": {
            "user": "U042R51RY2C",
            "ts": "1684613543.000000"
        }
    },
    {
        "type": "message",
        "text": "Hi <@U042R51RY2C>. I know that <@U041LSQC38X> was doing some work with the users on the team-specific information.\n\nIf you are referring to their group memberships in Active Directory, those are already set up. You can query in Active Directory Users and Computers for a group like *Domain Admins* and view its members. As usual, I have a PowerShell prompt open, and this is an old-school way to list the members. There is also a PowerShell way, but the modules are not installed.\n\nIf you mean something else, please clarify. Thanks.",
        "files": [
            {
                "id": "F058AR3GTL7",
                "created": 1684634924,
                "timestamp": 1684634924,
                "name": "image.png",
                "title": "image.png",
                "mimetype": "image\/png",
                "filetype": "png",
                "pretty_type": "PNG",
                "user": "U042R3B76SC",
                "user_team": "T042E1514F3",
                "editable": false,
                "size": 447443,
                "mode": "hosted",
                "is_external": false,
                "external_type": "",
                "is_public": true,
                "public_url_shared": false,
                "display_as_bot": false,
                "username": "",
                "url_private": "https:\/\/files.slack.com\/files-pri\/T042E1514F3-F058AR3GTL7\/image.png?t=xoxe-4082039038513-5909763746612-5907217023875-336a8277661c30aa211f6bb0466e7c24",
                "url_private_download": "https:\/\/files.slack.com\/files-pri\/T042E1514F3-F058AR3GTL7\/download\/image.png?t=xoxe-4082039038513-5909763746612-5907217023875-336a8277661c30aa211f6bb0466e7c24",
                "media_display_type": "unknown",
                "thumb_64": "https:\/\/files.slack.com\/files-tmb\/T042E1514F3-F058AR3GTL7-973f8b64b4\/image_64.png?t=xoxe-4082039038513-5909763746612-5907217023875-336a8277661c30aa211f6bb0466e7c24",
                "thumb_80": "https:\/\/files.slack.com\/files-tmb\/T042E1514F3-F058AR3GTL7-973f8b64b4\/image_80.png?t=xoxe-4082039038513-5909763746612-5907217023875-336a8277661c30aa211f6bb0466e7c24",
                "thumb_360": "https:\/\/files.slack.com\/files-tmb\/T042E1514F3-F058AR3GTL7-973f8b64b4\/image_360.png?t=xoxe-4082039038513-5909763746612-5907217023875-336a8277661c30aa211f6bb0466e7c24",
                "thumb_360_w": 360,
                "thumb_360_h": 181,
                "thumb_480": "https:\/\/files.slack.com\/files-tmb\/T042E1514F3-F058AR3GTL7-973f8b64b4\/image_480.png?t=xoxe-4082039038513-5909763746612-5907217023875-336a8277661c30aa211f6bb0466e7c24",
                "thumb_480_w": 480,
                "thumb_480_h": 241,
                "thumb_160": "https:\/\/files.slack.com\/files-tmb\/T042E1514F3-F058AR3GTL7-973f8b64b4\/image_160.png?t=xoxe-4082039038513-5909763746612-5907217023875-336a8277661c30aa211f6bb0466e7c24",
                "thumb_720": "https:\/\/files.slack.com\/files-tmb\/T042E1514F3-F058AR3GTL7-973f8b64b4\/image_720.png?t=xoxe-4082039038513-5909763746612-5907217023875-336a8277661c30aa211f6bb0466e7c24",
                "thumb_720_w": 720,
                "thumb_720_h": 362,
                "thumb_800": "https:\/\/files.slack.com\/files-tmb\/T042E1514F3-F058AR3GTL7-973f8b64b4\/image_800.png?t=xoxe-4082039038513-5909763746612-5907217023875-336a8277661c30aa211f6bb0466e7c24",
                "thumb_800_w": 800,
                "thumb_800_h": 402,
                "thumb_960": "https:\/\/files.slack.com\/files-tmb\/T042E1514F3-F058AR3GTL7-973f8b64b4\/image_960.png?t=xoxe-4082039038513-5909763746612-5907217023875-336a8277661c30aa211f6bb0466e7c24",
                "thumb_960_w": 960,
                "thumb_960_h": 483,
                "thumb_1024": "https:\/\/files.slack.com\/files-tmb\/T042E1514F3-F058AR3GTL7-973f8b64b4\/image_1024.png?t=xoxe-4082039038513-5909763746612-5907217023875-336a8277661c30aa211f6bb0466e7c24",
                "thumb_1024_w": 1024,
                "thumb_1024_h": 515,
                "original_w": 1551,
                "original_h": 780,
                "thumb_tiny": "AwAYADDOY4\/\/AFUZHr+lKVHpTR97FABn3H5UZ9xSkYHakUZzQAmfYUZpWGOlJQBJxTAMNTux+tHegBGPGKRTjNDUlACsc0lFFAH\/2Q==",
                "permalink": "https:\/\/cyberdefense2022-2023.slack.com\/files\/U042R3B76SC\/F058AR3GTL7\/image.png",
                "permalink_public": "https:\/\/slack-files.com\/T042E1514F3-F058AR3GTL7-db29abd238",
                "is_starred": false,
                "has_rich_preview": false,
                "file_access": "visible"
            }
        ],
        "upload": false,
        "user": "U042R3B76SC",
        "display_as_bot": false,
        "ts": "1684634972.312349",
        "blocks": [
            {
                "type": "rich_text",
                "block_id": "G58",
                "elements": [
                    {
                        "type": "rich_text_section",
                        "elements": [
                            {
                                "type": "text",
                                "text": "Hi "
                            },
                            {
                                "type": "user",
                                "user_id": "U042R51RY2C"
                            },
                            {
                                "type": "text",
                                "text": ". I know that "
                            },
                            {
                                "type": "user",
                                "user_id": "U041LSQC38X"
                            },
                            {
                                "type": "text",
                                "text": " was doing some work with the users on the team-specific information.\n\nIf you are referring to their group memberships in Active Directory, those are already set up. You can query in Active Directory Users and Computers for a group like "
                            },
                            {
                                "type": "text",
                                "text": "Domain Admins",
                                "style": {
                                    "bold": true
                                }
                            },
                            {
                                "type": "text",
                                "text": " and view its members. As usual, I have a PowerShell prompt open, and this is an old-school way to list the members. There is also a PowerShell way, but the modules are not installed.\n\nIf you mean something else, please clarify. Thanks."
                            }
                        ]
                    }
                ]
            }
        ],
        "client_msg_id": "f640ddf6-be0c-46ee-808f-5ae79f335244"
    }
]