[
    {
        "client_msg_id": "410befb4-240c-46a5-bbcb-61d080c7785a",
        "type": "message",
        "text": "I'm having problems with making an account on iseage. It says:\nUnable to create that user. Try again in a few minutes. If that fails, contact your system administrator at <mailto:cdc_support@iastate.edu|cdc_support@iastate.edu>.\n\nI tried multiple times.",
        "user": "U042U2F450R",
        "ts": "1681422850.201059",
        "blocks": [
            {
                "type": "rich_text",
                "block_id": "Rkyd",
                "elements": [
                    {
                        "type": "rich_text_section",
                        "elements": [
                            {
                                "type": "text",
                                "text": "I'm having problems with making an account on iseage. It says:\nUnable to create that user. Try again in a few minutes. If that fails, contact your system administrator at "
                            },
                            {
                                "type": "link",
                                "url": "mailto:cdc_support@iastate.edu",
                                "text": "cdc_support@iastate.edu"
                            },
                            {
                                "type": "text",
                                "text": ".\n\nI tried multiple times."
                            }
                        ]
                    }
                ]
            }
        ],
        "team": "T042E1514F3",
        "user_team": "T042E1514F3",
        "source_team": "T042E1514F3",
        "user_profile": {
            "avatar_hash": "gff8e94624db",
            "image_72": "https:\/\/secure.gravatar.com\/avatar\/ff8e94624db08a84843122675f06ea92.jpg?s=72&d=https%3A%2F%2Fa.slack-edge.com%2Fdf10d%2Fimg%2Favatars%2Fava_0004-72.png",
            "first_name": "Anna",
            "real_name": "Anna",
            "display_name": "Anna",
            "team": "T042E1514F3",
            "name": "annam45",
            "is_restricted": false,
            "is_ultra_restricted": false
        }
    },
    {
        "type": "message",
        "text": "If I try to log in with the account I tried to make, I get this:",
        "files": [
            {
                "id": "F052ZM2HU8N",
                "created": 1681423046,
                "timestamp": 1681423046,
                "name": "example.png",
                "title": "example.png",
                "mimetype": "image\/png",
                "filetype": "png",
                "pretty_type": "PNG",
                "user": "U042U2F450R",
                "user_team": "T042E1514F3",
                "editable": false,
                "size": 124747,
                "mode": "hosted",
                "is_external": false,
                "external_type": "",
                "is_public": true,
                "public_url_shared": false,
                "display_as_bot": false,
                "username": "",
                "url_private": "https:\/\/files.slack.com\/files-pri\/T042E1514F3-F052ZM2HU8N\/example.png?t=xoxe-4082039038513-5909763746612-5907217023875-336a8277661c30aa211f6bb0466e7c24",
                "url_private_download": "https:\/\/files.slack.com\/files-pri\/T042E1514F3-F052ZM2HU8N\/download\/example.png?t=xoxe-4082039038513-5909763746612-5907217023875-336a8277661c30aa211f6bb0466e7c24",
                "media_display_type": "unknown",
                "thumb_64": "https:\/\/files.slack.com\/files-tmb\/T042E1514F3-F052ZM2HU8N-c5f09d153e\/example_64.png?t=xoxe-4082039038513-5909763746612-5907217023875-336a8277661c30aa211f6bb0466e7c24",
                "thumb_80": "https:\/\/files.slack.com\/files-tmb\/T042E1514F3-F052ZM2HU8N-c5f09d153e\/example_80.png?t=xoxe-4082039038513-5909763746612-5907217023875-336a8277661c30aa211f6bb0466e7c24",
                "thumb_360": "https:\/\/files.slack.com\/files-tmb\/T042E1514F3-F052ZM2HU8N-c5f09d153e\/example_360.png?t=xoxe-4082039038513-5909763746612-5907217023875-336a8277661c30aa211f6bb0466e7c24",
                "thumb_360_w": 360,
                "thumb_360_h": 83,
                "thumb_480": "https:\/\/files.slack.com\/files-tmb\/T042E1514F3-F052ZM2HU8N-c5f09d153e\/example_480.png?t=xoxe-4082039038513-5909763746612-5907217023875-336a8277661c30aa211f6bb0466e7c24",
                "thumb_480_w": 480,
                "thumb_480_h": 110,
                "thumb_160": "https:\/\/files.slack.com\/files-tmb\/T042E1514F3-F052ZM2HU8N-c5f09d153e\/example_160.png?t=xoxe-4082039038513-5909763746612-5907217023875-336a8277661c30aa211f6bb0466e7c24",
                "thumb_720": "https:\/\/files.slack.com\/files-tmb\/T042E1514F3-F052ZM2HU8N-c5f09d153e\/example_720.png?t=xoxe-4082039038513-5909763746612-5907217023875-336a8277661c30aa211f6bb0466e7c24",
                "thumb_720_w": 720,
                "thumb_720_h": 166,
                "thumb_800": "https:\/\/files.slack.com\/files-tmb\/T042E1514F3-F052ZM2HU8N-c5f09d153e\/example_800.png?t=xoxe-4082039038513-5909763746612-5907217023875-336a8277661c30aa211f6bb0466e7c24",
                "thumb_800_w": 800,
                "thumb_800_h": 184,
                "thumb_960": "https:\/\/files.slack.com\/files-tmb\/T042E1514F3-F052ZM2HU8N-c5f09d153e\/example_960.png?t=xoxe-4082039038513-5909763746612-5907217023875-336a8277661c30aa211f6bb0466e7c24",
                "thumb_960_w": 960,
                "thumb_960_h": 221,
                "thumb_1024": "https:\/\/files.slack.com\/files-tmb\/T042E1514F3-F052ZM2HU8N-c5f09d153e\/example_1024.png?t=xoxe-4082039038513-5909763746612-5907217023875-336a8277661c30aa211f6bb0466e7c24",
                "thumb_1024_w": 1024,
                "thumb_1024_h": 236,
                "original_w": 3842,
                "original_h": 884,
                "thumb_tiny": "AwALADDSI4pOKdRgUAJkUcUuBRgUAJxRgUtFAH\/\/2Q==",
                "permalink": "https:\/\/cyberdefense2022-2023.slack.com\/files\/U042U2F450R\/F052ZM2HU8N\/example.png",
                "permalink_public": "https:\/\/slack-files.com\/T042E1514F3-F052ZM2HU8N-684d428800",
                "is_starred": false,
                "has_rich_preview": false,
                "file_access": "visible"
            }
        ],
        "upload": false,
        "user": "U042U2F450R",
        "display_as_bot": false,
        "ts": "1681423054.407679",
        "blocks": [
            {
                "type": "rich_text",
                "block_id": "En1v",
                "elements": [
                    {
                        "type": "rich_text_section",
                        "elements": [
                            {
                                "type": "text",
                                "text": "If I try to log in with the account I tried to make, I get this:"
                            }
                        ]
                    }
                ]
            }
        ],
        "client_msg_id": "6a6e9697-31eb-431b-9566-19ba8ee1b430"
    },
    {
        "client_msg_id": "f90cf805-d4c3-49e8-9dac-d4434ea25b79",
        "type": "message",
        "text": "Hi Anna. Let's make an account for you when we meet in a few minutes.",
        "user": "U042R3B76SC",
        "ts": "1681430150.025209",
        "blocks": [
            {
                "type": "rich_text",
                "block_id": "PXQT",
                "elements": [
                    {
                        "type": "rich_text_section",
                        "elements": [
                            {
                                "type": "text",
                                "text": "Hi Anna. Let's make an account for you when we meet in a few minutes."
                            }
                        ]
                    }
                ]
            }
        ],
        "team": "T042E1514F3",
        "user_team": "T042E1514F3",
        "source_team": "T042E1514F3",
        "user_profile": {
            "avatar_hash": "g6730f37144b",
            "image_72": "https:\/\/secure.gravatar.com\/avatar\/6730f37144bd6ae505b97012a7f22a66.jpg?s=72&d=https%3A%2F%2Fa.slack-edge.com%2Fdf10d%2Fimg%2Favatars%2Fava_0006-72.png",
            "first_name": "chris",
            "real_name": "chris",
            "display_name": "",
            "team": "T042E1514F3",
            "name": "chris",
            "is_restricted": false,
            "is_ultra_restricted": false
        }
    },
    {
        "client_msg_id": "578c8034-e0a8-45a5-a513-5f432ee6aba4",
        "type": "message",
        "text": "Anna and Michael, here's a link for a Zoom meeting I just started:\n<https:\/\/zoom.us\/j\/94717236722?pwd=aVFETittN1g4anpEY0cvczh4R293dz09>",
        "user": "U042R3B76SC",
        "ts": "1681430347.590619",
        "blocks": [
            {
                "type": "rich_text",
                "block_id": "s8JS",
                "elements": [
                    {
                        "type": "rich_text_section",
                        "elements": [
                            {
                                "type": "text",
                                "text": "Anna and Michael, here's a link for a Zoom meeting I just started:\n"
                            },
                            {
                                "type": "link",
                                "url": "https:\/\/zoom.us\/j\/94717236722?pwd=aVFETittN1g4anpEY0cvczh4R293dz09"
                            }
                        ]
                    }
                ]
            }
        ],
        "team": "T042E1514F3",
        "user_team": "T042E1514F3",
        "source_team": "T042E1514F3",
        "user_profile": {
            "avatar_hash": "g6730f37144b",
            "image_72": "https:\/\/secure.gravatar.com\/avatar\/6730f37144bd6ae505b97012a7f22a66.jpg?s=72&d=https%3A%2F%2Fa.slack-edge.com%2Fdf10d%2Fimg%2Favatars%2Fava_0006-72.png",
            "first_name": "chris",
            "real_name": "chris",
            "display_name": "",
            "team": "T042E1514F3",
            "name": "chris",
            "is_restricted": false,
            "is_ultra_restricted": false
        }
    },
    {
        "client_msg_id": "c4634e89-f88c-4118-b94f-772d4ae41df8",
        "type": "message",
        "text": "<@U042U2F450R> \/ <@U041LSQC38X> ^ ^",
        "user": "U042R3B76SC",
        "ts": "1681430363.634429",
        "blocks": [
            {
                "type": "rich_text",
                "block_id": "hbJI",
                "elements": [
                    {
                        "type": "rich_text_section",
                        "elements": [
                            {
                                "type": "user",
                                "user_id": "U042U2F450R"
                            },
                            {
                                "type": "text",
                                "text": " \/ "
                            },
                            {
                                "type": "user",
                                "user_id": "U041LSQC38X"
                            },
                            {
                                "type": "text",
                                "text": " ^ ^"
                            }
                        ]
                    }
                ]
            }
        ],
        "team": "T042E1514F3",
        "user_team": "T042E1514F3",
        "source_team": "T042E1514F3",
        "user_profile": {
            "avatar_hash": "g6730f37144b",
            "image_72": "https:\/\/secure.gravatar.com\/avatar\/6730f37144bd6ae505b97012a7f22a66.jpg?s=72&d=https%3A%2F%2Fa.slack-edge.com%2Fdf10d%2Fimg%2Favatars%2Fava_0006-72.png",
            "first_name": "chris",
            "real_name": "chris",
            "display_name": "",
            "team": "T042E1514F3",
            "name": "chris",
            "is_restricted": false,
            "is_ultra_restricted": false
        }
    },
    {
        "client_msg_id": "e457a4f2-fe4d-4b5e-bbb5-ef4aab01a4a1",
        "type": "message",
        "text": "<@U042R51RY2C> feel free to join if you'd like.",
        "user": "U042R3B76SC",
        "ts": "1681430372.818139",
        "blocks": [
            {
                "type": "rich_text",
                "block_id": "rhY",
                "elements": [
                    {
                        "type": "rich_text_section",
                        "elements": [
                            {
                                "type": "user",
                                "user_id": "U042R51RY2C"
                            },
                            {
                                "type": "text",
                                "text": " feel free to join if you'd like."
                            }
                        ]
                    }
                ]
            }
        ],
        "team": "T042E1514F3",
        "user_team": "T042E1514F3",
        "source_team": "T042E1514F3",
        "user_profile": {
            "avatar_hash": "g6730f37144b",
            "image_72": "https:\/\/secure.gravatar.com\/avatar\/6730f37144bd6ae505b97012a7f22a66.jpg?s=72&d=https%3A%2F%2Fa.slack-edge.com%2Fdf10d%2Fimg%2Favatars%2Fava_0006-72.png",
            "first_name": "chris",
            "real_name": "chris",
            "display_name": "",
            "team": "T042E1514F3",
            "name": "chris",
            "is_restricted": false,
            "is_ultra_restricted": false
        }
    },
    {
        "client_msg_id": "b838737d-28d3-4681-9c4c-47508cd78586",
        "type": "message",
        "text": "My computer is being super slow. Trying to connect.",
        "user": "U042U2F450R",
        "ts": "1681430628.508269",
        "blocks": [
            {
                "type": "rich_text",
                "block_id": "fdt",
                "elements": [
                    {
                        "type": "rich_text_section",
                        "elements": [
                            {
                                "type": "text",
                                "text": "My computer is being super slow. Trying to connect."
                            }
                        ]
                    }
                ]
            }
        ],
        "team": "T042E1514F3",
        "user_team": "T042E1514F3",
        "source_team": "T042E1514F3",
        "user_profile": {
            "avatar_hash": "gff8e94624db",
            "image_72": "https:\/\/secure.gravatar.com\/avatar\/ff8e94624db08a84843122675f06ea92.jpg?s=72&d=https%3A%2F%2Fa.slack-edge.com%2Fdf10d%2Fimg%2Favatars%2Fava_0004-72.png",
            "first_name": "Anna",
            "real_name": "Anna",
            "display_name": "Anna",
            "team": "T042E1514F3",
            "name": "annam45",
            "is_restricted": false,
            "is_ultra_restricted": false
        }
    },
    {
        "client_msg_id": "08db3d26-8a83-4ff6-87f4-d8ceecdd84d7",
        "type": "message",
        "text": "kk",
        "user": "U042R3B76SC",
        "ts": "1681430633.438009",
        "blocks": [
            {
                "type": "rich_text",
                "block_id": "scmP",
                "elements": [
                    {
                        "type": "rich_text_section",
                        "elements": [
                            {
                                "type": "text",
                                "text": "kk"
                            }
                        ]
                    }
                ]
            }
        ],
        "team": "T042E1514F3",
        "user_team": "T042E1514F3",
        "source_team": "T042E1514F3",
        "user_profile": {
            "avatar_hash": "g6730f37144b",
            "image_72": "https:\/\/secure.gravatar.com\/avatar\/6730f37144bd6ae505b97012a7f22a66.jpg?s=72&d=https%3A%2F%2Fa.slack-edge.com%2Fdf10d%2Fimg%2Favatars%2Fava_0006-72.png",
            "first_name": "chris",
            "real_name": "chris",
            "display_name": "",
            "team": "T042E1514F3",
            "name": "chris",
            "is_restricted": false,
            "is_ultra_restricted": false
        }
    },
    {
        "bot_id": "B052RHNE82E",
        "type": "message",
        "text": "@chris created a Task CDC2023-42 Run yum to update our Centos servers",
        "user": "U053F8E317S",
        "ts": "1681433910.209349",
        "app_id": "A2RPP3NFR",
        "blocks": [
            {
                "type": "section",
                "block_id": "no:ih:10041::78c18490da5f11ed9eeb9998bdeed762",
                "text": {
                    "type": "mrkdwn",
                    "text": "*<slack:\/\/user?team=T042E1514F3&amp;id=U042R3B76SC|@chris> created a Task*\n*<https:\/\/cdc2023.atlassian.net\/browse\/CDC2023-42?atlOrigin=eyJpIjoiNTQ5NDU4MWFhOWNjNDcwMjlkMWY4YmZkM2ZiMGJmMDciLCJwIjoiamlyYS1zbGFjay1pbnQifQ|CDC2023-42 Run yum to update our Centos servers>*",
                    "verbatim": false
                },
                "accessory": {
                    "type": "overflow",
                    "action_id": "{\"issueId\":\"10041\",\"instanceId\":\"10611f2c-0537-3ea5-a6a7-765564e825d7\",\"projectId\":\"10000\"}",
                    "options": [
                        {
                            "text": {
                                "type": "plain_text",
                                "text": "Watch",
                                "emoji": true
                            },
                            "value": "watch"
                        },
                        {
                            "text": {
                                "type": "plain_text",
                                "text": "Comment",
                                "emoji": true
                            },
                            "value": "comment"
                        },
                        {
                            "text": {
                                "type": "plain_text",
                                "text": "Assign",
                                "emoji": true
                            },
                            "value": "assign"
                        },
                        {
                            "text": {
                                "type": "plain_text",
                                "text": "Transition",
                                "emoji": true
                            },
                            "value": "transition"
                        },
                        {
                            "text": {
                                "type": "plain_text",
                                "text": "Why am I seeing this?",
                                "emoji": true
                            },
                            "value": "why"
                        }
                    ]
                }
            },
            {
                "type": "context",
                "block_id": "no:cx:10041::78c18491da5f11ed9eeb9998bdeed762",
                "elements": [
                    {
                        "type": "mrkdwn",
                        "text": "Status: *To Do*",
                        "verbatim": false
                    },
                    {
                        "type": "image",
                        "image_url": "https:\/\/product-integrations-cdn.atl-paas.net\/jira-issuetype\/task.png",
                        "alt_text": "Task"
                    },
                    {
                        "type": "mrkdwn",
                        "text": "Type: *Task*",
                        "verbatim": false
                    },
                    {
                        "type": "image",
                        "image_url": "https:\/\/product-integrations-cdn.atl-paas.net\/icons\/unknown-user.png",
                        "alt_text": "Unassigned"
                    },
                    {
                        "type": "mrkdwn",
                        "text": "Assignee: *Unassigned*",
                        "verbatim": false
                    },
                    {
                        "type": "image",
                        "image_url": "https:\/\/product-integrations-cdn.atl-paas.net\/jira-priority\/medium.png",
                        "alt_text": "Medium"
                    },
                    {
                        "type": "mrkdwn",
                        "text": "Priority: *Medium*",
                        "verbatim": false
                    }
                ]
            }
        ],
        "team": "T042E1514F3",
        "bot_profile": {
            "id": "B052RHNE82E",
            "app_id": "A2RPP3NFR",
            "name": "Jira Cloud",
            "icons": {
                "image_36": "https:\/\/avatars.slack-edge.com\/2018-11-30\/493753869479_4b703f4119efe3d7d0ff_36.png",
                "image_48": "https:\/\/avatars.slack-edge.com\/2018-11-30\/493753869479_4b703f4119efe3d7d0ff_48.png",
                "image_72": "https:\/\/avatars.slack-edge.com\/2018-11-30\/493753869479_4b703f4119efe3d7d0ff_72.png"
            },
            "deleted": false,
            "updated": 1681239587,
            "team_id": "T042E1514F3"
        }
    },
    {
        "bot_id": "B052RHNE82E",
        "type": "message",
        "text": "@chris created a Subtask CDC2023-43 Web server",
        "user": "U053F8E317S",
        "ts": "1681433938.303239",
        "app_id": "A2RPP3NFR",
        "blocks": [
            {
                "type": "section",
                "block_id": "no:ih:10042::89888fd0da5f11ed8ff3954d791b6527",
                "text": {
                    "type": "mrkdwn",
                    "text": "*<slack:\/\/user?team=T042E1514F3&amp;id=U042R3B76SC|@chris> created a Subtask*\n*<https:\/\/cdc2023.atlassian.net\/browse\/CDC2023-43?atlOrigin=eyJpIjoiN2RlMDM5ZGE0MGE3NGUyMGFkOTk4MjFhMWE0ZDk1OTUiLCJwIjoiamlyYS1zbGFjay1pbnQifQ|CDC2023-43 Web server>*",
                    "verbatim": false
                },
                "accessory": {
                    "type": "overflow",
                    "action_id": "{\"issueId\":\"10042\",\"instanceId\":\"10611f2c-0537-3ea5-a6a7-765564e825d7\",\"projectId\":\"10000\"}",
                    "options": [
                        {
                            "text": {
                                "type": "plain_text",
                                "text": "Watch",
                                "emoji": true
                            },
                            "value": "watch"
                        },
                        {
                            "text": {
                                "type": "plain_text",
                                "text": "Comment",
                                "emoji": true
                            },
                            "value": "comment"
                        },
                        {
                            "text": {
                                "type": "plain_text",
                                "text": "Assign",
                                "emoji": true
                            },
                            "value": "assign"
                        },
                        {
                            "text": {
                                "type": "plain_text",
                                "text": "Transition",
                                "emoji": true
                            },
                            "value": "transition"
                        },
                        {
                            "text": {
                                "type": "plain_text",
                                "text": "Why am I seeing this?",
                                "emoji": true
                            },
                            "value": "why"
                        }
                    ]
                }
            },
            {
                "type": "context",
                "block_id": "no:cx:10042::89888fd1da5f11ed8ff3954d791b6527",
                "elements": [
                    {
                        "type": "mrkdwn",
                        "text": "Status: *To Do*",
                        "verbatim": false
                    },
                    {
                        "type": "image",
                        "image_url": "https:\/\/product-integrations-cdn.atl-paas.net\/jira-issuetype\/subtask.png",
                        "alt_text": "Subtask"
                    },
                    {
                        "type": "mrkdwn",
                        "text": "Type: *Subtask*",
                        "verbatim": false
                    },
                    {
                        "type": "image",
                        "image_url": "https:\/\/product-integrations-cdn.atl-paas.net\/icons\/unknown-user.png",
                        "alt_text": "Unassigned"
                    },
                    {
                        "type": "mrkdwn",
                        "text": "Assignee: *Unassigned*",
                        "verbatim": false
                    },
                    {
                        "type": "image",
                        "image_url": "https:\/\/product-integrations-cdn.atl-paas.net\/jira-priority\/medium.png",
                        "alt_text": "Medium"
                    },
                    {
                        "type": "mrkdwn",
                        "text": "Priority: *Medium*",
                        "verbatim": false
                    }
                ]
            }
        ],
        "team": "T042E1514F3",
        "bot_profile": {
            "id": "B052RHNE82E",
            "app_id": "A2RPP3NFR",
            "name": "Jira Cloud",
            "icons": {
                "image_36": "https:\/\/avatars.slack-edge.com\/2018-11-30\/493753869479_4b703f4119efe3d7d0ff_36.png",
                "image_48": "https:\/\/avatars.slack-edge.com\/2018-11-30\/493753869479_4b703f4119efe3d7d0ff_48.png",
                "image_72": "https:\/\/avatars.slack-edge.com\/2018-11-30\/493753869479_4b703f4119efe3d7d0ff_72.png"
            },
            "deleted": false,
            "updated": 1681239587,
            "team_id": "T042E1514F3"
        }
    },
    {
        "bot_id": "B052RHNE82E",
        "type": "message",
        "text": "@chris created a Subtask CDC2023-44 Billing server",
        "user": "U053F8E317S",
        "ts": "1681433948.875159",
        "app_id": "A2RPP3NFR",
        "blocks": [
            {
                "type": "section",
                "block_id": "no:ih:10043::8fd431f0da5f11ed8c1f37facaaa2883",
                "text": {
                    "type": "mrkdwn",
                    "text": "*<slack:\/\/user?team=T042E1514F3&amp;id=U042R3B76SC|@chris> created a Subtask*\n*<https:\/\/cdc2023.atlassian.net\/browse\/CDC2023-44?atlOrigin=eyJpIjoiMTc1MzM4MDcwZWIyNGYxYTkxYTc2YTZmZDQ1ODI2ODAiLCJwIjoiamlyYS1zbGFjay1pbnQifQ|CDC2023-44 Billing server>*",
                    "verbatim": false
                },
                "accessory": {
                    "type": "overflow",
                    "action_id": "{\"issueId\":\"10043\",\"instanceId\":\"10611f2c-0537-3ea5-a6a7-765564e825d7\",\"projectId\":\"10000\"}",
                    "options": [
                        {
                            "text": {
                                "type": "plain_text",
                                "text": "Watch",
                                "emoji": true
                            },
                            "value": "watch"
                        },
                        {
                            "text": {
                                "type": "plain_text",
                                "text": "Comment",
                                "emoji": true
                            },
                            "value": "comment"
                        },
                        {
                            "text": {
                                "type": "plain_text",
                                "text": "Assign",
                                "emoji": true
                            },
                            "value": "assign"
                        },
                        {
                            "text": {
                                "type": "plain_text",
                                "text": "Transition",
                                "emoji": true
                            },
                            "value": "transition"
                        },
                        {
                            "text": {
                                "type": "plain_text",
                                "text": "Why am I seeing this?",
                                "emoji": true
                            },
                            "value": "why"
                        }
                    ]
                }
            },
            {
                "type": "context",
                "block_id": "no:cx:10043::8fd431f1da5f11ed8c1f37facaaa2883",
                "elements": [
                    {
                        "type": "mrkdwn",
                        "text": "Status: *To Do*",
                        "verbatim": false
                    },
                    {
                        "type": "image",
                        "image_url": "https:\/\/product-integrations-cdn.atl-paas.net\/jira-issuetype\/subtask.png",
                        "alt_text": "Subtask"
                    },
                    {
                        "type": "mrkdwn",
                        "text": "Type: *Subtask*",
                        "verbatim": false
                    },
                    {
                        "type": "image",
                        "image_url": "https:\/\/product-integrations-cdn.atl-paas.net\/icons\/unknown-user.png",
                        "alt_text": "Unassigned"
                    },
                    {
                        "type": "mrkdwn",
                        "text": "Assignee: *Unassigned*",
                        "verbatim": false
                    },
                    {
                        "type": "image",
                        "image_url": "https:\/\/product-integrations-cdn.atl-paas.net\/jira-priority\/medium.png",
                        "alt_text": "Medium"
                    },
                    {
                        "type": "mrkdwn",
                        "text": "Priority: *Medium*",
                        "verbatim": false
                    }
                ]
            }
        ],
        "team": "T042E1514F3",
        "bot_profile": {
            "id": "B052RHNE82E",
            "app_id": "A2RPP3NFR",
            "name": "Jira Cloud",
            "icons": {
                "image_36": "https:\/\/avatars.slack-edge.com\/2018-11-30\/493753869479_4b703f4119efe3d7d0ff_36.png",
                "image_48": "https:\/\/avatars.slack-edge.com\/2018-11-30\/493753869479_4b703f4119efe3d7d0ff_48.png",
                "image_72": "https:\/\/avatars.slack-edge.com\/2018-11-30\/493753869479_4b703f4119efe3d7d0ff_72.png"
            },
            "deleted": false,
            "updated": 1681239587,
            "team_id": "T042E1514F3"
        }
    },
    {
        "bot_id": "B052RHNE82E",
        "type": "message",
        "text": "@chris transitioned CDC2023-43 Run yum on Web server from To Do ⟶ In Progress",
        "user": "U053F8E317S",
        "ts": "1681434030.761269",
        "app_id": "A2RPP3NFR",
        "blocks": [
            {
                "type": "section",
                "block_id": "no:ih:10042::c09e46e0da5f11edaaa3c737a3d68fad",
                "text": {
                    "type": "mrkdwn",
                    "text": "*<slack:\/\/user?team=T042E1514F3&amp;id=U042R3B76SC|@chris> transitioned a Subtask from `To Do` ⟶ `In Progress`*\n*<https:\/\/cdc2023.atlassian.net\/browse\/CDC2023-43?atlOrigin=eyJpIjoiOWQxNmFhZjZlZWE0NGFkZWIyNTRiZWNhZjI2NzgyYWYiLCJwIjoiamlyYS1zbGFjay1pbnQifQ|CDC2023-43 Run yum on Web server>*",
                    "verbatim": false
                },
                "accessory": {
                    "type": "overflow",
                    "action_id": "{\"issueId\":\"10042\",\"instanceId\":\"10611f2c-0537-3ea5-a6a7-765564e825d7\",\"projectId\":\"10000\"}",
                    "options": [
                        {
                            "text": {
                                "type": "plain_text",
                                "text": "Watch",
                                "emoji": true
                            },
                            "value": "watch"
                        },
                        {
                            "text": {
                                "type": "plain_text",
                                "text": "Comment",
                                "emoji": true
                            },
                            "value": "comment"
                        },
                        {
                            "text": {
                                "type": "plain_text",
                                "text": "Assign",
                                "emoji": true
                            },
                            "value": "assign"
                        },
                        {
                            "text": {
                                "type": "plain_text",
                                "text": "Transition",
                                "emoji": true
                            },
                            "value": "transition"
                        },
                        {
                            "text": {
                                "type": "plain_text",
                                "text": "Why am I seeing this?",
                                "emoji": true
                            },
                            "value": "why"
                        }
                    ]
                }
            }
        ],
        "team": "T042E1514F3",
        "bot_profile": {
            "id": "B052RHNE82E",
            "app_id": "A2RPP3NFR",
            "name": "Jira Cloud",
            "icons": {
                "image_36": "https:\/\/avatars.slack-edge.com\/2018-11-30\/493753869479_4b703f4119efe3d7d0ff_36.png",
                "image_48": "https:\/\/avatars.slack-edge.com\/2018-11-30\/493753869479_4b703f4119efe3d7d0ff_48.png",
                "image_72": "https:\/\/avatars.slack-edge.com\/2018-11-30\/493753869479_4b703f4119efe3d7d0ff_72.png"
            },
            "deleted": false,
            "updated": 1681239587,
            "team_id": "T042E1514F3"
        }
    },
    {
        "bot_id": "B052RHNE82E",
        "type": "message",
        "text": "@chris transitioned CDC2023-43 Run yum on Web server from In Progress ⟶ Done",
        "user": "U053F8E317S",
        "ts": "1681434035.058889",
        "app_id": "A2RPP3NFR",
        "blocks": [
            {
                "type": "section",
                "block_id": "no:ih:10042::c3340cf0da5f11edada819c033a21df1",
                "text": {
                    "type": "mrkdwn",
                    "text": "*<slack:\/\/user?team=T042E1514F3&amp;id=U042R3B76SC|@chris> transitioned a Subtask from `In Progress` ⟶ `Done`*\n*<https:\/\/cdc2023.atlassian.net\/browse\/CDC2023-43?atlOrigin=eyJpIjoiMGZhZGU5N2Q5NTQ2NDIyNWJmMmU3YWRiOTIwZWZjMjAiLCJwIjoiamlyYS1zbGFjay1pbnQifQ|CDC2023-43 Run yum on Web server>*",
                    "verbatim": false
                },
                "accessory": {
                    "type": "overflow",
                    "action_id": "{\"issueId\":\"10042\",\"instanceId\":\"10611f2c-0537-3ea5-a6a7-765564e825d7\",\"projectId\":\"10000\"}",
                    "options": [
                        {
                            "text": {
                                "type": "plain_text",
                                "text": "Watch",
                                "emoji": true
                            },
                            "value": "watch"
                        },
                        {
                            "text": {
                                "type": "plain_text",
                                "text": "Comment",
                                "emoji": true
                            },
                            "value": "comment"
                        },
                        {
                            "text": {
                                "type": "plain_text",
                                "text": "Assign",
                                "emoji": true
                            },
                            "value": "assign"
                        },
                        {
                            "text": {
                                "type": "plain_text",
                                "text": "Transition",
                                "emoji": true
                            },
                            "value": "transition"
                        },
                        {
                            "text": {
                                "type": "plain_text",
                                "text": "Why am I seeing this?",
                                "emoji": true
                            },
                            "value": "why"
                        }
                    ]
                }
            }
        ],
        "team": "T042E1514F3",
        "bot_profile": {
            "id": "B052RHNE82E",
            "app_id": "A2RPP3NFR",
            "name": "Jira Cloud",
            "icons": {
                "image_36": "https:\/\/avatars.slack-edge.com\/2018-11-30\/493753869479_4b703f4119efe3d7d0ff_36.png",
                "image_48": "https:\/\/avatars.slack-edge.com\/2018-11-30\/493753869479_4b703f4119efe3d7d0ff_48.png",
                "image_72": "https:\/\/avatars.slack-edge.com\/2018-11-30\/493753869479_4b703f4119efe3d7d0ff_72.png"
            },
            "deleted": false,
            "updated": 1681239587,
            "team_id": "T042E1514F3"
        }
    },
    {
        "type": "message",
        "text": "",
        "files": [
            {
                "id": "F0533UT5Y5B",
                "created": 1681435000,
                "timestamp": 1681435000,
                "name": "image.png",
                "title": "image.png",
                "mimetype": "image\/png",
                "filetype": "png",
                "pretty_type": "PNG",
                "user": "U041LSQC38X",
                "user_team": "T042E1514F3",
                "editable": false,
                "size": 3353,
                "mode": "hosted",
                "is_external": false,
                "external_type": "",
                "is_public": true,
                "public_url_shared": false,
                "display_as_bot": false,
                "username": "",
                "url_private": "https:\/\/files.slack.com\/files-pri\/T042E1514F3-F0533UT5Y5B\/image.png?t=xoxe-4082039038513-5909763746612-5907217023875-336a8277661c30aa211f6bb0466e7c24",
                "url_private_download": "https:\/\/files.slack.com\/files-pri\/T042E1514F3-F0533UT5Y5B\/download\/image.png?t=xoxe-4082039038513-5909763746612-5907217023875-336a8277661c30aa211f6bb0466e7c24",
                "media_display_type": "unknown",
                "thumb_64": "https:\/\/files.slack.com\/files-tmb\/T042E1514F3-F0533UT5Y5B-6588fe8cf4\/image_64.png?t=xoxe-4082039038513-5909763746612-5907217023875-336a8277661c30aa211f6bb0466e7c24",
                "thumb_80": "https:\/\/files.slack.com\/files-tmb\/T042E1514F3-F0533UT5Y5B-6588fe8cf4\/image_80.png?t=xoxe-4082039038513-5909763746612-5907217023875-336a8277661c30aa211f6bb0466e7c24",
                "thumb_360": "https:\/\/files.slack.com\/files-tmb\/T042E1514F3-F0533UT5Y5B-6588fe8cf4\/image_360.png?t=xoxe-4082039038513-5909763746612-5907217023875-336a8277661c30aa211f6bb0466e7c24",
                "thumb_360_w": 332,
                "thumb_360_h": 20,
                "thumb_160": "https:\/\/files.slack.com\/files-tmb\/T042E1514F3-F0533UT5Y5B-6588fe8cf4\/image_160.png?t=xoxe-4082039038513-5909763746612-5907217023875-336a8277661c30aa211f6bb0466e7c24",
                "original_w": 332,
                "original_h": 20,
                "thumb_tiny": "AwACADCpgbBwKjX\/AFX41J\/AKYv+q\/GgAk+7TI\/vr9afJ92mR\/fX60ATgDd0qPHyP9akH3qj\/gf60Af\/2Q==",
                "permalink": "https:\/\/cyberdefense2022-2023.slack.com\/files\/U041LSQC38X\/F0533UT5Y5B\/image.png",
                "permalink_public": "https:\/\/slack-files.com\/T042E1514F3-F0533UT5Y5B-3a0d82efc5",
                "is_starred": false,
                "has_rich_preview": false,
                "file_access": "visible"
            }
        ],
        "upload": false,
        "user": "U041LSQC38X",
        "display_as_bot": false,
        "ts": "1681435002.071609",
        "client_msg_id": "57dee7a2-f136-4936-882c-f257310639c8"
    },
    {
        "client_msg_id": "4C3CEDE4-E497-46F7-9644-20CA89A1DD36",
        "type": "message",
        "text": "Sorry, was working, but yeah that wheel group is a thing that should be fixed, the wheel group needs passwords turned on, also, on a side note, <@U042R3B76SC>, am I good to start patching and fixing the servers? Or should I wait?",
        "user": "U042R51RY2C",
        "ts": "1681441773.355699",
        "blocks": [
            {
                "type": "rich_text",
                "block_id": "fnm",
                "elements": [
                    {
                        "type": "rich_text_section",
                        "elements": [
                            {
                                "type": "text",
                                "text": "Sorry, was working, but yeah that wheel group is a thing that should be fixed, the wheel group needs passwords turned on, also, on a side note, "
                            },
                            {
                                "type": "user",
                                "user_id": "U042R3B76SC"
                            },
                            {
                                "type": "text",
                                "text": ", am I good to start patching and fixing the servers? Or should I wait?"
                            }
                        ]
                    }
                ]
            }
        ],
        "team": "T042E1514F3",
        "user_team": "T042E1514F3",
        "source_team": "T042E1514F3",
        "user_profile": {
            "avatar_hash": "g24c32288d4d",
            "image_72": "https:\/\/secure.gravatar.com\/avatar\/24c32288d4dbbf5694cc5c9609ec1853.jpg?s=72&d=https%3A%2F%2Fa.slack-edge.com%2Fdf10d%2Fimg%2Favatars%2Fava_0017-72.png",
            "first_name": "Tristan",
            "real_name": "Tristan Ribble",
            "display_name": "",
            "team": "T042E1514F3",
            "name": "tmribble07",
            "is_restricted": false,
            "is_ultra_restricted": false
        },
        "edited": {
            "user": "U042R51RY2C",
            "ts": "1681475847.000000"
        }
    }
]