[
    {
        "client_msg_id": "9551f047-b1d3-4eca-8b8b-bdb6e5cfc27e",
        "type": "message",
        "text": "*Mini Midweek Update*\n\nI have found a nice and (relatively) simple web app we can look at on Saturday to see how various components of a web app work together. I'm modifying it to make it a bit more realistic but I've already got it running using a \"toy\" database.\n\nSince we will be staying until 2pm, we should also be able to look at the Nessus scanner.",
        "user": "U042R3B76SC",
        "ts": "1678847723.093159",
        "blocks": [
            {
                "type": "rich_text",
                "block_id": "3kR",
                "elements": [
                    {
                        "type": "rich_text_section",
                        "elements": [
                            {
                                "type": "text",
                                "text": "Mini Midweek Update",
                                "style": {
                                    "bold": true
                                }
                            },
                            {
                                "type": "text",
                                "text": "\n\nI have found a nice and (relatively) simple web app we can look at on Saturday to see how various components of a web app work together. I'm modifying it to make it a bit more realistic but I've already got it running using a \"toy\" database.\n\nSince we will be staying until 2pm, we should also be able to look at the Nessus scanner."
                            }
                        ]
                    }
                ]
            }
        ],
        "team": "T042E1514F3",
        "user_team": "T042E1514F3",
        "source_team": "T042E1514F3",
        "user_profile": {
            "avatar_hash": "g6730f37144b",
            "image_72": "https:\/\/secure.gravatar.com\/avatar\/6730f37144bd6ae505b97012a7f22a66.jpg?s=72&d=https%3A%2F%2Fa.slack-edge.com%2Fdf10d%2Fimg%2Favatars%2Fava_0006-72.png",
            "first_name": "chris",
            "real_name": "chris",
            "display_name": "",
            "team": "T042E1514F3",
            "name": "chris",
            "is_restricted": false,
            "is_ultra_restricted": false
        }
    }
]