[
    {
        "client_msg_id": "9c4acec7-4bac-42be-9a7c-e4c65b793b67",
        "type": "message",
        "text": "Hey folks, I just found out from my wife that the Saint Patrick's Day parade is downtown today and she thinks it starts at 10:00! So it might take a little while to find some place to park. Last week I parked in the parking ramp just down the street one day during the week because our designated parking for GoDaddy was closed, and it only took about 5 minutes to walk to the office.",
        "user": "U042R3B76SC",
        "ts": "1678548585.444629",
        "blocks": [
            {
                "type": "rich_text",
                "block_id": "nY7C",
                "elements": [
                    {
                        "type": "rich_text_section",
                        "elements": [
                            {
                                "type": "text",
                                "text": "Hey folks, I just found out from my wife that the Saint Patrick's Day parade is downtown today and she thinks it starts at 10:00! So it might take a little while to find some place to park. Last week I parked in the parking ramp just down the street one day during the week because our designated parking for GoDaddy was closed, and it only took about 5 minutes to walk to the office."
                            }
                        ]
                    }
                ]
            }
        ],
        "team": "T042E1514F3",
        "user_team": "T042E1514F3",
        "source_team": "T042E1514F3",
        "user_profile": {
            "avatar_hash": "g6730f37144b",
            "image_72": "https:\/\/secure.gravatar.com\/avatar\/6730f37144bd6ae505b97012a7f22a66.jpg?s=72&d=https%3A%2F%2Fa.slack-edge.com%2Fdf10d%2Fimg%2Favatars%2Fava_0006-72.png",
            "first_name": "chris",
            "real_name": "chris",
            "display_name": "",
            "team": "T042E1514F3",
            "name": "chris",
            "is_restricted": false,
            "is_ultra_restricted": false
        }
    },
    {
        "client_msg_id": "161a285a-b141-4241-8512-f4326fe482aa",
        "type": "message",
        "text": "I really don't know anything else, as I'm just about to head downtown myself. I just wanted to let you know about this.",
        "user": "U042R3B76SC",
        "ts": "1678548634.935609",
        "blocks": [
            {
                "type": "rich_text",
                "block_id": "vXQc",
                "elements": [
                    {
                        "type": "rich_text_section",
                        "elements": [
                            {
                                "type": "text",
                                "text": "I really don't know anything else, as I'm just about to head downtown myself. I just wanted to let you know about this."
                            }
                        ]
                    }
                ]
            }
        ],
        "team": "T042E1514F3",
        "user_team": "T042E1514F3",
        "source_team": "T042E1514F3",
        "user_profile": {
            "avatar_hash": "g6730f37144b",
            "image_72": "https:\/\/secure.gravatar.com\/avatar\/6730f37144bd6ae505b97012a7f22a66.jpg?s=72&d=https%3A%2F%2Fa.slack-edge.com%2Fdf10d%2Fimg%2Favatars%2Fava_0006-72.png",
            "first_name": "chris",
            "real_name": "chris",
            "display_name": "",
            "team": "T042E1514F3",
            "name": "chris",
            "is_restricted": false,
            "is_ultra_restricted": false
        }
    },
    {
        "client_msg_id": "7379076b-4a7f-4b88-8b50-a8d633bb95b5",
        "type": "message",
        "text": "So I just got downtown and wanted to give you a little update. 3rd Avenue, where the office is, is apparently on the route because you can't park there. Also, parking ramps and parking lots that are on the route are closed as well. :disappointed: However, streets to the south of 3rd Avenue have parking available. I was able to get a parking space on 2nd Street just barely south of 3rd Avenue and I'm only about a block from the office. Hope that helps. See you soon!",
        "user": "U042R3B76SC",
        "ts": "1678549650.050889",
        "blocks": [
            {
                "type": "rich_text",
                "block_id": "sVR",
                "elements": [
                    {
                        "type": "rich_text_section",
                        "elements": [
                            {
                                "type": "text",
                                "text": "So I just got downtown and wanted to give you a little update. 3rd Avenue, where the office is, is apparently on the route because you can't park there. Also, parking ramps and parking lots that are on the route are closed as well. "
                            },
                            {
                                "type": "emoji",
                                "name": "disappointed",
                                "unicode": "1f61e"
                            },
                            {
                                "type": "text",
                                "text": " However, streets to the south of 3rd Avenue have parking available. I was able to get a parking space on 2nd Street just barely south of 3rd Avenue and I'm only about a block from the office. Hope that helps. See you soon!"
                            }
                        ]
                    }
                ]
            }
        ],
        "team": "T042E1514F3",
        "user_team": "T042E1514F3",
        "source_team": "T042E1514F3",
        "user_profile": {
            "avatar_hash": "g6730f37144b",
            "image_72": "https:\/\/secure.gravatar.com\/avatar\/6730f37144bd6ae505b97012a7f22a66.jpg?s=72&d=https%3A%2F%2Fa.slack-edge.com%2Fdf10d%2Fimg%2Favatars%2Fava_0006-72.png",
            "first_name": "chris",
            "real_name": "chris",
            "display_name": "",
            "team": "T042E1514F3",
            "name": "chris",
            "is_restricted": false,
            "is_ultra_restricted": false
        }
    },
    {
        "client_msg_id": "EFDF3EA0-DEF3-4CFD-A5B2-3B7D2E077403",
        "type": "message",
        "text": "I will be there, just lateish ",
        "user": "U042R51RY2C",
        "ts": "1678550033.356359",
        "blocks": [
            {
                "type": "rich_text",
                "block_id": "QCXy",
                "elements": [
                    {
                        "type": "rich_text_section",
                        "elements": [
                            {
                                "type": "text",
                                "text": "I will be there, just lateish "
                            }
                        ]
                    }
                ]
            }
        ],
        "team": "T042E1514F3",
        "user_team": "T042E1514F3",
        "source_team": "T042E1514F3",
        "user_profile": {
            "avatar_hash": "g24c32288d4d",
            "image_72": "https:\/\/secure.gravatar.com\/avatar\/24c32288d4dbbf5694cc5c9609ec1853.jpg?s=72&d=https%3A%2F%2Fa.slack-edge.com%2Fdf10d%2Fimg%2Favatars%2Fava_0017-72.png",
            "first_name": "Tristan",
            "real_name": "Tristan Ribble",
            "display_name": "",
            "team": "T042E1514F3",
            "name": "tmribble07",
            "is_restricted": false,
            "is_ultra_restricted": false
        }
    },
    {
        "client_msg_id": "df66e95f-eb73-419c-ac50-5c049205abeb",
        "type": "message",
        "text": "Okay",
        "user": "U042R3B76SC",
        "ts": "1678550498.290999",
        "blocks": [
            {
                "type": "rich_text",
                "block_id": "Wmva",
                "elements": [
                    {
                        "type": "rich_text_section",
                        "elements": [
                            {
                                "type": "text",
                                "text": "Okay"
                            }
                        ]
                    }
                ]
            }
        ],
        "team": "T042E1514F3",
        "user_team": "T042E1514F3",
        "source_team": "T042E1514F3",
        "user_profile": {
            "avatar_hash": "g6730f37144b",
            "image_72": "https:\/\/secure.gravatar.com\/avatar\/6730f37144bd6ae505b97012a7f22a66.jpg?s=72&d=https%3A%2F%2Fa.slack-edge.com%2Fdf10d%2Fimg%2Favatars%2Fava_0006-72.png",
            "first_name": "chris",
            "real_name": "chris",
            "display_name": "",
            "team": "T042E1514F3",
            "name": "chris",
            "is_restricted": false,
            "is_ultra_restricted": false
        }
    },
    {
        "client_msg_id": "e3588172-683b-4009-81aa-d2a8e024e9f6",
        "type": "message",
        "text": "How late, do you think?",
        "user": "U042R3B76SC",
        "ts": "1678550520.624779",
        "blocks": [
            {
                "type": "rich_text",
                "block_id": "7rV",
                "elements": [
                    {
                        "type": "rich_text_section",
                        "elements": [
                            {
                                "type": "text",
                                "text": "How late, do you think?"
                            }
                        ]
                    }
                ]
            }
        ],
        "team": "T042E1514F3",
        "user_team": "T042E1514F3",
        "source_team": "T042E1514F3",
        "user_profile": {
            "avatar_hash": "g6730f37144b",
            "image_72": "https:\/\/secure.gravatar.com\/avatar\/6730f37144bd6ae505b97012a7f22a66.jpg?s=72&d=https%3A%2F%2Fa.slack-edge.com%2Fdf10d%2Fimg%2Favatars%2Fava_0006-72.png",
            "first_name": "chris",
            "real_name": "chris",
            "display_name": "",
            "team": "T042E1514F3",
            "name": "chris",
            "is_restricted": false,
            "is_ultra_restricted": false
        }
    },
    {
        "client_msg_id": "3BDB43B9-14D2-425C-9EDA-F491C4353405",
        "type": "message",
        "text": "I am 3 minutes away, you can start without me, I will just join",
        "user": "U042R51RY2C",
        "ts": "1678550552.161139",
        "blocks": [
            {
                "type": "rich_text",
                "block_id": "oiW4Q",
                "elements": [
                    {
                        "type": "rich_text_section",
                        "elements": [
                            {
                                "type": "text",
                                "text": "I am 3 minutes away, you can start without me, I will just join"
                            }
                        ]
                    }
                ]
            }
        ],
        "team": "T042E1514F3",
        "user_team": "T042E1514F3",
        "source_team": "T042E1514F3",
        "user_profile": {
            "avatar_hash": "g24c32288d4d",
            "image_72": "https:\/\/secure.gravatar.com\/avatar\/24c32288d4dbbf5694cc5c9609ec1853.jpg?s=72&d=https%3A%2F%2Fa.slack-edge.com%2Fdf10d%2Fimg%2Favatars%2Fava_0017-72.png",
            "first_name": "Tristan",
            "real_name": "Tristan Ribble",
            "display_name": "",
            "team": "T042E1514F3",
            "name": "tmribble07",
            "is_restricted": false,
            "is_ultra_restricted": false
        }
    },
    {
        "type": "message",
        "text": "Here is the documentation from the 2015 teams. This includes all of the documentation from both teams:\n\n• The Green Team Documentation tells the Green Team (end users) how to use your servers.\n• The White Team Documentation (which Team 11 calls Network Documentation) is the technical documentation.\n• The Intrusion Reports could be submitted periodically during the April 2016 CDC. They allowed each team to report on what actions they had detected from attackers, whether those attacks had been successful, whether the team had made any changes in response to the attacks, and so forth.",
        "files": [
            {
                "id": "F04TB4C7A14",
                "created": 1678576752,
                "timestamp": 1678576752,
                "name": "Team11.zip",
                "title": "Team11.zip",
                "mimetype": "application\/zip",
                "filetype": "zip",
                "pretty_type": "Zip",
                "user": "U042R3B76SC",
                "user_team": "T042E1514F3",
                "editable": false,
                "size": 2127169,
                "mode": "hosted",
                "is_external": false,
                "external_type": "",
                "is_public": true,
                "public_url_shared": false,
                "display_as_bot": false,
                "username": "",
                "url_private": "https:\/\/files.slack.com\/files-pri\/T042E1514F3-F04TB4C7A14\/team11.zip?t=xoxe-4082039038513-5909763746612-5907217023875-336a8277661c30aa211f6bb0466e7c24",
                "url_private_download": "https:\/\/files.slack.com\/files-pri\/T042E1514F3-F04TB4C7A14\/download\/team11.zip?t=xoxe-4082039038513-5909763746612-5907217023875-336a8277661c30aa211f6bb0466e7c24",
                "media_display_type": "unknown",
                "permalink": "https:\/\/cyberdefense2022-2023.slack.com\/files\/U042R3B76SC\/F04TB4C7A14\/team11.zip",
                "permalink_public": "https:\/\/slack-files.com\/T042E1514F3-F04TB4C7A14-891abd97b0",
                "is_starred": false,
                "has_rich_preview": false,
                "file_access": "visible"
            },
            {
                "id": "F04TWB1ERPT",
                "created": 1678576763,
                "timestamp": 1678576763,
                "name": "Team12.zip",
                "title": "Team12.zip",
                "mimetype": "application\/zip",
                "filetype": "zip",
                "pretty_type": "Zip",
                "user": "U042R3B76SC",
                "user_team": "T042E1514F3",
                "editable": false,
                "size": 1360252,
                "mode": "hosted",
                "is_external": false,
                "external_type": "",
                "is_public": true,
                "public_url_shared": false,
                "display_as_bot": false,
                "username": "",
                "url_private": "https:\/\/files.slack.com\/files-pri\/T042E1514F3-F04TWB1ERPT\/team12.zip?t=xoxe-4082039038513-5909763746612-5907217023875-336a8277661c30aa211f6bb0466e7c24",
                "url_private_download": "https:\/\/files.slack.com\/files-pri\/T042E1514F3-F04TWB1ERPT\/download\/team12.zip?t=xoxe-4082039038513-5909763746612-5907217023875-336a8277661c30aa211f6bb0466e7c24",
                "media_display_type": "unknown",
                "permalink": "https:\/\/cyberdefense2022-2023.slack.com\/files\/U042R3B76SC\/F04TWB1ERPT\/team12.zip",
                "permalink_public": "https:\/\/slack-files.com\/T042E1514F3-F04TWB1ERPT-47c1ef2379",
                "is_starred": false,
                "has_rich_preview": false,
                "file_access": "visible"
            }
        ],
        "upload": false,
        "user": "U042R3B76SC",
        "ts": "1678576768.249699",
        "blocks": [
            {
                "type": "rich_text",
                "block_id": "zj6",
                "elements": [
                    {
                        "type": "rich_text_section",
                        "elements": [
                            {
                                "type": "text",
                                "text": "Here is the documentation from the 2015 teams. This includes all of the documentation from both teams:\n\n"
                            }
                        ]
                    },
                    {
                        "type": "rich_text_list",
                        "elements": [
                            {
                                "type": "rich_text_section",
                                "elements": [
                                    {
                                        "type": "text",
                                        "text": "The Green Team Documentation tells the Green Team (end users) how to use your servers."
                                    }
                                ]
                            },
                            {
                                "type": "rich_text_section",
                                "elements": [
                                    {
                                        "type": "text",
                                        "text": "The White Team Documentation (which Team 11 calls Network Documentation) is the technical documentation."
                                    }
                                ]
                            },
                            {
                                "type": "rich_text_section",
                                "elements": [
                                    {
                                        "type": "text",
                                        "text": "The Intrusion Reports could be submitted periodically during the April 2016 CDC. They allowed each team to report on what actions they had detected from attackers, whether those attacks had been successful, whether the team had made any changes in response to the attacks, and so forth."
                                    }
                                ]
                            }
                        ],
                        "style": "bullet",
                        "indent": 0,
                        "border": 0
                    }
                ]
            }
        ],
        "client_msg_id": "db078413-ec39-4373-abf3-435b06cf00d3"
    }
]