[
    {
        "client_msg_id": "aba4e2b5-2996-48d8-bb7a-e4dc806d6da8",
        "type": "message",
        "text": "Anna, when are you available to finish work on the Gitlab server?\n\nAs for the team in general, I don't know when people are available today. Can everybody let me know what time you're available?\n\nWe know that ISU will be shutting down ISEAGE\/VCenter at some point also, but they haven't told me when, so we'll just do what we can until that happens. There should also be time to work on things from whenever you arrive Saturday AM until the competition \"attack phase\" begins.",
        "user": "U042R3B76SC",
        "ts": "1682063456.781249",
        "blocks": [
            {
                "type": "rich_text",
                "block_id": "LoS=A",
                "elements": [
                    {
                        "type": "rich_text_section",
                        "elements": [
                            {
                                "type": "text",
                                "text": "Anna, when are you available to finish work on the Gitlab server?\n\nAs for the team in general, I don't know when people are available today. Can everybody let me know what time you're available?\n\nWe know that ISU will be shutting down ISEAGE\/VCenter at some point also, but they haven't told me when, so we'll just do what we can until that happens. There should also be time to work on things from whenever you arrive Saturday AM until the competition \"attack phase\" begins."
                            }
                        ]
                    }
                ]
            }
        ],
        "team": "T042E1514F3",
        "user_team": "T042E1514F3",
        "source_team": "T042E1514F3",
        "user_profile": {
            "avatar_hash": "g6730f37144b",
            "image_72": "https:\/\/secure.gravatar.com\/avatar\/6730f37144bd6ae505b97012a7f22a66.jpg?s=72&d=https%3A%2F%2Fa.slack-edge.com%2Fdf10d%2Fimg%2Favatars%2Fava_0006-72.png",
            "first_name": "chris",
            "real_name": "chris",
            "display_name": "",
            "team": "T042E1514F3",
            "name": "chris",
            "is_restricted": false,
            "is_ultra_restricted": false
        }
    },
    {
        "client_msg_id": "C8270BA1-A2BD-429E-ADCC-A7801EBC5B15",
        "type": "message",
        "text": "What time do I have to be there tomorrow?",
        "user": "U042R51RY2C",
        "ts": "1682087311.694039",
        "blocks": [
            {
                "type": "rich_text",
                "block_id": "phs3",
                "elements": [
                    {
                        "type": "rich_text_section",
                        "elements": [
                            {
                                "type": "text",
                                "text": "What time do I have to be there tomorrow?"
                            }
                        ]
                    }
                ]
            }
        ],
        "team": "T042E1514F3",
        "user_team": "T042E1514F3",
        "source_team": "T042E1514F3",
        "user_profile": {
            "avatar_hash": "g24c32288d4d",
            "image_72": "https:\/\/secure.gravatar.com\/avatar\/24c32288d4dbbf5694cc5c9609ec1853.jpg?s=72&d=https%3A%2F%2Fa.slack-edge.com%2Fdf10d%2Fimg%2Favatars%2Fava_0017-72.png",
            "first_name": "Tristan",
            "real_name": "Tristan Ribble",
            "display_name": "",
            "team": "T042E1514F3",
            "name": "tmribble07",
            "is_restricted": false,
            "is_ultra_restricted": false
        },
        "thread_ts": "1682087311.694039",
        "reply_count": 1,
        "reply_users_count": 1,
        "latest_reply": "1682093644.081089",
        "reply_users": [
            "U041LSQC38X"
        ],
        "replies": [
            {
                "user": "U041LSQC38X",
                "ts": "1682093644.081089"
            }
        ],
        "is_locked": false,
        "subscribed": false
    },
    {
        "client_msg_id": "ab4a6a43-48bd-4561-8197-d27190dbb059",
        "type": "message",
        "text": "I am available about 12:30 - 3:00.",
        "user": "U042U2F450R",
        "ts": "1682093572.660279",
        "blocks": [
            {
                "type": "rich_text",
                "block_id": "OB2cK",
                "elements": [
                    {
                        "type": "rich_text_section",
                        "elements": [
                            {
                                "type": "text",
                                "text": "I am available about 12:30 - 3:00."
                            }
                        ]
                    }
                ]
            }
        ],
        "team": "T042E1514F3",
        "user_team": "T042E1514F3",
        "source_team": "T042E1514F3",
        "user_profile": {
            "avatar_hash": "gff8e94624db",
            "image_72": "https:\/\/secure.gravatar.com\/avatar\/ff8e94624db08a84843122675f06ea92.jpg?s=72&d=https%3A%2F%2Fa.slack-edge.com%2Fdf10d%2Fimg%2Favatars%2Fava_0004-72.png",
            "first_name": "Anna",
            "real_name": "Anna",
            "display_name": "Anna",
            "team": "T042E1514F3",
            "name": "annam45",
            "is_restricted": false,
            "is_ultra_restricted": false
        },
        "edited": {
            "user": "U042U2F450R",
            "ts": "1682093600.000000"
        }
    },
    {
        "client_msg_id": "f3b15adb-d140-44b3-9ed2-1d667ba2fc52",
        "type": "message",
        "text": "6:30 am ish",
        "user": "U041LSQC38X",
        "ts": "1682093644.081089",
        "blocks": [
            {
                "type": "rich_text",
                "block_id": "0sQ",
                "elements": [
                    {
                        "type": "rich_text_section",
                        "elements": [
                            {
                                "type": "text",
                                "text": "6:30 am ish"
                            }
                        ]
                    }
                ]
            }
        ],
        "team": "T042E1514F3",
        "user_team": "T042E1514F3",
        "source_team": "T042E1514F3",
        "user_profile": {
            "avatar_hash": "g60b962e7353",
            "image_72": "https:\/\/secure.gravatar.com\/avatar\/60b962e73536af1009870d33a2ba0516.jpg?s=72&d=https%3A%2F%2Fa.slack-edge.com%2Fdf10d%2Fimg%2Favatars%2Fava_0012-72.png",
            "first_name": "Michael",
            "real_name": "Michael Tice",
            "display_name": "Michael Tice",
            "team": "T042E1514F3",
            "name": "michael.tice",
            "is_restricted": false,
            "is_ultra_restricted": false
        },
        "thread_ts": "1682087311.694039",
        "parent_user_id": "U042R51RY2C"
    },
    {
        "client_msg_id": "1226b04d-f24b-4969-84f7-dc62260ae8aa",
        "type": "message",
        "text": "<@U042U2F450R> I can meet anytime today for documentation, just tell me when.",
        "user": "U041LSQC38X",
        "ts": "1682093700.881089",
        "blocks": [
            {
                "type": "rich_text",
                "block_id": "7=K0Y",
                "elements": [
                    {
                        "type": "rich_text_section",
                        "elements": [
                            {
                                "type": "user",
                                "user_id": "U042U2F450R"
                            },
                            {
                                "type": "text",
                                "text": " I can meet anytime today for documentation, just tell me when."
                            }
                        ]
                    }
                ]
            }
        ],
        "team": "T042E1514F3",
        "user_team": "T042E1514F3",
        "source_team": "T042E1514F3",
        "user_profile": {
            "avatar_hash": "g60b962e7353",
            "image_72": "https:\/\/secure.gravatar.com\/avatar\/60b962e73536af1009870d33a2ba0516.jpg?s=72&d=https%3A%2F%2Fa.slack-edge.com%2Fdf10d%2Fimg%2Favatars%2Fava_0012-72.png",
            "first_name": "Michael",
            "real_name": "Michael Tice",
            "display_name": "Michael Tice",
            "team": "T042E1514F3",
            "name": "michael.tice",
            "is_restricted": false,
            "is_ultra_restricted": false
        }
    },
    {
        "client_msg_id": "8aba5879-ef43-4892-abb4-88c06081ad33",
        "type": "message",
        "text": "Chris, would there be enough time to work on both the server and the documentation?",
        "user": "U042U2F450R",
        "ts": "1682093827.206179",
        "blocks": [
            {
                "type": "rich_text",
                "block_id": "GHxk",
                "elements": [
                    {
                        "type": "rich_text_section",
                        "elements": [
                            {
                                "type": "text",
                                "text": "Chris, would there be enough time to work on both the server and the documentation?"
                            }
                        ]
                    }
                ]
            }
        ],
        "team": "T042E1514F3",
        "user_team": "T042E1514F3",
        "source_team": "T042E1514F3",
        "user_profile": {
            "avatar_hash": "gff8e94624db",
            "image_72": "https:\/\/secure.gravatar.com\/avatar\/ff8e94624db08a84843122675f06ea92.jpg?s=72&d=https%3A%2F%2Fa.slack-edge.com%2Fdf10d%2Fimg%2Favatars%2Fava_0004-72.png",
            "first_name": "Anna",
            "real_name": "Anna",
            "display_name": "Anna",
            "team": "T042E1514F3",
            "name": "annam45",
            "is_restricted": false,
            "is_ultra_restricted": false
        }
    },
    {
        "client_msg_id": "38d06390-e7ec-40bc-b0a7-deabf27f82fc",
        "type": "message",
        "text": "I think we should arrive as early as we can. I plan to be there at 7. The Petersons forwarded some information to all of us from ISU back on April 13:\n\n&gt; We are excited to have you for our IT-Showcase on Saturday, April 22nd! The schedule for the day is posted on our website: <https:\/\/www.cyio.iastate.edu\/it-showcase-2023\/> as well as more information about the challenges. You can arrive anytime between 6:30-8:00am to get set up. Showcase will start at 9:00am. We will be making pancakes for breakfast, however they are not allergy friendly so students with allergies may want to bring their own snacks and lunch. Lunch will be at noon and we will be having pizza from Papa Johns. There will be vegetarian options available as well as a few gluten friendly pizzas. The showcase will end at 4:00pm and you may leave then or stay for the Cyber Defense Competition Debrief until 5:00pm.\nI don't see any specific time for when the attack phase begins, so I assume it starts at either 8:00 or 9:00, base on those being \"special\" times that are called out in the info from Iowa State.",
        "user": "U042R3B76SC",
        "ts": "1682093965.493369",
        "blocks": [
            {
                "type": "rich_text",
                "block_id": "ybT",
                "elements": [
                    {
                        "type": "rich_text_section",
                        "elements": [
                            {
                                "type": "text",
                                "text": "I think we should arrive as early as we can. I plan to be there at 7. The Petersons forwarded some information to all of us from ISU back on April 13:\n\n"
                            }
                        ]
                    },
                    {
                        "type": "rich_text_quote",
                        "elements": [
                            {
                                "type": "text",
                                "text": "We are excited to have you for our IT-Showcase on Saturday, April 22nd! The schedule for the day is posted on our website: "
                            },
                            {
                                "type": "link",
                                "url": "https:\/\/www.cyio.iastate.edu\/it-showcase-2023\/"
                            },
                            {
                                "type": "text",
                                "text": " as well as more information about the challenges. You can arrive anytime between 6:30-8:00am to get set up. Showcase will start at 9:00am. We will be making pancakes for breakfast, however they are not allergy friendly so students with allergies may want to bring their own snacks and lunch. Lunch will be at noon and we will be having pizza from Papa Johns. There will be vegetarian options available as well as a few gluten friendly pizzas. The showcase will end at 4:00pm and you may leave then or stay for the Cyber Defense Competition Debrief until 5:00pm."
                            }
                        ]
                    },
                    {
                        "type": "rich_text_section",
                        "elements": [
                            {
                                "type": "text",
                                "text": "\nI don't see any specific time for when the attack phase begins, so I assume it starts at either 8:00 or 9:00, base on those being \"special\" times that are called out in the info from Iowa State."
                            }
                        ]
                    }
                ]
            }
        ],
        "team": "T042E1514F3",
        "user_team": "T042E1514F3",
        "source_team": "T042E1514F3",
        "user_profile": {
            "avatar_hash": "g6730f37144b",
            "image_72": "https:\/\/secure.gravatar.com\/avatar\/6730f37144bd6ae505b97012a7f22a66.jpg?s=72&d=https%3A%2F%2Fa.slack-edge.com%2Fdf10d%2Fimg%2Favatars%2Fava_0006-72.png",
            "first_name": "chris",
            "real_name": "chris",
            "display_name": "",
            "team": "T042E1514F3",
            "name": "chris",
            "is_restricted": false,
            "is_ultra_restricted": false
        }
    },
    {
        "client_msg_id": "a3151eba-3dac-49d2-9090-079762789204",
        "type": "message",
        "text": "<@U042U2F450R>. 12:30 sounds good.",
        "user": "U042R3B76SC",
        "ts": "1682093978.345459",
        "blocks": [
            {
                "type": "rich_text",
                "block_id": "SRKpm",
                "elements": [
                    {
                        "type": "rich_text_section",
                        "elements": [
                            {
                                "type": "user",
                                "user_id": "U042U2F450R"
                            },
                            {
                                "type": "text",
                                "text": ". 12:30 sounds good."
                            }
                        ]
                    }
                ]
            }
        ],
        "team": "T042E1514F3",
        "user_team": "T042E1514F3",
        "source_team": "T042E1514F3",
        "user_profile": {
            "avatar_hash": "g6730f37144b",
            "image_72": "https:\/\/secure.gravatar.com\/avatar\/6730f37144bd6ae505b97012a7f22a66.jpg?s=72&d=https%3A%2F%2Fa.slack-edge.com%2Fdf10d%2Fimg%2Favatars%2Fava_0006-72.png",
            "first_name": "chris",
            "real_name": "chris",
            "display_name": "",
            "team": "T042E1514F3",
            "name": "chris",
            "is_restricted": false,
            "is_ultra_restricted": false
        }
    },
    {
        "client_msg_id": "4c3fede6-0978-4f10-9f22-0bc035a2bd29",
        "type": "message",
        "text": "<@U042U2F450R>, part two! The answer is always \"It depends.\" In this case, whether there is enough time to do both depends on how fast you work, but there probably isn't enough time to even get all of the documentation done, tbh.\n\nIf you want, you could choose one or the other. work with Michael on the documentation and I could finish up the server. There isn't much left to do on it if I remember correctly. Working on the documentation might get us more points, and you'd get a look at a different part of the competition. I'd probably recommend that.\n\nThe counter-argument is that you might want to \"finish what you started,\" but I can probably finish out the server more quickly. At this point, I want to focus on helping the team show up in relatively good shape at the starting line technically. You'll still have plenty of challenges during the day tomorrow but it's better learning if you have a better starting point. Next year, you'll be able to do more of what I'm doing, do it faster than you can this year, and hopefully have more than 10 or 11 days to do it.\n\nHowever, it's your team, so I will defer to you and\/or <@U041LSQC38X>. Does my suggestion make sense to you?",
        "user": "U042R3B76SC",
        "ts": "1682094423.872829",
        "blocks": [
            {
                "type": "rich_text",
                "block_id": "=O0",
                "elements": [
                    {
                        "type": "rich_text_section",
                        "elements": [
                            {
                                "type": "user",
                                "user_id": "U042U2F450R"
                            },
                            {
                                "type": "text",
                                "text": ", part two! The answer is always \"It depends.\" In this case, whether there is enough time to do both depends on how fast you work, but there probably isn't enough time to even get all of the documentation done, tbh.\n\nIf you want, you could choose one or the other. work with Michael on the documentation and I could finish up the server. There isn't much left to do on it if I remember correctly. Working on the documentation might get us more points, and you'd get a look at a different part of the competition. I'd probably recommend that.\n\nThe counter-argument is that you might want to \"finish what you started,\" but I can probably finish out the server more quickly. At this point, I want to focus on helping the team show up in relatively good shape at the starting line technically. You'll still have plenty of challenges during the day tomorrow but it's better learning if you have a better starting point. Next year, you'll be able to do more of what I'm doing, do it faster than you can this year, and hopefully have more than 10 or 11 days to do it.\n\nHowever, it's your team, so I will defer to you and\/or "
                            },
                            {
                                "type": "user",
                                "user_id": "U041LSQC38X"
                            },
                            {
                                "type": "text",
                                "text": ". Does my suggestion make sense to you?"
                            }
                        ]
                    }
                ]
            }
        ],
        "team": "T042E1514F3",
        "user_team": "T042E1514F3",
        "source_team": "T042E1514F3",
        "user_profile": {
            "avatar_hash": "g6730f37144b",
            "image_72": "https:\/\/secure.gravatar.com\/avatar\/6730f37144bd6ae505b97012a7f22a66.jpg?s=72&d=https%3A%2F%2Fa.slack-edge.com%2Fdf10d%2Fimg%2Favatars%2Fava_0006-72.png",
            "first_name": "chris",
            "real_name": "chris",
            "display_name": "",
            "team": "T042E1514F3",
            "name": "chris",
            "is_restricted": false,
            "is_ultra_restricted": false
        }
    },
    {
        "client_msg_id": "11fa3c88-f3c9-4ffe-9e00-d62c66686da0",
        "type": "message",
        "text": "I guess so.  Whenever you want to meet is fine with me <@U042U2F450R>",
        "user": "U041LSQC38X",
        "ts": "1682094565.501389",
        "blocks": [
            {
                "type": "rich_text",
                "block_id": "s7=3M",
                "elements": [
                    {
                        "type": "rich_text_section",
                        "elements": [
                            {
                                "type": "text",
                                "text": "I guess so.  Whenever you want to meet is fine with me "
                            },
                            {
                                "type": "user",
                                "user_id": "U042U2F450R"
                            }
                        ]
                    }
                ]
            }
        ],
        "team": "T042E1514F3",
        "user_team": "T042E1514F3",
        "source_team": "T042E1514F3",
        "user_profile": {
            "avatar_hash": "g60b962e7353",
            "image_72": "https:\/\/secure.gravatar.com\/avatar\/60b962e73536af1009870d33a2ba0516.jpg?s=72&d=https%3A%2F%2Fa.slack-edge.com%2Fdf10d%2Fimg%2Favatars%2Fava_0012-72.png",
            "first_name": "Michael",
            "real_name": "Michael Tice",
            "display_name": "Michael Tice",
            "team": "T042E1514F3",
            "name": "michael.tice",
            "is_restricted": false,
            "is_ultra_restricted": false
        }
    },
    {
        "client_msg_id": "eae0cc6b-40be-4ca8-9f1c-d97c82a6f33a",
        "type": "message",
        "text": "It seems like doing the documentation would be a better idea, although I would like to work on the server.",
        "user": "U042U2F450R",
        "ts": "1682094634.375299",
        "blocks": [
            {
                "type": "rich_text",
                "block_id": "Zxp",
                "elements": [
                    {
                        "type": "rich_text_section",
                        "elements": [
                            {
                                "type": "text",
                                "text": "It seems like doing the documentation would be a better idea, although I would like to work on the server."
                            }
                        ]
                    }
                ]
            }
        ],
        "team": "T042E1514F3",
        "user_team": "T042E1514F3",
        "source_team": "T042E1514F3",
        "user_profile": {
            "avatar_hash": "gff8e94624db",
            "image_72": "https:\/\/secure.gravatar.com\/avatar\/ff8e94624db08a84843122675f06ea92.jpg?s=72&d=https%3A%2F%2Fa.slack-edge.com%2Fdf10d%2Fimg%2Favatars%2Fava_0004-72.png",
            "first_name": "Anna",
            "real_name": "Anna",
            "display_name": "Anna",
            "team": "T042E1514F3",
            "name": "annam45",
            "is_restricted": false,
            "is_ultra_restricted": false
        }
    },
    {
        "client_msg_id": "f0870053-a59c-4772-aeba-316b507c8d8b",
        "type": "message",
        "text": "&gt; I guess so.\nSay yes or no without fear. Sounds like you might be holding back. I can stop if you want.",
        "user": "U042R3B76SC",
        "ts": "1682094639.257359",
        "blocks": [
            {
                "type": "rich_text",
                "block_id": "sPr7q",
                "elements": [
                    {
                        "type": "rich_text_quote",
                        "elements": [
                            {
                                "type": "text",
                                "text": "I guess so."
                            }
                        ]
                    },
                    {
                        "type": "rich_text_section",
                        "elements": [
                            {
                                "type": "text",
                                "text": "Say yes or no without fear. Sounds like you might be holding back. I can stop if you want."
                            }
                        ]
                    }
                ]
            }
        ],
        "team": "T042E1514F3",
        "user_team": "T042E1514F3",
        "source_team": "T042E1514F3",
        "user_profile": {
            "avatar_hash": "g6730f37144b",
            "image_72": "https:\/\/secure.gravatar.com\/avatar\/6730f37144bd6ae505b97012a7f22a66.jpg?s=72&d=https%3A%2F%2Fa.slack-edge.com%2Fdf10d%2Fimg%2Favatars%2Fava_0006-72.png",
            "first_name": "chris",
            "real_name": "chris",
            "display_name": "",
            "team": "T042E1514F3",
            "name": "chris",
            "is_restricted": false,
            "is_ultra_restricted": false
        }
    },
    {
        "client_msg_id": "ac8535ac-0398-4fd4-8f9c-2aad83c2a797",
        "type": "message",
        "text": "Sorry, I just never have my responses be 100% in one direction.",
        "user": "U041LSQC38X",
        "ts": "1682094698.158419",
        "blocks": [
            {
                "type": "rich_text",
                "block_id": "JuI",
                "elements": [
                    {
                        "type": "rich_text_section",
                        "elements": [
                            {
                                "type": "text",
                                "text": "Sorry, I just never have my responses be 100% in one direction."
                            }
                        ]
                    }
                ]
            }
        ],
        "team": "T042E1514F3",
        "user_team": "T042E1514F3",
        "source_team": "T042E1514F3",
        "user_profile": {
            "avatar_hash": "g60b962e7353",
            "image_72": "https:\/\/secure.gravatar.com\/avatar\/60b962e73536af1009870d33a2ba0516.jpg?s=72&d=https%3A%2F%2Fa.slack-edge.com%2Fdf10d%2Fimg%2Favatars%2Fava_0012-72.png",
            "first_name": "Michael",
            "real_name": "Michael Tice",
            "display_name": "Michael Tice",
            "team": "T042E1514F3",
            "name": "michael.tice",
            "is_restricted": false,
            "is_ultra_restricted": false
        }
    },
    {
        "client_msg_id": "a91d922c-6849-49e8-853f-7f77895f1f56",
        "type": "message",
        "text": "Thanks. That is, ironically, 100% clear.",
        "user": "U042R3B76SC",
        "ts": "1682094722.373019",
        "blocks": [
            {
                "type": "rich_text",
                "block_id": "Lo0",
                "elements": [
                    {
                        "type": "rich_text_section",
                        "elements": [
                            {
                                "type": "text",
                                "text": "Thanks. That is, ironically, 100% clear."
                            }
                        ]
                    }
                ]
            }
        ],
        "team": "T042E1514F3",
        "user_team": "T042E1514F3",
        "source_team": "T042E1514F3",
        "user_profile": {
            "avatar_hash": "g6730f37144b",
            "image_72": "https:\/\/secure.gravatar.com\/avatar\/6730f37144bd6ae505b97012a7f22a66.jpg?s=72&d=https%3A%2F%2Fa.slack-edge.com%2Fdf10d%2Fimg%2Favatars%2Fava_0006-72.png",
            "first_name": "chris",
            "real_name": "chris",
            "display_name": "",
            "team": "T042E1514F3",
            "name": "chris",
            "is_restricted": false,
            "is_ultra_restricted": false
        }
    },
    {
        "client_msg_id": "ef20eefb-096a-4c72-856d-85e7b9ac3eac",
        "type": "message",
        "text": "All I've really done so far is fix a bunch of networking stuff and get the web server happier. I think I will also change the permissions on some of the web server files, in particular the config files, which are currently read-write. :slightly_smiling_face:",
        "user": "U042R3B76SC",
        "ts": "1682094796.293219",
        "blocks": [
            {
                "type": "rich_text",
                "block_id": "o6Ne0",
                "elements": [
                    {
                        "type": "rich_text_section",
                        "elements": [
                            {
                                "type": "text",
                                "text": "All I've really done so far is fix a bunch of networking stuff and get the web server happier. I think I will also change the permissions on some of the web server files, in particular the config files, which are currently read-write. "
                            },
                            {
                                "type": "emoji",
                                "name": "slightly_smiling_face",
                                "unicode": "1f642"
                            }
                        ]
                    }
                ]
            }
        ],
        "team": "T042E1514F3",
        "user_team": "T042E1514F3",
        "source_team": "T042E1514F3",
        "user_profile": {
            "avatar_hash": "g6730f37144b",
            "image_72": "https:\/\/secure.gravatar.com\/avatar\/6730f37144bd6ae505b97012a7f22a66.jpg?s=72&d=https%3A%2F%2Fa.slack-edge.com%2Fdf10d%2Fimg%2Favatars%2Fava_0006-72.png",
            "first_name": "chris",
            "real_name": "chris",
            "display_name": "",
            "team": "T042E1514F3",
            "name": "chris",
            "is_restricted": false,
            "is_ultra_restricted": false
        }
    },
    {
        "client_msg_id": "b62aebba-4277-4a68-b623-6ef360c44aef",
        "type": "message",
        "text": "On the gitlab server, they want some repositories created, and maybe some users added. Since gitlab is open-source, we can actually do this later, even if we don't have access to the competition images.",
        "user": "U042R3B76SC",
        "ts": "1682094851.099459",
        "blocks": [
            {
                "type": "rich_text",
                "block_id": "HVd",
                "elements": [
                    {
                        "type": "rich_text_section",
                        "elements": [
                            {
                                "type": "text",
                                "text": "On the gitlab server, they want some repositories created, and maybe some users added. Since gitlab is open-source, we can actually do this later, even if we don't have access to the competition images."
                            }
                        ]
                    }
                ]
            }
        ],
        "team": "T042E1514F3",
        "user_team": "T042E1514F3",
        "source_team": "T042E1514F3",
        "user_profile": {
            "avatar_hash": "g6730f37144b",
            "image_72": "https:\/\/secure.gravatar.com\/avatar\/6730f37144bd6ae505b97012a7f22a66.jpg?s=72&d=https%3A%2F%2Fa.slack-edge.com%2Fdf10d%2Fimg%2Favatars%2Fava_0006-72.png",
            "first_name": "chris",
            "real_name": "chris",
            "display_name": "",
            "team": "T042E1514F3",
            "name": "chris",
            "is_restricted": false,
            "is_ultra_restricted": false
        }
    },
    {
        "client_msg_id": "e8fff22a-5e91-47d9-80ca-e5c594733822",
        "type": "message",
        "text": "I need to go, I'll be back at 12:30.",
        "user": "U042U2F450R",
        "ts": "1682094875.575739",
        "blocks": [
            {
                "type": "rich_text",
                "block_id": "ya5",
                "elements": [
                    {
                        "type": "rich_text_section",
                        "elements": [
                            {
                                "type": "text",
                                "text": "I need to go, I'll be back at 12:30."
                            }
                        ]
                    }
                ]
            }
        ],
        "team": "T042E1514F3",
        "user_team": "T042E1514F3",
        "source_team": "T042E1514F3",
        "user_profile": {
            "avatar_hash": "gff8e94624db",
            "image_72": "https:\/\/secure.gravatar.com\/avatar\/ff8e94624db08a84843122675f06ea92.jpg?s=72&d=https%3A%2F%2Fa.slack-edge.com%2Fdf10d%2Fimg%2Favatars%2Fava_0004-72.png",
            "first_name": "Anna",
            "real_name": "Anna",
            "display_name": "Anna",
            "team": "T042E1514F3",
            "name": "annam45",
            "is_restricted": false,
            "is_ultra_restricted": false
        }
    },
    {
        "client_msg_id": "92aea3e3-5269-44f4-a9dd-40d66ce5c9c5",
        "type": "message",
        "text": "OK",
        "user": "U042R3B76SC",
        "ts": "1682094882.421899",
        "blocks": [
            {
                "type": "rich_text",
                "block_id": "91v",
                "elements": [
                    {
                        "type": "rich_text_section",
                        "elements": [
                            {
                                "type": "text",
                                "text": "OK"
                            }
                        ]
                    }
                ]
            }
        ],
        "team": "T042E1514F3",
        "user_team": "T042E1514F3",
        "source_team": "T042E1514F3",
        "user_profile": {
            "avatar_hash": "g6730f37144b",
            "image_72": "https:\/\/secure.gravatar.com\/avatar\/6730f37144bd6ae505b97012a7f22a66.jpg?s=72&d=https%3A%2F%2Fa.slack-edge.com%2Fdf10d%2Fimg%2Favatars%2Fava_0006-72.png",
            "first_name": "chris",
            "real_name": "chris",
            "display_name": "",
            "team": "T042E1514F3",
            "name": "chris",
            "is_restricted": false,
            "is_ultra_restricted": false
        }
    },
    {
        "client_msg_id": "aa63780b-6ad3-4d9e-8020-3a6ddf97ada7",
        "type": "message",
        "text": "Btw, I still have no info from ISU on when they will shut the competition network down.",
        "user": "U042R3B76SC",
        "ts": "1682094929.292929",
        "blocks": [
            {
                "type": "rich_text",
                "block_id": "R32w",
                "elements": [
                    {
                        "type": "rich_text_section",
                        "elements": [
                            {
                                "type": "text",
                                "text": "Btw, I still have no info from ISU on when they will shut the competition network down."
                            }
                        ]
                    }
                ]
            }
        ],
        "team": "T042E1514F3",
        "user_team": "T042E1514F3",
        "source_team": "T042E1514F3",
        "user_profile": {
            "avatar_hash": "g6730f37144b",
            "image_72": "https:\/\/secure.gravatar.com\/avatar\/6730f37144bd6ae505b97012a7f22a66.jpg?s=72&d=https%3A%2F%2Fa.slack-edge.com%2Fdf10d%2Fimg%2Favatars%2Fava_0006-72.png",
            "first_name": "chris",
            "real_name": "chris",
            "display_name": "",
            "team": "T042E1514F3",
            "name": "chris",
            "is_restricted": false,
            "is_ultra_restricted": false
        }
    },
    {
        "client_msg_id": "d227569b-0dc0-40a7-8fff-b2ab00241872",
        "type": "message",
        "text": "<@U042R51RY2C>, if you are working on the Billing app, I can help you with the database setup if needed.",
        "user": "U042R3B76SC",
        "ts": "1682096243.008439",
        "blocks": [
            {
                "type": "rich_text",
                "block_id": "vfHR",
                "elements": [
                    {
                        "type": "rich_text_section",
                        "elements": [
                            {
                                "type": "user",
                                "user_id": "U042R51RY2C"
                            },
                            {
                                "type": "text",
                                "text": ", if you are working on the Billing app, I can help you with the database setup if needed."
                            }
                        ]
                    }
                ]
            }
        ],
        "team": "T042E1514F3",
        "user_team": "T042E1514F3",
        "source_team": "T042E1514F3",
        "user_profile": {
            "avatar_hash": "g6730f37144b",
            "image_72": "https:\/\/secure.gravatar.com\/avatar\/6730f37144bd6ae505b97012a7f22a66.jpg?s=72&d=https%3A%2F%2Fa.slack-edge.com%2Fdf10d%2Fimg%2Favatars%2Fava_0006-72.png",
            "first_name": "chris",
            "real_name": "chris",
            "display_name": "",
            "team": "T042E1514F3",
            "name": "chris",
            "is_restricted": false,
            "is_ultra_restricted": false
        }
    },
    {
        "client_msg_id": "d33857ec-daf6-45ff-993a-f2af130b6fdc",
        "type": "message",
        "text": "<!channel>, I can no longer ssh to any servers from the VPN. Has anybody done any firewall changes or any changes to ssh config files?",
        "user": "U042R3B76SC",
        "ts": "1682096243.233829",
        "blocks": [
            {
                "type": "rich_text",
                "block_id": "rUfm",
                "elements": [
                    {
                        "type": "rich_text_section",
                        "elements": [
                            {
                                "type": "broadcast",
                                "range": "channel"
                            },
                            {
                                "type": "text",
                                "text": ", I can no longer ssh to any servers from the VPN. Has anybody done any firewall changes or any changes to ssh config files?"
                            }
                        ]
                    }
                ]
            }
        ],
        "team": "T042E1514F3",
        "user_team": "T042E1514F3",
        "source_team": "T042E1514F3",
        "user_profile": {
            "avatar_hash": "g6730f37144b",
            "image_72": "https:\/\/secure.gravatar.com\/avatar\/6730f37144bd6ae505b97012a7f22a66.jpg?s=72&d=https%3A%2F%2Fa.slack-edge.com%2Fdf10d%2Fimg%2Favatars%2Fava_0006-72.png",
            "first_name": "chris",
            "real_name": "chris",
            "display_name": "",
            "team": "T042E1514F3",
            "name": "chris",
            "is_restricted": false,
            "is_ultra_restricted": false
        }
    },
    {
        "client_msg_id": "10d4978f-38a0-40b2-b64e-5654124c7970",
        "type": "message",
        "text": "I have some Crazy Chris idea about why some of our servers refuse to see other servers. To fix this, I need to shut down the ones that are not playing nice. These include Billing, Kali, and Game. I'm going to start with Kali.\n\n<@U042R51RY2C>, if this works, I will need to restart the Game server, and you have lots of work open there. I'll need you to either OK a shutdown\/reboot or save your work.",
        "user": "U042R3B76SC",
        "ts": "1682096877.856459",
        "blocks": [
            {
                "type": "rich_text",
                "block_id": "ifz\/8",
                "elements": [
                    {
                        "type": "rich_text_section",
                        "elements": [
                            {
                                "type": "text",
                                "text": "I have some Crazy Chris idea about why some of our servers refuse to see other servers. To fix this, I need to shut down the ones that are not playing nice. These include Billing, Kali, and Game. I'm going to start with Kali.\n\n"
                            },
                            {
                                "type": "user",
                                "user_id": "U042R51RY2C"
                            },
                            {
                                "type": "text",
                                "text": ", if this works, I will need to restart the Game server, and you have lots of work open there. I'll need you to either OK a shutdown\/reboot or save your work."
                            }
                        ]
                    }
                ]
            }
        ],
        "team": "T042E1514F3",
        "user_team": "T042E1514F3",
        "source_team": "T042E1514F3",
        "user_profile": {
            "avatar_hash": "g6730f37144b",
            "image_72": "https:\/\/secure.gravatar.com\/avatar\/6730f37144bd6ae505b97012a7f22a66.jpg?s=72&d=https%3A%2F%2Fa.slack-edge.com%2Fdf10d%2Fimg%2Favatars%2Fava_0006-72.png",
            "first_name": "chris",
            "real_name": "chris",
            "display_name": "",
            "team": "T042E1514F3",
            "name": "chris",
            "is_restricted": false,
            "is_ultra_restricted": false
        }
    },
    {
        "client_msg_id": "18700f03-35fc-4107-97fc-296285b53b31",
        "type": "message",
        "text": "Those stupid college kids.",
        "user": "U042R3B76SC",
        "ts": "1682097283.022229",
        "blocks": [
            {
                "type": "rich_text",
                "block_id": "DIA",
                "elements": [
                    {
                        "type": "rich_text_section",
                        "elements": [
                            {
                                "type": "text",
                                "text": "Those stupid college kids."
                            }
                        ]
                    }
                ]
            }
        ],
        "team": "T042E1514F3",
        "user_team": "T042E1514F3",
        "source_team": "T042E1514F3",
        "user_profile": {
            "avatar_hash": "g6730f37144b",
            "image_72": "https:\/\/secure.gravatar.com\/avatar\/6730f37144bd6ae505b97012a7f22a66.jpg?s=72&d=https%3A%2F%2Fa.slack-edge.com%2Fdf10d%2Fimg%2Favatars%2Fava_0006-72.png",
            "first_name": "chris",
            "real_name": "chris",
            "display_name": "",
            "team": "T042E1514F3",
            "name": "chris",
            "is_restricted": false,
            "is_ultra_restricted": false
        }
    },
    {
        "client_msg_id": "60cc900e-b3ea-43ee-a3cd-4c04c73cc1bb",
        "type": "message",
        "text": "I think I've found the problem. It seems to have fixed Kali. I'm going to try the same thing on the Game server now.",
        "user": "U042R3B76SC",
        "ts": "1682097312.562259",
        "blocks": [
            {
                "type": "rich_text",
                "block_id": "YqW",
                "elements": [
                    {
                        "type": "rich_text_section",
                        "elements": [
                            {
                                "type": "text",
                                "text": "I think I've found the problem. It seems to have fixed Kali. I'm going to try the same thing on the Game server now."
                            }
                        ]
                    }
                ]
            }
        ],
        "team": "T042E1514F3",
        "user_team": "T042E1514F3",
        "source_team": "T042E1514F3",
        "user_profile": {
            "avatar_hash": "g6730f37144b",
            "image_72": "https:\/\/secure.gravatar.com\/avatar\/6730f37144bd6ae505b97012a7f22a66.jpg?s=72&d=https%3A%2F%2Fa.slack-edge.com%2Fdf10d%2Fimg%2Favatars%2Fava_0006-72.png",
            "first_name": "chris",
            "real_name": "chris",
            "display_name": "",
            "team": "T042E1514F3",
            "name": "chris",
            "is_restricted": false,
            "is_ultra_restricted": false
        }
    },
    {
        "client_msg_id": "3e9859ab-154a-44e6-9231-6defb2dea669",
        "type": "message",
        "text": "I'd like to apologize for the use of the offensive term \"kids.\" I should have said, \"Those stupid college students.\" My bad.",
        "user": "U042R3B76SC",
        "ts": "1682097396.049219",
        "blocks": [
            {
                "type": "rich_text",
                "block_id": "iEmx",
                "elements": [
                    {
                        "type": "rich_text_section",
                        "elements": [
                            {
                                "type": "text",
                                "text": "I'd like to apologize for the use of the offensive term \"kids.\" I should have said, \"Those stupid college students.\" My bad."
                            }
                        ]
                    }
                ]
            }
        ],
        "team": "T042E1514F3",
        "user_team": "T042E1514F3",
        "source_team": "T042E1514F3",
        "user_profile": {
            "avatar_hash": "g6730f37144b",
            "image_72": "https:\/\/secure.gravatar.com\/avatar\/6730f37144bd6ae505b97012a7f22a66.jpg?s=72&d=https%3A%2F%2Fa.slack-edge.com%2Fdf10d%2Fimg%2Favatars%2Fava_0006-72.png",
            "first_name": "chris",
            "real_name": "chris",
            "display_name": "",
            "team": "T042E1514F3",
            "name": "chris",
            "is_restricted": false,
            "is_ultra_restricted": false
        },
        "thread_ts": "1682097396.049219",
        "reply_count": 1,
        "reply_users_count": 1,
        "latest_reply": "1682097641.733699",
        "reply_users": [
            "U042R3B76SC"
        ],
        "replies": [
            {
                "user": "U042R3B76SC",
                "ts": "1682097641.733699"
            }
        ],
        "is_locked": false,
        "subscribed": true,
        "last_read": "1682097641.733699"
    },
    {
        "client_msg_id": "5e77f626-391d-4778-90bc-4af19a6b9d6f",
        "type": "message",
        "text": "(humor)",
        "user": "U042R3B76SC",
        "ts": "1682097641.733699",
        "blocks": [
            {
                "type": "rich_text",
                "block_id": "XGr",
                "elements": [
                    {
                        "type": "rich_text_section",
                        "elements": [
                            {
                                "type": "text",
                                "text": "(humor)"
                            }
                        ]
                    }
                ]
            }
        ],
        "team": "T042E1514F3",
        "user_team": "T042E1514F3",
        "source_team": "T042E1514F3",
        "user_profile": {
            "avatar_hash": "g6730f37144b",
            "image_72": "https:\/\/secure.gravatar.com\/avatar\/6730f37144bd6ae505b97012a7f22a66.jpg?s=72&d=https%3A%2F%2Fa.slack-edge.com%2Fdf10d%2Fimg%2Favatars%2Fava_0006-72.png",
            "first_name": "chris",
            "real_name": "chris",
            "display_name": "",
            "team": "T042E1514F3",
            "name": "chris",
            "is_restricted": false,
            "is_ultra_restricted": false
        },
        "thread_ts": "1682097396.049219",
        "parent_user_id": "U042R3B76SC"
    },
    {
        "client_msg_id": "55e72b1a-68b3-450a-8147-9d95d170bde4",
        "type": "message",
        "text": "I'm back.",
        "user": "U042U2F450R",
        "ts": "1682098279.093269",
        "blocks": [
            {
                "type": "rich_text",
                "block_id": "VrBmB",
                "elements": [
                    {
                        "type": "rich_text_section",
                        "elements": [
                            {
                                "type": "text",
                                "text": "I'm back."
                            }
                        ]
                    }
                ]
            }
        ],
        "team": "T042E1514F3",
        "user_team": "T042E1514F3",
        "source_team": "T042E1514F3",
        "user_profile": {
            "avatar_hash": "gff8e94624db",
            "image_72": "https:\/\/secure.gravatar.com\/avatar\/ff8e94624db08a84843122675f06ea92.jpg?s=72&d=https%3A%2F%2Fa.slack-edge.com%2Fdf10d%2Fimg%2Favatars%2Fava_0004-72.png",
            "first_name": "Anna",
            "real_name": "Anna",
            "display_name": "Anna",
            "team": "T042E1514F3",
            "name": "annam45",
            "is_restricted": false,
            "is_ultra_restricted": false
        }
    },
    {
        "client_msg_id": "deb01b7c-b64a-4200-9fae-3e680b1e07ab",
        "type": "message",
        "text": "<@U041LSQC38X> can we meet now?",
        "user": "U042U2F450R",
        "ts": "1682098650.252369",
        "blocks": [
            {
                "type": "rich_text",
                "block_id": "NLo",
                "elements": [
                    {
                        "type": "rich_text_section",
                        "elements": [
                            {
                                "type": "user",
                                "user_id": "U041LSQC38X"
                            },
                            {
                                "type": "text",
                                "text": " can we meet now?"
                            }
                        ]
                    }
                ]
            }
        ],
        "team": "T042E1514F3",
        "user_team": "T042E1514F3",
        "source_team": "T042E1514F3",
        "user_profile": {
            "avatar_hash": "gff8e94624db",
            "image_72": "https:\/\/secure.gravatar.com\/avatar\/ff8e94624db08a84843122675f06ea92.jpg?s=72&d=https%3A%2F%2Fa.slack-edge.com%2Fdf10d%2Fimg%2Favatars%2Fava_0004-72.png",
            "first_name": "Anna",
            "real_name": "Anna",
            "display_name": "Anna",
            "team": "T042E1514F3",
            "name": "annam45",
            "is_restricted": false,
            "is_ultra_restricted": false
        }
    },
    {
        "client_msg_id": "8a6a65ec-98d9-450e-adf0-0fcf2a46a5cc",
        "type": "message",
        "text": "Sure",
        "user": "U041LSQC38X",
        "ts": "1682099611.812419",
        "blocks": [
            {
                "type": "rich_text",
                "block_id": "kxEmU",
                "elements": [
                    {
                        "type": "rich_text_section",
                        "elements": [
                            {
                                "type": "text",
                                "text": "Sure"
                            }
                        ]
                    }
                ]
            }
        ],
        "team": "T042E1514F3",
        "user_team": "T042E1514F3",
        "source_team": "T042E1514F3",
        "user_profile": {
            "avatar_hash": "g60b962e7353",
            "image_72": "https:\/\/secure.gravatar.com\/avatar\/60b962e73536af1009870d33a2ba0516.jpg?s=72&d=https%3A%2F%2Fa.slack-edge.com%2Fdf10d%2Fimg%2Favatars%2Fava_0012-72.png",
            "first_name": "Michael",
            "real_name": "Michael Tice",
            "display_name": "Michael Tice",
            "team": "T042E1514F3",
            "name": "michael.tice",
            "is_restricted": false,
            "is_ultra_restricted": false
        }
    },
    {
        "client_msg_id": "23350d95-ca28-41c9-9644-dcc91515c79c",
        "type": "message",
        "text": "<https:\/\/us04web.zoom.us\/j\/72809953126?pwd=KuaD1pr7fiV48RUaai2x043XBoabNI.1>",
        "user": "U041LSQC38X",
        "ts": "1682099643.418169",
        "blocks": [
            {
                "type": "rich_text",
                "block_id": "sel",
                "elements": [
                    {
                        "type": "rich_text_section",
                        "elements": [
                            {
                                "type": "link",
                                "url": "https:\/\/us04web.zoom.us\/j\/72809953126?pwd=KuaD1pr7fiV48RUaai2x043XBoabNI.1"
                            }
                        ]
                    }
                ]
            }
        ],
        "team": "T042E1514F3",
        "user_team": "T042E1514F3",
        "source_team": "T042E1514F3",
        "user_profile": {
            "avatar_hash": "g60b962e7353",
            "image_72": "https:\/\/secure.gravatar.com\/avatar\/60b962e73536af1009870d33a2ba0516.jpg?s=72&d=https%3A%2F%2Fa.slack-edge.com%2Fdf10d%2Fimg%2Favatars%2Fava_0012-72.png",
            "first_name": "Michael",
            "real_name": "Michael Tice",
            "display_name": "Michael Tice",
            "team": "T042E1514F3",
            "name": "michael.tice",
            "is_restricted": false,
            "is_ultra_restricted": false
        }
    },
    {
        "client_msg_id": "9d3096ab-f692-486a-9b87-507253983d93",
        "type": "message",
        "text": "My *Crazy Chris Network Fix(tm)* succeeded. All servers can now consistently ping each other, and the Game server is reachable via the Remote Desktop protocol. Thanks to Tristan for letting me reboot servers he was working on.",
        "user": "U042R3B76SC",
        "ts": "1682099732.993239",
        "blocks": [
            {
                "type": "rich_text",
                "block_id": "OAtF5",
                "elements": [
                    {
                        "type": "rich_text_section",
                        "elements": [
                            {
                                "type": "text",
                                "text": "My "
                            },
                            {
                                "type": "text",
                                "text": "Crazy Chris Network Fix(tm)",
                                "style": {
                                    "bold": true
                                }
                            },
                            {
                                "type": "text",
                                "text": " succeeded. All servers can now consistently ping each other, and the Game server is reachable via the Remote Desktop protocol. Thanks to Tristan for letting me reboot servers he was working on."
                            }
                        ]
                    }
                ]
            }
        ],
        "team": "T042E1514F3",
        "user_team": "T042E1514F3",
        "source_team": "T042E1514F3",
        "user_profile": {
            "avatar_hash": "g6730f37144b",
            "image_72": "https:\/\/secure.gravatar.com\/avatar\/6730f37144bd6ae505b97012a7f22a66.jpg?s=72&d=https%3A%2F%2Fa.slack-edge.com%2Fdf10d%2Fimg%2Favatars%2Fava_0006-72.png",
            "first_name": "chris",
            "real_name": "chris",
            "display_name": "",
            "team": "T042E1514F3",
            "name": "chris",
            "is_restricted": false,
            "is_ultra_restricted": false
        }
    },
    {
        "client_msg_id": "5bf3de2e-feab-42e2-be32-3080cf7c3293",
        "type": "message",
        "text": "<https:\/\/drive.google.com\/drive\/folders\/1obYI8z5nPhJu3wdL7Ppczqe2kbl2LfAo?usp=sharing>",
        "user": "U041LSQC38X",
        "ts": "1682099795.203599",
        "blocks": [
            {
                "type": "rich_text",
                "block_id": "Azq",
                "elements": [
                    {
                        "type": "rich_text_section",
                        "elements": [
                            {
                                "type": "link",
                                "url": "https:\/\/drive.google.com\/drive\/folders\/1obYI8z5nPhJu3wdL7Ppczqe2kbl2LfAo?usp=sharing"
                            }
                        ]
                    }
                ]
            }
        ],
        "team": "T042E1514F3",
        "user_team": "T042E1514F3",
        "source_team": "T042E1514F3",
        "user_profile": {
            "avatar_hash": "g60b962e7353",
            "image_72": "https:\/\/secure.gravatar.com\/avatar\/60b962e73536af1009870d33a2ba0516.jpg?s=72&d=https%3A%2F%2Fa.slack-edge.com%2Fdf10d%2Fimg%2Favatars%2Fava_0012-72.png",
            "first_name": "Michael",
            "real_name": "Michael Tice",
            "display_name": "Michael Tice",
            "team": "T042E1514F3",
            "name": "michael.tice",
            "is_restricted": false,
            "is_ultra_restricted": false
        }
    },
    {
        "client_msg_id": "6cfe729e-d8a7-4f93-8696-d897d5542bfb",
        "type": "message",
        "text": "For examples: <https:\/\/drive.google.com\/file\/d\/1eNvNbra-zyZAZi1kJn4JGqx9ZIbHHqG1\/view?usp=sharing>",
        "user": "U041LSQC38X",
        "ts": "1682099913.764839",
        "blocks": [
            {
                "type": "rich_text",
                "block_id": "i+gz",
                "elements": [
                    {
                        "type": "rich_text_section",
                        "elements": [
                            {
                                "type": "text",
                                "text": "For examples: "
                            },
                            {
                                "type": "link",
                                "url": "https:\/\/drive.google.com\/file\/d\/1eNvNbra-zyZAZi1kJn4JGqx9ZIbHHqG1\/view?usp=sharing"
                            }
                        ]
                    }
                ]
            }
        ],
        "team": "T042E1514F3",
        "user_team": "T042E1514F3",
        "source_team": "T042E1514F3",
        "user_profile": {
            "avatar_hash": "g60b962e7353",
            "image_72": "https:\/\/secure.gravatar.com\/avatar\/60b962e73536af1009870d33a2ba0516.jpg?s=72&d=https%3A%2F%2Fa.slack-edge.com%2Fdf10d%2Fimg%2Favatars%2Fava_0012-72.png",
            "first_name": "Michael",
            "real_name": "Michael Tice",
            "display_name": "Michael Tice",
            "team": "T042E1514F3",
            "name": "michael.tice",
            "is_restricted": false,
            "is_ultra_restricted": false
        }
    },
    {
        "client_msg_id": "3b91f3a8-307e-4d30-a379-1d57112f3527",
        "type": "message",
        "text": "<https:\/\/drive.google.com\/drive\/folders\/1obYI8z5nPhJu3wdL7Ppczqe2kbl2LfAo?usp=sharing>",
        "user": "U041LSQC38X",
        "ts": "1682100085.411469",
        "blocks": [
            {
                "type": "rich_text",
                "block_id": "ihsP",
                "elements": [
                    {
                        "type": "rich_text_section",
                        "elements": [
                            {
                                "type": "link",
                                "url": "https:\/\/drive.google.com\/drive\/folders\/1obYI8z5nPhJu3wdL7Ppczqe2kbl2LfAo?usp=sharing"
                            }
                        ]
                    }
                ]
            }
        ],
        "team": "T042E1514F3",
        "user_team": "T042E1514F3",
        "source_team": "T042E1514F3",
        "user_profile": {
            "avatar_hash": "g60b962e7353",
            "image_72": "https:\/\/secure.gravatar.com\/avatar\/60b962e73536af1009870d33a2ba0516.jpg?s=72&d=https%3A%2F%2Fa.slack-edge.com%2Fdf10d%2Fimg%2Favatars%2Fava_0012-72.png",
            "first_name": "Michael",
            "real_name": "Michael Tice",
            "display_name": "Michael Tice",
            "team": "T042E1514F3",
            "name": "michael.tice",
            "is_restricted": false,
            "is_ultra_restricted": false
        }
    },
    {
        "client_msg_id": "aa4982ea-b3c5-45bd-a6f1-81fc0f720d15",
        "type": "message",
        "text": "<@U042R3B76SC> I don't exactly understand your notes on your changes.  Could you walk me through them?",
        "user": "U041LSQC38X",
        "ts": "1682100612.391179",
        "blocks": [
            {
                "type": "rich_text",
                "block_id": "XvLFx",
                "elements": [
                    {
                        "type": "rich_text_section",
                        "elements": [
                            {
                                "type": "user",
                                "user_id": "U042R3B76SC"
                            },
                            {
                                "type": "text",
                                "text": " I don't exactly understand your notes on your changes.  Could you walk me through them?"
                            }
                        ]
                    }
                ]
            }
        ],
        "team": "T042E1514F3",
        "user_team": "T042E1514F3",
        "source_team": "T042E1514F3",
        "user_profile": {
            "avatar_hash": "g60b962e7353",
            "image_72": "https:\/\/secure.gravatar.com\/avatar\/60b962e73536af1009870d33a2ba0516.jpg?s=72&d=https%3A%2F%2Fa.slack-edge.com%2Fdf10d%2Fimg%2Favatars%2Fava_0012-72.png",
            "first_name": "Michael",
            "real_name": "Michael Tice",
            "display_name": "Michael Tice",
            "team": "T042E1514F3",
            "name": "michael.tice",
            "is_restricted": false,
            "is_ultra_restricted": false
        }
    },
    {
        "client_msg_id": "5545fc56-af90-42ea-ba96-a016ba9ec2e8",
        "type": "message",
        "text": "I can do that, and I'm not surprised. They are mostly hen scratchings so the team can discuss later, but I'll join your zoom and talk through them so we can see if there's anything you want to document.",
        "user": "U042R3B76SC",
        "ts": "1682100729.755099",
        "blocks": [
            {
                "type": "rich_text",
                "block_id": "ASsK4",
                "elements": [
                    {
                        "type": "rich_text_section",
                        "elements": [
                            {
                                "type": "text",
                                "text": "I can do that, and I'm not surprised. They are mostly hen scratchings so the team can discuss later, but I'll join your zoom and talk through them so we can see if there's anything you want to document."
                            }
                        ]
                    }
                ]
            }
        ],
        "team": "T042E1514F3",
        "user_team": "T042E1514F3",
        "source_team": "T042E1514F3",
        "user_profile": {
            "avatar_hash": "g6730f37144b",
            "image_72": "https:\/\/secure.gravatar.com\/avatar\/6730f37144bd6ae505b97012a7f22a66.jpg?s=72&d=https%3A%2F%2Fa.slack-edge.com%2Fdf10d%2Fimg%2Favatars%2Fava_0006-72.png",
            "first_name": "chris",
            "real_name": "chris",
            "display_name": "",
            "team": "T042E1514F3",
            "name": "chris",
            "is_restricted": false,
            "is_ultra_restricted": false
        }
    },
    {
        "client_msg_id": "DC30A2C0-6950-4916-BD10-50C17CF77F1E",
        "type": "message",
        "text": "I can join in a second",
        "user": "U042R51RY2C",
        "ts": "1682100772.052179",
        "blocks": [
            {
                "type": "rich_text",
                "block_id": "lFv7s",
                "elements": [
                    {
                        "type": "rich_text_section",
                        "elements": [
                            {
                                "type": "text",
                                "text": "I can join in a second"
                            }
                        ]
                    }
                ]
            }
        ],
        "team": "T042E1514F3",
        "user_team": "T042E1514F3",
        "source_team": "T042E1514F3",
        "user_profile": {
            "avatar_hash": "g24c32288d4d",
            "image_72": "https:\/\/secure.gravatar.com\/avatar\/24c32288d4dbbf5694cc5c9609ec1853.jpg?s=72&d=https%3A%2F%2Fa.slack-edge.com%2Fdf10d%2Fimg%2Favatars%2Fava_0017-72.png",
            "first_name": "Tristan",
            "real_name": "Tristan Ribble",
            "display_name": "",
            "team": "T042E1514F3",
            "name": "tmribble07",
            "is_restricted": false,
            "is_ultra_restricted": false
        }
    },
    {
        "client_msg_id": "5303cf08-d1b0-4c6a-aebd-7188553c468c",
        "type": "message",
        "text": "<https:\/\/trello.com\/invite\/userworkspace48272262\/ATTI93ad7c34b54b400f574c0653714ab2b050765B81>",
        "user": "U041LSQC38X",
        "ts": "1682101473.210599",
        "blocks": [
            {
                "type": "rich_text",
                "block_id": "245tY",
                "elements": [
                    {
                        "type": "rich_text_section",
                        "elements": [
                            {
                                "type": "link",
                                "url": "https:\/\/trello.com\/invite\/userworkspace48272262\/ATTI93ad7c34b54b400f574c0653714ab2b050765B81"
                            }
                        ]
                    }
                ]
            }
        ],
        "team": "T042E1514F3",
        "user_team": "T042E1514F3",
        "source_team": "T042E1514F3",
        "user_profile": {
            "avatar_hash": "g60b962e7353",
            "image_72": "https:\/\/secure.gravatar.com\/avatar\/60b962e73536af1009870d33a2ba0516.jpg?s=72&d=https%3A%2F%2Fa.slack-edge.com%2Fdf10d%2Fimg%2Favatars%2Fava_0012-72.png",
            "first_name": "Michael",
            "real_name": "Michael Tice",
            "display_name": "Michael Tice",
            "team": "T042E1514F3",
            "name": "michael.tice",
            "is_restricted": false,
            "is_ultra_restricted": false
        }
    },
    {
        "client_msg_id": "ddd22f73-5ab2-46d5-8d10-f7adb24cd0ea",
        "type": "message",
        "text": "<https:\/\/godaddy.zoom.us\/j\/93730673392?pwd=QytUMUVJRDI5dVVkNDFpY3ZuS09vUT09>",
        "user": "U042R3B76SC",
        "ts": "1682102046.069999",
        "blocks": [
            {
                "type": "rich_text",
                "block_id": "wTkRT",
                "elements": [
                    {
                        "type": "rich_text_section",
                        "elements": [
                            {
                                "type": "link",
                                "url": "https:\/\/godaddy.zoom.us\/j\/93730673392?pwd=QytUMUVJRDI5dVVkNDFpY3ZuS09vUT09"
                            }
                        ]
                    }
                ]
            }
        ],
        "team": "T042E1514F3",
        "user_team": "T042E1514F3",
        "source_team": "T042E1514F3",
        "user_profile": {
            "avatar_hash": "g6730f37144b",
            "image_72": "https:\/\/secure.gravatar.com\/avatar\/6730f37144bd6ae505b97012a7f22a66.jpg?s=72&d=https%3A%2F%2Fa.slack-edge.com%2Fdf10d%2Fimg%2Favatars%2Fava_0006-72.png",
            "first_name": "chris",
            "real_name": "chris",
            "display_name": "",
            "team": "T042E1514F3",
            "name": "chris",
            "is_restricted": false,
            "is_ultra_restricted": false
        }
    },
    {
        "type": "message",
        "text": "",
        "files": [
            {
                "id": "F054EM8Q3SP",
                "created": 1682106077,
                "timestamp": 1682106077,
                "name": "image.png",
                "title": "image.png",
                "mimetype": "image\/png",
                "filetype": "png",
                "pretty_type": "PNG",
                "user": "U042R3B76SC",
                "user_team": "T042E1514F3",
                "editable": false,
                "size": 1559461,
                "mode": "hosted",
                "is_external": false,
                "external_type": "",
                "is_public": true,
                "public_url_shared": false,
                "display_as_bot": false,
                "username": "",
                "url_private": "https:\/\/files.slack.com\/files-pri\/T042E1514F3-F054EM8Q3SP\/image.png?t=xoxe-4082039038513-5909763746612-5907217023875-336a8277661c30aa211f6bb0466e7c24",
                "url_private_download": "https:\/\/files.slack.com\/files-pri\/T042E1514F3-F054EM8Q3SP\/download\/image.png?t=xoxe-4082039038513-5909763746612-5907217023875-336a8277661c30aa211f6bb0466e7c24",
                "media_display_type": "unknown",
                "thumb_64": "https:\/\/files.slack.com\/files-tmb\/T042E1514F3-F054EM8Q3SP-3ec6c33006\/image_64.png?t=xoxe-4082039038513-5909763746612-5907217023875-336a8277661c30aa211f6bb0466e7c24",
                "thumb_80": "https:\/\/files.slack.com\/files-tmb\/T042E1514F3-F054EM8Q3SP-3ec6c33006\/image_80.png?t=xoxe-4082039038513-5909763746612-5907217023875-336a8277661c30aa211f6bb0466e7c24",
                "thumb_360": "https:\/\/files.slack.com\/files-tmb\/T042E1514F3-F054EM8Q3SP-3ec6c33006\/image_360.png?t=xoxe-4082039038513-5909763746612-5907217023875-336a8277661c30aa211f6bb0466e7c24",
                "thumb_360_w": 360,
                "thumb_360_h": 225,
                "thumb_480": "https:\/\/files.slack.com\/files-tmb\/T042E1514F3-F054EM8Q3SP-3ec6c33006\/image_480.png?t=xoxe-4082039038513-5909763746612-5907217023875-336a8277661c30aa211f6bb0466e7c24",
                "thumb_480_w": 480,
                "thumb_480_h": 300,
                "thumb_160": "https:\/\/files.slack.com\/files-tmb\/T042E1514F3-F054EM8Q3SP-3ec6c33006\/image_160.png?t=xoxe-4082039038513-5909763746612-5907217023875-336a8277661c30aa211f6bb0466e7c24",
                "thumb_720": "https:\/\/files.slack.com\/files-tmb\/T042E1514F3-F054EM8Q3SP-3ec6c33006\/image_720.png?t=xoxe-4082039038513-5909763746612-5907217023875-336a8277661c30aa211f6bb0466e7c24",
                "thumb_720_w": 720,
                "thumb_720_h": 451,
                "thumb_800": "https:\/\/files.slack.com\/files-tmb\/T042E1514F3-F054EM8Q3SP-3ec6c33006\/image_800.png?t=xoxe-4082039038513-5909763746612-5907217023875-336a8277661c30aa211f6bb0466e7c24",
                "thumb_800_w": 800,
                "thumb_800_h": 501,
                "thumb_960": "https:\/\/files.slack.com\/files-tmb\/T042E1514F3-F054EM8Q3SP-3ec6c33006\/image_960.png?t=xoxe-4082039038513-5909763746612-5907217023875-336a8277661c30aa211f6bb0466e7c24",
                "thumb_960_w": 960,
                "thumb_960_h": 601,
                "thumb_1024": "https:\/\/files.slack.com\/files-tmb\/T042E1514F3-F054EM8Q3SP-3ec6c33006\/image_1024.png?t=xoxe-4082039038513-5909763746612-5907217023875-336a8277661c30aa211f6bb0466e7c24",
                "thumb_1024_w": 1024,
                "thumb_1024_h": 641,
                "original_w": 1200,
                "original_h": 751,
                "thumb_tiny": "AwAeADCjnn3qTd8m1gPUHFPWEE5kcKf51ZWFSmMgj2paiIreVoQw2AlhwTSIjSk4YDHXINWVhiA+8R9KUmNRhGx+FOwXKv2eTsymmNFIDgg1bLoOm7+VNWVSdoBOO55oaArSAAk9CetL9oG0DPAHapDGD1qMwLQMaS7xF\/MIx\/CKQSSMOFJ9zUqwqPX86kCii4WK\/lyv1bFWEyBgnPFB4pRQB\/\/Z",
                "permalink": "https:\/\/cyberdefense2022-2023.slack.com\/files\/U042R3B76SC\/F054EM8Q3SP\/image.png",
                "permalink_public": "https:\/\/slack-files.com\/T042E1514F3-F054EM8Q3SP-4c26d2728f",
                "is_starred": false,
                "has_rich_preview": false,
                "file_access": "visible"
            }
        ],
        "upload": false,
        "user": "U042R3B76SC",
        "display_as_bot": false,
        "ts": "1682106082.163319",
        "client_msg_id": "8871e995-4b74-4995-a5d0-813ceafe4f0c"
    },
    {
        "type": "message",
        "text": "",
        "files": [
            {
                "id": "F054TGM56EM",
                "created": 1682107238,
                "timestamp": 1682107238,
                "name": "White team Documentation.docx",
                "title": "White team Documentation.docx",
                "mimetype": "application\/vnd.openxmlformats-officedocument.wordprocessingml.document",
                "filetype": "docx",
                "pretty_type": "Word Document",
                "user": "U042U2F450R",
                "user_team": "T042E1514F3",
                "editable": false,
                "size": 14534,
                "mode": "hosted",
                "is_external": false,
                "external_type": "",
                "is_public": true,
                "public_url_shared": false,
                "display_as_bot": false,
                "username": "",
                "url_private": "https:\/\/files.slack.com\/files-pri\/T042E1514F3-F054TGM56EM\/white_team_documentation.docx?t=xoxe-4082039038513-5909763746612-5907217023875-336a8277661c30aa211f6bb0466e7c24",
                "url_private_download": "https:\/\/files.slack.com\/files-pri\/T042E1514F3-F054TGM56EM\/download\/white_team_documentation.docx?t=xoxe-4082039038513-5909763746612-5907217023875-336a8277661c30aa211f6bb0466e7c24",
                "media_display_type": "unknown",
                "converted_pdf": "https:\/\/files.slack.com\/files-tmb\/T042E1514F3-F054TGM56EM-c76a208a39\/white_team_documentation_converted.pdf?t=xoxe-4082039038513-5909763746612-5907217023875-336a8277661c30aa211f6bb0466e7c24",
                "thumb_pdf": "https:\/\/files.slack.com\/files-tmb\/T042E1514F3-F054TGM56EM-c76a208a39\/white_team_documentation_thumb_pdf.png?t=xoxe-4082039038513-5909763746612-5907217023875-336a8277661c30aa211f6bb0466e7c24",
                "thumb_pdf_w": 935,
                "thumb_pdf_h": 1210,
                "permalink": "https:\/\/cyberdefense2022-2023.slack.com\/files\/U042U2F450R\/F054TGM56EM\/white_team_documentation.docx",
                "permalink_public": "https:\/\/slack-files.com\/T042E1514F3-F054TGM56EM-0879a095d1",
                "is_starred": false,
                "has_rich_preview": false,
                "file_access": "visible"
            }
        ],
        "upload": false,
        "user": "U042U2F450R",
        "display_as_bot": false,
        "ts": "1682107249.958449",
        "client_msg_id": "ed0b76c2-ac02-4da7-8fea-8e693d9550cf"
    },
    {
        "client_msg_id": "65bb85e3-01f9-4d47-8a40-7e89f39f2875",
        "type": "message",
        "text": "<https:\/\/1drv.ms\/w\/s!AiGVovzFjYC4awWaBeFRHdd7wYY?e=hNj9ba>",
        "user": "U042R3B76SC",
        "ts": "1682107441.269369",
        "blocks": [
            {
                "type": "rich_text",
                "block_id": "pSjWd",
                "elements": [
                    {
                        "type": "rich_text_section",
                        "elements": [
                            {
                                "type": "link",
                                "url": "https:\/\/1drv.ms\/w\/s!AiGVovzFjYC4awWaBeFRHdd7wYY?e=hNj9ba"
                            }
                        ]
                    }
                ]
            }
        ],
        "team": "T042E1514F3",
        "user_team": "T042E1514F3",
        "source_team": "T042E1514F3",
        "user_profile": {
            "avatar_hash": "g6730f37144b",
            "image_72": "https:\/\/secure.gravatar.com\/avatar\/6730f37144bd6ae505b97012a7f22a66.jpg?s=72&d=https%3A%2F%2Fa.slack-edge.com%2Fdf10d%2Fimg%2Favatars%2Fava_0006-72.png",
            "first_name": "chris",
            "real_name": "chris",
            "display_name": "",
            "team": "T042E1514F3",
            "name": "chris",
            "is_restricted": false,
            "is_ultra_restricted": false
        }
    },
    {
        "client_msg_id": "41A3986C-A007-47D4-ADCB-EA86767E6C0F",
        "type": "message",
        "text": "The servers are back up!",
        "user": "U042R51RY2C",
        "ts": "1682121309.616209",
        "blocks": [
            {
                "type": "rich_text",
                "block_id": "91en",
                "elements": [
                    {
                        "type": "rich_text_section",
                        "elements": [
                            {
                                "type": "text",
                                "text": "The servers are back up!"
                            }
                        ]
                    }
                ]
            }
        ],
        "team": "T042E1514F3",
        "user_team": "T042E1514F3",
        "source_team": "T042E1514F3",
        "user_profile": {
            "avatar_hash": "g24c32288d4d",
            "image_72": "https:\/\/secure.gravatar.com\/avatar\/24c32288d4dbbf5694cc5c9609ec1853.jpg?s=72&d=https%3A%2F%2Fa.slack-edge.com%2Fdf10d%2Fimg%2Favatars%2Fava_0017-72.png",
            "first_name": "Tristan",
            "real_name": "Tristan Ribble",
            "display_name": "",
            "team": "T042E1514F3",
            "name": "tmribble07",
            "is_restricted": false,
            "is_ultra_restricted": false
        }
    },
    {
        "client_msg_id": "fc44414a-5a2b-431c-a771-1b58ce3dfd4d",
        "type": "message",
        "text": "what is the root password for the the mysql",
        "user": "U042R51RY2C",
        "ts": "1682130604.640429",
        "blocks": [
            {
                "type": "rich_text",
                "block_id": "lt8xt",
                "elements": [
                    {
                        "type": "rich_text_section",
                        "elements": [
                            {
                                "type": "text",
                                "text": "what is the root password for the the mysql"
                            }
                        ]
                    }
                ]
            }
        ],
        "team": "T042E1514F3",
        "user_team": "T042E1514F3",
        "source_team": "T042E1514F3",
        "user_profile": {
            "avatar_hash": "g24c32288d4d",
            "image_72": "https:\/\/secure.gravatar.com\/avatar\/24c32288d4dbbf5694cc5c9609ec1853.jpg?s=72&d=https%3A%2F%2Fa.slack-edge.com%2Fdf10d%2Fimg%2Favatars%2Fava_0017-72.png",
            "first_name": "Tristan",
            "real_name": "Tristan Ribble",
            "display_name": "",
            "team": "T042E1514F3",
            "name": "tmribble07",
            "is_restricted": false,
            "is_ultra_restricted": false
        }
    },
    {
        "client_msg_id": "80f13b0a-f89f-4370-8485-05f91f1591b5",
        "type": "message",
        "text": "<@U042R3B76SC> the database is not working, can you take a look at it?",
        "user": "U042R51RY2C",
        "ts": "1682131537.016999",
        "blocks": [
            {
                "type": "rich_text",
                "block_id": "ymK9Q",
                "elements": [
                    {
                        "type": "rich_text_section",
                        "elements": [
                            {
                                "type": "user",
                                "user_id": "U042R3B76SC"
                            },
                            {
                                "type": "text",
                                "text": " the database is not working, can you take a look at it?"
                            }
                        ]
                    }
                ]
            }
        ],
        "team": "T042E1514F3",
        "user_team": "T042E1514F3",
        "source_team": "T042E1514F3",
        "user_profile": {
            "avatar_hash": "g24c32288d4d",
            "image_72": "https:\/\/secure.gravatar.com\/avatar\/24c32288d4dbbf5694cc5c9609ec1853.jpg?s=72&d=https%3A%2F%2Fa.slack-edge.com%2Fdf10d%2Fimg%2Favatars%2Fava_0017-72.png",
            "first_name": "Tristan",
            "real_name": "Tristan Ribble",
            "display_name": "",
            "team": "T042E1514F3",
            "name": "tmribble07",
            "is_restricted": false,
            "is_ultra_restricted": false
        }
    },
    {
        "client_msg_id": "6b18cd0f-8194-482e-af2b-a9492bd8c801",
        "type": "message",
        "text": "<@U042R51RY2C> can be more specific? If the WordPress site is running, then the database server is working. Are you taking about the billing app in particular?",
        "user": "U042R3B76SC",
        "ts": "1682137100.624389",
        "blocks": [
            {
                "type": "rich_text",
                "block_id": "+=8R",
                "elements": [
                    {
                        "type": "rich_text_section",
                        "elements": [
                            {
                                "type": "user",
                                "user_id": "U042R51RY2C"
                            },
                            {
                                "type": "text",
                                "text": " can be more specific? If the WordPress site is running, then the database server is working. Are you taking about the billing app in particular?"
                            }
                        ]
                    }
                ]
            }
        ],
        "team": "T042E1514F3",
        "user_team": "T042E1514F3",
        "source_team": "T042E1514F3",
        "user_profile": {
            "avatar_hash": "g6730f37144b",
            "image_72": "https:\/\/secure.gravatar.com\/avatar\/6730f37144bd6ae505b97012a7f22a66.jpg?s=72&d=https%3A%2F%2Fa.slack-edge.com%2Fdf10d%2Fimg%2Favatars%2Fava_0006-72.png",
            "first_name": "chris",
            "real_name": "chris",
            "display_name": "",
            "team": "T042E1514F3",
            "name": "chris",
            "is_restricted": false,
            "is_ultra_restricted": false
        }
    },
    {
        "client_msg_id": "a3cfd71a-3158-4248-8fb3-e65835b11a2c",
        "type": "message",
        "text": "And the root password for MySQL is in Trello. \n\n&gt; _Pro tip: do not use the root MySQL\/mariadb account for any apps, with the exception that some apps might use it during installation. Why not? If an app using that database account is compromised, then all databases on that database server will be compromised._",
        "user": "U042R3B76SC",
        "ts": "1682137366.196859",
        "blocks": [
            {
                "type": "rich_text",
                "block_id": "\/mM",
                "elements": [
                    {
                        "type": "rich_text_section",
                        "elements": [
                            {
                                "type": "text",
                                "text": "And the root password for MySQL is in Trello. \n\n"
                            }
                        ]
                    },
                    {
                        "type": "rich_text_quote",
                        "elements": [
                            {
                                "type": "text",
                                "text": "Pro tip: do not use the root MySQL\/mariadb account for any apps, with the exception that some apps might use it during installation. Why not? If an app using that database account is compromised, then all databases on that database server will be compromised.",
                                "style": {
                                    "italic": true
                                }
                            }
                        ],
                        "border": 0
                    }
                ]
            }
        ],
        "team": "T042E1514F3",
        "user_team": "T042E1514F3",
        "source_team": "T042E1514F3",
        "user_profile": {
            "avatar_hash": "g6730f37144b",
            "image_72": "https:\/\/secure.gravatar.com\/avatar\/6730f37144bd6ae505b97012a7f22a66.jpg?s=72&d=https%3A%2F%2Fa.slack-edge.com%2Fdf10d%2Fimg%2Favatars%2Fava_0006-72.png",
            "first_name": "chris",
            "real_name": "chris",
            "display_name": "",
            "team": "T042E1514F3",
            "name": "chris",
            "is_restricted": false,
            "is_ultra_restricted": false
        }
    }
]