[
    {
        "client_msg_id": "6C3D1283-C435-4A68-9743-592633A7ABCF",
        "type": "message",
        "text": "First, I can meet at all of Anna’s times except the Wednesday, second, do we know when the competition servers will go live?",
        "user": "U042R51RY2C",
        "ts": "1682945045.093229",
        "blocks": [
            {
                "type": "rich_text",
                "block_id": "iFJ0M",
                "elements": [
                    {
                        "type": "rich_text_section",
                        "elements": [
                            {
                                "type": "text",
                                "text": "First, I can meet at all of "
                            },
                            {
                                "type": "text",
                                "text": "Anna’s"
                            },
                            {
                                "type": "text",
                                "text": " times except the Wednesday, second, do we know when the competition servers will go live?"
                            }
                        ]
                    }
                ]
            }
        ],
        "team": "T042E1514F3",
        "user_team": "T042E1514F3",
        "source_team": "T042E1514F3",
        "user_profile": {
            "avatar_hash": "g24c32288d4d",
            "image_72": "https:\/\/secure.gravatar.com\/avatar\/24c32288d4dbbf5694cc5c9609ec1853.jpg?s=72&d=https%3A%2F%2Fa.slack-edge.com%2Fdf10d%2Fimg%2Favatars%2Fava_0017-72.png",
            "first_name": "Tristan",
            "real_name": "Tristan Ribble",
            "display_name": "",
            "team": "T042E1514F3",
            "name": "tmribble07",
            "is_restricted": false,
            "is_ultra_restricted": false
        }
    },
    {
        "client_msg_id": "d5b14e53-8352-4429-b2aa-1b67d2eb4650",
        "type": "message",
        "text": "<@U041LSQC38X> when are you available to meet? I need to know what day we're meeting by noon tomorrow.",
        "user": "U042U2F450R",
        "ts": "1682979225.652669",
        "blocks": [
            {
                "type": "rich_text",
                "block_id": "QcI",
                "elements": [
                    {
                        "type": "rich_text_section",
                        "elements": [
                            {
                                "type": "user",
                                "user_id": "U041LSQC38X"
                            },
                            {
                                "type": "text",
                                "text": " when are you available to meet? I need to know what day we're meeting by noon tomorrow."
                            }
                        ]
                    }
                ]
            }
        ],
        "team": "T042E1514F3",
        "user_team": "T042E1514F3",
        "source_team": "T042E1514F3",
        "user_profile": {
            "avatar_hash": "gff8e94624db",
            "image_72": "https:\/\/secure.gravatar.com\/avatar\/ff8e94624db08a84843122675f06ea92.jpg?s=72&d=https%3A%2F%2Fa.slack-edge.com%2Fdf10d%2Fimg%2Favatars%2Fava_0004-72.png",
            "first_name": "Anna",
            "real_name": "Anna",
            "display_name": "Anna",
            "team": "T042E1514F3",
            "name": "annam45",
            "is_restricted": false,
            "is_ultra_restricted": false
        }
    },
    {
        "client_msg_id": "773fa441-e158-48b4-898d-110ffae5cfb3",
        "type": "message",
        "text": "I know that IScore was flipped to the Kosovo competition yesterday. that signals that they are _starting_ the transition to the next CDC.\n\nI was able to scrape probably 80% of the IScore site before they wiped our data, btw.",
        "user": "U042R3B76SC",
        "ts": "1682980347.488449",
        "blocks": [
            {
                "type": "rich_text",
                "block_id": "ZXdEB",
                "elements": [
                    {
                        "type": "rich_text_section",
                        "elements": [
                            {
                                "type": "text",
                                "text": "I know that IScore was flipped to the Kosovo competition yesterday. that signals that they are "
                            },
                            {
                                "type": "text",
                                "text": "starting",
                                "style": {
                                    "italic": true
                                }
                            },
                            {
                                "type": "text",
                                "text": " the transition to the next CDC.\n\nI was able to scrape probably 80% of the IScore site before they wiped our data, btw."
                            }
                        ]
                    }
                ]
            }
        ],
        "team": "T042E1514F3",
        "user_team": "T042E1514F3",
        "source_team": "T042E1514F3",
        "user_profile": {
            "avatar_hash": "g6730f37144b",
            "image_72": "https:\/\/secure.gravatar.com\/avatar\/6730f37144bd6ae505b97012a7f22a66.jpg?s=72&d=https%3A%2F%2Fa.slack-edge.com%2Fdf10d%2Fimg%2Favatars%2Fava_0006-72.png",
            "first_name": "chris",
            "real_name": "chris",
            "display_name": "",
            "team": "T042E1514F3",
            "name": "chris",
            "is_restricted": false,
            "is_ultra_restricted": false
        },
        "reactions": [
            {
                "name": "flag-xk",
                "users": [
                    "U042R3B76SC"
                ],
                "count": 1
            }
        ]
    },
    {
        "client_msg_id": "c1c1d042-2ac6-41f5-bf61-c3aba966da17",
        "type": "message",
        "text": "(not sure how to publish it just yet)",
        "user": "U042R3B76SC",
        "ts": "1682980360.861509",
        "blocks": [
            {
                "type": "rich_text",
                "block_id": "+W7e",
                "elements": [
                    {
                        "type": "rich_text_section",
                        "elements": [
                            {
                                "type": "text",
                                "text": "(not sure how to publish it just yet)"
                            }
                        ]
                    }
                ]
            }
        ],
        "team": "T042E1514F3",
        "user_team": "T042E1514F3",
        "source_team": "T042E1514F3",
        "user_profile": {
            "avatar_hash": "g6730f37144b",
            "image_72": "https:\/\/secure.gravatar.com\/avatar\/6730f37144bd6ae505b97012a7f22a66.jpg?s=72&d=https%3A%2F%2Fa.slack-edge.com%2Fdf10d%2Fimg%2Favatars%2Fava_0006-72.png",
            "first_name": "chris",
            "real_name": "chris",
            "display_name": "",
            "team": "T042E1514F3",
            "name": "chris",
            "is_restricted": false,
            "is_ultra_restricted": false
        }
    },
    {
        "client_msg_id": "7cbbb12d-135c-4807-b83c-2f4c8152f8c0",
        "type": "message",
        "text": "I took screenshots of all our data I could find on the website. I can post it here if anybody wants. I might have some of the 20% Chris didn't get.",
        "user": "U042U2F450R",
        "ts": "1682985175.039699",
        "blocks": [
            {
                "type": "rich_text",
                "block_id": "NL\/",
                "elements": [
                    {
                        "type": "rich_text_section",
                        "elements": [
                            {
                                "type": "text",
                                "text": "I took screenshots of all our data I could find on the website. I can post it here if anybody wants. I might have some of the 20% Chris didn't get."
                            }
                        ]
                    }
                ]
            }
        ],
        "team": "T042E1514F3",
        "user_team": "T042E1514F3",
        "source_team": "T042E1514F3",
        "user_profile": {
            "avatar_hash": "gff8e94624db",
            "image_72": "https:\/\/secure.gravatar.com\/avatar\/ff8e94624db08a84843122675f06ea92.jpg?s=72&d=https%3A%2F%2Fa.slack-edge.com%2Fdf10d%2Fimg%2Favatars%2Fava_0004-72.png",
            "first_name": "Anna",
            "real_name": "Anna",
            "display_name": "Anna",
            "team": "T042E1514F3",
            "name": "annam45",
            "is_restricted": false,
            "is_ultra_restricted": false
        },
        "reactions": [
            {
                "name": "+1::skin-tone-2",
                "users": [
                    "U042R3B76SC"
                ],
                "count": 1
            }
        ]
    },
    {
        "client_msg_id": "85888c67-ff69-4d97-9f9f-e34032865f76",
        "type": "message",
        "text": "I found a place to host my copy of the IScore site on the cheap. You can view it at <http:\/\/highschoolhackers.com>.\n\nI think I might have crawled some other files I don't have attached to the site yet, but it's reasonably complete, especially given the fact that I'd never tried to crawl a website before in order to clone it. :slightly_smiling_face:",
        "user": "U042R3B76SC",
        "ts": "1683003532.176979",
        "blocks": [
            {
                "type": "rich_text",
                "block_id": "WZeA",
                "elements": [
                    {
                        "type": "rich_text_section",
                        "elements": [
                            {
                                "type": "text",
                                "text": "I found a place to host my copy of the IScore site on the cheap. You can view it at "
                            },
                            {
                                "type": "link",
                                "url": "http:\/\/highschoolhackers.com"
                            },
                            {
                                "type": "text",
                                "text": ".\n\nI think I might have crawled some other files I don't have attached to the site yet, but it's reasonably complete, especially given the fact that I'd never tried to crawl a website before in order to clone it. "
                            },
                            {
                                "type": "emoji",
                                "name": "slightly_smiling_face",
                                "unicode": "1f642"
                            }
                        ]
                    }
                ]
            }
        ],
        "team": "T042E1514F3",
        "user_team": "T042E1514F3",
        "source_team": "T042E1514F3",
        "user_profile": {
            "avatar_hash": "g6730f37144b",
            "image_72": "https:\/\/secure.gravatar.com\/avatar\/6730f37144bd6ae505b97012a7f22a66.jpg?s=72&d=https%3A%2F%2Fa.slack-edge.com%2Fdf10d%2Fimg%2Favatars%2Fava_0006-72.png",
            "first_name": "chris",
            "real_name": "chris",
            "display_name": "",
            "team": "T042E1514F3",
            "name": "chris",
            "is_restricted": false,
            "is_ultra_restricted": false
        }
    }
]