[
    {
        "client_msg_id": "5902a3ef-ebf3-42c6-9728-35b15f1946fb",
        "type": "message",
        "text": "```apt install bind9 bind9-utils bind9-doc dnsutils```",
        "user": "U042R3B76SC",
        "ts": "1676740177.127029",
        "blocks": [
            {
                "type": "rich_text",
                "block_id": "viTC",
                "elements": [
                    {
                        "type": "rich_text_preformatted",
                        "elements": [
                            {
                                "type": "text",
                                "text": "apt install bind9 bind9-utils bind9-doc dnsutils"
                            }
                        ],
                        "border": 0
                    }
                ]
            }
        ],
        "team": "T042E1514F3",
        "user_team": "T042E1514F3",
        "source_team": "T042E1514F3",
        "user_profile": {
            "avatar_hash": "g6730f37144b",
            "image_72": "https:\/\/secure.gravatar.com\/avatar\/6730f37144bd6ae505b97012a7f22a66.jpg?s=72&d=https%3A%2F%2Fa.slack-edge.com%2Fdf10d%2Fimg%2Favatars%2Fava_0006-72.png",
            "first_name": "chris",
            "real_name": "chris",
            "display_name": "",
            "team": "T042E1514F3",
            "name": "chris",
            "is_restricted": false,
            "is_ultra_restricted": false
        }
    },
    {
        "type": "message",
        "text": "Here are notes to help you replicate what we did earlier today. Good luck, if you have the time to give it a go (no worries if you don't).\n\nPlease let me know if you have questions or if my notes are broken. I tried to use them to build out DNS on a new VM that I did, indeed, name Detroit.",
        "files": [
            {
                "id": "F04QC28BXL4",
                "created": 1676764918,
                "timestamp": 1676764918,
                "name": "Setting up a local DNS server in Ubuntu.pdf",
                "title": "Setting up a local DNS server in Ubuntu.pdf",
                "mimetype": "application\/pdf",
                "filetype": "pdf",
                "pretty_type": "PDF",
                "user": "U042R3B76SC",
                "user_team": "T042E1514F3",
                "editable": false,
                "size": 216418,
                "mode": "hosted",
                "is_external": false,
                "external_type": "",
                "is_public": true,
                "public_url_shared": false,
                "display_as_bot": false,
                "username": "",
                "url_private": "https:\/\/files.slack.com\/files-pri\/T042E1514F3-F04QC28BXL4\/setting_up_a_local_dns_server_in_ubuntu.pdf?t=xoxe-4082039038513-5909763746612-5907217023875-336a8277661c30aa211f6bb0466e7c24",
                "url_private_download": "https:\/\/files.slack.com\/files-pri\/T042E1514F3-F04QC28BXL4\/download\/setting_up_a_local_dns_server_in_ubuntu.pdf?t=xoxe-4082039038513-5909763746612-5907217023875-336a8277661c30aa211f6bb0466e7c24",
                "media_display_type": "unknown",
                "thumb_pdf": "https:\/\/files.slack.com\/files-tmb\/T042E1514F3-F04QC28BXL4-7a374beb9f\/setting_up_a_local_dns_server_in_ubuntu_thumb_pdf.png?t=xoxe-4082039038513-5909763746612-5907217023875-336a8277661c30aa211f6bb0466e7c24",
                "thumb_pdf_w": 909,
                "thumb_pdf_h": 1286,
                "permalink": "https:\/\/cyberdefense2022-2023.slack.com\/files\/U042R3B76SC\/F04QC28BXL4\/setting_up_a_local_dns_server_in_ubuntu.pdf",
                "permalink_public": "https:\/\/slack-files.com\/T042E1514F3-F04QC28BXL4-a1a33671fb",
                "is_starred": false,
                "has_rich_preview": false,
                "file_access": "visible"
            }
        ],
        "upload": false,
        "user": "U042R3B76SC",
        "display_as_bot": false,
        "ts": "1676765044.352389",
        "blocks": [
            {
                "type": "rich_text",
                "block_id": "R63V",
                "elements": [
                    {
                        "type": "rich_text_section",
                        "elements": [
                            {
                                "type": "text",
                                "text": "Here are notes to help you replicate what we did earlier today. Good luck, if you have the time to give it a go (no worries if you don't).\n\nPlease let me know if you have questions or if my notes are broken. I tried to use them to build out DNS on a new VM that I did, indeed, name Detroit."
                            }
                        ]
                    }
                ]
            }
        ],
        "client_msg_id": "a9397c51-f238-49c8-a2b4-5176352866e8",
        "reactions": [
            {
                "name": "gratitude-thank-you",
                "users": [
                    "U042U2F450R"
                ],
                "count": 1
            }
        ]
    },
    {
        "client_msg_id": "e2accf1e-d40b-48d1-85b0-5b01dde8b0c9",
        "type": "message",
        "text": "Also, Michael, your Dad mentioned wanting to know about the topics for the rest of the year because you have AP exams right after our competition. Could you guys DM me with some details on that? I'm not sure I understand the connection between what we're doing and the AP stuff, so I'm not sure what you need. Thanks.",
        "user": "U042R3B76SC",
        "ts": "1676765156.802919",
        "blocks": [
            {
                "type": "rich_text",
                "block_id": "37lx",
                "elements": [
                    {
                        "type": "rich_text_section",
                        "elements": [
                            {
                                "type": "text",
                                "text": "Also, Michael, your Dad mentioned wanting to know about the topics for the rest of the year because you have AP exams right after our competition. Could you guys DM me with some details on that? I'm not sure I understand the connection between what we're doing and the AP stuff, so I'm not sure what you need. Thanks."
                            }
                        ]
                    }
                ]
            }
        ],
        "team": "T042E1514F3",
        "user_team": "T042E1514F3",
        "source_team": "T042E1514F3",
        "user_profile": {
            "avatar_hash": "g6730f37144b",
            "image_72": "https:\/\/secure.gravatar.com\/avatar\/6730f37144bd6ae505b97012a7f22a66.jpg?s=72&d=https%3A%2F%2Fa.slack-edge.com%2Fdf10d%2Fimg%2Favatars%2Fava_0006-72.png",
            "first_name": "chris",
            "real_name": "chris",
            "display_name": "",
            "team": "T042E1514F3",
            "name": "chris",
            "is_restricted": false,
            "is_ultra_restricted": false
        }
    }
]