[
    {
        "client_msg_id": "92987988-9bc1-46e1-b7b0-c8692beebea1",
        "type": "message",
        "text": "You can sign up for the international CDC now. Interestingly, we are, once again, Team 5. Go to <https:\/\/signup.iseage.org|https:\/\/signup.iseage.org>, create an account, and join team 5. I named it Yukibey.",
        "user": "U042R3B76SC",
        "ts": "1683602534.207809",
        "blocks": [
            {
                "type": "rich_text",
                "block_id": "eKkg",
                "elements": [
                    {
                        "type": "rich_text_section",
                        "elements": [
                            {
                                "type": "text",
                                "text": "You can sign up for the international CDC now. Interestingly, we are, once again, Team 5. Go to "
                            },
                            {
                                "type": "link",
                                "url": "https:\/\/signup.iseage.org",
                                "text": "https:\/\/signup.iseage.org"
                            },
                            {
                                "type": "text",
                                "text": ", create an account, and join team 5. I named it Yukibey."
                            }
                        ]
                    }
                ]
            }
        ],
        "team": "T042E1514F3",
        "user_team": "T042E1514F3",
        "source_team": "T042E1514F3",
        "user_profile": {
            "avatar_hash": "g6730f37144b",
            "image_72": "https:\/\/secure.gravatar.com\/avatar\/6730f37144bd6ae505b97012a7f22a66.jpg?s=72&d=https%3A%2F%2Fa.slack-edge.com%2Fdf10d%2Fimg%2Favatars%2Fava_0006-72.png",
            "first_name": "chris",
            "real_name": "chris",
            "display_name": "",
            "team": "T042E1514F3",
            "name": "chris",
            "is_restricted": false,
            "is_ultra_restricted": false
        }
    },
    {
        "type": "message",
        "text": "After you sign up and verify your email address, log on, and click the menu button in the upper-right. Click on the link for the competition information, and you'll find a link to the scenario and a document with user accounts.",
        "files": [
            {
                "id": "F056WEGBNMS",
                "created": 1683602906,
                "timestamp": 1683602906,
                "name": "Screenshot_20230508-222523.png",
                "title": "Screenshot_20230508-222523.png",
                "mimetype": "image\/png",
                "filetype": "png",
                "pretty_type": "PNG",
                "user": "U042R3B76SC",
                "user_team": "T042E1514F3",
                "editable": false,
                "size": 155911,
                "mode": "hosted",
                "is_external": false,
                "external_type": "",
                "is_public": true,
                "public_url_shared": false,
                "display_as_bot": false,
                "username": "",
                "url_private": "https:\/\/files.slack.com\/files-pri\/T042E1514F3-F056WEGBNMS\/screenshot_20230508-222523.png?t=xoxe-4082039038513-5909763746612-5907217023875-336a8277661c30aa211f6bb0466e7c24",
                "url_private_download": "https:\/\/files.slack.com\/files-pri\/T042E1514F3-F056WEGBNMS\/download\/screenshot_20230508-222523.png?t=xoxe-4082039038513-5909763746612-5907217023875-336a8277661c30aa211f6bb0466e7c24",
                "media_display_type": "unknown",
                "thumb_64": "https:\/\/files.slack.com\/files-tmb\/T042E1514F3-F056WEGBNMS-729923e5b0\/screenshot_20230508-222523_64.png?t=xoxe-4082039038513-5909763746612-5907217023875-336a8277661c30aa211f6bb0466e7c24",
                "thumb_80": "https:\/\/files.slack.com\/files-tmb\/T042E1514F3-F056WEGBNMS-729923e5b0\/screenshot_20230508-222523_80.png?t=xoxe-4082039038513-5909763746612-5907217023875-336a8277661c30aa211f6bb0466e7c24",
                "thumb_360": "https:\/\/files.slack.com\/files-tmb\/T042E1514F3-F056WEGBNMS-729923e5b0\/screenshot_20230508-222523_360.png?t=xoxe-4082039038513-5909763746612-5907217023875-336a8277661c30aa211f6bb0466e7c24",
                "thumb_360_w": 166,
                "thumb_360_h": 360,
                "thumb_480": "https:\/\/files.slack.com\/files-tmb\/T042E1514F3-F056WEGBNMS-729923e5b0\/screenshot_20230508-222523_480.png?t=xoxe-4082039038513-5909763746612-5907217023875-336a8277661c30aa211f6bb0466e7c24",
                "thumb_480_w": 222,
                "thumb_480_h": 480,
                "thumb_160": "https:\/\/files.slack.com\/files-tmb\/T042E1514F3-F056WEGBNMS-729923e5b0\/screenshot_20230508-222523_160.png?t=xoxe-4082039038513-5909763746612-5907217023875-336a8277661c30aa211f6bb0466e7c24",
                "thumb_720": "https:\/\/files.slack.com\/files-tmb\/T042E1514F3-F056WEGBNMS-729923e5b0\/screenshot_20230508-222523_720.png?t=xoxe-4082039038513-5909763746612-5907217023875-336a8277661c30aa211f6bb0466e7c24",
                "thumb_720_w": 332,
                "thumb_720_h": 720,
                "thumb_800": "https:\/\/files.slack.com\/files-tmb\/T042E1514F3-F056WEGBNMS-729923e5b0\/screenshot_20230508-222523_800.png?t=xoxe-4082039038513-5909763746612-5907217023875-336a8277661c30aa211f6bb0466e7c24",
                "thumb_800_w": 800,
                "thumb_800_h": 1733,
                "thumb_960": "https:\/\/files.slack.com\/files-tmb\/T042E1514F3-F056WEGBNMS-729923e5b0\/screenshot_20230508-222523_960.png?t=xoxe-4082039038513-5909763746612-5907217023875-336a8277661c30aa211f6bb0466e7c24",
                "thumb_960_w": 443,
                "thumb_960_h": 960,
                "thumb_1024": "https:\/\/files.slack.com\/files-tmb\/T042E1514F3-F056WEGBNMS-729923e5b0\/screenshot_20230508-222523_1024.png?t=xoxe-4082039038513-5909763746612-5907217023875-336a8277661c30aa211f6bb0466e7c24",
                "thumb_1024_w": 473,
                "thumb_1024_h": 1024,
                "original_w": 1080,
                "original_h": 2340,
                "thumb_tiny": "AwAwABaoLd\/b86Ps7+351apaAKZt39vzo+zv7fnVyigBuP8AOaMD\/JoNGKAAcUuaKSgAopvmR\/3x+dL5if3h+dAC0U3zI\/74\/OjzI\/76\/nQB\/9k=",
                "permalink": "https:\/\/cyberdefense2022-2023.slack.com\/files\/U042R3B76SC\/F056WEGBNMS\/screenshot_20230508-222523.png",
                "permalink_public": "https:\/\/slack-files.com\/T042E1514F3-F056WEGBNMS-a45f0daab5",
                "is_starred": false,
                "has_rich_preview": false,
                "file_access": "visible"
            }
        ],
        "upload": false,
        "user": "U042R3B76SC",
        "display_as_bot": false,
        "ts": "1683602938.309559",
        "blocks": [
            {
                "type": "rich_text",
                "block_id": "EIdk",
                "elements": [
                    {
                        "type": "rich_text_section",
                        "elements": [
                            {
                                "type": "text",
                                "text": "After you sign up and verify your email address, log on, and click the menu button in the upper-right. Click on the link for the competition information, and you'll find a link to the scenario and a document with user accounts."
                            }
                        ]
                    }
                ]
            }
        ],
        "client_msg_id": "fe823e17-17c5-42e6-8a1b-8bf88e7324cf"
    }
]