[
    {
        "client_msg_id": "71a78fc5-bb07-418e-a509-b695e8f89eab",
        "type": "message",
        "text": "I'm about to get started on documentation, <@U042U2F450R>, I'll probably send you a Google Drive link soon, but I can't ssh to any machine other than the WWW and GitLab, and they all need to be accessible.  Sadly, I can't seem to access vCenter to change that myself, so if any of you could, that would be appreciated.",
        "user": "U041LSQC38X",
        "ts": "1682005656.747019",
        "blocks": [
            {
                "type": "rich_text",
                "block_id": "wNI",
                "elements": [
                    {
                        "type": "rich_text_section",
                        "elements": [
                            {
                                "type": "text",
                                "text": "I'm about to get started on documentation, "
                            },
                            {
                                "type": "user",
                                "user_id": "U042U2F450R"
                            },
                            {
                                "type": "text",
                                "text": ", I'll probably send you a Google Drive link soon, but I can't ssh to any machine other than the WWW and GitLab, and they all need to be accessible.  Sadly, I can't seem to access vCenter to change that myself, so if any of you could, that would be appreciated."
                            }
                        ]
                    }
                ]
            }
        ],
        "team": "T042E1514F3",
        "user_team": "T042E1514F3",
        "source_team": "T042E1514F3",
        "user_profile": {
            "avatar_hash": "g60b962e7353",
            "image_72": "https:\/\/secure.gravatar.com\/avatar\/60b962e73536af1009870d33a2ba0516.jpg?s=72&d=https%3A%2F%2Fa.slack-edge.com%2Fdf10d%2Fimg%2Favatars%2Fava_0012-72.png",
            "first_name": "Michael",
            "real_name": "Michael Tice",
            "display_name": "Michael Tice",
            "team": "T042E1514F3",
            "name": "michael.tice",
            "is_restricted": false,
            "is_ultra_restricted": false
        }
    },
    {
        "client_msg_id": "e5da1dc5-d51e-4d0f-8abd-a8647f224863",
        "type": "message",
        "text": "Never mind about the vCenter stuff, apparently it's just my current browser",
        "user": "U041LSQC38X",
        "ts": "1682006110.966239",
        "blocks": [
            {
                "type": "rich_text",
                "block_id": "aQX1M",
                "elements": [
                    {
                        "type": "rich_text_section",
                        "elements": [
                            {
                                "type": "text",
                                "text": "Never mind about the vCenter stuff, apparently it's just my current browser"
                            }
                        ]
                    }
                ]
            }
        ],
        "team": "T042E1514F3",
        "user_team": "T042E1514F3",
        "source_team": "T042E1514F3",
        "user_profile": {
            "avatar_hash": "g60b962e7353",
            "image_72": "https:\/\/secure.gravatar.com\/avatar\/60b962e73536af1009870d33a2ba0516.jpg?s=72&d=https%3A%2F%2Fa.slack-edge.com%2Fdf10d%2Fimg%2Favatars%2Fava_0012-72.png",
            "first_name": "Michael",
            "real_name": "Michael Tice",
            "display_name": "Michael Tice",
            "team": "T042E1514F3",
            "name": "michael.tice",
            "is_restricted": false,
            "is_ultra_restricted": false
        }
    },
    {
        "client_msg_id": "299202cb-6ab9-4410-b05f-fc52de9e61cb",
        "type": "message",
        "text": "I just got a message from Iowa State this morning saying that VCenter will be down starting at noon.",
        "user": "U042R3B76SC",
        "ts": "1682009932.133869",
        "blocks": [
            {
                "type": "rich_text",
                "block_id": "WmW6j",
                "elements": [
                    {
                        "type": "rich_text_section",
                        "elements": [
                            {
                                "type": "text",
                                "text": "I just got a message from Iowa State this morning saying that VCenter will be down starting at noon."
                            }
                        ]
                    }
                ]
            }
        ],
        "team": "T042E1514F3",
        "user_team": "T042E1514F3",
        "source_team": "T042E1514F3",
        "user_profile": {
            "avatar_hash": "g6730f37144b",
            "image_72": "https:\/\/secure.gravatar.com\/avatar\/6730f37144bd6ae505b97012a7f22a66.jpg?s=72&d=https%3A%2F%2Fa.slack-edge.com%2Fdf10d%2Fimg%2Favatars%2Fava_0006-72.png",
            "first_name": "chris",
            "real_name": "chris",
            "display_name": "",
            "team": "T042E1514F3",
            "name": "chris",
            "is_restricted": false,
            "is_ultra_restricted": false
        }
    },
    {
        "client_msg_id": "a1feb6ae-a9ff-444a-942e-e38c2a8b9001",
        "type": "message",
        "text": "They sent it to me about an hour ago, so yay for advanced notice. :slightly_smiling_face:",
        "user": "U042R3B76SC",
        "ts": "1682009968.419639",
        "blocks": [
            {
                "type": "rich_text",
                "block_id": "bpW",
                "elements": [
                    {
                        "type": "rich_text_section",
                        "elements": [
                            {
                                "type": "text",
                                "text": "They sent it to me about an hour ago, so yay for advanced notice. "
                            },
                            {
                                "type": "emoji",
                                "name": "slightly_smiling_face",
                                "unicode": "1f642"
                            }
                        ]
                    }
                ]
            }
        ],
        "team": "T042E1514F3",
        "user_team": "T042E1514F3",
        "source_team": "T042E1514F3",
        "user_profile": {
            "avatar_hash": "g6730f37144b",
            "image_72": "https:\/\/secure.gravatar.com\/avatar\/6730f37144bd6ae505b97012a7f22a66.jpg?s=72&d=https%3A%2F%2Fa.slack-edge.com%2Fdf10d%2Fimg%2Favatars%2Fava_0006-72.png",
            "first_name": "chris",
            "real_name": "chris",
            "display_name": "",
            "team": "T042E1514F3",
            "name": "chris",
            "is_restricted": false,
            "is_ultra_restricted": false
        }
    },
    {
        "client_msg_id": "329b0415-3818-4d5a-91b1-ad2adfe03845",
        "type": "message",
        "text": "They say it will be back up tomorrow morning. Since I've got today off, maybe I'll go see a movie!",
        "user": "U042R3B76SC",
        "ts": "1682010007.085219",
        "blocks": [
            {
                "type": "rich_text",
                "block_id": "Zdm",
                "elements": [
                    {
                        "type": "rich_text_section",
                        "elements": [
                            {
                                "type": "text",
                                "text": "They say it will be back up tomorrow morning. Since I've got today off, maybe I'll go see a movie!"
                            }
                        ]
                    }
                ]
            }
        ],
        "team": "T042E1514F3",
        "user_team": "T042E1514F3",
        "source_team": "T042E1514F3",
        "user_profile": {
            "avatar_hash": "g6730f37144b",
            "image_72": "https:\/\/secure.gravatar.com\/avatar\/6730f37144bd6ae505b97012a7f22a66.jpg?s=72&d=https%3A%2F%2Fa.slack-edge.com%2Fdf10d%2Fimg%2Favatars%2Fava_0006-72.png",
            "first_name": "chris",
            "real_name": "chris",
            "display_name": "",
            "team": "T042E1514F3",
            "name": "chris",
            "is_restricted": false,
            "is_ultra_restricted": false
        }
    },
    {
        "client_msg_id": "499fc44f-de5e-4d4a-84c6-97de7fdbcbe2",
        "type": "message",
        "text": "I got a new email saying they will not shut VCenter down until tomorrow night.",
        "user": "U042R3B76SC",
        "ts": "1682019174.748859",
        "blocks": [
            {
                "type": "rich_text",
                "block_id": "t7d",
                "elements": [
                    {
                        "type": "rich_text_section",
                        "elements": [
                            {
                                "type": "text",
                                "text": "I got a new email saying they will not shut VCenter down until tomorrow night."
                            }
                        ]
                    }
                ]
            }
        ],
        "team": "T042E1514F3",
        "user_team": "T042E1514F3",
        "source_team": "T042E1514F3",
        "user_profile": {
            "avatar_hash": "g6730f37144b",
            "image_72": "https:\/\/secure.gravatar.com\/avatar\/6730f37144bd6ae505b97012a7f22a66.jpg?s=72&d=https%3A%2F%2Fa.slack-edge.com%2Fdf10d%2Fimg%2Favatars%2Fava_0006-72.png",
            "first_name": "chris",
            "real_name": "chris",
            "display_name": "",
            "team": "T042E1514F3",
            "name": "chris",
            "is_restricted": false,
            "is_ultra_restricted": false
        }
    },
    {
        "client_msg_id": "b69d702d-a8be-4d24-a04c-e1f46d510961",
        "type": "message",
        "text": "So anybody want to meet?",
        "user": "U042R3B76SC",
        "ts": "1682020742.189449",
        "blocks": [
            {
                "type": "rich_text",
                "block_id": "IQhB",
                "elements": [
                    {
                        "type": "rich_text_section",
                        "elements": [
                            {
                                "type": "text",
                                "text": "So anybody want to meet?"
                            }
                        ]
                    }
                ]
            }
        ],
        "team": "T042E1514F3",
        "user_team": "T042E1514F3",
        "source_team": "T042E1514F3",
        "user_profile": {
            "avatar_hash": "g6730f37144b",
            "image_72": "https:\/\/secure.gravatar.com\/avatar\/6730f37144bd6ae505b97012a7f22a66.jpg?s=72&d=https%3A%2F%2Fa.slack-edge.com%2Fdf10d%2Fimg%2Favatars%2Fava_0006-72.png",
            "first_name": "chris",
            "real_name": "chris",
            "display_name": "",
            "team": "T042E1514F3",
            "name": "chris",
            "is_restricted": false,
            "is_ultra_restricted": false
        }
    },
    {
        "client_msg_id": "253b5e49-89b8-4011-acc7-01fb00cc2008",
        "type": "message",
        "text": "I'm still working on the network setup. I have 1.1 servers left to go, but I've gotten faster at it. I still wonder why they can't all ping each other even when I think they've been fixed. Last night, I was able to ping them all from the VPN.",
        "user": "U042R3B76SC",
        "ts": "1682020859.572709",
        "blocks": [
            {
                "type": "rich_text",
                "block_id": "awJ",
                "elements": [
                    {
                        "type": "rich_text_section",
                        "elements": [
                            {
                                "type": "text",
                                "text": "I'm still working on the network setup. I have 1.1 servers left to go, but I've gotten faster at it. I still wonder why they can't all ping each other even when I think they've been fixed. Last night, I was able to ping them all from the VPN."
                            }
                        ]
                    }
                ]
            }
        ],
        "team": "T042E1514F3",
        "user_team": "T042E1514F3",
        "source_team": "T042E1514F3",
        "user_profile": {
            "avatar_hash": "g6730f37144b",
            "image_72": "https:\/\/secure.gravatar.com\/avatar\/6730f37144bd6ae505b97012a7f22a66.jpg?s=72&d=https%3A%2F%2Fa.slack-edge.com%2Fdf10d%2Fimg%2Favatars%2Fava_0006-72.png",
            "first_name": "chris",
            "real_name": "chris",
            "display_name": "",
            "team": "T042E1514F3",
            "name": "chris",
            "is_restricted": false,
            "is_ultra_restricted": false
        }
    },
    {
        "client_msg_id": "a408c2ab-4270-423c-8529-2a9bbac12626",
        "type": "message",
        "text": "I can meet",
        "user": "U041LSQC38X",
        "ts": "1682020937.239309",
        "blocks": [
            {
                "type": "rich_text",
                "block_id": "nhW6M",
                "elements": [
                    {
                        "type": "rich_text_section",
                        "elements": [
                            {
                                "type": "text",
                                "text": "I can meet"
                            }
                        ]
                    }
                ]
            }
        ],
        "team": "T042E1514F3",
        "user_team": "T042E1514F3",
        "source_team": "T042E1514F3",
        "user_profile": {
            "avatar_hash": "g60b962e7353",
            "image_72": "https:\/\/secure.gravatar.com\/avatar\/60b962e73536af1009870d33a2ba0516.jpg?s=72&d=https%3A%2F%2Fa.slack-edge.com%2Fdf10d%2Fimg%2Favatars%2Fava_0012-72.png",
            "first_name": "Michael",
            "real_name": "Michael Tice",
            "display_name": "Michael Tice",
            "team": "T042E1514F3",
            "name": "michael.tice",
            "is_restricted": false,
            "is_ultra_restricted": false
        }
    },
    {
        "client_msg_id": "b8c74f1f-48d6-437b-9005-25086483e665",
        "type": "message",
        "text": "aiight - let me get a link",
        "user": "U042R3B76SC",
        "ts": "1682021776.139609",
        "blocks": [
            {
                "type": "rich_text",
                "block_id": "GoG3",
                "elements": [
                    {
                        "type": "rich_text_section",
                        "elements": [
                            {
                                "type": "text",
                                "text": "aiight - let me get a link"
                            }
                        ]
                    }
                ]
            }
        ],
        "team": "T042E1514F3",
        "user_team": "T042E1514F3",
        "source_team": "T042E1514F3",
        "user_profile": {
            "avatar_hash": "g6730f37144b",
            "image_72": "https:\/\/secure.gravatar.com\/avatar\/6730f37144bd6ae505b97012a7f22a66.jpg?s=72&d=https%3A%2F%2Fa.slack-edge.com%2Fdf10d%2Fimg%2Favatars%2Fava_0006-72.png",
            "first_name": "chris",
            "real_name": "chris",
            "display_name": "",
            "team": "T042E1514F3",
            "name": "chris",
            "is_restricted": false,
            "is_ultra_restricted": false
        }
    },
    {
        "client_msg_id": "5da1ee13-c0b3-48e2-8053-f77c3531593b",
        "type": "message",
        "text": "sorry i just saw this. my audio devices are staging a revolt so i didn't hear the notification",
        "user": "U042R3B76SC",
        "ts": "1682021801.929189",
        "blocks": [
            {
                "type": "rich_text",
                "block_id": "oY0G4",
                "elements": [
                    {
                        "type": "rich_text_section",
                        "elements": [
                            {
                                "type": "text",
                                "text": "sorry i just saw this. my audio devices are staging a revolt so i didn't hear the notification"
                            }
                        ]
                    }
                ]
            }
        ],
        "team": "T042E1514F3",
        "user_team": "T042E1514F3",
        "source_team": "T042E1514F3",
        "user_profile": {
            "avatar_hash": "g6730f37144b",
            "image_72": "https:\/\/secure.gravatar.com\/avatar\/6730f37144bd6ae505b97012a7f22a66.jpg?s=72&d=https%3A%2F%2Fa.slack-edge.com%2Fdf10d%2Fimg%2Favatars%2Fava_0006-72.png",
            "first_name": "chris",
            "real_name": "chris",
            "display_name": "",
            "team": "T042E1514F3",
            "name": "chris",
            "is_restricted": false,
            "is_ultra_restricted": false
        }
    },
    {
        "client_msg_id": "0c4f6b17-a049-4c4d-8e3c-d0269837c46a",
        "type": "message",
        "text": "<https:\/\/godaddy.zoom.us\/j\/94597474470?pwd=MENISnpCUENyb2l4RDE4VVZTb05jUT09>",
        "user": "U042R3B76SC",
        "ts": "1682021913.684289",
        "blocks": [
            {
                "type": "rich_text",
                "block_id": "a5J",
                "elements": [
                    {
                        "type": "rich_text_section",
                        "elements": [
                            {
                                "type": "link",
                                "url": "https:\/\/godaddy.zoom.us\/j\/94597474470?pwd=MENISnpCUENyb2l4RDE4VVZTb05jUT09"
                            }
                        ]
                    }
                ]
            }
        ],
        "team": "T042E1514F3",
        "user_team": "T042E1514F3",
        "source_team": "T042E1514F3",
        "user_profile": {
            "avatar_hash": "g6730f37144b",
            "image_72": "https:\/\/secure.gravatar.com\/avatar\/6730f37144bd6ae505b97012a7f22a66.jpg?s=72&d=https%3A%2F%2Fa.slack-edge.com%2Fdf10d%2Fimg%2Favatars%2Fava_0006-72.png",
            "first_name": "chris",
            "real_name": "chris",
            "display_name": "",
            "team": "T042E1514F3",
            "name": "chris",
            "is_restricted": false,
            "is_ultra_restricted": false
        }
    },
    {
        "client_msg_id": "eb725da1-92a4-4794-b461-ca80618bb451",
        "type": "message",
        "text": "it might take me a minute to fix my audio, be patient while I fail for a bit.",
        "user": "U042R3B76SC",
        "ts": "1682021958.981829",
        "blocks": [
            {
                "type": "rich_text",
                "block_id": "oNQk",
                "elements": [
                    {
                        "type": "rich_text_section",
                        "elements": [
                            {
                                "type": "text",
                                "text": "it might take me a minute to fix my audio, be patient while I fail for a bit."
                            }
                        ]
                    }
                ]
            }
        ],
        "team": "T042E1514F3",
        "user_team": "T042E1514F3",
        "source_team": "T042E1514F3",
        "user_profile": {
            "avatar_hash": "g6730f37144b",
            "image_72": "https:\/\/secure.gravatar.com\/avatar\/6730f37144bd6ae505b97012a7f22a66.jpg?s=72&d=https%3A%2F%2Fa.slack-edge.com%2Fdf10d%2Fimg%2Favatars%2Fava_0006-72.png",
            "first_name": "chris",
            "real_name": "chris",
            "display_name": "",
            "team": "T042E1514F3",
            "name": "chris",
            "is_restricted": false,
            "is_ultra_restricted": false
        }
    },
    {
        "client_msg_id": "ad211736-3da9-481b-89f3-2d06fae9ab08",
        "type": "message",
        "text": "<@U042R51RY2C> ping fizz pop?",
        "user": "U042R3B76SC",
        "ts": "1682025786.139779",
        "blocks": [
            {
                "type": "rich_text",
                "block_id": "Pg5",
                "elements": [
                    {
                        "type": "rich_text_section",
                        "elements": [
                            {
                                "type": "user",
                                "user_id": "U042R51RY2C"
                            },
                            {
                                "type": "text",
                                "text": " ping fizz pop?"
                            }
                        ]
                    }
                ]
            }
        ],
        "team": "T042E1514F3",
        "user_team": "T042E1514F3",
        "source_team": "T042E1514F3",
        "user_profile": {
            "avatar_hash": "g6730f37144b",
            "image_72": "https:\/\/secure.gravatar.com\/avatar\/6730f37144bd6ae505b97012a7f22a66.jpg?s=72&d=https%3A%2F%2Fa.slack-edge.com%2Fdf10d%2Fimg%2Favatars%2Fava_0006-72.png",
            "first_name": "chris",
            "real_name": "chris",
            "display_name": "",
            "team": "T042E1514F3",
            "name": "chris",
            "is_restricted": false,
            "is_ultra_restricted": false
        }
    },
    {
        "client_msg_id": "ba4b0274-8cd6-470d-b9f2-3bfcac60544d",
        "type": "message",
        "text": "I think I just killed Michael. I hate it when that happens.",
        "user": "U042R3B76SC",
        "ts": "1682027503.737399",
        "blocks": [
            {
                "type": "rich_text",
                "block_id": "+tW",
                "elements": [
                    {
                        "type": "rich_text_section",
                        "elements": [
                            {
                                "type": "text",
                                "text": "I think I just killed Michael. I hate it when that happens."
                            }
                        ]
                    }
                ]
            }
        ],
        "team": "T042E1514F3",
        "user_team": "T042E1514F3",
        "source_team": "T042E1514F3",
        "user_profile": {
            "avatar_hash": "g6730f37144b",
            "image_72": "https:\/\/secure.gravatar.com\/avatar\/6730f37144bd6ae505b97012a7f22a66.jpg?s=72&d=https%3A%2F%2Fa.slack-edge.com%2Fdf10d%2Fimg%2Favatars%2Fava_0006-72.png",
            "first_name": "chris",
            "real_name": "chris",
            "display_name": "",
            "team": "T042E1514F3",
            "name": "chris",
            "is_restricted": false,
            "is_ultra_restricted": false
        }
    },
    {
        "client_msg_id": "65ebb40c-cd5f-4e9d-94e9-4cc17ea8eae2",
        "type": "message",
        "text": "Yeah, I have to keep reviving myself, it sucks.",
        "user": "U041LSQC38X",
        "ts": "1682027536.084099",
        "blocks": [
            {
                "type": "rich_text",
                "block_id": "Woj8",
                "elements": [
                    {
                        "type": "rich_text_section",
                        "elements": [
                            {
                                "type": "text",
                                "text": "Yeah, I have to keep reviving myself, it sucks."
                            }
                        ]
                    }
                ]
            }
        ],
        "team": "T042E1514F3",
        "user_team": "T042E1514F3",
        "source_team": "T042E1514F3",
        "user_profile": {
            "avatar_hash": "g60b962e7353",
            "image_72": "https:\/\/secure.gravatar.com\/avatar\/60b962e73536af1009870d33a2ba0516.jpg?s=72&d=https%3A%2F%2Fa.slack-edge.com%2Fdf10d%2Fimg%2Favatars%2Fava_0012-72.png",
            "first_name": "Michael",
            "real_name": "Michael Tice",
            "display_name": "Michael Tice",
            "team": "T042E1514F3",
            "name": "michael.tice",
            "is_restricted": false,
            "is_ultra_restricted": false
        }
    },
    {
        "client_msg_id": "634B41C1-8607-4691-9E07-A05FBCBE3E81",
        "type": "message",
        "text": "What",
        "user": "U042R51RY2C",
        "ts": "1682028068.317629",
        "blocks": [
            {
                "type": "rich_text",
                "block_id": "oO4zn",
                "elements": [
                    {
                        "type": "rich_text_section",
                        "elements": [
                            {
                                "type": "text",
                                "text": "What"
                            }
                        ]
                    }
                ]
            }
        ],
        "team": "T042E1514F3",
        "user_team": "T042E1514F3",
        "source_team": "T042E1514F3",
        "user_profile": {
            "avatar_hash": "g24c32288d4d",
            "image_72": "https:\/\/secure.gravatar.com\/avatar\/24c32288d4dbbf5694cc5c9609ec1853.jpg?s=72&d=https%3A%2F%2Fa.slack-edge.com%2Fdf10d%2Fimg%2Favatars%2Fava_0017-72.png",
            "first_name": "Tristan",
            "real_name": "Tristan Ribble",
            "display_name": "",
            "team": "T042E1514F3",
            "name": "tmribble07",
            "is_restricted": false,
            "is_ultra_restricted": false
        }
    },
    {
        "client_msg_id": "5e0b8a33-f540-467a-ac72-1f6255144fe8",
        "type": "message",
        "text": "join",
        "user": "U041LSQC38X",
        "ts": "1682028298.738069",
        "blocks": [
            {
                "type": "rich_text",
                "block_id": "A8t",
                "elements": [
                    {
                        "type": "rich_text_section",
                        "elements": [
                            {
                                "type": "text",
                                "text": "join"
                            }
                        ]
                    }
                ]
            }
        ],
        "team": "T042E1514F3",
        "user_team": "T042E1514F3",
        "source_team": "T042E1514F3",
        "user_profile": {
            "avatar_hash": "g60b962e7353",
            "image_72": "https:\/\/secure.gravatar.com\/avatar\/60b962e73536af1009870d33a2ba0516.jpg?s=72&d=https%3A%2F%2Fa.slack-edge.com%2Fdf10d%2Fimg%2Favatars%2Fava_0012-72.png",
            "first_name": "Michael",
            "real_name": "Michael Tice",
            "display_name": "Michael Tice",
            "team": "T042E1514F3",
            "name": "michael.tice",
            "is_restricted": false,
            "is_ultra_restricted": false
        }
    },
    {
        "client_msg_id": "0027d020-7ce7-4754-84bc-0c99229f1929",
        "type": "message",
        "text": "Is anyone on the WWW server? I'm trying to edit a wordpress config file, and I suddenly lost control of the keyboard.",
        "user": "U042R3B76SC",
        "ts": "1682031034.976519",
        "blocks": [
            {
                "type": "rich_text",
                "block_id": "FQXBq",
                "elements": [
                    {
                        "type": "rich_text_section",
                        "elements": [
                            {
                                "type": "text",
                                "text": "Is anyone on the WWW server? I'm trying to edit a wordpress config file, and I suddenly lost control of the keyboard."
                            }
                        ]
                    }
                ]
            }
        ],
        "team": "T042E1514F3",
        "user_team": "T042E1514F3",
        "source_team": "T042E1514F3",
        "user_profile": {
            "avatar_hash": "g6730f37144b",
            "image_72": "https:\/\/secure.gravatar.com\/avatar\/6730f37144bd6ae505b97012a7f22a66.jpg?s=72&d=https%3A%2F%2Fa.slack-edge.com%2Fdf10d%2Fimg%2Favatars%2Fava_0006-72.png",
            "first_name": "chris",
            "real_name": "chris",
            "display_name": "",
            "team": "T042E1514F3",
            "name": "chris",
            "is_restricted": false,
            "is_ultra_restricted": false
        }
    },
    {
        "client_msg_id": "43E5C0F1-D130-4DA3-9F54-E064DCE74424",
        "type": "message",
        "text": "Sorry I was at my sisters play",
        "user": "U042R51RY2C",
        "ts": "1682033086.041359",
        "blocks": [
            {
                "type": "rich_text",
                "block_id": "gDcf7",
                "elements": [
                    {
                        "type": "rich_text_section",
                        "elements": [
                            {
                                "type": "text",
                                "text": "Sorry I was at my sisters play"
                            }
                        ]
                    }
                ]
            }
        ],
        "team": "T042E1514F3",
        "user_team": "T042E1514F3",
        "source_team": "T042E1514F3",
        "user_profile": {
            "avatar_hash": "g24c32288d4d",
            "image_72": "https:\/\/secure.gravatar.com\/avatar\/24c32288d4dbbf5694cc5c9609ec1853.jpg?s=72&d=https%3A%2F%2Fa.slack-edge.com%2Fdf10d%2Fimg%2Favatars%2Fava_0017-72.png",
            "first_name": "Tristan",
            "real_name": "Tristan Ribble",
            "display_name": "",
            "team": "T042E1514F3",
            "name": "tmribble07",
            "is_restricted": false,
            "is_ultra_restricted": false
        }
    },
    {
        "client_msg_id": "5725F5A4-E972-455A-AD41-B27A5967ED9F",
        "type": "message",
        "text": "I might be able to in a second",
        "user": "U042R51RY2C",
        "ts": "1682033094.636639",
        "blocks": [
            {
                "type": "rich_text",
                "block_id": "e4d",
                "elements": [
                    {
                        "type": "rich_text_section",
                        "elements": [
                            {
                                "type": "text",
                                "text": "I might be able to in a second"
                            }
                        ]
                    }
                ]
            }
        ],
        "team": "T042E1514F3",
        "user_team": "T042E1514F3",
        "source_team": "T042E1514F3",
        "user_profile": {
            "avatar_hash": "g24c32288d4d",
            "image_72": "https:\/\/secure.gravatar.com\/avatar\/24c32288d4dbbf5694cc5c9609ec1853.jpg?s=72&d=https%3A%2F%2Fa.slack-edge.com%2Fdf10d%2Fimg%2Favatars%2Fava_0017-72.png",
            "first_name": "Tristan",
            "real_name": "Tristan Ribble",
            "display_name": "",
            "team": "T042E1514F3",
            "name": "tmribble07",
            "is_restricted": false,
            "is_ultra_restricted": false
        }
    },
    {
        "client_msg_id": "83E73B59-56F6-4E08-906D-9FBC9CA2E782",
        "type": "message",
        "text": "*30 minutes ",
        "user": "U042R51RY2C",
        "ts": "1682033109.111829",
        "blocks": [
            {
                "type": "rich_text",
                "block_id": "E3A",
                "elements": [
                    {
                        "type": "rich_text_section",
                        "elements": [
                            {
                                "type": "text",
                                "text": "*30 minutes "
                            }
                        ]
                    }
                ]
            }
        ],
        "team": "T042E1514F3",
        "user_team": "T042E1514F3",
        "source_team": "T042E1514F3",
        "user_profile": {
            "avatar_hash": "g24c32288d4d",
            "image_72": "https:\/\/secure.gravatar.com\/avatar\/24c32288d4dbbf5694cc5c9609ec1853.jpg?s=72&d=https%3A%2F%2Fa.slack-edge.com%2Fdf10d%2Fimg%2Favatars%2Fava_0017-72.png",
            "first_name": "Tristan",
            "real_name": "Tristan Ribble",
            "display_name": "",
            "team": "T042E1514F3",
            "name": "tmribble07",
            "is_restricted": false,
            "is_ultra_restricted": false
        }
    },
    {
        "client_msg_id": "42e42dad-d6a9-459c-a535-f4553e9cf99e",
        "type": "message",
        "text": "I've got the network as straightened out as I can except that I think there's a firewall running on one of the servers. I'll look at that later.",
        "user": "U042R3B76SC",
        "ts": "1682033551.260369",
        "blocks": [
            {
                "type": "rich_text",
                "block_id": "yar6",
                "elements": [
                    {
                        "type": "rich_text_section",
                        "elements": [
                            {
                                "type": "text",
                                "text": "I've got the network as straightened out as I can except that I think there's a firewall running on one of the servers. I'll look at that later."
                            }
                        ]
                    }
                ]
            }
        ],
        "team": "T042E1514F3",
        "user_team": "T042E1514F3",
        "source_team": "T042E1514F3",
        "user_profile": {
            "avatar_hash": "g6730f37144b",
            "image_72": "https:\/\/secure.gravatar.com\/avatar\/6730f37144bd6ae505b97012a7f22a66.jpg?s=72&d=https%3A%2F%2Fa.slack-edge.com%2Fdf10d%2Fimg%2Favatars%2Fava_0006-72.png",
            "first_name": "chris",
            "real_name": "chris",
            "display_name": "",
            "team": "T042E1514F3",
            "name": "chris",
            "is_restricted": false,
            "is_ultra_restricted": false
        }
    },
    {
        "client_msg_id": "5D2DB6B0-F5FF-431A-9FB5-9295CC109113",
        "type": "message",
        "text": "The WWW server has a firewall ",
        "user": "U042R51RY2C",
        "ts": "1682033585.861989",
        "blocks": [
            {
                "type": "rich_text",
                "block_id": "D+1k",
                "elements": [
                    {
                        "type": "rich_text_section",
                        "elements": [
                            {
                                "type": "text",
                                "text": "The WWW server has a firewall "
                            }
                        ]
                    }
                ]
            }
        ],
        "team": "T042E1514F3",
        "user_team": "T042E1514F3",
        "source_team": "T042E1514F3",
        "user_profile": {
            "avatar_hash": "g24c32288d4d",
            "image_72": "https:\/\/secure.gravatar.com\/avatar\/24c32288d4dbbf5694cc5c9609ec1853.jpg?s=72&d=https%3A%2F%2Fa.slack-edge.com%2Fdf10d%2Fimg%2Favatars%2Fava_0017-72.png",
            "first_name": "Tristan",
            "real_name": "Tristan Ribble",
            "display_name": "",
            "team": "T042E1514F3",
            "name": "tmribble07",
            "is_restricted": false,
            "is_ultra_restricted": false
        }
    },
    {
        "client_msg_id": "67274eef-9688-4fa1-8f14-677d753ab4a7",
        "type": "message",
        "text": "I am going to get the web app (wordpress) running on www. Then I'm going to engage in acts of personal hygiene and nutrition.",
        "user": "U042R3B76SC",
        "ts": "1682033595.022889",
        "blocks": [
            {
                "type": "rich_text",
                "block_id": "Ukp",
                "elements": [
                    {
                        "type": "rich_text_section",
                        "elements": [
                            {
                                "type": "text",
                                "text": "I am going to get the web app (wordpress) running on www. Then I'm going to engage in acts of personal hygiene and nutrition."
                            }
                        ]
                    }
                ]
            }
        ],
        "team": "T042E1514F3",
        "user_team": "T042E1514F3",
        "source_team": "T042E1514F3",
        "user_profile": {
            "avatar_hash": "g6730f37144b",
            "image_72": "https:\/\/secure.gravatar.com\/avatar\/6730f37144bd6ae505b97012a7f22a66.jpg?s=72&d=https%3A%2F%2Fa.slack-edge.com%2Fdf10d%2Fimg%2Favatars%2Fava_0006-72.png",
            "first_name": "chris",
            "real_name": "chris",
            "display_name": "",
            "team": "T042E1514F3",
            "name": "chris",
            "is_restricted": false,
            "is_ultra_restricted": false
        }
    },
    {
        "client_msg_id": "344DD60A-23E8-4B5F-B96F-E9C93A106AAE",
        "type": "message",
        "text": "As well as the windows box",
        "user": "U042R51RY2C",
        "ts": "1682033597.478369",
        "blocks": [
            {
                "type": "rich_text",
                "block_id": "zKY",
                "elements": [
                    {
                        "type": "rich_text_section",
                        "elements": [
                            {
                                "type": "text",
                                "text": "As well as the windows box"
                            }
                        ]
                    }
                ]
            }
        ],
        "team": "T042E1514F3",
        "user_team": "T042E1514F3",
        "source_team": "T042E1514F3",
        "user_profile": {
            "avatar_hash": "g24c32288d4d",
            "image_72": "https:\/\/secure.gravatar.com\/avatar\/24c32288d4dbbf5694cc5c9609ec1853.jpg?s=72&d=https%3A%2F%2Fa.slack-edge.com%2Fdf10d%2Fimg%2Favatars%2Fava_0017-72.png",
            "first_name": "Tristan",
            "real_name": "Tristan Ribble",
            "display_name": "",
            "team": "T042E1514F3",
            "name": "tmribble07",
            "is_restricted": false,
            "is_ultra_restricted": false
        },
        "edited": {
            "user": "U042R51RY2C",
            "ts": "1682033604.000000"
        }
    },
    {
        "client_msg_id": "47026280-4d42-47ca-8190-6ba04149343c",
        "type": "message",
        "text": "yep, that's not the one.",
        "user": "U042R3B76SC",
        "ts": "1682033600.139589",
        "blocks": [
            {
                "type": "rich_text",
                "block_id": "Y8TD",
                "elements": [
                    {
                        "type": "rich_text_section",
                        "elements": [
                            {
                                "type": "text",
                                "text": "yep, that's not the one."
                            }
                        ]
                    }
                ]
            }
        ],
        "team": "T042E1514F3",
        "user_team": "T042E1514F3",
        "source_team": "T042E1514F3",
        "user_profile": {
            "avatar_hash": "g6730f37144b",
            "image_72": "https:\/\/secure.gravatar.com\/avatar\/6730f37144bd6ae505b97012a7f22a66.jpg?s=72&d=https%3A%2F%2Fa.slack-edge.com%2Fdf10d%2Fimg%2Favatars%2Fava_0006-72.png",
            "first_name": "chris",
            "real_name": "chris",
            "display_name": "",
            "team": "T042E1514F3",
            "name": "chris",
            "is_restricted": false,
            "is_ultra_restricted": false
        }
    },
    {
        "client_msg_id": "2d058a3c-059c-4b3a-9775-96d375a38bd4",
        "type": "message",
        "text": "I set up the windows one. This is the .05 that's causing some issues. Don't fret; I'm just trying to accelerate the timeline so you all can work on more interesting things. We can all discuss my stuff later.",
        "user": "U042R3B76SC",
        "ts": "1682033654.671159",
        "blocks": [
            {
                "type": "rich_text",
                "block_id": "=4DIS",
                "elements": [
                    {
                        "type": "rich_text_section",
                        "elements": [
                            {
                                "type": "text",
                                "text": "I set up the windows one. This is the .05 that's causing some issues. Don't fret; I'm just trying to accelerate the timeline so you all can work on more interesting things. We can all discuss my stuff later."
                            }
                        ]
                    }
                ]
            }
        ],
        "team": "T042E1514F3",
        "user_team": "T042E1514F3",
        "source_team": "T042E1514F3",
        "user_profile": {
            "avatar_hash": "g6730f37144b",
            "image_72": "https:\/\/secure.gravatar.com\/avatar\/6730f37144bd6ae505b97012a7f22a66.jpg?s=72&d=https%3A%2F%2Fa.slack-edge.com%2Fdf10d%2Fimg%2Favatars%2Fava_0006-72.png",
            "first_name": "chris",
            "real_name": "chris",
            "display_name": "",
            "team": "T042E1514F3",
            "name": "chris",
            "is_restricted": false,
            "is_ultra_restricted": false
        }
    },
    {
        "client_msg_id": "85764715-53fb-4fc2-8a83-14f9d296a9e3",
        "type": "message",
        "text": "So <!here>, I'm going to be using web, db, and gitlab to get wordpress running and hopefully a little more secure than it was given to us. I'll report back in a bit. I sure wish we had more time like they did last year! I'm taking notes, though.",
        "user": "U042R3B76SC",
        "ts": "1682033748.010949",
        "blocks": [
            {
                "type": "rich_text",
                "block_id": "8DMjX",
                "elements": [
                    {
                        "type": "rich_text_section",
                        "elements": [
                            {
                                "type": "text",
                                "text": "So "
                            },
                            {
                                "type": "broadcast",
                                "range": "here"
                            },
                            {
                                "type": "text",
                                "text": ", I'm going to be using web, db, and gitlab to get wordpress running and hopefully a little more secure than it was given to us. I'll report back in a bit. I sure wish we had more time like they did last year! I'm taking notes, though."
                            }
                        ]
                    }
                ]
            }
        ],
        "team": "T042E1514F3",
        "user_team": "T042E1514F3",
        "source_team": "T042E1514F3",
        "user_profile": {
            "avatar_hash": "g6730f37144b",
            "image_72": "https:\/\/secure.gravatar.com\/avatar\/6730f37144bd6ae505b97012a7f22a66.jpg?s=72&d=https%3A%2F%2Fa.slack-edge.com%2Fdf10d%2Fimg%2Favatars%2Fava_0006-72.png",
            "first_name": "chris",
            "real_name": "chris",
            "display_name": "",
            "team": "T042E1514F3",
            "name": "chris",
            "is_restricted": false,
            "is_ultra_restricted": false
        }
    },
    {
        "client_msg_id": "6e86fb0c-28ba-4a07-8450-d68fecb8e174",
        "type": "message",
        "text": "<@U042U2F450R>, can you work on the gitlab server tomorrow, or does it have to be tonight?",
        "user": "U042R3B76SC",
        "ts": "1682033767.800759",
        "blocks": [
            {
                "type": "rich_text",
                "block_id": "kPYs",
                "elements": [
                    {
                        "type": "rich_text_section",
                        "elements": [
                            {
                                "type": "user",
                                "user_id": "U042U2F450R"
                            },
                            {
                                "type": "text",
                                "text": ", can you work on the gitlab server tomorrow, or does it have to be tonight?"
                            }
                        ]
                    }
                ]
            }
        ],
        "team": "T042E1514F3",
        "user_team": "T042E1514F3",
        "source_team": "T042E1514F3",
        "user_profile": {
            "avatar_hash": "g6730f37144b",
            "image_72": "https:\/\/secure.gravatar.com\/avatar\/6730f37144bd6ae505b97012a7f22a66.jpg?s=72&d=https%3A%2F%2Fa.slack-edge.com%2Fdf10d%2Fimg%2Favatars%2Fava_0006-72.png",
            "first_name": "chris",
            "real_name": "chris",
            "display_name": "",
            "team": "T042E1514F3",
            "name": "chris",
            "is_restricted": false,
            "is_ultra_restricted": false
        }
    },
    {
        "client_msg_id": "07596425-821c-4a68-8c1f-c935bbfa917f",
        "type": "message",
        "text": "I can do it tonight, but evenings are typically my decompression time.",
        "user": "U042R3B76SC",
        "ts": "1682033796.359189",
        "blocks": [
            {
                "type": "rich_text",
                "block_id": "Osa76",
                "elements": [
                    {
                        "type": "rich_text_section",
                        "elements": [
                            {
                                "type": "text",
                                "text": "I can do it tonight, but evenings are typically my decompression time."
                            }
                        ]
                    }
                ]
            }
        ],
        "team": "T042E1514F3",
        "user_team": "T042E1514F3",
        "source_team": "T042E1514F3",
        "user_profile": {
            "avatar_hash": "g6730f37144b",
            "image_72": "https:\/\/secure.gravatar.com\/avatar\/6730f37144bd6ae505b97012a7f22a66.jpg?s=72&d=https%3A%2F%2Fa.slack-edge.com%2Fdf10d%2Fimg%2Favatars%2Fava_0006-72.png",
            "first_name": "chris",
            "real_name": "chris",
            "display_name": "",
            "team": "T042E1514F3",
            "name": "chris",
            "is_restricted": false,
            "is_ultra_restricted": false
        }
    },
    {
        "client_msg_id": "97224b24-87c0-4af3-b40a-c7f395582471",
        "type": "message",
        "text": "Preferably tomorrow. Tonight is ending up being kind of busy.",
        "user": "U042U2F450R",
        "ts": "1682037564.170909",
        "blocks": [
            {
                "type": "rich_text",
                "block_id": "CRMfZ",
                "elements": [
                    {
                        "type": "rich_text_section",
                        "elements": [
                            {
                                "type": "text",
                                "text": "Preferably tomorrow. Tonight is ending up being kind of busy."
                            }
                        ]
                    }
                ]
            }
        ],
        "team": "T042E1514F3",
        "user_team": "T042E1514F3",
        "source_team": "T042E1514F3",
        "user_profile": {
            "avatar_hash": "gff8e94624db",
            "image_72": "https:\/\/secure.gravatar.com\/avatar\/ff8e94624db08a84843122675f06ea92.jpg?s=72&d=https%3A%2F%2Fa.slack-edge.com%2Fdf10d%2Fimg%2Favatars%2Fava_0004-72.png",
            "first_name": "Anna",
            "real_name": "Anna",
            "display_name": "Anna",
            "team": "T042E1514F3",
            "name": "annam45",
            "is_restricted": false,
            "is_ultra_restricted": false
        }
    },
    {
        "client_msg_id": "18f05d54-9e94-4672-ae85-ec7156d75100",
        "type": "message",
        "text": "Sounds good. That will be better for me as well. Have a good evening!",
        "user": "U042R3B76SC",
        "ts": "1682037591.665039",
        "blocks": [
            {
                "type": "rich_text",
                "block_id": "NuAu",
                "elements": [
                    {
                        "type": "rich_text_section",
                        "elements": [
                            {
                                "type": "text",
                                "text": "Sounds good. That will be better for me as well. Have a good evening!"
                            }
                        ]
                    }
                ]
            }
        ],
        "team": "T042E1514F3",
        "user_team": "T042E1514F3",
        "source_team": "T042E1514F3",
        "user_profile": {
            "avatar_hash": "g6730f37144b",
            "image_72": "https:\/\/secure.gravatar.com\/avatar\/6730f37144bd6ae505b97012a7f22a66.jpg?s=72&d=https%3A%2F%2Fa.slack-edge.com%2Fdf10d%2Fimg%2Favatars%2Fava_0006-72.png",
            "first_name": "chris",
            "real_name": "chris",
            "display_name": "",
            "team": "T042E1514F3",
            "name": "chris",
            "is_restricted": false,
            "is_ultra_restricted": false
        }
    },
    {
        "type": "message",
        "text": "",
        "files": [
            {
                "id": "F053VHS4NF9",
                "created": 1682043219,
                "timestamp": 1682043219,
                "name": "image.png",
                "title": "image.png",
                "mimetype": "image\/png",
                "filetype": "png",
                "pretty_type": "PNG",
                "user": "U042R3B76SC",
                "user_team": "T042E1514F3",
                "editable": false,
                "size": 426539,
                "mode": "hosted",
                "is_external": false,
                "external_type": "",
                "is_public": true,
                "public_url_shared": false,
                "display_as_bot": false,
                "username": "",
                "url_private": "https:\/\/files.slack.com\/files-pri\/T042E1514F3-F053VHS4NF9\/image.png?t=xoxe-4082039038513-5909763746612-5907217023875-336a8277661c30aa211f6bb0466e7c24",
                "url_private_download": "https:\/\/files.slack.com\/files-pri\/T042E1514F3-F053VHS4NF9\/download\/image.png?t=xoxe-4082039038513-5909763746612-5907217023875-336a8277661c30aa211f6bb0466e7c24",
                "media_display_type": "unknown",
                "thumb_64": "https:\/\/files.slack.com\/files-tmb\/T042E1514F3-F053VHS4NF9-727b63e123\/image_64.png?t=xoxe-4082039038513-5909763746612-5907217023875-336a8277661c30aa211f6bb0466e7c24",
                "thumb_80": "https:\/\/files.slack.com\/files-tmb\/T042E1514F3-F053VHS4NF9-727b63e123\/image_80.png?t=xoxe-4082039038513-5909763746612-5907217023875-336a8277661c30aa211f6bb0466e7c24",
                "thumb_360": "https:\/\/files.slack.com\/files-tmb\/T042E1514F3-F053VHS4NF9-727b63e123\/image_360.png?t=xoxe-4082039038513-5909763746612-5907217023875-336a8277661c30aa211f6bb0466e7c24",
                "thumb_360_w": 360,
                "thumb_360_h": 269,
                "thumb_480": "https:\/\/files.slack.com\/files-tmb\/T042E1514F3-F053VHS4NF9-727b63e123\/image_480.png?t=xoxe-4082039038513-5909763746612-5907217023875-336a8277661c30aa211f6bb0466e7c24",
                "thumb_480_w": 480,
                "thumb_480_h": 359,
                "thumb_160": "https:\/\/files.slack.com\/files-tmb\/T042E1514F3-F053VHS4NF9-727b63e123\/image_160.png?t=xoxe-4082039038513-5909763746612-5907217023875-336a8277661c30aa211f6bb0466e7c24",
                "thumb_720": "https:\/\/files.slack.com\/files-tmb\/T042E1514F3-F053VHS4NF9-727b63e123\/image_720.png?t=xoxe-4082039038513-5909763746612-5907217023875-336a8277661c30aa211f6bb0466e7c24",
                "thumb_720_w": 720,
                "thumb_720_h": 539,
                "thumb_800": "https:\/\/files.slack.com\/files-tmb\/T042E1514F3-F053VHS4NF9-727b63e123\/image_800.png?t=xoxe-4082039038513-5909763746612-5907217023875-336a8277661c30aa211f6bb0466e7c24",
                "thumb_800_w": 800,
                "thumb_800_h": 599,
                "thumb_960": "https:\/\/files.slack.com\/files-tmb\/T042E1514F3-F053VHS4NF9-727b63e123\/image_960.png?t=xoxe-4082039038513-5909763746612-5907217023875-336a8277661c30aa211f6bb0466e7c24",
                "thumb_960_w": 960,
                "thumb_960_h": 718,
                "thumb_1024": "https:\/\/files.slack.com\/files-tmb\/T042E1514F3-F053VHS4NF9-727b63e123\/image_1024.png?t=xoxe-4082039038513-5909763746612-5907217023875-336a8277661c30aa211f6bb0466e7c24",
                "thumb_1024_w": 1024,
                "thumb_1024_h": 766,
                "original_w": 2098,
                "original_h": 1570,
                "thumb_tiny": "AwAjADB0d1axJhTJjOeQKd\/aFv8A3n\/75q9tX0H5UmOfuj8qAMt5rN3LEyZPXik8yx9ZfyrWwv8Ad\/SjaPQflQBkb7H1lp6fY2bCmXNam0eg\/KjaPQUAMjE2\/wDeFCvsDmn4FLTT160ALgUYFJ+P60vHqaAFopMe5paACiiigAooooAKKKKAP\/\/Z",
                "permalink": "https:\/\/cyberdefense2022-2023.slack.com\/files\/U042R3B76SC\/F053VHS4NF9\/image.png",
                "permalink_public": "https:\/\/slack-files.com\/T042E1514F3-F053VHS4NF9-aebdc4ab31",
                "is_starred": false,
                "has_rich_preview": false,
                "file_access": "visible"
            }
        ],
        "upload": false,
        "user": "U042R3B76SC",
        "display_as_bot": false,
        "ts": "1682043223.525219",
        "client_msg_id": "64fb923c-d006-4e48-9c74-4197a0ac265d"
    },
    {
        "client_msg_id": "2831461a-1f98-43e9-9fd1-9859c160fdeb",
        "type": "message",
        "text": "Can confirm, it works",
        "user": "U041LSQC38X",
        "ts": "1682043276.022079",
        "blocks": [
            {
                "type": "rich_text",
                "block_id": "6\/2",
                "elements": [
                    {
                        "type": "rich_text_section",
                        "elements": [
                            {
                                "type": "text",
                                "text": "Can confirm, it works"
                            }
                        ]
                    }
                ]
            }
        ],
        "team": "T042E1514F3",
        "user_team": "T042E1514F3",
        "source_team": "T042E1514F3",
        "user_profile": {
            "avatar_hash": "g60b962e7353",
            "image_72": "https:\/\/secure.gravatar.com\/avatar\/60b962e73536af1009870d33a2ba0516.jpg?s=72&d=https%3A%2F%2Fa.slack-edge.com%2Fdf10d%2Fimg%2Favatars%2Fava_0012-72.png",
            "first_name": "Michael",
            "real_name": "Michael Tice",
            "display_name": "Michael Tice",
            "team": "T042E1514F3",
            "name": "michael.tice",
            "is_restricted": false,
            "is_ultra_restricted": false
        },
        "edited": {
            "user": "U041LSQC38X",
            "ts": "1682043284.000000"
        },
        "reactions": [
            {
                "name": "llama",
                "users": [
                    "U042R3B76SC"
                ],
                "count": 1
            }
        ]
    },
    {
        "client_msg_id": "94bb88fb-02aa-4bd6-a59b-4d709e413e29",
        "type": "message",
        "text": "I have notes :slightly_smiling_face:",
        "user": "U042R3B76SC",
        "ts": "1682043318.190899",
        "blocks": [
            {
                "type": "rich_text",
                "block_id": "Y9S3W",
                "elements": [
                    {
                        "type": "rich_text_section",
                        "elements": [
                            {
                                "type": "text",
                                "text": "I have notes "
                            },
                            {
                                "type": "emoji",
                                "name": "slightly_smiling_face",
                                "unicode": "1f642"
                            }
                        ]
                    }
                ]
            }
        ],
        "team": "T042E1514F3",
        "user_team": "T042E1514F3",
        "source_team": "T042E1514F3",
        "user_profile": {
            "avatar_hash": "g6730f37144b",
            "image_72": "https:\/\/secure.gravatar.com\/avatar\/6730f37144bd6ae505b97012a7f22a66.jpg?s=72&d=https%3A%2F%2Fa.slack-edge.com%2Fdf10d%2Fimg%2Favatars%2Fava_0006-72.png",
            "first_name": "chris",
            "real_name": "chris",
            "display_name": "",
            "team": "T042E1514F3",
            "name": "chris",
            "is_restricted": false,
            "is_ultra_restricted": false
        }
    },
    {
        "client_msg_id": "b3c15506-dd89-4b63-a1ab-6e03d57e4496",
        "type": "message",
        "text": "<@U041LSQC38X> I know it's late, but can we meet right now and talk about the documentation? There isn't a lot of time left.",
        "user": "U042U2F450R",
        "ts": "1682046012.639439",
        "blocks": [
            {
                "type": "rich_text",
                "block_id": "xh=",
                "elements": [
                    {
                        "type": "rich_text_section",
                        "elements": [
                            {
                                "type": "user",
                                "user_id": "U041LSQC38X"
                            },
                            {
                                "type": "text",
                                "text": " I know it's late, but can we meet right now and talk about the documentation? There isn't a lot of time left."
                            }
                        ]
                    }
                ]
            }
        ],
        "team": "T042E1514F3",
        "user_team": "T042E1514F3",
        "source_team": "T042E1514F3",
        "user_profile": {
            "avatar_hash": "gff8e94624db",
            "image_72": "https:\/\/secure.gravatar.com\/avatar\/ff8e94624db08a84843122675f06ea92.jpg?s=72&d=https%3A%2F%2Fa.slack-edge.com%2Fdf10d%2Fimg%2Favatars%2Fava_0004-72.png",
            "first_name": "Anna",
            "real_name": "Anna",
            "display_name": "Anna",
            "team": "T042E1514F3",
            "name": "annam45",
            "is_restricted": false,
            "is_ultra_restricted": false
        }
    },
    {
        "type": "message",
        "text": "*End of Day Notes*\n\nI have recorded password changes, network changes, database changes, and web servers that I made today in Trello. See the Trello Lists for each server, and the List called \"Chris's List,\" for details.\n\nThat's a brief summary of a lot of stuff. :slightly_smiling_face:\n\nAlso, in addition to the Wordpress site being up and running, I want to point out that although there is a smidge of work to do on it, Anna has the GitLab site up also!",
        "files": [
            {
                "id": "F054ZUXBX3J",
                "created": 1682046714,
                "timestamp": 1682046714,
                "name": "image.png",
                "title": "image.png",
                "mimetype": "image\/png",
                "filetype": "png",
                "pretty_type": "PNG",
                "user": "U042R3B76SC",
                "user_team": "T042E1514F3",
                "editable": false,
                "size": 424726,
                "mode": "hosted",
                "is_external": false,
                "external_type": "",
                "is_public": true,
                "public_url_shared": false,
                "display_as_bot": false,
                "username": "",
                "url_private": "https:\/\/files.slack.com\/files-pri\/T042E1514F3-F054ZUXBX3J\/image.png?t=xoxe-4082039038513-5909763746612-5907217023875-336a8277661c30aa211f6bb0466e7c24",
                "url_private_download": "https:\/\/files.slack.com\/files-pri\/T042E1514F3-F054ZUXBX3J\/download\/image.png?t=xoxe-4082039038513-5909763746612-5907217023875-336a8277661c30aa211f6bb0466e7c24",
                "media_display_type": "unknown",
                "thumb_64": "https:\/\/files.slack.com\/files-tmb\/T042E1514F3-F054ZUXBX3J-cc3413e909\/image_64.png?t=xoxe-4082039038513-5909763746612-5907217023875-336a8277661c30aa211f6bb0466e7c24",
                "thumb_80": "https:\/\/files.slack.com\/files-tmb\/T042E1514F3-F054ZUXBX3J-cc3413e909\/image_80.png?t=xoxe-4082039038513-5909763746612-5907217023875-336a8277661c30aa211f6bb0466e7c24",
                "thumb_360": "https:\/\/files.slack.com\/files-tmb\/T042E1514F3-F054ZUXBX3J-cc3413e909\/image_360.png?t=xoxe-4082039038513-5909763746612-5907217023875-336a8277661c30aa211f6bb0466e7c24",
                "thumb_360_w": 360,
                "thumb_360_h": 284,
                "thumb_480": "https:\/\/files.slack.com\/files-tmb\/T042E1514F3-F054ZUXBX3J-cc3413e909\/image_480.png?t=xoxe-4082039038513-5909763746612-5907217023875-336a8277661c30aa211f6bb0466e7c24",
                "thumb_480_w": 480,
                "thumb_480_h": 379,
                "thumb_160": "https:\/\/files.slack.com\/files-tmb\/T042E1514F3-F054ZUXBX3J-cc3413e909\/image_160.png?t=xoxe-4082039038513-5909763746612-5907217023875-336a8277661c30aa211f6bb0466e7c24",
                "thumb_720": "https:\/\/files.slack.com\/files-tmb\/T042E1514F3-F054ZUXBX3J-cc3413e909\/image_720.png?t=xoxe-4082039038513-5909763746612-5907217023875-336a8277661c30aa211f6bb0466e7c24",
                "thumb_720_w": 720,
                "thumb_720_h": 568,
                "thumb_800": "https:\/\/files.slack.com\/files-tmb\/T042E1514F3-F054ZUXBX3J-cc3413e909\/image_800.png?t=xoxe-4082039038513-5909763746612-5907217023875-336a8277661c30aa211f6bb0466e7c24",
                "thumb_800_w": 800,
                "thumb_800_h": 631,
                "thumb_960": "https:\/\/files.slack.com\/files-tmb\/T042E1514F3-F054ZUXBX3J-cc3413e909\/image_960.png?t=xoxe-4082039038513-5909763746612-5907217023875-336a8277661c30aa211f6bb0466e7c24",
                "thumb_960_w": 960,
                "thumb_960_h": 757,
                "thumb_1024": "https:\/\/files.slack.com\/files-tmb\/T042E1514F3-F054ZUXBX3J-cc3413e909\/image_1024.png?t=xoxe-4082039038513-5909763746612-5907217023875-336a8277661c30aa211f6bb0466e7c24",
                "thumb_1024_w": 1024,
                "thumb_1024_h": 808,
                "original_w": 2103,
                "original_h": 1659,
                "thumb_tiny": "AwAlADB8c9tEu1WfB55FP+2Qf3m\/75q2FHoKXavoPyp6AZkjWkjli0mT1wKTFl\/elrTO0fw\/pR8n93\/x2jQDMxZ\/3pKMWY53SVqbV9B+VG1fQflRoAClJwM0CkI4NIAGGGcfnRgegpFBByadQAhYAgUtIQSaXGBQAlDHAzRSP9w0AIr5IGOtPqFPvipaAEZ9p6UoORmmSdfwpy\/dFAH\/2Q==",
                "permalink": "https:\/\/cyberdefense2022-2023.slack.com\/files\/U042R3B76SC\/F054ZUXBX3J\/image.png",
                "permalink_public": "https:\/\/slack-files.com\/T042E1514F3-F054ZUXBX3J-a6506c4b92",
                "is_starred": false,
                "has_rich_preview": false,
                "file_access": "visible"
            }
        ],
        "upload": false,
        "user": "U042R3B76SC",
        "display_as_bot": false,
        "ts": "1682046741.307869",
        "blocks": [
            {
                "type": "rich_text",
                "block_id": "7d7rd",
                "elements": [
                    {
                        "type": "rich_text_section",
                        "elements": [
                            {
                                "type": "text",
                                "text": "End of Day Notes",
                                "style": {
                                    "bold": true
                                }
                            },
                            {
                                "type": "text",
                                "text": "\n\nI have recorded password changes, network changes, database changes, and web servers that I made today in Trello. See the Trello Lists for each server, and the List called \"Chris's List,\" for details.\n\nThat's a brief summary of a lot of stuff. "
                            },
                            {
                                "type": "emoji",
                                "name": "slightly_smiling_face",
                                "unicode": "1f642"
                            },
                            {
                                "type": "text",
                                "text": "\n\nAlso, in addition to the Wordpress site being up and running, I want to point out that although there is a smidge of work to do on it, Anna has the GitLab site up also!"
                            }
                        ]
                    }
                ]
            }
        ],
        "client_msg_id": "621785a1-8e74-44bb-ae29-c9e84b9c793f"
    },
    {
        "client_msg_id": "d7ec391e-6019-4de8-a8ab-9d1b5a8da6a7",
        "type": "message",
        "text": "Chris, when are we meeting tomorrow?",
        "user": "U042U2F450R",
        "ts": "1682048482.552499",
        "blocks": [
            {
                "type": "rich_text",
                "block_id": "UsuE",
                "elements": [
                    {
                        "type": "rich_text_section",
                        "elements": [
                            {
                                "type": "text",
                                "text": "Chris, when are we meeting tomorrow?"
                            }
                        ]
                    }
                ]
            }
        ],
        "team": "T042E1514F3",
        "user_team": "T042E1514F3",
        "source_team": "T042E1514F3",
        "user_profile": {
            "avatar_hash": "gff8e94624db",
            "image_72": "https:\/\/secure.gravatar.com\/avatar\/ff8e94624db08a84843122675f06ea92.jpg?s=72&d=https%3A%2F%2Fa.slack-edge.com%2Fdf10d%2Fimg%2Favatars%2Fava_0004-72.png",
            "first_name": "Anna",
            "real_name": "Anna",
            "display_name": "Anna",
            "team": "T042E1514F3",
            "name": "annam45",
            "is_restricted": false,
            "is_ultra_restricted": false
        }
    }
]