[
    {
        "bot_id": "B052RHNE82E",
        "type": "message",
        "text": "tmribble07 created a Task CDC2023-30 investigate java, why is it installed? Also update java as well",
        "user": "U053F8E317S",
        "ts": "1681304598.488359",
        "app_id": "A2RPP3NFR",
        "blocks": [
            {
                "type": "section",
                "block_id": "no:ih:10029::64fc9360d93211edb5d27bc13c178c6f",
                "text": {
                    "type": "mrkdwn",
                    "text": "*tmribble07 created a Task*\n*<https:\/\/cdc2023.atlassian.net\/browse\/CDC2023-30?atlOrigin=eyJpIjoiMGYyYTk2NDZjZDVlNDg1ZmFkNjc3ZDFkZWQ2ZWJhZmQiLCJwIjoiamlyYS1zbGFjay1pbnQifQ|CDC2023-30 investigate java, why is it installed? Also update java as well>*",
                    "verbatim": false
                },
                "accessory": {
                    "type": "overflow",
                    "action_id": "{\"issueId\":\"10029\",\"instanceId\":\"10611f2c-0537-3ea5-a6a7-765564e825d7\",\"projectId\":\"10000\"}",
                    "options": [
                        {
                            "text": {
                                "type": "plain_text",
                                "text": "Watch",
                                "emoji": true
                            },
                            "value": "watch"
                        },
                        {
                            "text": {
                                "type": "plain_text",
                                "text": "Comment",
                                "emoji": true
                            },
                            "value": "comment"
                        },
                        {
                            "text": {
                                "type": "plain_text",
                                "text": "Assign",
                                "emoji": true
                            },
                            "value": "assign"
                        },
                        {
                            "text": {
                                "type": "plain_text",
                                "text": "Transition",
                                "emoji": true
                            },
                            "value": "transition"
                        },
                        {
                            "text": {
                                "type": "plain_text",
                                "text": "Why am I seeing this?",
                                "emoji": true
                            },
                            "value": "why"
                        }
                    ]
                }
            },
            {
                "type": "context",
                "block_id": "no:cx:10029::64fc9361d93211edb5d27bc13c178c6f",
                "elements": [
                    {
                        "type": "mrkdwn",
                        "text": "Status: *To Do*",
                        "verbatim": false
                    },
                    {
                        "type": "image",
                        "image_url": "https:\/\/product-integrations-cdn.atl-paas.net\/jira-issuetype\/task.png",
                        "alt_text": "Task"
                    },
                    {
                        "type": "mrkdwn",
                        "text": "Type: *Task*",
                        "verbatim": false
                    },
                    {
                        "type": "image",
                        "image_url": "https:\/\/product-integrations-cdn.atl-paas.net\/icons\/unknown-user.png",
                        "alt_text": "Unassigned"
                    },
                    {
                        "type": "mrkdwn",
                        "text": "Assignee: *Unassigned*",
                        "verbatim": false
                    },
                    {
                        "type": "image",
                        "image_url": "https:\/\/product-integrations-cdn.atl-paas.net\/jira-priority\/medium.png",
                        "alt_text": "Medium"
                    },
                    {
                        "type": "mrkdwn",
                        "text": "Priority: *Medium*",
                        "verbatim": false
                    }
                ]
            }
        ],
        "team": "T042E1514F3",
        "bot_profile": {
            "id": "B052RHNE82E",
            "app_id": "A2RPP3NFR",
            "name": "Jira Cloud",
            "icons": {
                "image_36": "https:\/\/avatars.slack-edge.com\/2018-11-30\/493753869479_4b703f4119efe3d7d0ff_36.png",
                "image_48": "https:\/\/avatars.slack-edge.com\/2018-11-30\/493753869479_4b703f4119efe3d7d0ff_48.png",
                "image_72": "https:\/\/avatars.slack-edge.com\/2018-11-30\/493753869479_4b703f4119efe3d7d0ff_72.png"
            },
            "deleted": false,
            "updated": 1681239587,
            "team_id": "T042E1514F3"
        }
    },
    {
        "bot_id": "B052RHNE82E",
        "type": "message",
        "text": "tmribble07 created a Task CDC2023-31 investigate the user rpc, all but guaranteed to be a back door.",
        "user": "U053F8E317S",
        "ts": "1681304967.332559",
        "app_id": "A2RPP3NFR",
        "blocks": [
            {
                "type": "section",
                "block_id": "no:ih:10030::40d67770d93311ed84a4add89e4ea1cf",
                "text": {
                    "type": "mrkdwn",
                    "text": "*tmribble07 created a Task*\n*<https:\/\/cdc2023.atlassian.net\/browse\/CDC2023-31?atlOrigin=eyJpIjoiOThkY2MxMWNmMjViNDM1OGI3OWY4NTMzMGI1OGFhZWQiLCJwIjoiamlyYS1zbGFjay1pbnQifQ|CDC2023-31 investigate the user rpc, all but guaranteed to be a back door.>*",
                    "verbatim": false
                },
                "accessory": {
                    "type": "overflow",
                    "action_id": "{\"issueId\":\"10030\",\"instanceId\":\"10611f2c-0537-3ea5-a6a7-765564e825d7\",\"projectId\":\"10000\"}",
                    "options": [
                        {
                            "text": {
                                "type": "plain_text",
                                "text": "Watch",
                                "emoji": true
                            },
                            "value": "watch"
                        },
                        {
                            "text": {
                                "type": "plain_text",
                                "text": "Comment",
                                "emoji": true
                            },
                            "value": "comment"
                        },
                        {
                            "text": {
                                "type": "plain_text",
                                "text": "Assign",
                                "emoji": true
                            },
                            "value": "assign"
                        },
                        {
                            "text": {
                                "type": "plain_text",
                                "text": "Transition",
                                "emoji": true
                            },
                            "value": "transition"
                        },
                        {
                            "text": {
                                "type": "plain_text",
                                "text": "Why am I seeing this?",
                                "emoji": true
                            },
                            "value": "why"
                        }
                    ]
                }
            },
            {
                "type": "context",
                "block_id": "no:cx:10030::40d67771d93311ed84a4add89e4ea1cf",
                "elements": [
                    {
                        "type": "mrkdwn",
                        "text": "Status: *To Do*",
                        "verbatim": false
                    },
                    {
                        "type": "image",
                        "image_url": "https:\/\/product-integrations-cdn.atl-paas.net\/jira-issuetype\/task.png",
                        "alt_text": "Task"
                    },
                    {
                        "type": "mrkdwn",
                        "text": "Type: *Task*",
                        "verbatim": false
                    },
                    {
                        "type": "image",
                        "image_url": "https:\/\/product-integrations-cdn.atl-paas.net\/icons\/unknown-user.png",
                        "alt_text": "Unassigned"
                    },
                    {
                        "type": "mrkdwn",
                        "text": "Assignee: *Unassigned*",
                        "verbatim": false
                    },
                    {
                        "type": "image",
                        "image_url": "https:\/\/product-integrations-cdn.atl-paas.net\/jira-priority\/medium.png",
                        "alt_text": "Medium"
                    },
                    {
                        "type": "mrkdwn",
                        "text": "Priority: *Medium*",
                        "verbatim": false
                    }
                ]
            }
        ],
        "team": "T042E1514F3",
        "bot_profile": {
            "id": "B052RHNE82E",
            "app_id": "A2RPP3NFR",
            "name": "Jira Cloud",
            "icons": {
                "image_36": "https:\/\/avatars.slack-edge.com\/2018-11-30\/493753869479_4b703f4119efe3d7d0ff_36.png",
                "image_48": "https:\/\/avatars.slack-edge.com\/2018-11-30\/493753869479_4b703f4119efe3d7d0ff_48.png",
                "image_72": "https:\/\/avatars.slack-edge.com\/2018-11-30\/493753869479_4b703f4119efe3d7d0ff_72.png"
            },
            "deleted": false,
            "updated": 1681239587,
            "team_id": "T042E1514F3"
        }
    },
    {
        "bot_id": "B052RHNE82E",
        "type": "message",
        "text": "tmribble07 created a Task CDC2023-32 investigate user rpc, he cannot log in, and is all but guaranteed…",
        "user": "U053F8E317S",
        "ts": "1681305014.842979",
        "app_id": "A2RPP3NFR",
        "blocks": [
            {
                "type": "section",
                "block_id": "no:ih:10031::5d1b40a0d93311edb08c93513cd514dc",
                "text": {
                    "type": "mrkdwn",
                    "text": "*tmribble07 created a Task*\n*<https:\/\/cdc2023.atlassian.net\/browse\/CDC2023-32?atlOrigin=eyJpIjoiZTdkYTM3YTlmYjg5NDk2NDliZWUwYWYwODFkMjczYzIiLCJwIjoiamlyYS1zbGFjay1pbnQifQ|CDC2023-32 investigate user rpc, he cannot log in, and is all but guaranteed…>*",
                    "verbatim": false
                },
                "accessory": {
                    "type": "overflow",
                    "action_id": "{\"issueId\":\"10031\",\"instanceId\":\"10611f2c-0537-3ea5-a6a7-765564e825d7\",\"projectId\":\"10000\"}",
                    "options": [
                        {
                            "text": {
                                "type": "plain_text",
                                "text": "Watch",
                                "emoji": true
                            },
                            "value": "watch"
                        },
                        {
                            "text": {
                                "type": "plain_text",
                                "text": "Comment",
                                "emoji": true
                            },
                            "value": "comment"
                        },
                        {
                            "text": {
                                "type": "plain_text",
                                "text": "Assign",
                                "emoji": true
                            },
                            "value": "assign"
                        },
                        {
                            "text": {
                                "type": "plain_text",
                                "text": "Transition",
                                "emoji": true
                            },
                            "value": "transition"
                        },
                        {
                            "text": {
                                "type": "plain_text",
                                "text": "Why am I seeing this?",
                                "emoji": true
                            },
                            "value": "why"
                        }
                    ]
                }
            },
            {
                "type": "context",
                "block_id": "no:cx:10031::5d1b40a1d93311edb08c93513cd514dc",
                "elements": [
                    {
                        "type": "mrkdwn",
                        "text": "Status: *To Do*",
                        "verbatim": false
                    },
                    {
                        "type": "image",
                        "image_url": "https:\/\/product-integrations-cdn.atl-paas.net\/jira-issuetype\/task.png",
                        "alt_text": "Task"
                    },
                    {
                        "type": "mrkdwn",
                        "text": "Type: *Task*",
                        "verbatim": false
                    },
                    {
                        "type": "image",
                        "image_url": "https:\/\/product-integrations-cdn.atl-paas.net\/icons\/unknown-user.png",
                        "alt_text": "Unassigned"
                    },
                    {
                        "type": "mrkdwn",
                        "text": "Assignee: *Unassigned*",
                        "verbatim": false
                    },
                    {
                        "type": "image",
                        "image_url": "https:\/\/product-integrations-cdn.atl-paas.net\/jira-priority\/medium.png",
                        "alt_text": "Medium"
                    },
                    {
                        "type": "mrkdwn",
                        "text": "Priority: *Medium*",
                        "verbatim": false
                    }
                ]
            }
        ],
        "team": "T042E1514F3",
        "bot_profile": {
            "id": "B052RHNE82E",
            "app_id": "A2RPP3NFR",
            "name": "Jira Cloud",
            "icons": {
                "image_36": "https:\/\/avatars.slack-edge.com\/2018-11-30\/493753869479_4b703f4119efe3d7d0ff_36.png",
                "image_48": "https:\/\/avatars.slack-edge.com\/2018-11-30\/493753869479_4b703f4119efe3d7d0ff_48.png",
                "image_72": "https:\/\/avatars.slack-edge.com\/2018-11-30\/493753869479_4b703f4119efe3d7d0ff_72.png"
            },
            "deleted": false,
            "updated": 1681239587,
            "team_id": "T042E1514F3"
        }
    },
    {
        "bot_id": "B052RHNE82E",
        "type": "message",
        "text": "tmribble07 created a Task CDC2023-33 investigate \/root\/wordpress\/wp-admin\/maint\/repair.php, it says th…",
        "user": "U053F8E317S",
        "ts": "1681306281.071579",
        "app_id": "A2RPP3NFR",
        "blocks": [
            {
                "type": "section",
                "block_id": "no:ih:10032::4fd95d20d93611edb08c93513cd514dc",
                "text": {
                    "type": "mrkdwn",
                    "text": "*tmribble07 created a Task*\n*<https:\/\/cdc2023.atlassian.net\/browse\/CDC2023-33?atlOrigin=eyJpIjoiNTliMTJiZGVhZDRmNGIzODg3MDVjZGJiN2IxODA2ODMiLCJwIjoiamlyYS1zbGFjay1pbnQifQ|CDC2023-33 investigate \/root\/wordpress\/wp-admin\/maint\/repair.php, it says th…>*",
                    "verbatim": false
                },
                "accessory": {
                    "type": "overflow",
                    "action_id": "{\"issueId\":\"10032\",\"instanceId\":\"10611f2c-0537-3ea5-a6a7-765564e825d7\",\"projectId\":\"10000\"}",
                    "options": [
                        {
                            "text": {
                                "type": "plain_text",
                                "text": "Watch",
                                "emoji": true
                            },
                            "value": "watch"
                        },
                        {
                            "text": {
                                "type": "plain_text",
                                "text": "Comment",
                                "emoji": true
                            },
                            "value": "comment"
                        },
                        {
                            "text": {
                                "type": "plain_text",
                                "text": "Assign",
                                "emoji": true
                            },
                            "value": "assign"
                        },
                        {
                            "text": {
                                "type": "plain_text",
                                "text": "Transition",
                                "emoji": true
                            },
                            "value": "transition"
                        },
                        {
                            "text": {
                                "type": "plain_text",
                                "text": "Why am I seeing this?",
                                "emoji": true
                            },
                            "value": "why"
                        }
                    ]
                }
            },
            {
                "type": "context",
                "block_id": "no:cx:10032::4fd95d21d93611edb08c93513cd514dc",
                "elements": [
                    {
                        "type": "mrkdwn",
                        "text": "Status: *To Do*",
                        "verbatim": false
                    },
                    {
                        "type": "image",
                        "image_url": "https:\/\/product-integrations-cdn.atl-paas.net\/jira-issuetype\/task.png",
                        "alt_text": "Task"
                    },
                    {
                        "type": "mrkdwn",
                        "text": "Type: *Task*",
                        "verbatim": false
                    },
                    {
                        "type": "image",
                        "image_url": "https:\/\/product-integrations-cdn.atl-paas.net\/icons\/unknown-user.png",
                        "alt_text": "Unassigned"
                    },
                    {
                        "type": "mrkdwn",
                        "text": "Assignee: *Unassigned*",
                        "verbatim": false
                    },
                    {
                        "type": "image",
                        "image_url": "https:\/\/product-integrations-cdn.atl-paas.net\/jira-priority\/medium.png",
                        "alt_text": "Medium"
                    },
                    {
                        "type": "mrkdwn",
                        "text": "Priority: *Medium*",
                        "verbatim": false
                    }
                ]
            }
        ],
        "team": "T042E1514F3",
        "bot_profile": {
            "id": "B052RHNE82E",
            "app_id": "A2RPP3NFR",
            "name": "Jira Cloud",
            "icons": {
                "image_36": "https:\/\/avatars.slack-edge.com\/2018-11-30\/493753869479_4b703f4119efe3d7d0ff_36.png",
                "image_48": "https:\/\/avatars.slack-edge.com\/2018-11-30\/493753869479_4b703f4119efe3d7d0ff_48.png",
                "image_72": "https:\/\/avatars.slack-edge.com\/2018-11-30\/493753869479_4b703f4119efe3d7d0ff_72.png"
            },
            "deleted": false,
            "updated": 1681239587,
            "team_id": "T042E1514F3"
        }
    },
    {
        "client_msg_id": "e2190eee-bc81-4bd3-9922-5d33b0a7cd3a",
        "type": "message",
        "text": "<@U042R51RY2C>, you should Google some of the things you're finding. Start with the `etc\/security` directory and the`_rpc` user. Those both exist on our VMs (or they should).",
        "user": "U042R3B76SC",
        "ts": "1681315179.828299",
        "blocks": [
            {
                "type": "rich_text",
                "block_id": "9J6",
                "elements": [
                    {
                        "type": "rich_text_section",
                        "elements": [
                            {
                                "type": "user",
                                "user_id": "U042R51RY2C"
                            },
                            {
                                "type": "text",
                                "text": ", you should Google some of the things you're finding. Start with the "
                            },
                            {
                                "type": "text",
                                "text": "etc\/security",
                                "style": {
                                    "code": true
                                }
                            },
                            {
                                "type": "text",
                                "text": " directory and the"
                            },
                            {
                                "type": "text",
                                "text": "_rpc",
                                "style": {
                                    "code": true
                                }
                            },
                            {
                                "type": "text",
                                "text": " user. Those both exist on our VMs (or they should)."
                            }
                        ]
                    }
                ]
            }
        ],
        "team": "T042E1514F3",
        "user_team": "T042E1514F3",
        "source_team": "T042E1514F3",
        "user_profile": {
            "avatar_hash": "g6730f37144b",
            "image_72": "https:\/\/secure.gravatar.com\/avatar\/6730f37144bd6ae505b97012a7f22a66.jpg?s=72&d=https%3A%2F%2Fa.slack-edge.com%2Fdf10d%2Fimg%2Favatars%2Fava_0006-72.png",
            "first_name": "chris",
            "real_name": "chris",
            "display_name": "",
            "team": "T042E1514F3",
            "name": "chris",
            "is_restricted": false,
            "is_ultra_restricted": false
        }
    },
    {
        "client_msg_id": "733fc0bd-f5ee-4c49-b6c5-1b8ffc3779ed",
        "type": "message",
        "text": "Also, I'm really happy to see you doing all this research. :slightly_smiling_face:",
        "user": "U042R3B76SC",
        "ts": "1681315199.545179",
        "blocks": [
            {
                "type": "rich_text",
                "block_id": "JaC=m",
                "elements": [
                    {
                        "type": "rich_text_section",
                        "elements": [
                            {
                                "type": "text",
                                "text": "Also, I'm really happy to see you doing all this research. "
                            },
                            {
                                "type": "emoji",
                                "name": "slightly_smiling_face",
                                "unicode": "1f642"
                            }
                        ]
                    }
                ]
            }
        ],
        "team": "T042E1514F3",
        "user_team": "T042E1514F3",
        "source_team": "T042E1514F3",
        "user_profile": {
            "avatar_hash": "g6730f37144b",
            "image_72": "https:\/\/secure.gravatar.com\/avatar\/6730f37144bd6ae505b97012a7f22a66.jpg?s=72&d=https%3A%2F%2Fa.slack-edge.com%2Fdf10d%2Fimg%2Favatars%2Fava_0006-72.png",
            "first_name": "chris",
            "real_name": "chris",
            "display_name": "",
            "team": "T042E1514F3",
            "name": "chris",
            "is_restricted": false,
            "is_ultra_restricted": false
        }
    },
    {
        "client_msg_id": "CB05BB78-DB52-4198-B7B6-1D3D8DBA1560",
        "type": "message",
        "text": "Yeah, google autocorrected etc\/security it was supposed to say, \/etc\/securetty, and the rpc user I still\nHave to do some research ",
        "user": "U042R51RY2C",
        "ts": "1681315310.009739",
        "blocks": [
            {
                "type": "rich_text",
                "block_id": "XjJ",
                "elements": [
                    {
                        "type": "rich_text_section",
                        "elements": [
                            {
                                "type": "text",
                                "text": "Yeah, google autocorrected etc\/security it was supposed to say, \/etc\/securetty, and the rpc user I still\nHave to do some research "
                            }
                        ]
                    }
                ]
            }
        ],
        "team": "T042E1514F3",
        "user_team": "T042E1514F3",
        "source_team": "T042E1514F3",
        "user_profile": {
            "avatar_hash": "g24c32288d4d",
            "image_72": "https:\/\/secure.gravatar.com\/avatar\/24c32288d4dbbf5694cc5c9609ec1853.jpg?s=72&d=https%3A%2F%2Fa.slack-edge.com%2Fdf10d%2Fimg%2Favatars%2Fava_0017-72.png",
            "first_name": "Tristan",
            "real_name": "Tristan Ribble",
            "display_name": "",
            "team": "T042E1514F3",
            "name": "tmribble07",
            "is_restricted": false,
            "is_ultra_restricted": false
        },
        "edited": {
            "user": "U042R51RY2C",
            "ts": "1681315380.000000"
        }
    },
    {
        "client_msg_id": "a13f818f-0126-41d1-835d-28f67f9f3f75",
        "type": "message",
        "text": "If it is a folder, it should be `\/etc\/security`. I haven't looked at it yet so you are ahead of me. :grin:",
        "user": "U042R3B76SC",
        "ts": "1681315408.286339",
        "blocks": [
            {
                "type": "rich_text",
                "block_id": "yTiex",
                "elements": [
                    {
                        "type": "rich_text_section",
                        "elements": [
                            {
                                "type": "text",
                                "text": "If it is a folder, it should be "
                            },
                            {
                                "type": "text",
                                "text": "\/etc\/security",
                                "style": {
                                    "code": true
                                }
                            },
                            {
                                "type": "text",
                                "text": ". I haven't looked at it yet so you are ahead of me. "
                            },
                            {
                                "type": "emoji",
                                "name": "grin",
                                "unicode": "1f601"
                            }
                        ]
                    }
                ]
            }
        ],
        "team": "T042E1514F3",
        "user_team": "T042E1514F3",
        "source_team": "T042E1514F3",
        "user_profile": {
            "avatar_hash": "g6730f37144b",
            "image_72": "https:\/\/secure.gravatar.com\/avatar\/6730f37144bd6ae505b97012a7f22a66.jpg?s=72&d=https%3A%2F%2Fa.slack-edge.com%2Fdf10d%2Fimg%2Favatars%2Fava_0006-72.png",
            "first_name": "chris",
            "real_name": "chris",
            "display_name": "",
            "team": "T042E1514F3",
            "name": "chris",
            "is_restricted": false,
            "is_ultra_restricted": false
        }
    },
    {
        "client_msg_id": "7674e2bd-08f5-4469-ab84-1a0d3b107345",
        "type": "message",
        "text": "<!here> There are two reasons I will be talking to everybody about Jira. One is \"how to write good Jira tickets.\" For our specific situation, good tickets should be written so that someone who has never seen the ticket before can:\n\n• Completely understand what it is about. That is, the ticket should include an adequate DESCRIPTION.\n• Know what they should do if they decide to work on the ticket. That is, the ticket should have a call to ACTION.\n• Understand how to tell when they are done with the ticket. That is, the ticket should have a DEFINITION OF \"DONE.\"\nA good way to remember this is the acronym DAD, for Definition, Action, Done.",
        "user": "U042R3B76SC",
        "ts": "1681316158.677749",
        "blocks": [
            {
                "type": "rich_text",
                "block_id": "UE6f",
                "elements": [
                    {
                        "type": "rich_text_section",
                        "elements": [
                            {
                                "type": "broadcast",
                                "range": "here"
                            },
                            {
                                "type": "text",
                                "text": " There are two reasons I will be talking to everybody about Jira. One is \"how to write good Jira tickets.\" For our specific situation, good tickets should be written so that someone who has never seen the ticket before can:\n\n"
                            }
                        ]
                    },
                    {
                        "type": "rich_text_list",
                        "elements": [
                            {
                                "type": "rich_text_section",
                                "elements": [
                                    {
                                        "type": "text",
                                        "text": "Completely understand what it is about. That is, the ticket should include an adequate DESCRIPTION."
                                    }
                                ]
                            },
                            {
                                "type": "rich_text_section",
                                "elements": [
                                    {
                                        "type": "text",
                                        "text": "Know what they should do if they decide to work on the ticket. That is, the ticket should have a call to ACTION."
                                    }
                                ]
                            },
                            {
                                "type": "rich_text_section",
                                "elements": [
                                    {
                                        "type": "text",
                                        "text": "Understand how to tell when they are done with the ticket. That is, the ticket should have a DEFINITION OF \"DONE.\""
                                    }
                                ]
                            }
                        ],
                        "style": "bullet",
                        "indent": 0,
                        "border": 0
                    },
                    {
                        "type": "rich_text_section",
                        "elements": [
                            {
                                "type": "text",
                                "text": "\nA good way to remember this is the acronym DAD, for Definition, Action, Done."
                            }
                        ]
                    }
                ]
            }
        ],
        "team": "T042E1514F3",
        "user_team": "T042E1514F3",
        "source_team": "T042E1514F3",
        "user_profile": {
            "avatar_hash": "g6730f37144b",
            "image_72": "https:\/\/secure.gravatar.com\/avatar\/6730f37144bd6ae505b97012a7f22a66.jpg?s=72&d=https%3A%2F%2Fa.slack-edge.com%2Fdf10d%2Fimg%2Favatars%2Fava_0006-72.png",
            "first_name": "chris",
            "real_name": "chris",
            "display_name": "",
            "team": "T042E1514F3",
            "name": "chris",
            "is_restricted": false,
            "is_ultra_restricted": false
        }
    },
    {
        "client_msg_id": "661bac20-1d77-44b6-9d43-8809ab6e6e45",
        "type": "message",
        "text": "Here are a couple of examples.\n\nNot-so-good ticket:\n```Title: Check for vulnerabilities\nDescription: Check for vulnerabilities```\nBetter group of tickets:\n```Title: Install Nessus locally on all servers\nDescription: \n- Install Nessus locally on all servers:\n  - Billing Server\n  - DB Server\n  - Game Server\n  - WordPress Server\n  - Kali Server  \n\n\nTitle: Run Nessus scans locally on all servers\nDescription: \n- Install Nessus locally on all servers:\n  - Billing Server\n  - DB Server\n  - Game Server\n  - WordPress Server\n  - Kali Server  \n\nTitle: Mitigate Nessus findings on all servers:\nDescription: \n- Mitigate Nessus findings on all servers:\n  - Billing Server\n  - DB Server\n  - Game Server\n  - WordPress Server\n  - Kali Server ```",
        "user": "U042R3B76SC",
        "ts": "1681316608.044269",
        "blocks": [
            {
                "type": "rich_text",
                "block_id": "dRLy\/",
                "elements": [
                    {
                        "type": "rich_text_section",
                        "elements": [
                            {
                                "type": "text",
                                "text": "Here are a couple of examples.\n\nNot-so-good ticket:\n"
                            }
                        ]
                    },
                    {
                        "type": "rich_text_preformatted",
                        "elements": [
                            {
                                "type": "text",
                                "text": "Title: Check for vulnerabilities\nDescription: Check for vulnerabilities"
                            }
                        ],
                        "border": 0
                    },
                    {
                        "type": "rich_text_section",
                        "elements": [
                            {
                                "type": "text",
                                "text": "Better group of tickets:\n"
                            }
                        ]
                    },
                    {
                        "type": "rich_text_preformatted",
                        "elements": [
                            {
                                "type": "text",
                                "text": "Title: Install Nessus locally on all servers\nDescription: \n- Install Nessus locally on all servers:\n  - Billing Server\n  - DB Server\n  - Game Server\n  - WordPress Server\n  - Kali Server  \n\n\nTitle: Run Nessus scans locally on all servers\nDescription: \n- Install Nessus locally on all servers:\n  - Billing Server\n  - DB Server\n  - Game Server\n  - WordPress Server\n  - Kali Server  \n\nTitle: Mitigate Nessus findings on all servers:\nDescription: \n- Mitigate Nessus findings on all servers:\n  - Billing Server\n  - DB Server\n  - Game Server\n  - WordPress Server\n  - Kali Server "
                            }
                        ],
                        "border": 0
                    }
                ]
            }
        ],
        "team": "T042E1514F3",
        "user_team": "T042E1514F3",
        "source_team": "T042E1514F3",
        "user_profile": {
            "avatar_hash": "g6730f37144b",
            "image_72": "https:\/\/secure.gravatar.com\/avatar\/6730f37144bd6ae505b97012a7f22a66.jpg?s=72&d=https%3A%2F%2Fa.slack-edge.com%2Fdf10d%2Fimg%2Favatars%2Fava_0006-72.png",
            "first_name": "chris",
            "real_name": "chris",
            "display_name": "",
            "team": "T042E1514F3",
            "name": "chris",
            "is_restricted": false,
            "is_ultra_restricted": false
        },
        "edited": {
            "user": "U042R3B76SC",
            "ts": "1681316677.000000"
        }
    },
    {
        "client_msg_id": "53a44d94-f955-43f3-8fb9-6283f5b66dd3",
        "type": "message",
        "text": "The description and call to action of each ticket are (hopefully) understood from its title and the definition of done is when each server has the action performed on it.\n\nA better way to do this is to create a subtask for each server because you can explicitly mark each subtask as done in Jira. In that case, this might wind up being one task with 15 subtasks, or three tasks, each of which have five subtasks.\n\nIf you create tickets like this with server checklists on them, we will need to choose a way to mark each bullet point as completed.",
        "user": "U042R3B76SC",
        "ts": "1681316885.563949",
        "blocks": [
            {
                "type": "rich_text",
                "block_id": "UZw",
                "elements": [
                    {
                        "type": "rich_text_section",
                        "elements": [
                            {
                                "type": "text",
                                "text": "The description and call to action of each ticket are (hopefully) understood from its title and the definition of done is when each server has the action performed on it.\n\nA better way to do this is to create a subtask for each server because you can explicitly mark each subtask as done in Jira. In that case, this might wind up being one task with 15 subtasks, or three tasks, each of which have five subtasks.\n\nIf you create tickets like this with server checklists on them, we will need to choose a way to mark each bullet point as completed."
                            }
                        ]
                    }
                ]
            }
        ],
        "team": "T042E1514F3",
        "user_team": "T042E1514F3",
        "source_team": "T042E1514F3",
        "user_profile": {
            "avatar_hash": "g6730f37144b",
            "image_72": "https:\/\/secure.gravatar.com\/avatar\/6730f37144bd6ae505b97012a7f22a66.jpg?s=72&d=https%3A%2F%2Fa.slack-edge.com%2Fdf10d%2Fimg%2Favatars%2Fava_0006-72.png",
            "first_name": "chris",
            "real_name": "chris",
            "display_name": "",
            "team": "T042E1514F3",
            "name": "chris",
            "is_restricted": false,
            "is_ultra_restricted": false
        }
    },
    {
        "client_msg_id": "8d4d00bd-7c02-4169-9661-2ec79513b6af",
        "type": "message",
        "text": "I'm planning on meeting with Tristan this afternoon at 3 PM, and with Michael and Anna Thursday at 7 PM.",
        "user": "U042R3B76SC",
        "ts": "1681316933.787129",
        "blocks": [
            {
                "type": "rich_text",
                "block_id": "5\/f",
                "elements": [
                    {
                        "type": "rich_text_section",
                        "elements": [
                            {
                                "type": "text",
                                "text": "I'm planning on meeting with Tristan this afternoon at 3 PM, and with Michael and Anna Thursday at 7 PM."
                            }
                        ]
                    }
                ]
            }
        ],
        "team": "T042E1514F3",
        "user_team": "T042E1514F3",
        "source_team": "T042E1514F3",
        "user_profile": {
            "avatar_hash": "g6730f37144b",
            "image_72": "https:\/\/secure.gravatar.com\/avatar\/6730f37144bd6ae505b97012a7f22a66.jpg?s=72&d=https%3A%2F%2Fa.slack-edge.com%2Fdf10d%2Fimg%2Favatars%2Fava_0006-72.png",
            "first_name": "chris",
            "real_name": "chris",
            "display_name": "",
            "team": "T042E1514F3",
            "name": "chris",
            "is_restricted": false,
            "is_ultra_restricted": false
        }
    },
    {
        "bot_id": "B052RHNE82E",
        "type": "message",
        "text": "@chris created a Task CDC2023-34 Paint every server",
        "user": "U053F8E317S",
        "ts": "1681330501.848009",
        "app_id": "A2RPP3NFR",
        "blocks": [
            {
                "type": "section",
                "block_id": "no:ih:10033::b48f6600d96e11ed80ba0f970457f459",
                "text": {
                    "type": "mrkdwn",
                    "text": "*<slack:\/\/user?team=T042E1514F3&amp;id=U042R3B76SC|@chris> created a Task*\n*<https:\/\/cdc2023.atlassian.net\/browse\/CDC2023-34?atlOrigin=eyJpIjoiOTBhZGMyNWIyMjIyNGVmMzhjYmQ1OTNiZDcwNmRkNWIiLCJwIjoiamlyYS1zbGFjay1pbnQifQ|CDC2023-34 Paint every server>*",
                    "verbatim": false
                },
                "accessory": {
                    "type": "overflow",
                    "action_id": "{\"issueId\":\"10033\",\"instanceId\":\"10611f2c-0537-3ea5-a6a7-765564e825d7\",\"projectId\":\"10000\"}",
                    "options": [
                        {
                            "text": {
                                "type": "plain_text",
                                "text": "Watch",
                                "emoji": true
                            },
                            "value": "watch"
                        },
                        {
                            "text": {
                                "type": "plain_text",
                                "text": "Comment",
                                "emoji": true
                            },
                            "value": "comment"
                        },
                        {
                            "text": {
                                "type": "plain_text",
                                "text": "Assign",
                                "emoji": true
                            },
                            "value": "assign"
                        },
                        {
                            "text": {
                                "type": "plain_text",
                                "text": "Transition",
                                "emoji": true
                            },
                            "value": "transition"
                        },
                        {
                            "text": {
                                "type": "plain_text",
                                "text": "Why am I seeing this?",
                                "emoji": true
                            },
                            "value": "why"
                        }
                    ]
                }
            },
            {
                "type": "context",
                "block_id": "no:cx:10033::b48f6601d96e11ed80ba0f970457f459",
                "elements": [
                    {
                        "type": "mrkdwn",
                        "text": "Status: *To Do*",
                        "verbatim": false
                    },
                    {
                        "type": "image",
                        "image_url": "https:\/\/product-integrations-cdn.atl-paas.net\/jira-issuetype\/task.png",
                        "alt_text": "Task"
                    },
                    {
                        "type": "mrkdwn",
                        "text": "Type: *Task*",
                        "verbatim": false
                    },
                    {
                        "type": "image",
                        "image_url": "https:\/\/product-integrations-cdn.atl-paas.net\/icons\/unknown-user.png",
                        "alt_text": "Unassigned"
                    },
                    {
                        "type": "mrkdwn",
                        "text": "Assignee: *Unassigned*",
                        "verbatim": false
                    },
                    {
                        "type": "image",
                        "image_url": "https:\/\/product-integrations-cdn.atl-paas.net\/jira-priority\/medium.png",
                        "alt_text": "Medium"
                    },
                    {
                        "type": "mrkdwn",
                        "text": "Priority: *Medium*",
                        "verbatim": false
                    }
                ]
            }
        ],
        "team": "T042E1514F3",
        "bot_profile": {
            "id": "B052RHNE82E",
            "app_id": "A2RPP3NFR",
            "name": "Jira Cloud",
            "icons": {
                "image_36": "https:\/\/avatars.slack-edge.com\/2018-11-30\/493753869479_4b703f4119efe3d7d0ff_36.png",
                "image_48": "https:\/\/avatars.slack-edge.com\/2018-11-30\/493753869479_4b703f4119efe3d7d0ff_48.png",
                "image_72": "https:\/\/avatars.slack-edge.com\/2018-11-30\/493753869479_4b703f4119efe3d7d0ff_72.png"
            },
            "deleted": false,
            "updated": 1681239587,
            "team_id": "T042E1514F3"
        }
    },
    {
        "bot_id": "B052RHNE82E",
        "type": "message",
        "text": "@chris created a Subtask CDC2023-35 DB Server",
        "user": "U053F8E317S",
        "ts": "1681330539.480929",
        "app_id": "A2RPP3NFR",
        "blocks": [
            {
                "type": "section",
                "block_id": "no:ih:10034::cb002e10d96e11ed9c745d3543689f4d",
                "text": {
                    "type": "mrkdwn",
                    "text": "*<slack:\/\/user?team=T042E1514F3&amp;id=U042R3B76SC|@chris> created a Subtask*\n*<https:\/\/cdc2023.atlassian.net\/browse\/CDC2023-35?atlOrigin=eyJpIjoiZmRkODE3Y2I0Y2ZhNGI0ZmFlZjVkNmE5MGFkM2FiNGQiLCJwIjoiamlyYS1zbGFjay1pbnQifQ|CDC2023-35 DB Server>*",
                    "verbatim": false
                },
                "accessory": {
                    "type": "overflow",
                    "action_id": "{\"issueId\":\"10034\",\"instanceId\":\"10611f2c-0537-3ea5-a6a7-765564e825d7\",\"projectId\":\"10000\"}",
                    "options": [
                        {
                            "text": {
                                "type": "plain_text",
                                "text": "Watch",
                                "emoji": true
                            },
                            "value": "watch"
                        },
                        {
                            "text": {
                                "type": "plain_text",
                                "text": "Comment",
                                "emoji": true
                            },
                            "value": "comment"
                        },
                        {
                            "text": {
                                "type": "plain_text",
                                "text": "Assign",
                                "emoji": true
                            },
                            "value": "assign"
                        },
                        {
                            "text": {
                                "type": "plain_text",
                                "text": "Transition",
                                "emoji": true
                            },
                            "value": "transition"
                        },
                        {
                            "text": {
                                "type": "plain_text",
                                "text": "Why am I seeing this?",
                                "emoji": true
                            },
                            "value": "why"
                        }
                    ]
                }
            },
            {
                "type": "context",
                "block_id": "no:cx:10034::cb002e11d96e11ed9c745d3543689f4d",
                "elements": [
                    {
                        "type": "mrkdwn",
                        "text": "Status: *To Do*",
                        "verbatim": false
                    },
                    {
                        "type": "image",
                        "image_url": "https:\/\/product-integrations-cdn.atl-paas.net\/jira-issuetype\/subtask.png",
                        "alt_text": "Subtask"
                    },
                    {
                        "type": "mrkdwn",
                        "text": "Type: *Subtask*",
                        "verbatim": false
                    },
                    {
                        "type": "image",
                        "image_url": "https:\/\/product-integrations-cdn.atl-paas.net\/icons\/unknown-user.png",
                        "alt_text": "Unassigned"
                    },
                    {
                        "type": "mrkdwn",
                        "text": "Assignee: *Unassigned*",
                        "verbatim": false
                    },
                    {
                        "type": "image",
                        "image_url": "https:\/\/product-integrations-cdn.atl-paas.net\/jira-priority\/medium.png",
                        "alt_text": "Medium"
                    },
                    {
                        "type": "mrkdwn",
                        "text": "Priority: *Medium*",
                        "verbatim": false
                    }
                ]
            }
        ],
        "team": "T042E1514F3",
        "bot_profile": {
            "id": "B052RHNE82E",
            "app_id": "A2RPP3NFR",
            "name": "Jira Cloud",
            "icons": {
                "image_36": "https:\/\/avatars.slack-edge.com\/2018-11-30\/493753869479_4b703f4119efe3d7d0ff_36.png",
                "image_48": "https:\/\/avatars.slack-edge.com\/2018-11-30\/493753869479_4b703f4119efe3d7d0ff_48.png",
                "image_72": "https:\/\/avatars.slack-edge.com\/2018-11-30\/493753869479_4b703f4119efe3d7d0ff_72.png"
            },
            "deleted": false,
            "updated": 1681239587,
            "team_id": "T042E1514F3"
        }
    },
    {
        "bot_id": "B052RHNE82E",
        "type": "message",
        "text": "@chris created a Subtask CDC2023-36 WordPress Server",
        "user": "U053F8E317S",
        "ts": "1681330546.852969",
        "app_id": "A2RPP3NFR",
        "blocks": [
            {
                "type": "section",
                "block_id": "no:ih:10035::cf6a6600d96e11eda40d15895607f3a1",
                "text": {
                    "type": "mrkdwn",
                    "text": "*<slack:\/\/user?team=T042E1514F3&amp;id=U042R3B76SC|@chris> created a Subtask*\n*<https:\/\/cdc2023.atlassian.net\/browse\/CDC2023-36?atlOrigin=eyJpIjoiMDRkYTliMDkwZTQ0NDQzY2IyYjBiNmZlOWM4OTY4N2EiLCJwIjoiamlyYS1zbGFjay1pbnQifQ|CDC2023-36 WordPress Server>*",
                    "verbatim": false
                },
                "accessory": {
                    "type": "overflow",
                    "action_id": "{\"issueId\":\"10035\",\"instanceId\":\"10611f2c-0537-3ea5-a6a7-765564e825d7\",\"projectId\":\"10000\"}",
                    "options": [
                        {
                            "text": {
                                "type": "plain_text",
                                "text": "Watch",
                                "emoji": true
                            },
                            "value": "watch"
                        },
                        {
                            "text": {
                                "type": "plain_text",
                                "text": "Comment",
                                "emoji": true
                            },
                            "value": "comment"
                        },
                        {
                            "text": {
                                "type": "plain_text",
                                "text": "Assign",
                                "emoji": true
                            },
                            "value": "assign"
                        },
                        {
                            "text": {
                                "type": "plain_text",
                                "text": "Transition",
                                "emoji": true
                            },
                            "value": "transition"
                        },
                        {
                            "text": {
                                "type": "plain_text",
                                "text": "Why am I seeing this?",
                                "emoji": true
                            },
                            "value": "why"
                        }
                    ]
                }
            },
            {
                "type": "context",
                "block_id": "no:cx:10035::cf6a6601d96e11eda40d15895607f3a1",
                "elements": [
                    {
                        "type": "mrkdwn",
                        "text": "Status: *To Do*",
                        "verbatim": false
                    },
                    {
                        "type": "image",
                        "image_url": "https:\/\/product-integrations-cdn.atl-paas.net\/jira-issuetype\/subtask.png",
                        "alt_text": "Subtask"
                    },
                    {
                        "type": "mrkdwn",
                        "text": "Type: *Subtask*",
                        "verbatim": false
                    },
                    {
                        "type": "image",
                        "image_url": "https:\/\/product-integrations-cdn.atl-paas.net\/icons\/unknown-user.png",
                        "alt_text": "Unassigned"
                    },
                    {
                        "type": "mrkdwn",
                        "text": "Assignee: *Unassigned*",
                        "verbatim": false
                    },
                    {
                        "type": "image",
                        "image_url": "https:\/\/product-integrations-cdn.atl-paas.net\/jira-priority\/medium.png",
                        "alt_text": "Medium"
                    },
                    {
                        "type": "mrkdwn",
                        "text": "Priority: *Medium*",
                        "verbatim": false
                    }
                ]
            }
        ],
        "team": "T042E1514F3",
        "bot_profile": {
            "id": "B052RHNE82E",
            "app_id": "A2RPP3NFR",
            "name": "Jira Cloud",
            "icons": {
                "image_36": "https:\/\/avatars.slack-edge.com\/2018-11-30\/493753869479_4b703f4119efe3d7d0ff_36.png",
                "image_48": "https:\/\/avatars.slack-edge.com\/2018-11-30\/493753869479_4b703f4119efe3d7d0ff_48.png",
                "image_72": "https:\/\/avatars.slack-edge.com\/2018-11-30\/493753869479_4b703f4119efe3d7d0ff_72.png"
            },
            "deleted": false,
            "updated": 1681239587,
            "team_id": "T042E1514F3"
        }
    },
    {
        "bot_id": "B052RHNE82E",
        "type": "message",
        "text": "@chris created a Subtask CDC2023-37 Kali Server",
        "user": "U053F8E317S",
        "ts": "1681330559.976689",
        "app_id": "A2RPP3NFR",
        "blocks": [
            {
                "type": "section",
                "block_id": "no:ih:10036::d73d9280d96e11ed97d8275f417e3eb0",
                "text": {
                    "type": "mrkdwn",
                    "text": "*<slack:\/\/user?team=T042E1514F3&amp;id=U042R3B76SC|@chris> created a Subtask*\n*<https:\/\/cdc2023.atlassian.net\/browse\/CDC2023-37?atlOrigin=eyJpIjoiMGU3ODIwNTU1YzRjNGFhNGJiNDgwZTgyZDViZTAxMzAiLCJwIjoiamlyYS1zbGFjay1pbnQifQ|CDC2023-37 Kali Server>*",
                    "verbatim": false
                },
                "accessory": {
                    "type": "overflow",
                    "action_id": "{\"issueId\":\"10036\",\"instanceId\":\"10611f2c-0537-3ea5-a6a7-765564e825d7\",\"projectId\":\"10000\"}",
                    "options": [
                        {
                            "text": {
                                "type": "plain_text",
                                "text": "Watch",
                                "emoji": true
                            },
                            "value": "watch"
                        },
                        {
                            "text": {
                                "type": "plain_text",
                                "text": "Comment",
                                "emoji": true
                            },
                            "value": "comment"
                        },
                        {
                            "text": {
                                "type": "plain_text",
                                "text": "Assign",
                                "emoji": true
                            },
                            "value": "assign"
                        },
                        {
                            "text": {
                                "type": "plain_text",
                                "text": "Transition",
                                "emoji": true
                            },
                            "value": "transition"
                        },
                        {
                            "text": {
                                "type": "plain_text",
                                "text": "Why am I seeing this?",
                                "emoji": true
                            },
                            "value": "why"
                        }
                    ]
                }
            },
            {
                "type": "context",
                "block_id": "no:cx:10036::d73d9281d96e11ed97d8275f417e3eb0",
                "elements": [
                    {
                        "type": "mrkdwn",
                        "text": "Status: *To Do*",
                        "verbatim": false
                    },
                    {
                        "type": "image",
                        "image_url": "https:\/\/product-integrations-cdn.atl-paas.net\/jira-issuetype\/subtask.png",
                        "alt_text": "Subtask"
                    },
                    {
                        "type": "mrkdwn",
                        "text": "Type: *Subtask*",
                        "verbatim": false
                    },
                    {
                        "type": "image",
                        "image_url": "https:\/\/product-integrations-cdn.atl-paas.net\/icons\/unknown-user.png",
                        "alt_text": "Unassigned"
                    },
                    {
                        "type": "mrkdwn",
                        "text": "Assignee: *Unassigned*",
                        "verbatim": false
                    },
                    {
                        "type": "image",
                        "image_url": "https:\/\/product-integrations-cdn.atl-paas.net\/jira-priority\/medium.png",
                        "alt_text": "Medium"
                    },
                    {
                        "type": "mrkdwn",
                        "text": "Priority: *Medium*",
                        "verbatim": false
                    }
                ]
            }
        ],
        "team": "T042E1514F3",
        "bot_profile": {
            "id": "B052RHNE82E",
            "app_id": "A2RPP3NFR",
            "name": "Jira Cloud",
            "icons": {
                "image_36": "https:\/\/avatars.slack-edge.com\/2018-11-30\/493753869479_4b703f4119efe3d7d0ff_36.png",
                "image_48": "https:\/\/avatars.slack-edge.com\/2018-11-30\/493753869479_4b703f4119efe3d7d0ff_48.png",
                "image_72": "https:\/\/avatars.slack-edge.com\/2018-11-30\/493753869479_4b703f4119efe3d7d0ff_72.png"
            },
            "deleted": false,
            "updated": 1681239587,
            "team_id": "T042E1514F3"
        }
    },
    {
        "bot_id": "B052RHNE82E",
        "type": "message",
        "text": "@chris created a Subtask CDC2023-38 WWW Server",
        "user": "U053F8E317S",
        "ts": "1681330566.564069",
        "app_id": "A2RPP3NFR",
        "blocks": [
            {
                "type": "section",
                "block_id": "no:ih:10037::db24ded0d96e11ed80ba0f970457f459",
                "text": {
                    "type": "mrkdwn",
                    "text": "*<slack:\/\/user?team=T042E1514F3&amp;id=U042R3B76SC|@chris> created a Subtask*\n*<https:\/\/cdc2023.atlassian.net\/browse\/CDC2023-38?atlOrigin=eyJpIjoiNmE3OGFjMWVmYTBlNDI1NTkzYTg5ZTA3NDE4OGI1N2QiLCJwIjoiamlyYS1zbGFjay1pbnQifQ|CDC2023-38 WWW Server>*",
                    "verbatim": false
                },
                "accessory": {
                    "type": "overflow",
                    "action_id": "{\"issueId\":\"10037\",\"instanceId\":\"10611f2c-0537-3ea5-a6a7-765564e825d7\",\"projectId\":\"10000\"}",
                    "options": [
                        {
                            "text": {
                                "type": "plain_text",
                                "text": "Watch",
                                "emoji": true
                            },
                            "value": "watch"
                        },
                        {
                            "text": {
                                "type": "plain_text",
                                "text": "Comment",
                                "emoji": true
                            },
                            "value": "comment"
                        },
                        {
                            "text": {
                                "type": "plain_text",
                                "text": "Assign",
                                "emoji": true
                            },
                            "value": "assign"
                        },
                        {
                            "text": {
                                "type": "plain_text",
                                "text": "Transition",
                                "emoji": true
                            },
                            "value": "transition"
                        },
                        {
                            "text": {
                                "type": "plain_text",
                                "text": "Why am I seeing this?",
                                "emoji": true
                            },
                            "value": "why"
                        }
                    ]
                }
            },
            {
                "type": "context",
                "block_id": "no:cx:10037::db24ded1d96e11ed80ba0f970457f459",
                "elements": [
                    {
                        "type": "mrkdwn",
                        "text": "Status: *To Do*",
                        "verbatim": false
                    },
                    {
                        "type": "image",
                        "image_url": "https:\/\/product-integrations-cdn.atl-paas.net\/jira-issuetype\/subtask.png",
                        "alt_text": "Subtask"
                    },
                    {
                        "type": "mrkdwn",
                        "text": "Type: *Subtask*",
                        "verbatim": false
                    },
                    {
                        "type": "image",
                        "image_url": "https:\/\/product-integrations-cdn.atl-paas.net\/icons\/unknown-user.png",
                        "alt_text": "Unassigned"
                    },
                    {
                        "type": "mrkdwn",
                        "text": "Assignee: *Unassigned*",
                        "verbatim": false
                    },
                    {
                        "type": "image",
                        "image_url": "https:\/\/product-integrations-cdn.atl-paas.net\/jira-priority\/medium.png",
                        "alt_text": "Medium"
                    },
                    {
                        "type": "mrkdwn",
                        "text": "Priority: *Medium*",
                        "verbatim": false
                    }
                ]
            }
        ],
        "team": "T042E1514F3",
        "bot_profile": {
            "id": "B052RHNE82E",
            "app_id": "A2RPP3NFR",
            "name": "Jira Cloud",
            "icons": {
                "image_36": "https:\/\/avatars.slack-edge.com\/2018-11-30\/493753869479_4b703f4119efe3d7d0ff_36.png",
                "image_48": "https:\/\/avatars.slack-edge.com\/2018-11-30\/493753869479_4b703f4119efe3d7d0ff_48.png",
                "image_72": "https:\/\/avatars.slack-edge.com\/2018-11-30\/493753869479_4b703f4119efe3d7d0ff_72.png"
            },
            "deleted": false,
            "updated": 1681239587,
            "team_id": "T042E1514F3"
        }
    },
    {
        "bot_id": "B052RHNE82E",
        "type": "message",
        "text": "@chris created a Subtask CDC2023-39 Billing Server",
        "user": "U053F8E317S",
        "ts": "1681330572.768239",
        "app_id": "A2RPP3NFR",
        "blocks": [
            {
                "type": "section",
                "block_id": "no:ih:10038::dede6460d96e11ed97d8275f417e3eb0",
                "text": {
                    "type": "mrkdwn",
                    "text": "*<slack:\/\/user?team=T042E1514F3&amp;id=U042R3B76SC|@chris> created a Subtask*\n*<https:\/\/cdc2023.atlassian.net\/browse\/CDC2023-39?atlOrigin=eyJpIjoiN2EzNzFkOGZjNGJjNDk4YmFmZWM4M2VlYjA5MDQ0MjciLCJwIjoiamlyYS1zbGFjay1pbnQifQ|CDC2023-39 Billing Server>*",
                    "verbatim": false
                },
                "accessory": {
                    "type": "overflow",
                    "action_id": "{\"issueId\":\"10038\",\"instanceId\":\"10611f2c-0537-3ea5-a6a7-765564e825d7\",\"projectId\":\"10000\"}",
                    "options": [
                        {
                            "text": {
                                "type": "plain_text",
                                "text": "Watch",
                                "emoji": true
                            },
                            "value": "watch"
                        },
                        {
                            "text": {
                                "type": "plain_text",
                                "text": "Comment",
                                "emoji": true
                            },
                            "value": "comment"
                        },
                        {
                            "text": {
                                "type": "plain_text",
                                "text": "Assign",
                                "emoji": true
                            },
                            "value": "assign"
                        },
                        {
                            "text": {
                                "type": "plain_text",
                                "text": "Transition",
                                "emoji": true
                            },
                            "value": "transition"
                        },
                        {
                            "text": {
                                "type": "plain_text",
                                "text": "Why am I seeing this?",
                                "emoji": true
                            },
                            "value": "why"
                        }
                    ]
                }
            },
            {
                "type": "context",
                "block_id": "no:cx:10038::dede6461d96e11ed97d8275f417e3eb0",
                "elements": [
                    {
                        "type": "mrkdwn",
                        "text": "Status: *To Do*",
                        "verbatim": false
                    },
                    {
                        "type": "image",
                        "image_url": "https:\/\/product-integrations-cdn.atl-paas.net\/jira-issuetype\/subtask.png",
                        "alt_text": "Subtask"
                    },
                    {
                        "type": "mrkdwn",
                        "text": "Type: *Subtask*",
                        "verbatim": false
                    },
                    {
                        "type": "image",
                        "image_url": "https:\/\/product-integrations-cdn.atl-paas.net\/icons\/unknown-user.png",
                        "alt_text": "Unassigned"
                    },
                    {
                        "type": "mrkdwn",
                        "text": "Assignee: *Unassigned*",
                        "verbatim": false
                    },
                    {
                        "type": "image",
                        "image_url": "https:\/\/product-integrations-cdn.atl-paas.net\/jira-priority\/medium.png",
                        "alt_text": "Medium"
                    },
                    {
                        "type": "mrkdwn",
                        "text": "Priority: *Medium*",
                        "verbatim": false
                    }
                ]
            }
        ],
        "team": "T042E1514F3",
        "bot_profile": {
            "id": "B052RHNE82E",
            "app_id": "A2RPP3NFR",
            "name": "Jira Cloud",
            "icons": {
                "image_36": "https:\/\/avatars.slack-edge.com\/2018-11-30\/493753869479_4b703f4119efe3d7d0ff_36.png",
                "image_48": "https:\/\/avatars.slack-edge.com\/2018-11-30\/493753869479_4b703f4119efe3d7d0ff_48.png",
                "image_72": "https:\/\/avatars.slack-edge.com\/2018-11-30\/493753869479_4b703f4119efe3d7d0ff_72.png"
            },
            "deleted": false,
            "updated": 1681239587,
            "team_id": "T042E1514F3"
        }
    },
    {
        "bot_id": "B052RHNE82E",
        "type": "message",
        "text": "tmribble07 created a Task CDC2023-40 Fix netstat information, e.g. listening for telnet, ssh, http, ot…",
        "user": "U053F8E317S",
        "ts": "1681333504.246209",
        "app_id": "A2RPP3NFR",
        "blocks": [
            {
                "type": "section",
                "block_id": "no:ih:10039::b227b0a0d97511edb51955f827b88a3c",
                "text": {
                    "type": "mrkdwn",
                    "text": "*tmribble07 created a Task*\n*<https:\/\/cdc2023.atlassian.net\/browse\/CDC2023-40?atlOrigin=eyJpIjoiNGU3NjRjNzI4ODllNGNiM2FlODE3ZjMxNTIyYjZiYzciLCJwIjoiamlyYS1zbGFjay1pbnQifQ|CDC2023-40 Fix netstat information, e.g. listening for telnet, ssh, http, ot…>*",
                    "verbatim": false
                },
                "accessory": {
                    "type": "overflow",
                    "action_id": "{\"issueId\":\"10039\",\"instanceId\":\"10611f2c-0537-3ea5-a6a7-765564e825d7\",\"projectId\":\"10000\"}",
                    "options": [
                        {
                            "text": {
                                "type": "plain_text",
                                "text": "Watch",
                                "emoji": true
                            },
                            "value": "watch"
                        },
                        {
                            "text": {
                                "type": "plain_text",
                                "text": "Comment",
                                "emoji": true
                            },
                            "value": "comment"
                        },
                        {
                            "text": {
                                "type": "plain_text",
                                "text": "Assign",
                                "emoji": true
                            },
                            "value": "assign"
                        },
                        {
                            "text": {
                                "type": "plain_text",
                                "text": "Transition",
                                "emoji": true
                            },
                            "value": "transition"
                        },
                        {
                            "text": {
                                "type": "plain_text",
                                "text": "Why am I seeing this?",
                                "emoji": true
                            },
                            "value": "why"
                        }
                    ]
                }
            },
            {
                "type": "context",
                "block_id": "no:cx:10039::b227b0a1d97511edb51955f827b88a3c",
                "elements": [
                    {
                        "type": "mrkdwn",
                        "text": "Status: *To Do*",
                        "verbatim": false
                    },
                    {
                        "type": "image",
                        "image_url": "https:\/\/product-integrations-cdn.atl-paas.net\/jira-issuetype\/task.png",
                        "alt_text": "Task"
                    },
                    {
                        "type": "mrkdwn",
                        "text": "Type: *Task*",
                        "verbatim": false
                    },
                    {
                        "type": "image",
                        "image_url": "https:\/\/product-integrations-cdn.atl-paas.net\/icons\/unknown-user.png",
                        "alt_text": "Unassigned"
                    },
                    {
                        "type": "mrkdwn",
                        "text": "Assignee: *Unassigned*",
                        "verbatim": false
                    },
                    {
                        "type": "image",
                        "image_url": "https:\/\/product-integrations-cdn.atl-paas.net\/jira-priority\/medium.png",
                        "alt_text": "Medium"
                    },
                    {
                        "type": "mrkdwn",
                        "text": "Priority: *Medium*",
                        "verbatim": false
                    }
                ]
            }
        ],
        "team": "T042E1514F3",
        "bot_profile": {
            "id": "B052RHNE82E",
            "app_id": "A2RPP3NFR",
            "name": "Jira Cloud",
            "icons": {
                "image_36": "https:\/\/avatars.slack-edge.com\/2018-11-30\/493753869479_4b703f4119efe3d7d0ff_36.png",
                "image_48": "https:\/\/avatars.slack-edge.com\/2018-11-30\/493753869479_4b703f4119efe3d7d0ff_48.png",
                "image_72": "https:\/\/avatars.slack-edge.com\/2018-11-30\/493753869479_4b703f4119efe3d7d0ff_72.png"
            },
            "deleted": false,
            "updated": 1681239587,
            "team_id": "T042E1514F3"
        }
    },
    {
        "client_msg_id": "c92b541f-3f6a-416d-9b7f-63e28c05de10",
        "type": "message",
        "text": "How to find files with `c99` in their names: `find \/ -iname '*c99*'`",
        "user": "U042R3B76SC",
        "ts": "1681335933.052349",
        "blocks": [
            {
                "type": "rich_text",
                "block_id": "+3BUB",
                "elements": [
                    {
                        "type": "rich_text_section",
                        "elements": [
                            {
                                "type": "text",
                                "text": "How to find files with "
                            },
                            {
                                "type": "text",
                                "text": "c99",
                                "style": {
                                    "code": true
                                }
                            },
                            {
                                "type": "text",
                                "text": " in their names: "
                            },
                            {
                                "type": "text",
                                "text": "find \/ -iname '*c99*'",
                                "style": {
                                    "code": true
                                }
                            }
                        ]
                    }
                ]
            }
        ],
        "team": "T042E1514F3",
        "user_team": "T042E1514F3",
        "source_team": "T042E1514F3",
        "user_profile": {
            "avatar_hash": "g6730f37144b",
            "image_72": "https:\/\/secure.gravatar.com\/avatar\/6730f37144bd6ae505b97012a7f22a66.jpg?s=72&d=https%3A%2F%2Fa.slack-edge.com%2Fdf10d%2Fimg%2Favatars%2Fava_0006-72.png",
            "first_name": "chris",
            "real_name": "chris",
            "display_name": "",
            "team": "T042E1514F3",
            "name": "chris",
            "is_restricted": false,
            "is_ultra_restricted": false
        }
    },
    {
        "bot_id": "B052RHNE82E",
        "type": "message",
        "text": "tmribble07 created a Task CDC2023-41 Investigate \/var\/lib\/tomcat\/",
        "user": "U053F8E317S",
        "ts": "1681336440.504329",
        "app_id": "A2RPP3NFR",
        "blocks": [
            {
                "type": "section",
                "block_id": "no:ih:10040::884ad0d0d97c11ed80ba0f970457f459",
                "text": {
                    "type": "mrkdwn",
                    "text": "*tmribble07 created a Task*\n*<https:\/\/cdc2023.atlassian.net\/browse\/CDC2023-41?atlOrigin=eyJpIjoiZjk2YjZjNzlmYjcyNDMyMGIxZjdhZjRkZmE3NjQ1YTYiLCJwIjoiamlyYS1zbGFjay1pbnQifQ|CDC2023-41 Investigate \/var\/lib\/tomcat\/>*",
                    "verbatim": false
                },
                "accessory": {
                    "type": "overflow",
                    "action_id": "{\"issueId\":\"10040\",\"instanceId\":\"10611f2c-0537-3ea5-a6a7-765564e825d7\",\"projectId\":\"10000\"}",
                    "options": [
                        {
                            "text": {
                                "type": "plain_text",
                                "text": "Watch",
                                "emoji": true
                            },
                            "value": "watch"
                        },
                        {
                            "text": {
                                "type": "plain_text",
                                "text": "Comment",
                                "emoji": true
                            },
                            "value": "comment"
                        },
                        {
                            "text": {
                                "type": "plain_text",
                                "text": "Assign",
                                "emoji": true
                            },
                            "value": "assign"
                        },
                        {
                            "text": {
                                "type": "plain_text",
                                "text": "Transition",
                                "emoji": true
                            },
                            "value": "transition"
                        },
                        {
                            "text": {
                                "type": "plain_text",
                                "text": "Why am I seeing this?",
                                "emoji": true
                            },
                            "value": "why"
                        }
                    ]
                }
            },
            {
                "type": "context",
                "block_id": "no:cx:10040::884af7e0d97c11ed80ba0f970457f459",
                "elements": [
                    {
                        "type": "mrkdwn",
                        "text": "Status: *To Do*",
                        "verbatim": false
                    },
                    {
                        "type": "image",
                        "image_url": "https:\/\/product-integrations-cdn.atl-paas.net\/jira-issuetype\/task.png",
                        "alt_text": "Task"
                    },
                    {
                        "type": "mrkdwn",
                        "text": "Type: *Task*",
                        "verbatim": false
                    },
                    {
                        "type": "image",
                        "image_url": "https:\/\/product-integrations-cdn.atl-paas.net\/icons\/unknown-user.png",
                        "alt_text": "Unassigned"
                    },
                    {
                        "type": "mrkdwn",
                        "text": "Assignee: *Unassigned*",
                        "verbatim": false
                    },
                    {
                        "type": "image",
                        "image_url": "https:\/\/product-integrations-cdn.atl-paas.net\/jira-priority\/medium.png",
                        "alt_text": "Medium"
                    },
                    {
                        "type": "mrkdwn",
                        "text": "Priority: *Medium*",
                        "verbatim": false
                    }
                ]
            }
        ],
        "team": "T042E1514F3",
        "bot_profile": {
            "id": "B052RHNE82E",
            "app_id": "A2RPP3NFR",
            "name": "Jira Cloud",
            "icons": {
                "image_36": "https:\/\/avatars.slack-edge.com\/2018-11-30\/493753869479_4b703f4119efe3d7d0ff_36.png",
                "image_48": "https:\/\/avatars.slack-edge.com\/2018-11-30\/493753869479_4b703f4119efe3d7d0ff_48.png",
                "image_72": "https:\/\/avatars.slack-edge.com\/2018-11-30\/493753869479_4b703f4119efe3d7d0ff_72.png"
            },
            "deleted": false,
            "updated": 1681239587,
            "team_id": "T042E1514F3"
        }
    }
]