[
    {
        "type": "message",
        "text": "I took some screenshots of our server availability and score during the competition.\nAbout 3:30 (below)",
        "files": [
            {
                "id": "F054J5FHN11",
                "created": 1682277715,
                "timestamp": 1682277715,
                "name": "4-22-2023_3.33pm.png",
                "title": "4-22-2023_3.33pm.png",
                "mimetype": "image\/png",
                "filetype": "png",
                "pretty_type": "PNG",
                "user": "U042U2F450R",
                "user_team": "T042E1514F3",
                "editable": false,
                "size": 507826,
                "mode": "hosted",
                "is_external": false,
                "external_type": "",
                "is_public": true,
                "public_url_shared": false,
                "display_as_bot": false,
                "username": "",
                "url_private": "https:\/\/files.slack.com\/files-pri\/T042E1514F3-F054J5FHN11\/4-22-2023_3.33pm.png?t=xoxe-4082039038513-5909763746612-5907217023875-336a8277661c30aa211f6bb0466e7c24",
                "url_private_download": "https:\/\/files.slack.com\/files-pri\/T042E1514F3-F054J5FHN11\/download\/4-22-2023_3.33pm.png?t=xoxe-4082039038513-5909763746612-5907217023875-336a8277661c30aa211f6bb0466e7c24",
                "media_display_type": "unknown",
                "thumb_64": "https:\/\/files.slack.com\/files-tmb\/T042E1514F3-F054J5FHN11-d501fbc238\/4-22-2023_3.33pm_64.png?t=xoxe-4082039038513-5909763746612-5907217023875-336a8277661c30aa211f6bb0466e7c24",
                "thumb_80": "https:\/\/files.slack.com\/files-tmb\/T042E1514F3-F054J5FHN11-d501fbc238\/4-22-2023_3.33pm_80.png?t=xoxe-4082039038513-5909763746612-5907217023875-336a8277661c30aa211f6bb0466e7c24",
                "thumb_360": "https:\/\/files.slack.com\/files-tmb\/T042E1514F3-F054J5FHN11-d501fbc238\/4-22-2023_3.33pm_360.png?t=xoxe-4082039038513-5909763746612-5907217023875-336a8277661c30aa211f6bb0466e7c24",
                "thumb_360_w": 360,
                "thumb_360_h": 281,
                "thumb_480": "https:\/\/files.slack.com\/files-tmb\/T042E1514F3-F054J5FHN11-d501fbc238\/4-22-2023_3.33pm_480.png?t=xoxe-4082039038513-5909763746612-5907217023875-336a8277661c30aa211f6bb0466e7c24",
                "thumb_480_w": 480,
                "thumb_480_h": 375,
                "thumb_160": "https:\/\/files.slack.com\/files-tmb\/T042E1514F3-F054J5FHN11-d501fbc238\/4-22-2023_3.33pm_160.png?t=xoxe-4082039038513-5909763746612-5907217023875-336a8277661c30aa211f6bb0466e7c24",
                "thumb_720": "https:\/\/files.slack.com\/files-tmb\/T042E1514F3-F054J5FHN11-d501fbc238\/4-22-2023_3.33pm_720.png?t=xoxe-4082039038513-5909763746612-5907217023875-336a8277661c30aa211f6bb0466e7c24",
                "thumb_720_w": 720,
                "thumb_720_h": 562,
                "thumb_800": "https:\/\/files.slack.com\/files-tmb\/T042E1514F3-F054J5FHN11-d501fbc238\/4-22-2023_3.33pm_800.png?t=xoxe-4082039038513-5909763746612-5907217023875-336a8277661c30aa211f6bb0466e7c24",
                "thumb_800_w": 800,
                "thumb_800_h": 625,
                "thumb_960": "https:\/\/files.slack.com\/files-tmb\/T042E1514F3-F054J5FHN11-d501fbc238\/4-22-2023_3.33pm_960.png?t=xoxe-4082039038513-5909763746612-5907217023875-336a8277661c30aa211f6bb0466e7c24",
                "thumb_960_w": 960,
                "thumb_960_h": 750,
                "thumb_1024": "https:\/\/files.slack.com\/files-tmb\/T042E1514F3-F054J5FHN11-d501fbc238\/4-22-2023_3.33pm_1024.png?t=xoxe-4082039038513-5909763746612-5907217023875-336a8277661c30aa211f6bb0466e7c24",
                "thumb_1024_w": 1024,
                "thumb_1024_h": 800,
                "original_w": 3842,
                "original_h": 3000,
                "thumb_tiny": "AwAlADCKI7pkB5BYVpeSn9xfyrMh\/wBdH\/vCtMK3qfzpNiF8qMf8s1\/75pPLj\/55L\/3zQVbHX9aNrev60rsYvlR\/880\/75oESZzsT8qQhs\/\/AF6UBsj\/ABp3FcrpcRM4AByeB8oqcL7isyH\/AFyf7wrRCr\/e\/Shg1ccy5XqBzTdn+0KUhdv3h19KML\/eX8qRSuloBUZHzdvWlC8j5v1o2A4OaUJgjmiwjKhP75P94VpZrMh\/1yf7wrSqrCAkEYOaMD3ooosUm1sOEmBjH60ok56frUdKOooEf\/\/Z",
                "permalink": "https:\/\/cyberdefense2022-2023.slack.com\/files\/U042U2F450R\/F054J5FHN11\/4-22-2023_3.33pm.png",
                "permalink_public": "https:\/\/slack-files.com\/T042E1514F3-F054J5FHN11-a67dbaea5a",
                "is_starred": false,
                "has_rich_preview": false,
                "file_access": "visible"
            },
            {
                "id": "F054WTKCHLZ",
                "created": 1682277741,
                "timestamp": 1682277741,
                "name": "4-22-2023_3.34pm.png",
                "title": "4-22-2023_3.34pm.png",
                "mimetype": "image\/png",
                "filetype": "png",
                "pretty_type": "PNG",
                "user": "U042U2F450R",
                "user_team": "T042E1514F3",
                "editable": false,
                "size": 1325385,
                "mode": "hosted",
                "is_external": false,
                "external_type": "",
                "is_public": true,
                "public_url_shared": false,
                "display_as_bot": false,
                "username": "",
                "url_private": "https:\/\/files.slack.com\/files-pri\/T042E1514F3-F054WTKCHLZ\/4-22-2023_3.34pm.png?t=xoxe-4082039038513-5909763746612-5907217023875-336a8277661c30aa211f6bb0466e7c24",
                "url_private_download": "https:\/\/files.slack.com\/files-pri\/T042E1514F3-F054WTKCHLZ\/download\/4-22-2023_3.34pm.png?t=xoxe-4082039038513-5909763746612-5907217023875-336a8277661c30aa211f6bb0466e7c24",
                "media_display_type": "unknown",
                "thumb_64": "https:\/\/files.slack.com\/files-tmb\/T042E1514F3-F054WTKCHLZ-f05bf012f4\/4-22-2023_3.34pm_64.png?t=xoxe-4082039038513-5909763746612-5907217023875-336a8277661c30aa211f6bb0466e7c24",
                "thumb_80": "https:\/\/files.slack.com\/files-tmb\/T042E1514F3-F054WTKCHLZ-f05bf012f4\/4-22-2023_3.34pm_80.png?t=xoxe-4082039038513-5909763746612-5907217023875-336a8277661c30aa211f6bb0466e7c24",
                "thumb_360": "https:\/\/files.slack.com\/files-tmb\/T042E1514F3-F054WTKCHLZ-f05bf012f4\/4-22-2023_3.34pm_360.png?t=xoxe-4082039038513-5909763746612-5907217023875-336a8277661c30aa211f6bb0466e7c24",
                "thumb_360_w": 360,
                "thumb_360_h": 302,
                "thumb_480": "https:\/\/files.slack.com\/files-tmb\/T042E1514F3-F054WTKCHLZ-f05bf012f4\/4-22-2023_3.34pm_480.png?t=xoxe-4082039038513-5909763746612-5907217023875-336a8277661c30aa211f6bb0466e7c24",
                "thumb_480_w": 480,
                "thumb_480_h": 403,
                "thumb_160": "https:\/\/files.slack.com\/files-tmb\/T042E1514F3-F054WTKCHLZ-f05bf012f4\/4-22-2023_3.34pm_160.png?t=xoxe-4082039038513-5909763746612-5907217023875-336a8277661c30aa211f6bb0466e7c24",
                "thumb_720": "https:\/\/files.slack.com\/files-tmb\/T042E1514F3-F054WTKCHLZ-f05bf012f4\/4-22-2023_3.34pm_720.png?t=xoxe-4082039038513-5909763746612-5907217023875-336a8277661c30aa211f6bb0466e7c24",
                "thumb_720_w": 720,
                "thumb_720_h": 604,
                "thumb_800": "https:\/\/files.slack.com\/files-tmb\/T042E1514F3-F054WTKCHLZ-f05bf012f4\/4-22-2023_3.34pm_800.png?t=xoxe-4082039038513-5909763746612-5907217023875-336a8277661c30aa211f6bb0466e7c24",
                "thumb_800_w": 800,
                "thumb_800_h": 672,
                "thumb_960": "https:\/\/files.slack.com\/files-tmb\/T042E1514F3-F054WTKCHLZ-f05bf012f4\/4-22-2023_3.34pm_960.png?t=xoxe-4082039038513-5909763746612-5907217023875-336a8277661c30aa211f6bb0466e7c24",
                "thumb_960_w": 960,
                "thumb_960_h": 806,
                "thumb_1024": "https:\/\/files.slack.com\/files-tmb\/T042E1514F3-F054WTKCHLZ-f05bf012f4\/4-22-2023_3.34pm_1024.png?t=xoxe-4082039038513-5909763746612-5907217023875-336a8277661c30aa211f6bb0466e7c24",
                "thumb_1024_w": 1024,
                "thumb_1024_h": 860,
                "original_w": 3842,
                "original_h": 3225,
                "thumb_tiny": "AwAoADCKL5pkB5BI7Vp+VGP+WaflWZB\/r4\/94VoQEFpME\/ePU0AP8qP\/AJ5p+VHlR\/8APNPyqQYo70AR+VH\/AHE\/KgRJnOxPyqWigChHOhmUA9T\/AHBU9uAGlx3c561nwf8AHxH\/ALwq\/bhd0u0dWOe9AFgD60d6F6Ud6AFooooAxoCPPj5\/iFaibAWwFGT69ayIv9an1FaNAFncP7w\/Ok3D+8Kr0UAWdy\/3hRuH94VWpR94fWgD\/9k=",
                "permalink": "https:\/\/cyberdefense2022-2023.slack.com\/files\/U042U2F450R\/F054WTKCHLZ\/4-22-2023_3.34pm.png",
                "permalink_public": "https:\/\/slack-files.com\/T042E1514F3-F054WTKCHLZ-aa4e32d174",
                "is_starred": false,
                "has_rich_preview": false,
                "file_access": "visible"
            }
        ],
        "upload": false,
        "user": "U042U2F450R",
        "ts": "1682277889.893299",
        "blocks": [
            {
                "type": "rich_text",
                "block_id": "rCz",
                "elements": [
                    {
                        "type": "rich_text_section",
                        "elements": [
                            {
                                "type": "text",
                                "text": "I took some screenshots of our server availability and score during the competition.\nAbout 3:30 (below)"
                            }
                        ]
                    }
                ]
            }
        ],
        "edited": {
            "user": "U042U2F450R",
            "ts": "1682278266.000000"
        },
        "client_msg_id": "cc69911d-c38b-46ee-a5cf-7dfe360aee10"
    },
    {
        "type": "message",
        "text": "4:00. Right before the debriefing. (below)",
        "files": [
            {
                "id": "F054J97JLMQ",
                "created": 1682277922,
                "timestamp": 1682277922,
                "name": "4-22-2023_4.00pm.png",
                "title": "4-22-2023_4.00pm.png",
                "mimetype": "image\/png",
                "filetype": "png",
                "pretty_type": "PNG",
                "user": "U042U2F450R",
                "user_team": "T042E1514F3",
                "editable": false,
                "size": 1320141,
                "mode": "hosted",
                "is_external": false,
                "external_type": "",
                "is_public": true,
                "public_url_shared": false,
                "display_as_bot": false,
                "username": "",
                "url_private": "https:\/\/files.slack.com\/files-pri\/T042E1514F3-F054J97JLMQ\/4-22-2023_4.00pm.png?t=xoxe-4082039038513-5909763746612-5907217023875-336a8277661c30aa211f6bb0466e7c24",
                "url_private_download": "https:\/\/files.slack.com\/files-pri\/T042E1514F3-F054J97JLMQ\/download\/4-22-2023_4.00pm.png?t=xoxe-4082039038513-5909763746612-5907217023875-336a8277661c30aa211f6bb0466e7c24",
                "media_display_type": "unknown",
                "thumb_64": "https:\/\/files.slack.com\/files-tmb\/T042E1514F3-F054J97JLMQ-f505dcc787\/4-22-2023_4.00pm_64.png?t=xoxe-4082039038513-5909763746612-5907217023875-336a8277661c30aa211f6bb0466e7c24",
                "thumb_80": "https:\/\/files.slack.com\/files-tmb\/T042E1514F3-F054J97JLMQ-f505dcc787\/4-22-2023_4.00pm_80.png?t=xoxe-4082039038513-5909763746612-5907217023875-336a8277661c30aa211f6bb0466e7c24",
                "thumb_360": "https:\/\/files.slack.com\/files-tmb\/T042E1514F3-F054J97JLMQ-f505dcc787\/4-22-2023_4.00pm_360.png?t=xoxe-4082039038513-5909763746612-5907217023875-336a8277661c30aa211f6bb0466e7c24",
                "thumb_360_w": 360,
                "thumb_360_h": 302,
                "thumb_480": "https:\/\/files.slack.com\/files-tmb\/T042E1514F3-F054J97JLMQ-f505dcc787\/4-22-2023_4.00pm_480.png?t=xoxe-4082039038513-5909763746612-5907217023875-336a8277661c30aa211f6bb0466e7c24",
                "thumb_480_w": 480,
                "thumb_480_h": 403,
                "thumb_160": "https:\/\/files.slack.com\/files-tmb\/T042E1514F3-F054J97JLMQ-f505dcc787\/4-22-2023_4.00pm_160.png?t=xoxe-4082039038513-5909763746612-5907217023875-336a8277661c30aa211f6bb0466e7c24",
                "thumb_720": "https:\/\/files.slack.com\/files-tmb\/T042E1514F3-F054J97JLMQ-f505dcc787\/4-22-2023_4.00pm_720.png?t=xoxe-4082039038513-5909763746612-5907217023875-336a8277661c30aa211f6bb0466e7c24",
                "thumb_720_w": 720,
                "thumb_720_h": 604,
                "thumb_800": "https:\/\/files.slack.com\/files-tmb\/T042E1514F3-F054J97JLMQ-f505dcc787\/4-22-2023_4.00pm_800.png?t=xoxe-4082039038513-5909763746612-5907217023875-336a8277661c30aa211f6bb0466e7c24",
                "thumb_800_w": 800,
                "thumb_800_h": 672,
                "thumb_960": "https:\/\/files.slack.com\/files-tmb\/T042E1514F3-F054J97JLMQ-f505dcc787\/4-22-2023_4.00pm_960.png?t=xoxe-4082039038513-5909763746612-5907217023875-336a8277661c30aa211f6bb0466e7c24",
                "thumb_960_w": 960,
                "thumb_960_h": 806,
                "thumb_1024": "https:\/\/files.slack.com\/files-tmb\/T042E1514F3-F054J97JLMQ-f505dcc787\/4-22-2023_4.00pm_1024.png?t=xoxe-4082039038513-5909763746612-5907217023875-336a8277661c30aa211f6bb0466e7c24",
                "thumb_1024_w": 1024,
                "thumb_1024_h": 860,
                "original_w": 3842,
                "original_h": 3225,
                "thumb_tiny": "AwAoADCKL5pkB5BI7Vp+VGP+WaflWZB\/x8R\/7wq\/bsS0uc8Oe9AEnlR\/880\/Kjyo\/wDnmn5VIMUd6AI\/Kj\/uJ+VAiTOdiflUtJQBUW5haVAi4ye61JbgBpcd3OetZ8H\/AB8R\/wC8Kv24XdLtHVjnvQBYA+tHehelHegBaKKKAMaAjz4+f4hWomwFsBRk+vWsiL\/Wp9RWjQBZ3D+8PzpNw\/vCq9FAFncv94Ubh\/eFVqUfeH1oA\/\/Z",
                "permalink": "https:\/\/cyberdefense2022-2023.slack.com\/files\/U042U2F450R\/F054J97JLMQ\/4-22-2023_4.00pm.png",
                "permalink_public": "https:\/\/slack-files.com\/T042E1514F3-F054J97JLMQ-3534a82d64",
                "is_starred": false,
                "has_rich_preview": false,
                "file_access": "visible"
            }
        ],
        "upload": false,
        "user": "U042U2F450R",
        "display_as_bot": false,
        "ts": "1682277936.032929",
        "blocks": [
            {
                "type": "rich_text",
                "block_id": "TgcD",
                "elements": [
                    {
                        "type": "rich_text_section",
                        "elements": [
                            {
                                "type": "text",
                                "text": "4:00. Right before the debriefing. (below)"
                            }
                        ]
                    }
                ]
            }
        ],
        "edited": {
            "user": "U042U2F450R",
            "ts": "1682278313.000000"
        },
        "client_msg_id": "651a2274-ddf3-4120-99f1-e50e7c825a97"
    },
    {
        "client_msg_id": "a2d5d122-71b5-4367-8dc8-9f6e629bc37b",
        "type": "message",
        "text": "I wish I had taken some earlier in the competition.",
        "user": "U042U2F450R",
        "ts": "1682277981.126059",
        "blocks": [
            {
                "type": "rich_text",
                "block_id": "7HnKf",
                "elements": [
                    {
                        "type": "rich_text_section",
                        "elements": [
                            {
                                "type": "text",
                                "text": "I wish I had taken some earlier in the competition."
                            }
                        ]
                    }
                ]
            }
        ],
        "team": "T042E1514F3",
        "user_team": "T042E1514F3",
        "source_team": "T042E1514F3",
        "user_profile": {
            "avatar_hash": "gff8e94624db",
            "image_72": "https:\/\/secure.gravatar.com\/avatar\/ff8e94624db08a84843122675f06ea92.jpg?s=72&d=https%3A%2F%2Fa.slack-edge.com%2Fdf10d%2Fimg%2Favatars%2Fava_0004-72.png",
            "first_name": "Anna",
            "real_name": "Anna",
            "display_name": "Anna",
            "team": "T042E1514F3",
            "name": "annam45",
            "is_restricted": false,
            "is_ultra_restricted": false
        }
    },
    {
        "client_msg_id": "eb448a11-43d9-47cc-85c6-a669e387ac40",
        "type": "message",
        "text": "You're fine.",
        "user": "U041LSQC38X",
        "ts": "1682278013.627739",
        "blocks": [
            {
                "type": "rich_text",
                "block_id": "PeCR",
                "elements": [
                    {
                        "type": "rich_text_section",
                        "elements": [
                            {
                                "type": "text",
                                "text": "You're fine."
                            }
                        ]
                    }
                ]
            }
        ],
        "team": "T042E1514F3",
        "user_team": "T042E1514F3",
        "source_team": "T042E1514F3",
        "user_profile": {
            "avatar_hash": "g60b962e7353",
            "image_72": "https:\/\/secure.gravatar.com\/avatar\/60b962e73536af1009870d33a2ba0516.jpg?s=72&d=https%3A%2F%2Fa.slack-edge.com%2Fdf10d%2Fimg%2Favatars%2Fava_0012-72.png",
            "first_name": "Michael",
            "real_name": "Michael Tice",
            "display_name": "Michael Tice",
            "team": "T042E1514F3",
            "name": "michael.tice",
            "is_restricted": false,
            "is_ultra_restricted": false
        }
    },
    {
        "client_msg_id": "3dc7646f-026c-40cc-90eb-ac7937d49ea7",
        "type": "message",
        "text": "I'm glad you shared this! I wanted to share the scoreboard with some friends but didn't have a screenshot of it. Thanks!",
        "user": "U042R3B76SC",
        "ts": "1682284645.414699",
        "blocks": [
            {
                "type": "rich_text",
                "block_id": "pDOlK",
                "elements": [
                    {
                        "type": "rich_text_section",
                        "elements": [
                            {
                                "type": "text",
                                "text": "I'm glad you shared this! I wanted to share the scoreboard with some friends but didn't have a screenshot of it. Thanks!"
                            }
                        ]
                    }
                ]
            }
        ],
        "team": "T042E1514F3",
        "user_team": "T042E1514F3",
        "source_team": "T042E1514F3",
        "user_profile": {
            "avatar_hash": "g6730f37144b",
            "image_72": "https:\/\/secure.gravatar.com\/avatar\/6730f37144bd6ae505b97012a7f22a66.jpg?s=72&d=https%3A%2F%2Fa.slack-edge.com%2Fdf10d%2Fimg%2Favatars%2Fava_0006-72.png",
            "first_name": "chris",
            "real_name": "chris",
            "display_name": "",
            "team": "T042E1514F3",
            "name": "chris",
            "is_restricted": false,
            "is_ultra_restricted": false
        }
    }
]