[
    {
        "client_msg_id": "da0dfd11-ad65-44eb-afb4-0428fd5b2bb3",
        "type": "message",
        "text": "This is an interesting development that I saw mentioned on Mastodon this week. It lists drivers that bad actors are using to bypass security on Windows. This would be a good list of files to look for if we are given a Windows server for the competition (should the scenario, in fact, become available :man-facepalming::skin-tone-2: ).\n<https:\/\/www.loldrivers.io\/>",
        "user": "U042R3B76SC",
        "ts": "1680796732.406889",
        "blocks": [
            {
                "type": "rich_text",
                "block_id": "vflu",
                "elements": [
                    {
                        "type": "rich_text_section",
                        "elements": [
                            {
                                "type": "text",
                                "text": "This is an interesting development that I saw mentioned on Mastodon this week. It lists drivers that bad actors are using to bypass security on Windows. This would be a good list of files to look for if we are given a Windows server for the competition (should the scenario, in fact, become available "
                            },
                            {
                                "type": "emoji",
                                "name": "man-facepalming",
                                "unicode": "1f926-1f3fb-200d-2642-fe0f",
                                "skin_tone": 2
                            },
                            {
                                "type": "text",
                                "text": " ).\n"
                            },
                            {
                                "type": "link",
                                "url": "https:\/\/www.loldrivers.io\/"
                            }
                        ]
                    }
                ]
            }
        ],
        "team": "T042E1514F3",
        "user_team": "T042E1514F3",
        "source_team": "T042E1514F3",
        "user_profile": {
            "avatar_hash": "g6730f37144b",
            "image_72": "https:\/\/secure.gravatar.com\/avatar\/6730f37144bd6ae505b97012a7f22a66.jpg?s=72&d=https%3A%2F%2Fa.slack-edge.com%2Fdf10d%2Fimg%2Favatars%2Fava_0006-72.png",
            "first_name": "chris",
            "real_name": "chris",
            "display_name": "",
            "team": "T042E1514F3",
            "name": "chris",
            "is_restricted": false,
            "is_ultra_restricted": false
        }
    },
    {
        "client_msg_id": "8af9ea7e-21ad-46cc-bc6b-6cd4ba3e2ed7",
        "type": "message",
        "text": "I don't have any allergies. I am sensitive to a certain oil found in some restaurant foods, but I haven't figured out what that oil is yet. I'm not a fan of spicy foods.",
        "user": "U042U2F450R",
        "ts": "1680812142.863279",
        "blocks": [
            {
                "type": "rich_text",
                "block_id": "6U8",
                "elements": [
                    {
                        "type": "rich_text_section",
                        "elements": [
                            {
                                "type": "text",
                                "text": "I don't have any allergies. I am sensitive to a certain oil found in some restaurant foods, but I haven't figured out what that oil is yet. I'm not a fan of spicy foods."
                            }
                        ]
                    }
                ]
            }
        ],
        "team": "T042E1514F3",
        "user_team": "T042E1514F3",
        "source_team": "T042E1514F3",
        "user_profile": {
            "avatar_hash": "gff8e94624db",
            "image_72": "https:\/\/secure.gravatar.com\/avatar\/ff8e94624db08a84843122675f06ea92.jpg?s=72&d=https%3A%2F%2Fa.slack-edge.com%2Fdf10d%2Fimg%2Favatars%2Fava_0004-72.png",
            "first_name": "Anna",
            "real_name": "Anna",
            "display_name": "Anna",
            "team": "T042E1514F3",
            "name": "annam45",
            "is_restricted": false,
            "is_ultra_restricted": false
        },
        "edited": {
            "user": "U042U2F450R",
            "ts": "1680812203.000000"
        },
        "thread_ts": "1680490745.437269",
        "parent_user_id": "U0421AQBX8B"
    }
]