[
    {
        "client_msg_id": "b28af6a6-8d67-415b-a5dd-3fd612bacf71",
        "type": "message",
        "text": "<https:\/\/learn.microsoft.com\/en-us\/exchange\/clients\/outlook-on-the-web\/virtual-directories|https:\/\/learn.microsoft.com\/en-us\/exchange\/clients\/outlook-on-the-web\/virtual-directories>",
        "user": "U042R3B76SC",
        "ts": "1684771394.786609",
        "blocks": [
            {
                "type": "rich_text",
                "block_id": "2a=Ml",
                "elements": [
                    {
                        "type": "rich_text_section",
                        "elements": [
                            {
                                "type": "link",
                                "url": "https:\/\/learn.microsoft.com\/en-us\/exchange\/clients\/outlook-on-the-web\/virtual-directories",
                                "text": "https:\/\/learn.microsoft.com\/en-us\/exchange\/clients\/outlook-on-the-web\/virtual-directories"
                            }
                        ]
                    }
                ]
            }
        ],
        "team": "T042E1514F3",
        "user_team": "T042E1514F3",
        "source_team": "T042E1514F3",
        "user_profile": {
            "avatar_hash": "g6730f37144b",
            "image_72": "https:\/\/secure.gravatar.com\/avatar\/6730f37144bd6ae505b97012a7f22a66.jpg?s=72&d=https%3A%2F%2Fa.slack-edge.com%2Fdf10d%2Fimg%2Favatars%2Fava_0006-72.png",
            "first_name": "chris",
            "real_name": "chris",
            "display_name": "",
            "team": "T042E1514F3",
            "name": "chris",
            "is_restricted": false,
            "is_ultra_restricted": false
        },
        "attachments": [
            {
                "from_url": "https:\/\/learn.microsoft.com\/en-us\/exchange\/clients\/outlook-on-the-web\/virtual-directories",
                "thumb_url": "https:\/\/learn.microsoft.com\/en-us\/media\/logos\/logo-ms-social.png",
                "thumb_width": 400,
                "thumb_height": 400,
                "service_icon": "https:\/\/learn.microsoft.com\/favicon.ico",
                "id": 1,
                "original_url": "https:\/\/learn.microsoft.com\/en-us\/exchange\/clients\/outlook-on-the-web\/virtual-directories",
                "fallback": "View or configure Outlook on the web virtual directories in Exchange Server",
                "text": "Summary: Learn how to view and configure the properties of Outlook on the web virtual directories in Exchange Server 2016 or Exchange Server 2019",
                "title": "View or configure Outlook on the web virtual directories in Exchange Server",
                "title_link": "https:\/\/learn.microsoft.com\/en-us\/exchange\/clients\/outlook-on-the-web\/virtual-directories",
                "service_name": "learn.microsoft.com"
            }
        ]
    },
    {
        "client_msg_id": "055ea4dc-8bf4-4ac6-9160-4d1dfacfb39d",
        "type": "message",
        "text": "<https:\/\/pdhewaju.azurewebsites.net\/2017\/02\/13\/step-step-installing-configuring-office-online-server-windows-server-2016-exchange-2016\/|https:\/\/pdhewaju.azurewebsites.net\/2017\/02\/13\/step-step-installing-configuring-office-online-server-windows-server-2016-exchange-2016\/>",
        "user": "U042R3B76SC",
        "ts": "1684771510.201609",
        "blocks": [
            {
                "type": "rich_text",
                "block_id": "6a5",
                "elements": [
                    {
                        "type": "rich_text_section",
                        "elements": [
                            {
                                "type": "link",
                                "url": "https:\/\/pdhewaju.azurewebsites.net\/2017\/02\/13\/step-step-installing-configuring-office-online-server-windows-server-2016-exchange-2016\/",
                                "text": "https:\/\/pdhewaju.azurewebsites.net\/2017\/02\/13\/step-step-installing-configuring-office-online-server-windows-server-2016-exchange-2016\/"
                            }
                        ]
                    }
                ]
            }
        ],
        "team": "T042E1514F3",
        "user_team": "T042E1514F3",
        "source_team": "T042E1514F3",
        "user_profile": {
            "avatar_hash": "g6730f37144b",
            "image_72": "https:\/\/secure.gravatar.com\/avatar\/6730f37144bd6ae505b97012a7f22a66.jpg?s=72&d=https%3A%2F%2Fa.slack-edge.com%2Fdf10d%2Fimg%2Favatars%2Fava_0006-72.png",
            "first_name": "chris",
            "real_name": "chris",
            "display_name": "",
            "team": "T042E1514F3",
            "name": "chris",
            "is_restricted": false,
            "is_ultra_restricted": false
        }
    }
]