[
    {
        "client_msg_id": "f4ddaf16-1999-4395-ad9d-b7eb32e7c732",
        "type": "message",
        "text": "Please put passwords and everything else you might need for the competition, into Trello.",
        "user": "U042R3B76SC",
        "ts": "1681835968.734129",
        "blocks": [
            {
                "type": "rich_text",
                "block_id": "ud=lL",
                "elements": [
                    {
                        "type": "rich_text_section",
                        "elements": [
                            {
                                "type": "text",
                                "text": "Please put passwords and everything else you might need for the competition, into Trello."
                            }
                        ]
                    }
                ]
            }
        ],
        "team": "T042E1514F3",
        "user_team": "T042E1514F3",
        "source_team": "T042E1514F3",
        "user_profile": {
            "avatar_hash": "g6730f37144b",
            "image_72": "https:\/\/secure.gravatar.com\/avatar\/6730f37144bd6ae505b97012a7f22a66.jpg?s=72&d=https%3A%2F%2Fa.slack-edge.com%2Fdf10d%2Fimg%2Favatars%2Fava_0006-72.png",
            "first_name": "chris",
            "real_name": "chris",
            "display_name": "",
            "team": "T042E1514F3",
            "name": "chris",
            "is_restricted": false,
            "is_ultra_restricted": false
        }
    },
    {
        "client_msg_id": "db92be89-9e0f-460f-a50c-eedc047c87a1",
        "type": "message",
        "text": "Forgot to hit send on this last night, but I'll use it as an excuse to give a shout-out to Tristan for figuring this out on his own!\n&gt; <@U042R51RY2C> I am pretty sure that `ifconfig` only changes the current settings and that they will get reset when you reboot.\n",
        "user": "U042R3B76SC",
        "ts": "1681849973.308459",
        "blocks": [
            {
                "type": "rich_text",
                "block_id": "2zrxx",
                "elements": [
                    {
                        "type": "rich_text_section",
                        "elements": [
                            {
                                "type": "text",
                                "text": "Forgot to hit send on this last night, but I'll use it as an excuse to give a shout-out to Tristan for figuring this out on his own!\n"
                            }
                        ]
                    },
                    {
                        "type": "rich_text_quote",
                        "elements": [
                            {
                                "type": "user",
                                "user_id": "U042R51RY2C"
                            },
                            {
                                "type": "text",
                                "text": " I am pretty sure that "
                            },
                            {
                                "type": "text",
                                "text": "ifconfig",
                                "style": {
                                    "code": true
                                }
                            },
                            {
                                "type": "text",
                                "text": " only changes the current settings and that they will get reset when you reboot."
                            }
                        ]
                    },
                    {
                        "type": "rich_text_section",
                        "elements": []
                    }
                ]
            }
        ],
        "team": "T042E1514F3",
        "user_team": "T042E1514F3",
        "source_team": "T042E1514F3",
        "user_profile": {
            "avatar_hash": "g6730f37144b",
            "image_72": "https:\/\/secure.gravatar.com\/avatar\/6730f37144bd6ae505b97012a7f22a66.jpg?s=72&d=https%3A%2F%2Fa.slack-edge.com%2Fdf10d%2Fimg%2Favatars%2Fava_0006-72.png",
            "first_name": "chris",
            "real_name": "chris",
            "display_name": "",
            "team": "T042E1514F3",
            "name": "chris",
            "is_restricted": false,
            "is_ultra_restricted": false
        }
    },
    {
        "client_msg_id": "EC281A6E-713B-4B45-B26A-367D4F4E6A94",
        "type": "message",
        "text": "Yeah that was weirding me out, shout out to bings AI for helping me figure it out!",
        "user": "U042R51RY2C",
        "ts": "1681853727.467649",
        "blocks": [
            {
                "type": "rich_text",
                "block_id": "aCkyQ",
                "elements": [
                    {
                        "type": "rich_text_section",
                        "elements": [
                            {
                                "type": "text",
                                "text": "Yeah that was weirding me out, shout out to bings AI for helping me figure it out!"
                            }
                        ]
                    }
                ]
            }
        ],
        "team": "T042E1514F3",
        "user_team": "T042E1514F3",
        "source_team": "T042E1514F3",
        "user_profile": {
            "avatar_hash": "g24c32288d4d",
            "image_72": "https:\/\/secure.gravatar.com\/avatar\/24c32288d4dbbf5694cc5c9609ec1853.jpg?s=72&d=https%3A%2F%2Fa.slack-edge.com%2Fdf10d%2Fimg%2Favatars%2Fava_0017-72.png",
            "first_name": "Tristan",
            "real_name": "Tristan Ribble",
            "display_name": "",
            "team": "T042E1514F3",
            "name": "tmribble07",
            "is_restricted": false,
            "is_ultra_restricted": false
        }
    },
    {
        "client_msg_id": "C7CC772B-90F8-4A74-82F2-99135118BCDF",
        "type": "message",
        "text": "Chris, can you take a look at the billing server? I can’t figure out why this thing isn’t working ",
        "user": "U042R51RY2C",
        "ts": "1681872304.890999",
        "blocks": [
            {
                "type": "rich_text",
                "block_id": "RaoM",
                "elements": [
                    {
                        "type": "rich_text_section",
                        "elements": [
                            {
                                "type": "text",
                                "text": "Chris, can you take a look at the billing server? I "
                            },
                            {
                                "type": "text",
                                "text": "can’t"
                            },
                            {
                                "type": "text",
                                "text": " figure out why this thing "
                            },
                            {
                                "type": "text",
                                "text": "isn’t"
                            },
                            {
                                "type": "text",
                                "text": " working "
                            }
                        ]
                    }
                ]
            }
        ],
        "team": "T042E1514F3",
        "user_team": "T042E1514F3",
        "source_team": "T042E1514F3",
        "user_profile": {
            "avatar_hash": "g24c32288d4d",
            "image_72": "https:\/\/secure.gravatar.com\/avatar\/24c32288d4dbbf5694cc5c9609ec1853.jpg?s=72&d=https%3A%2F%2Fa.slack-edge.com%2Fdf10d%2Fimg%2Favatars%2Fava_0017-72.png",
            "first_name": "Tristan",
            "real_name": "Tristan Ribble",
            "display_name": "",
            "team": "T042E1514F3",
            "name": "tmribble07",
            "is_restricted": false,
            "is_ultra_restricted": false
        }
    }
]