[
    {
        "client_msg_id": "f99ff53f-12ca-4dca-b22e-f84315d7dc33",
        "type": "message",
        "text": "Hi, everybody. I want to apologize for initially over-ordering lunch yesterday. If you didn't catch what happened (and I'm not sure you would), that was an autistic moment.\n\nOne of the things that can happen with autism is that you miss tons of social cues. It's not that I can't see social cues; it's just that sometimes I have to look for them deliberately. I did not do this when I was squinting at the menus, and I was not following the gist of the conversation well at all.\n\nWhen Dan asked if he should switch from Runt's back to Need Pizza and said why he was asking, I suddenly \"saw\" several cues I'd missed, and to be honest, I was pretty ashamed. I really wanted to hit Ctrl-Z a few times to undo what I'd said, but that doesn't work in real life.\n\nSo <@U0421AQBX8B>, I want to thank you for letting me backpedal and order the personal pizza from Runt's. I actually felt bad about this on and off the whole rest of the day (because emotions are weird and I never took the time to just process it). But I would have felt a lot worse if we had changed restaurants just because I like buffalo wings. I really appreciate the grace you extended to me.",
        "user": "U042R3B76SC",
        "ts": "1680489686.539709",
        "blocks": [
            {
                "type": "rich_text",
                "block_id": "J+b",
                "elements": [
                    {
                        "type": "rich_text_section",
                        "elements": [
                            {
                                "type": "text",
                                "text": "Hi, everybody. I want to apologize for initially over-ordering lunch yesterday. If you didn't catch what happened (and I'm not sure you would), that was an autistic moment.\n\nOne of the things that can happen with autism is that you miss tons of social cues. It's not that I can't see social cues; it's just that sometimes I have to look for them deliberately. I did not do this when I was squinting at the menus, and I was not following the gist of the conversation well at all.\n\nWhen Dan asked if he should switch from Runt's back to Need Pizza and said why he was asking, I suddenly \"saw\" several cues I'd missed, and to be honest, I was pretty ashamed. I really wanted to hit Ctrl-Z a few times to undo what I'd said, but that doesn't work in real life.\n\nSo "
                            },
                            {
                                "type": "user",
                                "user_id": "U0421AQBX8B"
                            },
                            {
                                "type": "text",
                                "text": ", I want to thank you for letting me backpedal and order the personal pizza from Runt's. I actually felt bad about this on and off the whole rest of the day (because emotions are weird and I never took the time to just process it). But I would have felt a lot worse if we had changed restaurants just because I like buffalo wings. I really appreciate the grace you extended to me."
                            }
                        ]
                    }
                ]
            }
        ],
        "team": "T042E1514F3",
        "user_team": "T042E1514F3",
        "source_team": "T042E1514F3",
        "user_profile": {
            "avatar_hash": "g6730f37144b",
            "image_72": "https:\/\/secure.gravatar.com\/avatar\/6730f37144bd6ae505b97012a7f22a66.jpg?s=72&d=https%3A%2F%2Fa.slack-edge.com%2Fdf10d%2Fimg%2Favatars%2Fava_0006-72.png",
            "first_name": "chris",
            "real_name": "chris",
            "display_name": "",
            "team": "T042E1514F3",
            "name": "chris",
            "is_restricted": false,
            "is_ultra_restricted": false
        }
    },
    {
        "client_msg_id": "7529291c-ef2a-4b2a-ad55-638c59eabe91",
        "type": "message",
        "text": "Absolutely no problem.  I was sorry to make anyone feel badly.  I am happy to continue supporting the crew as they push to the competition -- it's just that I have to do that within a budget!  :slightly_smiling_face:    I should have communicated those boundaries more up front.",
        "user": "U0421AQBX8B",
        "ts": "1680490148.269979",
        "blocks": [
            {
                "type": "rich_text",
                "block_id": "IKzxF",
                "elements": [
                    {
                        "type": "rich_text_section",
                        "elements": [
                            {
                                "type": "text",
                                "text": "Absolutely no problem.  I was sorry to make anyone feel badly.  I am happy to continue supporting the crew as they push to the competition -- it's just that I have to do that within a budget!  "
                            },
                            {
                                "type": "emoji",
                                "name": "slightly_smiling_face",
                                "unicode": "1f642"
                            },
                            {
                                "type": "text",
                                "text": "    I should have communicated those boundaries more up front."
                            }
                        ]
                    }
                ]
            }
        ],
        "team": "T042E1514F3",
        "user_team": "T042E1514F3",
        "source_team": "T042E1514F3",
        "user_profile": {
            "avatar_hash": "g4c1eed42032",
            "image_72": "https:\/\/secure.gravatar.com\/avatar\/4c1eed420327197d000fb89a053a08f3.jpg?s=72&d=https%3A%2F%2Fa.slack-edge.com%2Fdf10d%2Fimg%2Favatars%2Fava_0013-72.png",
            "first_name": "Daniel",
            "real_name": "Daniel Tice",
            "display_name": "Daniel Tice",
            "team": "T042E1514F3",
            "name": "danielstice",
            "is_restricted": false,
            "is_ultra_restricted": false
        }
    },
    {
        "client_msg_id": "053fd837-0454-4fea-8b5b-27b66aaefacc",
        "type": "message",
        "text": "Thanks. :slightly_smiling_face:\n\n&gt; I should have communicated those boundaries more up front.\nOne of the social cues I missed was, \"They have five menus. Dan is showing us two menus.\" :rofl:",
        "user": "U042R3B76SC",
        "ts": "1680490249.299799",
        "blocks": [
            {
                "type": "rich_text",
                "block_id": "69eok",
                "elements": [
                    {
                        "type": "rich_text_section",
                        "elements": [
                            {
                                "type": "text",
                                "text": "Thanks. "
                            },
                            {
                                "type": "emoji",
                                "name": "slightly_smiling_face",
                                "unicode": "1f642"
                            },
                            {
                                "type": "text",
                                "text": "\n\n"
                            }
                        ]
                    },
                    {
                        "type": "rich_text_quote",
                        "elements": [
                            {
                                "type": "text",
                                "text": "I should have communicated those boundaries more up front."
                            }
                        ]
                    },
                    {
                        "type": "rich_text_section",
                        "elements": [
                            {
                                "type": "text",
                                "text": "One of the social cues I missed was, \"They have five menus. Dan is showing us two menus.\" "
                            },
                            {
                                "type": "emoji",
                                "name": "rofl"
                            }
                        ]
                    }
                ]
            }
        ],
        "team": "T042E1514F3",
        "user_team": "T042E1514F3",
        "source_team": "T042E1514F3",
        "user_profile": {
            "avatar_hash": "g6730f37144b",
            "image_72": "https:\/\/secure.gravatar.com\/avatar\/6730f37144bd6ae505b97012a7f22a66.jpg?s=72&d=https%3A%2F%2Fa.slack-edge.com%2Fdf10d%2Fimg%2Favatars%2Fava_0006-72.png",
            "first_name": "chris",
            "real_name": "chris",
            "display_name": "",
            "team": "T042E1514F3",
            "name": "chris",
            "is_restricted": false,
            "is_ultra_restricted": false
        }
    },
    {
        "client_msg_id": "58ccbfc7-dd26-48ee-96e2-ec451ab6bd51",
        "type": "message",
        "text": "On a similar topic, the wings at Runt's a pretty close to a dollar per wing!  OMGosh!  I'd suggest finding a different place for wings!",
        "user": "U0421AQBX8B",
        "ts": "1680490256.621679",
        "blocks": [
            {
                "type": "rich_text",
                "block_id": "tEmXX",
                "elements": [
                    {
                        "type": "rich_text_section",
                        "elements": [
                            {
                                "type": "text",
                                "text": "On a similar topic, the wings at Runt's a pretty close to a dollar per wing!  OMGosh!  I'd suggest finding a different place for wings!"
                            }
                        ]
                    }
                ]
            }
        ],
        "team": "T042E1514F3",
        "user_team": "T042E1514F3",
        "source_team": "T042E1514F3",
        "user_profile": {
            "avatar_hash": "g4c1eed42032",
            "image_72": "https:\/\/secure.gravatar.com\/avatar\/4c1eed420327197d000fb89a053a08f3.jpg?s=72&d=https%3A%2F%2Fa.slack-edge.com%2Fdf10d%2Fimg%2Favatars%2Fava_0013-72.png",
            "first_name": "Daniel",
            "real_name": "Daniel Tice",
            "display_name": "Daniel Tice",
            "team": "T042E1514F3",
            "name": "danielstice",
            "is_restricted": false,
            "is_ultra_restricted": false
        }
    },
    {
        "client_msg_id": "71138338-7c3d-4951-b7b5-71884af81fbf",
        "type": "message",
        "text": "I got wings LATER THE SAME DAY.",
        "user": "U042R3B76SC",
        "ts": "1680490282.517679",
        "blocks": [
            {
                "type": "rich_text",
                "block_id": "P6g3R",
                "elements": [
                    {
                        "type": "rich_text_section",
                        "elements": [
                            {
                                "type": "text",
                                "text": "I got wings LATER THE SAME DAY."
                            }
                        ]
                    }
                ]
            }
        ],
        "team": "T042E1514F3",
        "user_team": "T042E1514F3",
        "source_team": "T042E1514F3",
        "user_profile": {
            "avatar_hash": "g6730f37144b",
            "image_72": "https:\/\/secure.gravatar.com\/avatar\/6730f37144bd6ae505b97012a7f22a66.jpg?s=72&d=https%3A%2F%2Fa.slack-edge.com%2Fdf10d%2Fimg%2Favatars%2Fava_0006-72.png",
            "first_name": "chris",
            "real_name": "chris",
            "display_name": "",
            "team": "T042E1514F3",
            "name": "chris",
            "is_restricted": false,
            "is_ultra_restricted": false
        }
    },
    {
        "client_msg_id": "e82121a5-6170-4827-b508-f234d4df578b",
        "type": "message",
        "text": "Hah!  Good!  Maybe I could try and make some and bring them!",
        "user": "U0421AQBX8B",
        "ts": "1680490307.028609",
        "blocks": [
            {
                "type": "rich_text",
                "block_id": "\/3O6Y",
                "elements": [
                    {
                        "type": "rich_text_section",
                        "elements": [
                            {
                                "type": "text",
                                "text": "Hah!  Good!  Maybe I could try and make some and bring them!"
                            }
                        ]
                    }
                ]
            }
        ],
        "team": "T042E1514F3",
        "user_team": "T042E1514F3",
        "source_team": "T042E1514F3",
        "user_profile": {
            "avatar_hash": "g4c1eed42032",
            "image_72": "https:\/\/secure.gravatar.com\/avatar\/4c1eed420327197d000fb89a053a08f3.jpg?s=72&d=https%3A%2F%2Fa.slack-edge.com%2Fdf10d%2Fimg%2Favatars%2Fava_0013-72.png",
            "first_name": "Daniel",
            "real_name": "Daniel Tice",
            "display_name": "Daniel Tice",
            "team": "T042E1514F3",
            "name": "danielstice",
            "is_restricted": false,
            "is_ultra_restricted": false
        }
    },
    {
        "client_msg_id": "6bd2040f-b997-41f9-be3f-c5cc7b16ebaf",
        "type": "message",
        "text": "Someone in my family had a hard week, so the five of us who live here in town went to Chili's together and I got a Pick Three or something similar from the appetizer menu. I have leftovers.",
        "user": "U042R3B76SC",
        "ts": "1680490340.388319",
        "blocks": [
            {
                "type": "rich_text",
                "block_id": "Ptv",
                "elements": [
                    {
                        "type": "rich_text_section",
                        "elements": [
                            {
                                "type": "text",
                                "text": "Someone in my family had a hard week, so the five of us who live here in town went to Chili's together and I got a Pick Three or something similar from the appetizer menu. I have leftovers."
                            }
                        ]
                    }
                ]
            }
        ],
        "team": "T042E1514F3",
        "user_team": "T042E1514F3",
        "source_team": "T042E1514F3",
        "user_profile": {
            "avatar_hash": "g6730f37144b",
            "image_72": "https:\/\/secure.gravatar.com\/avatar\/6730f37144bd6ae505b97012a7f22a66.jpg?s=72&d=https%3A%2F%2Fa.slack-edge.com%2Fdf10d%2Fimg%2Favatars%2Fava_0006-72.png",
            "first_name": "chris",
            "real_name": "chris",
            "display_name": "",
            "team": "T042E1514F3",
            "name": "chris",
            "is_restricted": false,
            "is_ultra_restricted": false
        }
    },
    {
        "client_msg_id": "d5e88b96-9789-4999-b15f-99dd5ed5d732",
        "type": "message",
        "text": "&gt; make some and bring them!\nThere's an EOY potluck, right?",
        "user": "U042R3B76SC",
        "ts": "1680490374.857199",
        "blocks": [
            {
                "type": "rich_text",
                "block_id": "WYP22",
                "elements": [
                    {
                        "type": "rich_text_quote",
                        "elements": [
                            {
                                "type": "text",
                                "text": "make some and bring them!"
                            }
                        ]
                    },
                    {
                        "type": "rich_text_section",
                        "elements": [
                            {
                                "type": "text",
                                "text": "There's an EOY potluck, right?"
                            }
                        ]
                    }
                ]
            }
        ],
        "team": "T042E1514F3",
        "user_team": "T042E1514F3",
        "source_team": "T042E1514F3",
        "user_profile": {
            "avatar_hash": "g6730f37144b",
            "image_72": "https:\/\/secure.gravatar.com\/avatar\/6730f37144bd6ae505b97012a7f22a66.jpg?s=72&d=https%3A%2F%2Fa.slack-edge.com%2Fdf10d%2Fimg%2Favatars%2Fava_0006-72.png",
            "first_name": "chris",
            "real_name": "chris",
            "display_name": "",
            "team": "T042E1514F3",
            "name": "chris",
            "is_restricted": false,
            "is_ultra_restricted": false
        }
    },
    {
        "client_msg_id": "46837c72-d326-4fe8-ab4a-3e3bd28a3cb8",
        "type": "message",
        "text": "I am not sure -- during COVID, they just went out for ice cream.  I am half-remembering a picnic last year that we could not attend for some reason.  So, maybe?",
        "user": "U0421AQBX8B",
        "ts": "1680490507.298999",
        "blocks": [
            {
                "type": "rich_text",
                "block_id": "6d5yH",
                "elements": [
                    {
                        "type": "rich_text_section",
                        "elements": [
                            {
                                "type": "text",
                                "text": "I am not sure -- during COVID, they just went out for ice cream.  I am half-remembering a picnic last year that we could not attend for some reason.  So, maybe?"
                            }
                        ]
                    }
                ]
            }
        ],
        "team": "T042E1514F3",
        "user_team": "T042E1514F3",
        "source_team": "T042E1514F3",
        "user_profile": {
            "avatar_hash": "g4c1eed42032",
            "image_72": "https:\/\/secure.gravatar.com\/avatar\/4c1eed420327197d000fb89a053a08f3.jpg?s=72&d=https%3A%2F%2Fa.slack-edge.com%2Fdf10d%2Fimg%2Favatars%2Fava_0013-72.png",
            "first_name": "Daniel",
            "real_name": "Daniel Tice",
            "display_name": "Daniel Tice",
            "team": "T042E1514F3",
            "name": "danielstice",
            "is_restricted": false,
            "is_ultra_restricted": false
        }
    },
    {
        "client_msg_id": "988b824e-c551-46fb-9898-0849cec501ab",
        "type": "message",
        "text": "Well, usually I just stop at DQ on the way and get Buster Bars, even if there is a potluck. Either that or KFC.",
        "user": "U042R3B76SC",
        "ts": "1680490554.216649",
        "blocks": [
            {
                "type": "rich_text",
                "block_id": "4J=QF",
                "elements": [
                    {
                        "type": "rich_text_section",
                        "elements": [
                            {
                                "type": "text",
                                "text": "Well, usually I just stop at DQ on the way and get Buster Bars, even if there is a potluck. Either that or KFC."
                            }
                        ]
                    }
                ]
            }
        ],
        "team": "T042E1514F3",
        "user_team": "T042E1514F3",
        "source_team": "T042E1514F3",
        "user_profile": {
            "avatar_hash": "g6730f37144b",
            "image_72": "https:\/\/secure.gravatar.com\/avatar\/6730f37144bd6ae505b97012a7f22a66.jpg?s=72&d=https%3A%2F%2Fa.slack-edge.com%2Fdf10d%2Fimg%2Favatars%2Fava_0006-72.png",
            "first_name": "chris",
            "real_name": "chris",
            "display_name": "",
            "team": "T042E1514F3",
            "name": "chris",
            "is_restricted": false,
            "is_ultra_restricted": false
        }
    },
    {
        "client_msg_id": "99f54906-137a-40ef-b87d-226bca78b391",
        "type": "message",
        "text": "We're a small enough group we can do something regardless.",
        "user": "U042R3B76SC",
        "ts": "1680490579.199289",
        "blocks": [
            {
                "type": "rich_text",
                "block_id": "93V1",
                "elements": [
                    {
                        "type": "rich_text_section",
                        "elements": [
                            {
                                "type": "text",
                                "text": "We're a small enough group we can do something regardless."
                            }
                        ]
                    }
                ]
            }
        ],
        "team": "T042E1514F3",
        "user_team": "T042E1514F3",
        "source_team": "T042E1514F3",
        "user_profile": {
            "avatar_hash": "g6730f37144b",
            "image_72": "https:\/\/secure.gravatar.com\/avatar\/6730f37144bd6ae505b97012a7f22a66.jpg?s=72&d=https%3A%2F%2Fa.slack-edge.com%2Fdf10d%2Fimg%2Favatars%2Fava_0006-72.png",
            "first_name": "chris",
            "real_name": "chris",
            "display_name": "",
            "team": "T042E1514F3",
            "name": "chris",
            "is_restricted": false,
            "is_ultra_restricted": false
        }
    },
    {
        "client_msg_id": "1bce0dc1-01bf-4d78-a747-56b3c2ba96df",
        "type": "message",
        "text": "I'd be happy to bring something -- could you, Anna and Tristan post any food allergies\/sensitivities\/spice tolerance?  I'll see what I can do next Saturday.",
        "user": "U0421AQBX8B",
        "ts": "1680490745.437269",
        "blocks": [
            {
                "type": "rich_text",
                "block_id": "kc2",
                "elements": [
                    {
                        "type": "rich_text_section",
                        "elements": [
                            {
                                "type": "text",
                                "text": "I'd be happy to bring something -- could you, Anna and Tristan post any food allergies\/sensitivities\/spice tolerance?  I'll see what I can do next Saturday."
                            }
                        ]
                    }
                ]
            }
        ],
        "team": "T042E1514F3",
        "user_team": "T042E1514F3",
        "source_team": "T042E1514F3",
        "user_profile": {
            "avatar_hash": "g4c1eed42032",
            "image_72": "https:\/\/secure.gravatar.com\/avatar\/4c1eed420327197d000fb89a053a08f3.jpg?s=72&d=https%3A%2F%2Fa.slack-edge.com%2Fdf10d%2Fimg%2Favatars%2Fava_0013-72.png",
            "first_name": "Daniel",
            "real_name": "Daniel Tice",
            "display_name": "Daniel Tice",
            "team": "T042E1514F3",
            "name": "danielstice",
            "is_restricted": false,
            "is_ultra_restricted": false
        },
        "thread_ts": "1680490745.437269",
        "reply_count": 1,
        "reply_users_count": 1,
        "latest_reply": "1680812142.863279",
        "reply_users": [
            "U042U2F450R"
        ],
        "replies": [
            {
                "user": "U042U2F450R",
                "ts": "1680812142.863279"
            }
        ],
        "is_locked": false,
        "subscribed": false
    },
    {
        "client_msg_id": "31beb69f-3b10-4b91-9b78-641da83c864a",
        "type": "message",
        "text": "To be clear, I meant we could do something after the competition, right?",
        "user": "U042R3B76SC",
        "ts": "1680490785.056129",
        "blocks": [
            {
                "type": "rich_text",
                "block_id": "COJ",
                "elements": [
                    {
                        "type": "rich_text_section",
                        "elements": [
                            {
                                "type": "text",
                                "text": "To be clear, I meant we could do something after the competition, right?"
                            }
                        ]
                    }
                ]
            }
        ],
        "team": "T042E1514F3",
        "user_team": "T042E1514F3",
        "source_team": "T042E1514F3",
        "user_profile": {
            "avatar_hash": "g6730f37144b",
            "image_72": "https:\/\/secure.gravatar.com\/avatar\/6730f37144bd6ae505b97012a7f22a66.jpg?s=72&d=https%3A%2F%2Fa.slack-edge.com%2Fdf10d%2Fimg%2Favatars%2Fava_0006-72.png",
            "first_name": "chris",
            "real_name": "chris",
            "display_name": "",
            "team": "T042E1514F3",
            "name": "chris",
            "is_restricted": false,
            "is_ultra_restricted": false
        }
    },
    {
        "client_msg_id": "0f20e78f-e7fe-4f9e-9772-3cb42616fe97",
        "type": "message",
        "text": "Yes -- that too.  I also know that the group needs a lunch on Saturdays.  I would be happy to do that, as well.",
        "user": "U0421AQBX8B",
        "ts": "1680490827.110329",
        "blocks": [
            {
                "type": "rich_text",
                "block_id": "T0A1",
                "elements": [
                    {
                        "type": "rich_text_section",
                        "elements": [
                            {
                                "type": "text",
                                "text": "Yes -- that too.  I also know that the group needs a lunch on Saturdays.  I would be happy to do that, as well."
                            }
                        ]
                    }
                ]
            }
        ],
        "team": "T042E1514F3",
        "user_team": "T042E1514F3",
        "source_team": "T042E1514F3",
        "user_profile": {
            "avatar_hash": "g4c1eed42032",
            "image_72": "https:\/\/secure.gravatar.com\/avatar\/4c1eed420327197d000fb89a053a08f3.jpg?s=72&d=https%3A%2F%2Fa.slack-edge.com%2Fdf10d%2Fimg%2Favatars%2Fava_0013-72.png",
            "first_name": "Daniel",
            "real_name": "Daniel Tice",
            "display_name": "Daniel Tice",
            "team": "T042E1514F3",
            "name": "danielstice",
            "is_restricted": false,
            "is_ultra_restricted": false
        }
    },
    {
        "client_msg_id": "50d42af3-4805-44ef-9a68-91903cb421ec",
        "type": "message",
        "text": ":+1:",
        "user": "U042R3B76SC",
        "ts": "1680490833.523009",
        "blocks": [
            {
                "type": "rich_text",
                "block_id": "mwR",
                "elements": [
                    {
                        "type": "rich_text_section",
                        "elements": [
                            {
                                "type": "emoji",
                                "name": "+1",
                                "unicode": "1f44d"
                            }
                        ]
                    }
                ]
            }
        ],
        "team": "T042E1514F3",
        "user_team": "T042E1514F3",
        "source_team": "T042E1514F3",
        "user_profile": {
            "avatar_hash": "g6730f37144b",
            "image_72": "https:\/\/secure.gravatar.com\/avatar\/6730f37144bd6ae505b97012a7f22a66.jpg?s=72&d=https%3A%2F%2Fa.slack-edge.com%2Fdf10d%2Fimg%2Favatars%2Fava_0006-72.png",
            "first_name": "chris",
            "real_name": "chris",
            "display_name": "",
            "team": "T042E1514F3",
            "name": "chris",
            "is_restricted": false,
            "is_ultra_restricted": false
        }
    },
    {
        "client_msg_id": "1e3d30c6-9845-44a1-a658-88b264212b0d",
        "type": "message",
        "text": "I don't have any allergies exactly, but there are foods I can't eat. It's mostly about some kinds of cheeses, but as long as the cheese isn't melted all over the food, I just scrape it off and I'm fine.",
        "user": "U042R3B76SC",
        "ts": "1680490944.525099",
        "blocks": [
            {
                "type": "rich_text",
                "block_id": "0RoL",
                "elements": [
                    {
                        "type": "rich_text_section",
                        "elements": [
                            {
                                "type": "text",
                                "text": "I don't have any allergies exactly, but there are foods I can't eat. It's mostly about some kinds of cheeses, but as long as the cheese isn't melted all over the food, I just scrape it off and I'm fine."
                            }
                        ]
                    }
                ]
            }
        ],
        "team": "T042E1514F3",
        "user_team": "T042E1514F3",
        "source_team": "T042E1514F3",
        "user_profile": {
            "avatar_hash": "g6730f37144b",
            "image_72": "https:\/\/secure.gravatar.com\/avatar\/6730f37144bd6ae505b97012a7f22a66.jpg?s=72&d=https%3A%2F%2Fa.slack-edge.com%2Fdf10d%2Fimg%2Favatars%2Fava_0006-72.png",
            "first_name": "chris",
            "real_name": "chris",
            "display_name": "",
            "team": "T042E1514F3",
            "name": "chris",
            "is_restricted": false,
            "is_ultra_restricted": false
        }
    },
    {
        "client_msg_id": "d3bb0fab-0ed4-45d5-acef-40f491679937",
        "type": "message",
        "text": "I don't have the entire server checklist document reformatted nicely yet, but I've put it as-is on GitHub so that you can look at it if you want to practice using some of the commands on it to look at your own servers or anything like that.\n\nJust go to this link on GitHub and look for the document called Server Triage Checklist.docx.\n\n<https:\/\/github.com\/sql-sith\/cdc-2023\/tree\/main\/meeting-notes>",
        "user": "U042R3B76SC",
        "ts": "1680497882.605129",
        "blocks": [
            {
                "type": "rich_text",
                "block_id": "9lgA",
                "elements": [
                    {
                        "type": "rich_text_section",
                        "elements": [
                            {
                                "type": "text",
                                "text": "I don't have the entire server checklist document reformatted nicely yet, but I've put it as-is on GitHub so that you can look at it if you want to practice using some of the commands on it to look at your own servers or anything like that.\n\nJust go to this link on GitHub and look for the document called Server Triage Checklist.docx.\n\n"
                            },
                            {
                                "type": "link",
                                "url": "https:\/\/github.com\/sql-sith\/cdc-2023\/tree\/main\/meeting-notes"
                            }
                        ]
                    }
                ]
            }
        ],
        "team": "T042E1514F3",
        "user_team": "T042E1514F3",
        "source_team": "T042E1514F3",
        "user_profile": {
            "avatar_hash": "g6730f37144b",
            "image_72": "https:\/\/secure.gravatar.com\/avatar\/6730f37144bd6ae505b97012a7f22a66.jpg?s=72&d=https%3A%2F%2Fa.slack-edge.com%2Fdf10d%2Fimg%2Favatars%2Fava_0006-72.png",
            "first_name": "chris",
            "real_name": "chris",
            "display_name": "",
            "team": "T042E1514F3",
            "name": "chris",
            "is_restricted": false,
            "is_ultra_restricted": false
        },
        "attachments": [
            {
                "image_url": "https:\/\/opengraph.githubassets.com\/01148936d4bae6d94e732be062fda5eb536d668484df40121876bb5c710f113d\/sql-sith\/cdc-2023",
                "image_width": 1200,
                "image_height": 600,
                "image_bytes": 130227,
                "from_url": "https:\/\/github.com\/sql-sith\/cdc-2023\/tree\/main\/meeting-notes",
                "service_icon": "https:\/\/a.slack-edge.com\/80588\/img\/unfurl_icons\/github.png",
                "id": 1,
                "original_url": "https:\/\/github.com\/sql-sith\/cdc-2023\/tree\/main\/meeting-notes",
                "fallback": "GitHub: cdc-2023\/meeting-notes at main · sql-sith\/cdc-2023",
                "text": "Information for Cedar Rapids Area Homeschools Cyber Defense Team, 2022-2023 - cdc-2023\/meeting-notes at main · sql-sith\/cdc-2023",
                "title": "cdc-2023\/meeting-notes at main · sql-sith\/cdc-2023",
                "title_link": "https:\/\/github.com\/sql-sith\/cdc-2023\/tree\/main\/meeting-notes",
                "service_name": "GitHub"
            }
        ]
    }
]