[
    {
        "client_msg_id": "484f67f5-a9b5-450c-a8eb-5ac4d871620b",
        "type": "message",
        "text": "FYI, I'm leaving home right now and should be parking just a couple minutes before 10:00. Remember, if you don't want to wait on the street, well don't wait on the street. Street. That's dangerous. But if you don't want to wait on the sidewalk, you can wait in the food court. See you soon!",
        "user": "U042R3B76SC",
        "ts": "1680965261.530499",
        "blocks": [
            {
                "type": "rich_text",
                "block_id": "UrN",
                "elements": [
                    {
                        "type": "rich_text_section",
                        "elements": [
                            {
                                "type": "text",
                                "text": "FYI, I'm leaving home right now and should be parking just a couple minutes before 10:00. Remember, if you don't want to wait on the street, well don't wait on the street. Street. That's dangerous. But if you don't want to wait on the sidewalk, you can wait in the food court. See you soon!"
                            }
                        ]
                    }
                ]
            }
        ],
        "team": "T042E1514F3",
        "user_team": "T042E1514F3",
        "source_team": "T042E1514F3",
        "user_profile": {
            "avatar_hash": "g6730f37144b",
            "image_72": "https:\/\/secure.gravatar.com\/avatar\/6730f37144bd6ae505b97012a7f22a66.jpg?s=72&d=https%3A%2F%2Fa.slack-edge.com%2Fdf10d%2Fimg%2Favatars%2Fava_0006-72.png",
            "first_name": "chris",
            "real_name": "chris",
            "display_name": "",
            "team": "T042E1514F3",
            "name": "chris",
            "is_restricted": false,
            "is_ultra_restricted": false
        }
    },
    {
        "client_msg_id": "a0ab3a43-930d-4d1f-87c0-345bc46d882e",
        "type": "message",
        "text": "Moon's password is C1dGue$t",
        "user": "U042R3B76SC",
        "ts": "1680966612.120479",
        "blocks": [
            {
                "type": "rich_text",
                "block_id": "52h",
                "elements": [
                    {
                        "type": "rich_text_section",
                        "elements": [
                            {
                                "type": "text",
                                "text": "Moon's password is C1dGue$t"
                            }
                        ]
                    }
                ]
            }
        ],
        "team": "T042E1514F3",
        "user_team": "T042E1514F3",
        "source_team": "T042E1514F3",
        "user_profile": {
            "avatar_hash": "g6730f37144b",
            "image_72": "https:\/\/secure.gravatar.com\/avatar\/6730f37144bd6ae505b97012a7f22a66.jpg?s=72&d=https%3A%2F%2Fa.slack-edge.com%2Fdf10d%2Fimg%2Favatars%2Fava_0006-72.png",
            "first_name": "chris",
            "real_name": "chris",
            "display_name": "",
            "team": "T042E1514F3",
            "name": "chris",
            "is_restricted": false,
            "is_ultra_restricted": false
        }
    },
    {
        "client_msg_id": "a6cc886f-e1a5-4816-a60f-3a092d5f730f",
        "type": "message",
        "text": "Lots of word lists and related stuff:\n<https:\/\/github.com\/danielmiessler\/SecLists.git>",
        "user": "U042R3B76SC",
        "ts": "1680971085.700809",
        "blocks": [
            {
                "type": "rich_text",
                "block_id": "j4\/K",
                "elements": [
                    {
                        "type": "rich_text_section",
                        "elements": [
                            {
                                "type": "text",
                                "text": "Lots of word lists and related stuff:\n"
                            },
                            {
                                "type": "link",
                                "url": "https:\/\/github.com\/danielmiessler\/SecLists.git"
                            }
                        ]
                    }
                ]
            }
        ],
        "team": "T042E1514F3",
        "user_team": "T042E1514F3",
        "source_team": "T042E1514F3",
        "user_profile": {
            "avatar_hash": "g6730f37144b",
            "image_72": "https:\/\/secure.gravatar.com\/avatar\/6730f37144bd6ae505b97012a7f22a66.jpg?s=72&d=https%3A%2F%2Fa.slack-edge.com%2Fdf10d%2Fimg%2Favatars%2Fava_0006-72.png",
            "first_name": "chris",
            "real_name": "chris",
            "display_name": "",
            "team": "T042E1514F3",
            "name": "chris",
            "is_restricted": false,
            "is_ultra_restricted": false
        },
        "attachments": [
            {
                "image_url": "https:\/\/opengraph.githubassets.com\/a2bbb9ea27b5c05e4a725da5b909f020d0d41e54a26678bff1f23b41301d7a0c\/danielmiessler\/SecLists",
                "image_width": 1200,
                "image_height": 600,
                "image_bytes": 108147,
                "from_url": "https:\/\/github.com\/danielmiessler\/SecLists.git",
                "service_icon": "https:\/\/a.slack-edge.com\/80588\/img\/unfurl_icons\/github.png",
                "id": 1,
                "original_url": "https:\/\/github.com\/danielmiessler\/SecLists.git",
                "fallback": "GitHub: GitHub - danielmiessler\/SecLists: SecLists is the security tester's companion. It's a collection of multiple types of lists used during security assessments, collected in one place. List types include usernames, passwords, URLs, sensitive data patterns, fuzzing payloads, web shells, and many more.",
                "text": "SecLists is the security tester&amp;#39;s companion. It&amp;#39;s a collection of multiple types of lists used during security assessments, collected in one place. List types include usernames, passwords, ...",
                "title": "GitHub - danielmiessler\/SecLists: SecLists is the security tester's companion. It's a collection of multiple types of lists used during security assessments, collected in one place. List types include usernames, passwords, URLs, sensitive data patterns, fuzzing payloads, web shells, and many more.",
                "title_link": "https:\/\/github.com\/danielmiessler\/SecLists.git",
                "service_name": "GitHub"
            }
        ]
    },
    {
        "client_msg_id": "9508cb12-bd8e-4297-97de-cd83e22ef96d",
        "type": "message",
        "text": "<https:\/\/vcenter.iseage.org>\nUsername = school14\nPW = DvbA18agWX\nIP Range - <http:\/\/144.76.90.0\/24|144.76.90.0\/24>",
        "user": "U042R3B76SC",
        "ts": "1680978189.462279",
        "blocks": [
            {
                "type": "rich_text",
                "block_id": "y2BF0",
                "elements": [
                    {
                        "type": "rich_text_section",
                        "elements": [
                            {
                                "type": "link",
                                "url": "https:\/\/vcenter.iseage.org"
                            },
                            {
                                "type": "text",
                                "text": "\nUsername = school14\nPW = DvbA18agWX\nIP Range - "
                            },
                            {
                                "type": "link",
                                "url": "http:\/\/144.76.90.0\/24",
                                "text": "144.76.90.0\/24"
                            }
                        ]
                    }
                ]
            }
        ],
        "team": "T042E1514F3",
        "user_team": "T042E1514F3",
        "source_team": "T042E1514F3",
        "user_profile": {
            "avatar_hash": "g6730f37144b",
            "image_72": "https:\/\/secure.gravatar.com\/avatar\/6730f37144bd6ae505b97012a7f22a66.jpg?s=72&d=https%3A%2F%2Fa.slack-edge.com%2Fdf10d%2Fimg%2Favatars%2Fava_0006-72.png",
            "first_name": "chris",
            "real_name": "chris",
            "display_name": "",
            "team": "T042E1514F3",
            "name": "chris",
            "is_restricted": false,
            "is_ultra_restricted": false
        }
    },
    {
        "client_msg_id": "2a555892-0a71-449c-a484-b71cbeaa0bdf",
        "type": "message",
        "text": "Here's a good-looking site for trying to build jails:\n<https:\/\/linuxconfig.org\/jail-ssh-user-to-home-directory-on-linux>",
        "user": "U042R3B76SC",
        "ts": "1680980384.450369",
        "blocks": [
            {
                "type": "rich_text",
                "block_id": "UozO",
                "elements": [
                    {
                        "type": "rich_text_section",
                        "elements": [
                            {
                                "type": "text",
                                "text": "Here's a good-looking site for trying to build jails:\n"
                            },
                            {
                                "type": "link",
                                "url": "https:\/\/linuxconfig.org\/jail-ssh-user-to-home-directory-on-linux"
                            }
                        ]
                    }
                ]
            }
        ],
        "team": "T042E1514F3",
        "user_team": "T042E1514F3",
        "source_team": "T042E1514F3",
        "user_profile": {
            "avatar_hash": "g6730f37144b",
            "image_72": "https:\/\/secure.gravatar.com\/avatar\/6730f37144bd6ae505b97012a7f22a66.jpg?s=72&d=https%3A%2F%2Fa.slack-edge.com%2Fdf10d%2Fimg%2Favatars%2Fava_0006-72.png",
            "first_name": "chris",
            "real_name": "chris",
            "display_name": "",
            "team": "T042E1514F3",
            "name": "chris",
            "is_restricted": false,
            "is_ultra_restricted": false
        }
    },
    {
        "client_msg_id": "9b74ac45-504b-4313-bd39-6b025f2d72c4",
        "type": "message",
        "text": "<@U0421AQBX8B> , did you ever notice that my shirt was for the Chicago Bears team that won Super Bowl XLI?",
        "user": "U042R3B76SC",
        "ts": "1680981410.363419",
        "blocks": [
            {
                "type": "rich_text",
                "block_id": "aUbx",
                "elements": [
                    {
                        "type": "rich_text_section",
                        "elements": [
                            {
                                "type": "user",
                                "user_id": "U0421AQBX8B"
                            },
                            {
                                "type": "text",
                                "text": " , did you ever notice that my shirt was for the Chicago Bears team that won Super Bowl XLI?"
                            }
                        ]
                    }
                ]
            }
        ],
        "team": "T042E1514F3",
        "user_team": "T042E1514F3",
        "source_team": "T042E1514F3",
        "user_profile": {
            "avatar_hash": "g6730f37144b",
            "image_72": "https:\/\/secure.gravatar.com\/avatar\/6730f37144bd6ae505b97012a7f22a66.jpg?s=72&d=https%3A%2F%2Fa.slack-edge.com%2Fdf10d%2Fimg%2Favatars%2Fava_0006-72.png",
            "first_name": "chris",
            "real_name": "chris",
            "display_name": "",
            "team": "T042E1514F3",
            "name": "chris",
            "is_restricted": false,
            "is_ultra_restricted": false
        }
    }
]