[
    {
        "client_msg_id": "d7d12056-4752-4055-9d25-a1d25e599fbc",
        "type": "message",
        "text": "Chris or Michael, would one of yall feel like taking a look at the certs for the WWW and ADCS servers, I got the WWW server up and running, but its cert is selfsigned, which is a big no-no. The purpose of the ADCS server is to make certs so I tried that by going to:\n<https:\/\/64.5.53.30\/certsrv>\nbut that prompted me for a username and password, so when I entered the admins user and pass it is not working, ideas?",
        "user": "U042R51RY2C",
        "ts": "1683818444.822129",
        "blocks": [
            {
                "type": "rich_text",
                "block_id": "3JFBN",
                "elements": [
                    {
                        "type": "rich_text_section",
                        "elements": [
                            {
                                "type": "text",
                                "text": "Chris or Michael, would one of yall feel like taking a look at the certs for the WWW and ADCS servers, I got the WWW server up and running, but its cert is selfsigned, which is a big no-no. The purpose of the ADCS server is to make certs so I tried that by going to:\n"
                            },
                            {
                                "type": "link",
                                "url": "https:\/\/64.5.53.30\/certsrv"
                            },
                            {
                                "type": "text",
                                "text": "\nbut that prompted me for a username and password, so when I entered the admins user and pass it is not working, ideas?"
                            }
                        ]
                    }
                ]
            }
        ],
        "team": "T042E1514F3",
        "user_team": "T042E1514F3",
        "source_team": "T042E1514F3",
        "user_profile": {
            "avatar_hash": "g24c32288d4d",
            "image_72": "https:\/\/secure.gravatar.com\/avatar\/24c32288d4dbbf5694cc5c9609ec1853.jpg?s=72&d=https%3A%2F%2Fa.slack-edge.com%2Fdf10d%2Fimg%2Favatars%2Fava_0017-72.png",
            "first_name": "Tristan",
            "real_name": "Tristan Ribble",
            "display_name": "",
            "team": "T042E1514F3",
            "name": "tmribble07",
            "is_restricted": false,
            "is_ultra_restricted": false
        }
    },
    {
        "client_msg_id": "873aed39-9482-4153-8a79-dec0ce272907",
        "type": "message",
        "text": "Did you try using CDC for the password?\n\nI am not familiar with the scenario yet, but self-signed certs aren't uncommon for CDCs. In our last one we didn't have certs at all, so the websites sent data in plaintext!",
        "user": "U042R3B76SC",
        "ts": "1683863474.767669",
        "blocks": [
            {
                "type": "rich_text",
                "block_id": "pVmg",
                "elements": [
                    {
                        "type": "rich_text_section",
                        "elements": [
                            {
                                "type": "text",
                                "text": "Did you try using CDC for the password?\n\nI am not familiar with the scenario yet, but self-signed certs aren't uncommon for CDCs. In our last one we didn't have certs at all, so the websites sent data in plaintext!"
                            }
                        ]
                    }
                ]
            }
        ],
        "team": "T042E1514F3",
        "user_team": "T042E1514F3",
        "source_team": "T042E1514F3",
        "user_profile": {
            "avatar_hash": "g6730f37144b",
            "image_72": "https:\/\/secure.gravatar.com\/avatar\/6730f37144bd6ae505b97012a7f22a66.jpg?s=72&d=https%3A%2F%2Fa.slack-edge.com%2Fdf10d%2Fimg%2Favatars%2Fava_0006-72.png",
            "first_name": "chris",
            "real_name": "chris",
            "display_name": "",
            "team": "T042E1514F3",
            "name": "chris",
            "is_restricted": false,
            "is_ultra_restricted": false
        }
    },
    {
        "client_msg_id": "704eaf98-9143-4fd6-a858-c67f7244fb6b",
        "type": "message",
        "text": "So self-signed is much better than that. :)\n\nWe actually use self-signed certs on all of our enterprise SQL Servers (even though we could issue our own certs for free).",
        "user": "U042R3B76SC",
        "ts": "1683863573.588039",
        "blocks": [
            {
                "type": "rich_text",
                "block_id": "KpOqi",
                "elements": [
                    {
                        "type": "rich_text_section",
                        "elements": [
                            {
                                "type": "text",
                                "text": "So self-signed is much better than that. :)\n\nWe actually use self-signed certs on all of our enterprise SQL Servers (even though we could issue our own certs for free)."
                            }
                        ]
                    }
                ]
            }
        ],
        "team": "T042E1514F3",
        "user_team": "T042E1514F3",
        "source_team": "T042E1514F3",
        "user_profile": {
            "avatar_hash": "g6730f37144b",
            "image_72": "https:\/\/secure.gravatar.com\/avatar\/6730f37144bd6ae505b97012a7f22a66.jpg?s=72&d=https%3A%2F%2Fa.slack-edge.com%2Fdf10d%2Fimg%2Favatars%2Fava_0006-72.png",
            "first_name": "chris",
            "real_name": "chris",
            "display_name": "",
            "team": "T042E1514F3",
            "name": "chris",
            "is_restricted": false,
            "is_ultra_restricted": false
        }
    }
]