[
    {
        "client_msg_id": "0ca79bda-0c7f-423d-a929-23618391be41",
        "type": "message",
        "text": "Hi folks. Just a reminder that I won't be available to meet this week.\n\nHere is a link to the spreadsheet Nick used to work his way through the Leet75 problems. It also includes a link to <http:\/\/neetcode.io|neetcode.io>.\n\nPlease do one problem a week until we get back together. Assuming we meet again on 8\/3, that should be two problems. Pick problems that look interesting to you. You can pick any of them, and I will look at any of the problems with you if you need help or have questions.\n\nFYI, by letting you pick your own problems, I'm trying to do is to give you practice in exercising autonomy and owning the outcomes of your actions. Classroom settings sometimes tell you exactly what to do, but the ability to work independently becomes more and more important as you move from high school to college and on from there.\n\nEven though I'm letting you pick what problems to work on, what I'm asking is still specific and measurable: one problem a week, worked on before we get together. I know that may not always be possible, but set that as your expectation for yourself. Having better programmers will make us a better team.\n\nSo will understanding databases better. :slightly_smiling_face: I'm awfully tired right now, so I'm not going to figure that out tonight, but I am actively working on finding a good application for us to work with.\n\nHave a good week!\n-Chris",
        "user": "U042R3B76SC",
        "ts": "1690178420.204759",
        "blocks": [
            {
                "type": "rich_text",
                "block_id": "p4e",
                "elements": [
                    {
                        "type": "rich_text_section",
                        "elements": [
                            {
                                "type": "text",
                                "text": "Hi folks. Just a reminder that I won't be available to meet this week.\n\nHere is a link to the spreadsheet Nick used to work his way through the Leet75 problems. It also includes a link to "
                            },
                            {
                                "type": "link",
                                "url": "http:\/\/neetcode.io",
                                "text": "neetcode.io"
                            },
                            {
                                "type": "text",
                                "text": ".\n\nPlease do one problem a week until we get back together. Assuming we meet again on 8\/3, that should be two problems. Pick problems that look interesting to you. You can pick any of them, and I will look at any of the problems with you if you need help or have questions.\n\nFYI, by letting you pick your own problems, I'm trying to do is to give you practice in exercising autonomy and owning the outcomes of your actions. Classroom settings sometimes tell you exactly what to do, but the ability to work independently becomes more and more important as you move from high school to college and on from there.\n\nEven though I'm letting you pick what problems to work on, what I'm asking is still specific and measurable: one problem a week, worked on before we get together. I know that may not always be possible, but set that as your expectation for yourself. Having better programmers will make us a better team.\n\nSo will understanding databases better. "
                            },
                            {
                                "type": "emoji",
                                "name": "slightly_smiling_face",
                                "unicode": "1f642"
                            },
                            {
                                "type": "text",
                                "text": " I'm awfully tired right now, so I'm not going to figure that out tonight, but I am actively working on finding a good application for us to work with.\n\nHave a good week!\n-Chris"
                            }
                        ]
                    }
                ]
            }
        ],
        "team": "T042E1514F3",
        "user_team": "T042E1514F3",
        "source_team": "T042E1514F3",
        "user_profile": {
            "avatar_hash": "g6730f37144b",
            "image_72": "https:\/\/secure.gravatar.com\/avatar\/6730f37144bd6ae505b97012a7f22a66.jpg?s=72&d=https%3A%2F%2Fa.slack-edge.com%2Fdf10d%2Fimg%2Favatars%2Fava_0006-72.png",
            "first_name": "chris",
            "real_name": "chris",
            "display_name": "",
            "team": "T042E1514F3",
            "name": "chris",
            "is_restricted": false,
            "is_ultra_restricted": false
        }
    }
]