[
    {
        "client_msg_id": "ec685ce4-60db-4b1f-bd99-aad5fafef98e",
        "type": "message",
        "text": "After our meeting tonight, I had a 10 p.m. work meeting. The late-in-the-day scheduling is because It was hosted by someone in Australia, with time zones spanning from here to India. I was glad to be invited, but I did not remember this meeting when I said I had lots of energy and would provide class notes tonight!\n\nI did make some interesting changes to my little Python database demo. What I did to it allows it to run and display (in tabular text format) any query defined inside the code. It wouldn't take too much more to let a user type in queries and have this be a little library to run those queries, which might be a fun exercise for the curious.\n\nI also wrote instructions on how I set up my laptop for tonight so you can do the same on your computer. I sent both the setup instructions and the Python script up to GitHub. You can find them in this folder: <https:\/\/github.com\/sql-sith\/cdc-2023\/tree\/main\/summer%20session\/cdc-2023-sql>\n\nI hope you have time to look at this before our next meeting since that will be our last one for the summer session. Let me know if you have any questions.",
        "user": "U042R3B76SC",
        "ts": "1693558635.206119",
        "blocks": [
            {
                "type": "rich_text",
                "block_id": "y7B",
                "elements": [
                    {
                        "type": "rich_text_section",
                        "elements": [
                            {
                                "type": "text",
                                "text": "After our meeting tonight, I had a 10 p.m. work meeting. The late-in-the-day scheduling is because It was hosted by someone in Australia, with time zones spanning from here to India. I was glad to be invited, but I did not remember this meeting when I said I had lots of energy and would provide class notes tonight!\n\nI did make some interesting changes to my little Python database demo. What I did to it allows it to run and display (in tabular text format) any query defined inside the code. It wouldn't take too much more to let a user type in queries and have this be a little library to run those queries, which might be a fun exercise for the curious.\n\nI also wrote instructions on how I set up my laptop for tonight so you can do the same on your computer. I sent both the setup instructions and the Python script up to GitHub. You can find them in this folder: "
                            },
                            {
                                "type": "link",
                                "url": "https:\/\/github.com\/sql-sith\/cdc-2023\/tree\/main\/summer%20session\/cdc-2023-sql"
                            },
                            {
                                "type": "text",
                                "text": "\n\nI hope you have time to look at this before our next meeting since that will be our last one for the summer session. Let me know if you have any questions."
                            }
                        ]
                    }
                ]
            }
        ],
        "team": "T042E1514F3",
        "user_team": "T042E1514F3",
        "source_team": "T042E1514F3",
        "user_profile": {
            "avatar_hash": "g6730f37144b",
            "image_72": "https:\/\/secure.gravatar.com\/avatar\/6730f37144bd6ae505b97012a7f22a66.jpg?s=72&d=https%3A%2F%2Fa.slack-edge.com%2Fdf10d%2Fimg%2Favatars%2Fava_0006-72.png",
            "first_name": "chris",
            "real_name": "chris",
            "display_name": "",
            "team": "T042E1514F3",
            "name": "chris",
            "is_restricted": false,
            "is_ultra_restricted": false
        },
        "edited": {
            "user": "U042R3B76SC",
            "ts": "1693558793.000000"
        }
    },
    {
        "client_msg_id": "aec29c66-19c4-4080-a99e-936396e5ccc7",
        "type": "message",
        "text": "A screen dump is worth 1000 words, so here's the Python demo script's output with the currently defined queries. Ensure your screen is wide enough so the lines don't wrap, or it will be ugly. The output isn't terribly wide, but If you can't make this window wide enough, the usual trick is to paste the output into a text editor that uses a fixed-width font.\n\n```DepartmentID Name\n------------ --------------------------------------------------\n7            Production\n8            Production Control\n\n\nStore                                              Salesperson                    AnnualRevenue YearOpened Employees\n-------------------------------------------------- ------------------------------ ------------- ---------- ----------\nA Bicycle Association                              Michael Blythe                 80000         1975       18\nA Bike Store                                       Pamela Ansman-Wolfe            30000         1970       2\nA Cycle Shop                                       David Campbell                 80000         2000       17\nA Great Bicycle Company                            Jillian Carson                 100000        1971       28\nA Typical Bike Shop                                Jillian Carson                 30000         1982       8\nAcceptable Sales &amp; Service                         José Saraiva                   80000         1988       12\nAccessories Network                                Ranjit Varkey Chudukatil       80000         1984       16\nAcclaimed Bicycle Company                          Tsvi Reiter                    300000        1979       61\nAce Bicycle Supply                                 Ranjit Varkey Chudukatil       300000        1992       81\nAction Bicycle Specialists                         Jae Pak                        150000        1992       49\nActive Cycling                                     Michael Blythe                 300000        1998       73\nActive Life Toys                                   José Saraiva                   80000         1997       18\nActive Systems                                     Jillian Carson                 150000        1988       44\nActive Transport Inc.                              Michael Blythe                 30000         1990       9\nActivity Center                                    Tsvi Reiter                    150000        1971       37\nAdvanced Bike Components                           Jillian Carson                 150000        1974       40\nAerobic Exercise Company                           Linda Mitchell                 150000        1980       43\nAffordable Sports Equipment                        Shu Ito                        30000         1978       4\nAll Cycle Shop                                     Pamela Ansman-Wolfe            100000        1998       27\nAll Seasons Sports Supply                          Jillian Carson                 30000         1990       9\nAlpine Ski House                                   Linda Mitchell                 150000        1984       32\nAlternative Vehicles                               Pamela Ansman-Wolfe            150000        1983       45\nAmalgamated Parts Shop                             Rachel Valdez                  300000        1999       99\nAnother Bicycle Company                            David Campbell                 30000         1973       2\nAnother Sporting Goods Company                     Linda Mitchell                 150000        1998       31```",
        "user": "U042R3B76SC",
        "ts": "1693580262.142009",
        "blocks": [
            {
                "type": "rich_text",
                "block_id": "H2U",
                "elements": [
                    {
                        "type": "rich_text_section",
                        "elements": [
                            {
                                "type": "text",
                                "text": "A screen dump is worth 1000 words, so here's the Python demo script's output with the currently defined queries. Ensure your screen is wide enough so the lines don't wrap, or it will be ugly. The output isn't terribly wide, but If you can't make this window wide enough, the usual trick is to paste the output into a text editor that uses a fixed-width font.\n\n"
                            }
                        ]
                    },
                    {
                        "type": "rich_text_preformatted",
                        "elements": [
                            {
                                "type": "text",
                                "text": "DepartmentID Name\n------------ --------------------------------------------------\n7            Production\n8            Production Control\n\n\nStore                                              Salesperson                    AnnualRevenue YearOpened Employees\n-------------------------------------------------- ------------------------------ ------------- ---------- ----------\nA Bicycle Association                              Michael Blythe                 80000         1975       18\nA Bike Store                                       Pamela Ansman-Wolfe            30000         1970       2\nA Cycle Shop                                       David Campbell                 80000         2000       17\nA Great Bicycle Company                            Jillian Carson                 100000        1971       28\nA Typical Bike Shop                                Jillian Carson                 30000         1982       8\nAcceptable Sales & Service                         José Saraiva                   80000         1988       12\nAccessories Network                                Ranjit Varkey Chudukatil       80000         1984       16\nAcclaimed Bicycle Company                          Tsvi Reiter                    300000        1979       61\nAce Bicycle Supply                                 Ranjit Varkey Chudukatil       300000        1992       81\nAction Bicycle Specialists                         Jae Pak                        150000        1992       49\nActive Cycling                                     Michael Blythe                 300000        1998       73\nActive Life Toys                                   José Saraiva                   80000         1997       18\nActive Systems                                     Jillian Carson                 150000        1988       44\nActive Transport Inc.                              Michael Blythe                 30000         1990       9\nActivity Center                                    Tsvi Reiter                    150000        1971       37\nAdvanced Bike Components                           Jillian Carson                 150000        1974       40\nAerobic Exercise Company                           Linda Mitchell                 150000        1980       43\nAffordable Sports Equipment                        Shu Ito                        30000         1978       4\nAll Cycle Shop                                     Pamela Ansman-Wolfe            100000        1998       27\nAll Seasons Sports Supply                          Jillian Carson                 30000         1990       9\nAlpine Ski House                                   Linda Mitchell                 150000        1984       32\nAlternative Vehicles                               Pamela Ansman-Wolfe            150000        1983       45\nAmalgamated Parts Shop                             Rachel Valdez                  300000        1999       99\nAnother Bicycle Company                            David Campbell                 30000         1973       2\nAnother Sporting Goods Company                     Linda Mitchell                 150000        1998       31"
                            }
                        ],
                        "border": 0
                    }
                ]
            }
        ],
        "team": "T042E1514F3",
        "user_team": "T042E1514F3",
        "source_team": "T042E1514F3",
        "user_profile": {
            "avatar_hash": "g6730f37144b",
            "image_72": "https:\/\/secure.gravatar.com\/avatar\/6730f37144bd6ae505b97012a7f22a66.jpg?s=72&d=https%3A%2F%2Fa.slack-edge.com%2Fdf10d%2Fimg%2Favatars%2Fava_0006-72.png",
            "first_name": "chris",
            "real_name": "chris",
            "display_name": "",
            "team": "T042E1514F3",
            "name": "chris",
            "is_restricted": false,
            "is_ultra_restricted": false
        },
        "edited": {
            "user": "U042R3B76SC",
            "ts": "1693580390.000000"
        }
    }
]