[
    {
        "client_msg_id": "02d9ca06-8550-4413-aba1-17f2ff88de8c",
        "type": "message",
        "text": "<https:\/\/linux.die.net\/man\/5\/sshd_config>",
        "user": "U042R51RY2C",
        "ts": "1681745445.041309",
        "blocks": [
            {
                "type": "rich_text",
                "block_id": "QTIzQ",
                "elements": [
                    {
                        "type": "rich_text_section",
                        "elements": [
                            {
                                "type": "link",
                                "url": "https:\/\/linux.die.net\/man\/5\/sshd_config"
                            }
                        ]
                    }
                ]
            }
        ],
        "team": "T042E1514F3",
        "user_team": "T042E1514F3",
        "source_team": "T042E1514F3",
        "user_profile": {
            "avatar_hash": "g24c32288d4d",
            "image_72": "https:\/\/secure.gravatar.com\/avatar\/24c32288d4dbbf5694cc5c9609ec1853.jpg?s=72&d=https%3A%2F%2Fa.slack-edge.com%2Fdf10d%2Fimg%2Favatars%2Fava_0017-72.png",
            "first_name": "Tristan",
            "real_name": "Tristan Ribble",
            "display_name": "",
            "team": "T042E1514F3",
            "name": "tmribble07",
            "is_restricted": false,
            "is_ultra_restricted": false
        },
        "attachments": [
            {
                "from_url": "https:\/\/linux.die.net\/man\/5\/sshd_config",
                "service_icon": "https:\/\/linux.die.net\/favicon.ico",
                "id": 1,
                "original_url": "https:\/\/linux.die.net\/man\/5\/sshd_config",
                "fallback": "sshd_config(5): OpenSSH SSH daemon config file - Linux man page",
                "text": "sshd(8) reads configuration data from \/etc\/ssh\/sshd_config (or the file specified with -f on the command line). The file contains keyword-argument pairs, ...",
                "title": "sshd_config(5): OpenSSH SSH daemon config file - Linux man page",
                "title_link": "https:\/\/linux.die.net\/man\/5\/sshd_config",
                "service_name": "linux.die.net"
            }
        ]
    },
    {
        "client_msg_id": "84024bf0-ec2b-421e-bd99-12edbdee3efb",
        "type": "message",
        "text": "just go to the page, press ctrl+F, then Type in the name of the setting, it will describe it to you without the taint of ISU on it",
        "user": "U042R51RY2C",
        "ts": "1681745489.550949",
        "blocks": [
            {
                "type": "rich_text",
                "block_id": "jRya",
                "elements": [
                    {
                        "type": "rich_text_section",
                        "elements": [
                            {
                                "type": "text",
                                "text": "just go to the page, press ctrl+F, then Type in the name of the setting, it will describe it to you without the taint of ISU on it"
                            }
                        ]
                    }
                ]
            }
        ],
        "team": "T042E1514F3",
        "user_team": "T042E1514F3",
        "source_team": "T042E1514F3",
        "user_profile": {
            "avatar_hash": "g24c32288d4d",
            "image_72": "https:\/\/secure.gravatar.com\/avatar\/24c32288d4dbbf5694cc5c9609ec1853.jpg?s=72&d=https%3A%2F%2Fa.slack-edge.com%2Fdf10d%2Fimg%2Favatars%2Fava_0017-72.png",
            "first_name": "Tristan",
            "real_name": "Tristan Ribble",
            "display_name": "",
            "team": "T042E1514F3",
            "name": "tmribble07",
            "is_restricted": false,
            "is_ultra_restricted": false
        }
    },
    {
        "client_msg_id": "4f02ae0f-1f01-4c54-9a5a-2d7e66f18f21",
        "type": "message",
        "text": "<https:\/\/man.freebsd.org\/cgi\/man.cgi?sshd_config(5)>",
        "user": "U042R51RY2C",
        "ts": "1681747273.539609",
        "blocks": [
            {
                "type": "rich_text",
                "block_id": "iUh",
                "elements": [
                    {
                        "type": "rich_text_section",
                        "elements": [
                            {
                                "type": "link",
                                "url": "https:\/\/man.freebsd.org\/cgi\/man.cgi?sshd_config(5)"
                            }
                        ]
                    }
                ]
            }
        ],
        "team": "T042E1514F3",
        "user_team": "T042E1514F3",
        "source_team": "T042E1514F3",
        "user_profile": {
            "avatar_hash": "g24c32288d4d",
            "image_72": "https:\/\/secure.gravatar.com\/avatar\/24c32288d4dbbf5694cc5c9609ec1853.jpg?s=72&d=https%3A%2F%2Fa.slack-edge.com%2Fdf10d%2Fimg%2Favatars%2Fava_0017-72.png",
            "first_name": "Tristan",
            "real_name": "Tristan Ribble",
            "display_name": "",
            "team": "T042E1514F3",
            "name": "tmribble07",
            "is_restricted": false,
            "is_ultra_restricted": false
        }
    }
]