[
    {
        "client_msg_id": "9f757ca1-0b57-4852-8f68-3133d0a8d537",
        "type": "message",
        "text": "Deliberately Insecure Apps\n<https:\/\/geekflare.com\/practice-hacking-legally\/>",
        "user": "U042R3B76SC",
        "ts": "1691710297.347239",
        "blocks": [
            {
                "type": "rich_text",
                "block_id": "WeBwq",
                "elements": [
                    {
                        "type": "rich_text_section",
                        "elements": [
                            {
                                "type": "text",
                                "text": "Deliberately Insecure Apps\n"
                            },
                            {
                                "type": "link",
                                "url": "https:\/\/geekflare.com\/practice-hacking-legally\/"
                            }
                        ]
                    }
                ]
            }
        ],
        "team": "T042E1514F3",
        "user_team": "T042E1514F3",
        "source_team": "T042E1514F3",
        "user_profile": {
            "avatar_hash": "g6730f37144b",
            "image_72": "https:\/\/secure.gravatar.com\/avatar\/6730f37144bd6ae505b97012a7f22a66.jpg?s=72&d=https%3A%2F%2Fa.slack-edge.com%2Fdf10d%2Fimg%2Favatars%2Fava_0006-72.png",
            "first_name": "chris",
            "real_name": "chris",
            "display_name": "",
            "team": "T042E1514F3",
            "name": "chris",
            "is_restricted": false,
            "is_ultra_restricted": false
        }
    },
    {
        "client_msg_id": "0ee1df1e-85d8-4684-899f-5033ac1168c2",
        "type": "message",
        "text": "Also: Juice Shop from OWASP",
        "user": "U042R3B76SC",
        "ts": "1691710342.982759",
        "blocks": [
            {
                "type": "rich_text",
                "block_id": "NFd",
                "elements": [
                    {
                        "type": "rich_text_section",
                        "elements": [
                            {
                                "type": "text",
                                "text": "Also: Juice Shop from OWASP"
                            }
                        ]
                    }
                ]
            }
        ],
        "team": "T042E1514F3",
        "user_team": "T042E1514F3",
        "source_team": "T042E1514F3",
        "user_profile": {
            "avatar_hash": "g6730f37144b",
            "image_72": "https:\/\/secure.gravatar.com\/avatar\/6730f37144bd6ae505b97012a7f22a66.jpg?s=72&d=https%3A%2F%2Fa.slack-edge.com%2Fdf10d%2Fimg%2Favatars%2Fava_0006-72.png",
            "first_name": "chris",
            "real_name": "chris",
            "display_name": "",
            "team": "T042E1514F3",
            "name": "chris",
            "is_restricted": false,
            "is_ultra_restricted": false
        }
    },
    {
        "client_msg_id": "51c517e3-a432-497a-814a-7bb7a75bd088",
        "type": "message",
        "text": "Metasploitable Exploitability Guide:\n<https:\/\/docs.rapid7.com\/metasploit\/metasploitable-2-exploitability-guide\/>",
        "user": "U042R3B76SC",
        "ts": "1691712632.598789",
        "blocks": [
            {
                "type": "rich_text",
                "block_id": "ss+",
                "elements": [
                    {
                        "type": "rich_text_section",
                        "elements": [
                            {
                                "type": "text",
                                "text": "Metasploitable Exploitability Guide:\n"
                            },
                            {
                                "type": "link",
                                "url": "https:\/\/docs.rapid7.com\/metasploit\/metasploitable-2-exploitability-guide\/"
                            }
                        ]
                    }
                ]
            }
        ],
        "team": "T042E1514F3",
        "user_team": "T042E1514F3",
        "source_team": "T042E1514F3",
        "user_profile": {
            "avatar_hash": "g6730f37144b",
            "image_72": "https:\/\/secure.gravatar.com\/avatar\/6730f37144bd6ae505b97012a7f22a66.jpg?s=72&d=https%3A%2F%2Fa.slack-edge.com%2Fdf10d%2Fimg%2Favatars%2Fava_0006-72.png",
            "first_name": "chris",
            "real_name": "chris",
            "display_name": "",
            "team": "T042E1514F3",
            "name": "chris",
            "is_restricted": false,
            "is_ultra_restricted": false
        }
    },
    {
        "client_msg_id": "fce6152f-ea0e-48fc-b615-35c7bce618f8",
        "type": "message",
        "text": "Direct download link for virtual image files:\n<https:\/\/downloads.metasploit.com\/data\/metasploitable\/metasploitable-linux-2.0.0.zip>",
        "user": "U042R3B76SC",
        "ts": "1691712777.019289",
        "blocks": [
            {
                "type": "rich_text",
                "block_id": "bBj",
                "elements": [
                    {
                        "type": "rich_text_section",
                        "elements": [
                            {
                                "type": "text",
                                "text": "Direct download link for virtual image files:\n"
                            },
                            {
                                "type": "link",
                                "url": "https:\/\/downloads.metasploit.com\/data\/metasploitable\/metasploitable-linux-2.0.0.zip"
                            }
                        ]
                    }
                ]
            }
        ],
        "team": "T042E1514F3",
        "user_team": "T042E1514F3",
        "source_team": "T042E1514F3",
        "user_profile": {
            "avatar_hash": "g6730f37144b",
            "image_72": "https:\/\/secure.gravatar.com\/avatar\/6730f37144bd6ae505b97012a7f22a66.jpg?s=72&d=https%3A%2F%2Fa.slack-edge.com%2Fdf10d%2Fimg%2Favatars%2Fava_0006-72.png",
            "first_name": "chris",
            "real_name": "chris",
            "display_name": "",
            "team": "T042E1514F3",
            "name": "chris",
            "is_restricted": false,
            "is_ultra_restricted": false
        },
        "edited": {
            "user": "U042R3B76SC",
            "ts": "1691712976.000000"
        },
        "reactions": [
            {
                "name": "notebook",
                "users": [
                    "U041LSQC38X"
                ],
                "count": 1
            }
        ]
    }
]