[
    {
        "client_msg_id": "6e17de5b-a6dc-4a0a-99bb-d023c9f3f087",
        "type": "message",
        "text": "This looks like a really useful way to learn some good security programming basics!\n<https:\/\/owasp.org\/SecureCodingDojo\/codereview101\/>",
        "user": "U042R3B76SC",
        "ts": "1692727408.341859",
        "blocks": [
            {
                "type": "rich_text",
                "block_id": "efzNk",
                "elements": [
                    {
                        "type": "rich_text_section",
                        "elements": [
                            {
                                "type": "text",
                                "text": "This looks like a really useful way to learn some good security programming basics!\n"
                            },
                            {
                                "type": "link",
                                "url": "https:\/\/owasp.org\/SecureCodingDojo\/codereview101\/"
                            }
                        ]
                    }
                ]
            }
        ],
        "team": "T042E1514F3",
        "user_team": "T042E1514F3",
        "source_team": "T042E1514F3",
        "user_profile": {
            "avatar_hash": "g6730f37144b",
            "image_72": "https:\/\/secure.gravatar.com\/avatar\/6730f37144bd6ae505b97012a7f22a66.jpg?s=72&d=https%3A%2F%2Fa.slack-edge.com%2Fdf10d%2Fimg%2Favatars%2Fava_0006-72.png",
            "first_name": "chris",
            "real_name": "chris",
            "display_name": "",
            "team": "T042E1514F3",
            "name": "chris",
            "is_restricted": false,
            "is_ultra_restricted": false
        }
    }
]