[
    {
        "client_msg_id": "132ff609-10d1-4c10-83a6-b5c020c45f96",
        "type": "message",
        "text": "Discussion of Python profilers:\n<https:\/\/stackoverflow.com\/questions\/582336\/how-do-i-profile-a-python-script>",
        "user": "U042R3B76SC",
        "ts": "1691110697.197849",
        "blocks": [
            {
                "type": "rich_text",
                "block_id": "xMO+0",
                "elements": [
                    {
                        "type": "rich_text_section",
                        "elements": [
                            {
                                "type": "text",
                                "text": "Discussion of Python profilers:\n"
                            },
                            {
                                "type": "link",
                                "url": "https:\/\/stackoverflow.com\/questions\/582336\/how-do-i-profile-a-python-script"
                            }
                        ]
                    }
                ]
            }
        ],
        "team": "T042E1514F3",
        "user_team": "T042E1514F3",
        "source_team": "T042E1514F3",
        "user_profile": {
            "avatar_hash": "g6730f37144b",
            "image_72": "https:\/\/secure.gravatar.com\/avatar\/6730f37144bd6ae505b97012a7f22a66.jpg?s=72&d=https%3A%2F%2Fa.slack-edge.com%2Fdf10d%2Fimg%2Favatars%2Fava_0006-72.png",
            "first_name": "chris",
            "real_name": "chris",
            "display_name": "",
            "team": "T042E1514F3",
            "name": "chris",
            "is_restricted": false,
            "is_ultra_restricted": false
        },
        "attachments": [
            {
                "from_url": "https:\/\/stackoverflow.com\/questions\/582336\/how-do-i-profile-a-python-script",
                "thumb_url": "https:\/\/cdn.sstatic.net\/Sites\/stackoverflow\/Img\/apple-touch-icon@2.png?v=73d79a89bded",
                "thumb_width": 316,
                "thumb_height": 316,
                "service_icon": "https:\/\/cdn.sstatic.net\/Sites\/stackoverflow\/Img\/apple-touch-icon.png?v=c78bd457575a",
                "id": 1,
                "original_url": "https:\/\/stackoverflow.com\/questions\/582336\/how-do-i-profile-a-python-script",
                "fallback": "Stack Overflow: How do I profile a Python script?",
                "text": "Project Euler and other coding contests often have a maximum time to run or people boast of how fast their particular solution runs. With Python, sometimes the approaches are somewhat kludgey - i.e.,",
                "title": "How do I profile a Python script?",
                "title_link": "https:\/\/stackoverflow.com\/questions\/582336\/how-do-i-profile-a-python-script",
                "service_name": "Stack Overflow"
            }
        ]
    }
]