[
    {
        "type": "message",
        "subtype": "channel_join",
        "ts": "1690216840.059489",
        "user": "U042R3B76SC",
        "text": "<@U042R3B76SC> has joined the channel"
    },
    {
        "type": "message",
        "subtype": "channel_join",
        "ts": "1690216845.414459",
        "user": "U041LSQC38X",
        "text": "<@U041LSQC38X> has joined the channel",
        "inviter": "U042R3B76SC"
    },
    {
        "type": "message",
        "subtype": "channel_join",
        "ts": "1690216845.533379",
        "user": "U0421AQBX8B",
        "text": "<@U0421AQBX8B> has joined the channel",
        "inviter": "U042R3B76SC"
    },
    {
        "type": "message",
        "subtype": "channel_join",
        "ts": "1690216845.672189",
        "user": "U042R51RY2C",
        "text": "<@U042R51RY2C> has joined the channel",
        "inviter": "U042R3B76SC"
    },
    {
        "type": "message",
        "subtype": "channel_join",
        "ts": "1690216845.749219",
        "user": "U042U2F450R",
        "text": "<@U042U2F450R> has joined the channel",
        "inviter": "U042R3B76SC"
    },
    {
        "type": "message",
        "subtype": "bot_message",
        "text": "News! All messages with :flag-xk: reactions will now be automatically posted to this channel. <@U042R3B76SC> set this up (and you can type `\/reacji-channeler help` to learn more).",
        "ts": "1690216987.936119",
        "username": "Reacji Channeler",
        "icons": {
            "emoji": ":flag-xk:"
        },
        "bot_id": "B05JK240CLU",
        "app_id": "A1BFDR28J",
        "blocks": [
            {
                "type": "rich_text",
                "block_id": "B2c",
                "elements": [
                    {
                        "type": "rich_text_section",
                        "elements": [
                            {
                                "type": "text",
                                "text": "News! All messages with "
                            },
                            {
                                "type": "emoji",
                                "name": "flag-xk",
                                "unicode": "1f1fd-1f1f0"
                            },
                            {
                                "type": "text",
                                "text": " reactions will now be automatically posted to this channel. "
                            },
                            {
                                "type": "user",
                                "user_id": "U042R3B76SC"
                            },
                            {
                                "type": "text",
                                "text": " set this up (and you can type "
                            },
                            {
                                "type": "text",
                                "text": "\/reacji-channeler help",
                                "style": {
                                    "code": true
                                }
                            },
                            {
                                "type": "text",
                                "text": " to learn more)."
                            }
                        ]
                    }
                ]
            }
        ]
    },
    {
        "type": "message",
        "subtype": "bot_message",
        "text": "<https:\/\/cyberdefense2022-2023.slack.com\/archives\/C0421900J4T\/p1689195166227849>",
        "ts": "1690217009.059549",
        "username": "Reacji Channeler",
        "icons": {
            "emoji": "flag-xk"
        },
        "bot_id": "B05JK240CLU",
        "app_id": "A1BFDR28J",
        "blocks": [
            {
                "type": "rich_text",
                "block_id": "3IY",
                "elements": [
                    {
                        "type": "rich_text_section",
                        "elements": [
                            {
                                "type": "link",
                                "url": "https:\/\/cyberdefense2022-2023.slack.com\/archives\/C0421900J4T\/p1689195166227849"
                            }
                        ]
                    }
                ]
            }
        ],
        "attachments": [
            {
                "from_url": "https:\/\/cyberdefense2022-2023.slack.com\/archives\/C0421900J4T\/p1689195166227849",
                "ts": "1689195166.227849",
                "author_id": "U042R3B76SC",
                "channel_id": "C0421900J4T",
                "channel_team": "T042E1514F3",
                "is_msg_unfurl": true,
                "message_blocks": [
                    {
                        "team": "T042E1514F3",
                        "channel": "C0421900J4T",
                        "ts": "1689195166.227849",
                        "message": {
                            "blocks": [
                                {
                                    "type": "rich_text",
                                    "block_id": "TbCJx",
                                    "elements": [
                                        {
                                            "type": "rich_text_section",
                                            "elements": [
                                                {
                                                    "type": "text",
                                                    "text": "Iowa State sent a document (called an AAR or After-Action Report, a term used both in military and in business) for the Kosovo CDC. It's not specific to us, but it shows what they think went well and what they want to improve.\n\nIt's a quick read, and it might be interesting to see how students just a little older than you (and their employers) break down an event so they can see things to feel good about and also prioritize which items they want to improve. I popped a copy of it into our GitHub repo ("
                                                },
                                                {
                                                    "type": "link",
                                                    "url": "https:\/\/github.com\/sql-sith\/cdc-2023"
                                                },
                                                {
                                                    "type": "text",
                                                    "text": ")."
                                                }
                                            ]
                                        }
                                    ]
                                }
                            ]
                        }
                    }
                ],
                "id": 1,
                "original_url": "https:\/\/cyberdefense2022-2023.slack.com\/archives\/C0421900J4T\/p1689195166227849",
                "fallback": "[July 12th, 2023 1:52 PM] chris: Iowa State sent a document (called an AAR or After-Action Report, a term used both in military and in business) for the Kosovo CDC. It's not specific to us, but it shows what they think went well and what they want to improve.\n\nIt's a quick read, and it might be interesting to see how students just a little older than you (and their employers) break down an event so they can see things to feel good about and also prioritize which items they want to improve. I popped a copy of it into our GitHub repo (<https:\/\/github.com\/sql-sith\/cdc-2023>).",
                "text": "Iowa State sent a document (called an AAR or After-Action Report, a term used both in military and in business) for the Kosovo CDC. It's not specific to us, but it shows what they think went well and what they want to improve.\n\nIt's a quick read, and it might be interesting to see how students just a little older than you (and their employers) break down an event so they can see things to feel good about and also prioritize which items they want to improve. I popped a copy of it into our GitHub repo (<https:\/\/github.com\/sql-sith\/cdc-2023>).",
                "author_name": "chris",
                "author_link": "https:\/\/cyberdefense2022-2023.slack.com\/team\/U042R3B76SC",
                "author_icon": "https:\/\/secure.gravatar.com\/avatar\/6730f37144bd6ae505b97012a7f22a66.jpg?s=48&d=https%3A%2F%2Fa.slack-edge.com%2Fdf10d%2Fimg%2Favatars%2Fava_0006-48.png",
                "author_subname": "chris",
                "mrkdwn_in": [
                    "text"
                ],
                "footer": "Slack Conversation"
            }
        ],
        "edited": {
            "user": "B05JK240CLU",
            "ts": "1690217009.000000"
        }
    },
    {
        "type": "message",
        "subtype": "bot_message",
        "text": "<https:\/\/cyberdefense2022-2023.slack.com\/archives\/C0421900J4T\/p1687891466474869>",
        "ts": "1690217036.628129",
        "username": "Reacji Channeler",
        "icons": {
            "emoji": "flag-xk"
        },
        "bot_id": "B05JK240CLU",
        "app_id": "A1BFDR28J",
        "blocks": [
            {
                "type": "rich_text",
                "block_id": "aYqb",
                "elements": [
                    {
                        "type": "rich_text_section",
                        "elements": [
                            {
                                "type": "link",
                                "url": "https:\/\/cyberdefense2022-2023.slack.com\/archives\/C0421900J4T\/p1687891466474869"
                            }
                        ]
                    }
                ]
            }
        ],
        "attachments": [
            {
                "from_url": "https:\/\/cyberdefense2022-2023.slack.com\/archives\/C0421900J4T\/p1687891466474869",
                "ts": "1687891466.474869",
                "author_id": "U042R3B76SC",
                "channel_id": "C0421900J4T",
                "channel_team": "T042E1514F3",
                "is_msg_unfurl": true,
                "message_blocks": [
                    {
                        "team": "T042E1514F3",
                        "channel": "C0421900J4T",
                        "ts": "1687891466.474869",
                        "message": {
                            "blocks": [
                                {
                                    "type": "rich_text",
                                    "block_id": "aSCdz",
                                    "elements": [
                                        {
                                            "type": "rich_text_section",
                                            "elements": [
                                                {
                                                    "type": "text",
                                                    "text": "Hi folks! Been a little busy with some non-typical happenings in the Leonard world. Thursdays at 6pm should be good for me. Logistically, it's easier to meet at the GoDaddy office.\n\nI'm not sure if I've kept up on conversations here entirely. Has there been discussion about what we should discuss this summer? It seems a little late for a post-mortem of the Kosovo CDC, especially since they didn't leave "
                                                },
                                                {
                                                    "type": "link",
                                                    "url": "http:\/\/iseage.org",
                                                    "text": "iseage.org"
                                                },
                                                {
                                                    "type": "text",
                                                    "text": " up, so I wasn't able to grab anything from the site afterward."
                                                }
                                            ]
                                        }
                                    ]
                                }
                            ]
                        }
                    }
                ],
                "id": 1,
                "original_url": "https:\/\/cyberdefense2022-2023.slack.com\/archives\/C0421900J4T\/p1687891466474869",
                "fallback": "[June 27th, 2023 11:44 AM] chris: Hi folks! Been a little busy with some non-typical happenings in the Leonard world. Thursdays at 6pm should be good for me. Logistically, it's easier to meet at the GoDaddy office.\n\nI'm not sure if I've kept up on conversations here entirely. Has there been discussion about what we should discuss this summer? It seems a little late for a post-mortem of the Kosovo CDC, especially since they didn't leave <http:\/\/iseage.org|iseage.org> up, so I wasn't able to grab anything from the site afterward.",
                "text": "Hi folks! Been a little busy with some non-typical happenings in the Leonard world. Thursdays at 6pm should be good for me. Logistically, it's easier to meet at the GoDaddy office.\n\nI'm not sure if I've kept up on conversations here entirely. Has there been discussion about what we should discuss this summer? It seems a little late for a post-mortem of the Kosovo CDC, especially since they didn't leave <http:\/\/iseage.org|iseage.org> up, so I wasn't able to grab anything from the site afterward.",
                "author_name": "chris",
                "author_link": "https:\/\/cyberdefense2022-2023.slack.com\/team\/U042R3B76SC",
                "author_icon": "https:\/\/secure.gravatar.com\/avatar\/6730f37144bd6ae505b97012a7f22a66.jpg?s=48&d=https%3A%2F%2Fa.slack-edge.com%2Fdf10d%2Fimg%2Favatars%2Fava_0006-48.png",
                "author_subname": "chris",
                "mrkdwn_in": [
                    "text"
                ],
                "footer": "Slack Conversation"
            }
        ],
        "edited": {
            "user": "B05JK240CLU",
            "ts": "1690217037.000000"
        }
    },
    {
        "type": "message",
        "subtype": "bot_message",
        "text": "<https:\/\/cyberdefense2022-2023.slack.com\/archives\/C0429N6TBTP\/p1682360875604279?thread_ts=1682360875.604279&amp;cid=C0429N6TBTP>",
        "ts": "1690217055.938519",
        "username": "Reacji Channeler",
        "icons": {
            "emoji": "flag-xk"
        },
        "bot_id": "B05JK240CLU",
        "app_id": "A1BFDR28J",
        "blocks": [
            {
                "type": "rich_text",
                "block_id": "tWsWB",
                "elements": [
                    {
                        "type": "rich_text_section",
                        "elements": [
                            {
                                "type": "link",
                                "url": "https:\/\/cyberdefense2022-2023.slack.com\/archives\/C0429N6TBTP\/p1682360875604279?thread_ts=1682360875.604279&amp;cid=C0429N6TBTP",
                                "text": "https:\/\/cyberdefense2022-2023.slack.com\/archives\/C0429N6TBTP\/p1682360875604279?thread_ts=1682360875.604279&cid=C0429N6TBTP"
                            }
                        ]
                    }
                ]
            }
        ],
        "attachments": [
            {
                "from_url": "https:\/\/cyberdefense2022-2023.slack.com\/archives\/C0429N6TBTP\/p1682360875604279?thread_ts=1682360875.604279&amp;cid=C0429N6TBTP",
                "ts": "1682360875.604279",
                "author_id": "U042R3B76SC",
                "channel_id": "C0429N6TBTP",
                "channel_team": "T042E1514F3",
                "is_msg_unfurl": true,
                "is_thread_root_unfurl": true,
                "message_blocks": [
                    {
                        "team": "T042E1514F3",
                        "channel": "C0429N6TBTP",
                        "ts": "1682360875.604279",
                        "message": {
                            "blocks": [
                                {
                                    "type": "rich_text",
                                    "block_id": "T4WQA",
                                    "elements": [
                                        {
                                            "type": "rich_text_section",
                                            "elements": [
                                                {
                                                    "type": "text",
                                                    "text": "Hi everybody, and congratulations again on doing so well on Saturday!\n\nIowa State has sent out an invitation for another CDC that will be on May 22nd. This one is an international competition that will include students from Kosovo! I told them that we would like to send a team, just based on the fact that Dan Tice gets these emails also and he and Michael had already reached out to me.\n\nTristan and Anna, is this something you would be interested in also?"
                                                }
                                            ]
                                        }
                                    ]
                                }
                            ]
                        }
                    }
                ],
                "id": 1,
                "original_url": "https:\/\/cyberdefense2022-2023.slack.com\/archives\/C0429N6TBTP\/p1682360875604279?thread_ts=1682360875.604279&amp;cid=C0429N6TBTP",
                "fallback": "[April 24th, 2023 11:27 AM] chris: Hi everybody, and congratulations again on doing so well on Saturday!\n\nIowa State has sent out an invitation for another CDC that will be on May 22nd. This one is an international competition that will include students from Kosovo! I told them that we would like to send a team, just based on the fact that Dan Tice gets these emails also and he and Michael had already reached out to me.\n\nTristan and Anna, is this something you would be interested in also?",
                "text": "Hi everybody, and congratulations again on doing so well on Saturday!\n\nIowa State has sent out an invitation for another CDC that will be on May 22nd. This one is an international competition that will include students from Kosovo! I told them that we would like to send a team, just based on the fact that Dan Tice gets these emails also and he and Michael had already reached out to me.\n\nTristan and Anna, is this something you would be interested in also?",
                "author_name": "chris",
                "author_link": "https:\/\/cyberdefense2022-2023.slack.com\/team\/U042R3B76SC",
                "author_icon": "https:\/\/secure.gravatar.com\/avatar\/6730f37144bd6ae505b97012a7f22a66.jpg?s=48&d=https%3A%2F%2Fa.slack-edge.com%2Fdf10d%2Fimg%2Favatars%2Fava_0006-48.png",
                "author_subname": "chris",
                "mrkdwn_in": [
                    "text"
                ],
                "footer": "Thread in Slack Conversation"
            }
        ],
        "edited": {
            "user": "B05JK240CLU",
            "ts": "1690217056.000000"
        }
    },
    {
        "type": "message",
        "subtype": "bot_message",
        "text": "<https:\/\/cyberdefense2022-2023.slack.com\/archives\/C042MDEPYF6\/p1682980347488449>",
        "ts": "1690217071.499179",
        "username": "Reacji Channeler",
        "icons": {
            "emoji": "flag-xk"
        },
        "bot_id": "B05JK240CLU",
        "app_id": "A1BFDR28J",
        "blocks": [
            {
                "type": "rich_text",
                "block_id": "tcd",
                "elements": [
                    {
                        "type": "rich_text_section",
                        "elements": [
                            {
                                "type": "link",
                                "url": "https:\/\/cyberdefense2022-2023.slack.com\/archives\/C042MDEPYF6\/p1682980347488449"
                            }
                        ]
                    }
                ]
            }
        ],
        "attachments": [
            {
                "from_url": "https:\/\/cyberdefense2022-2023.slack.com\/archives\/C042MDEPYF6\/p1682980347488449",
                "ts": "1682980347.488449",
                "author_id": "U042R3B76SC",
                "channel_id": "C042MDEPYF6",
                "channel_team": "T042E1514F3",
                "is_msg_unfurl": true,
                "message_blocks": [
                    {
                        "team": "T042E1514F3",
                        "channel": "C042MDEPYF6",
                        "ts": "1682980347.488449",
                        "message": {
                            "blocks": [
                                {
                                    "type": "rich_text",
                                    "block_id": "ZXdEB",
                                    "elements": [
                                        {
                                            "type": "rich_text_section",
                                            "elements": [
                                                {
                                                    "type": "text",
                                                    "text": "I know that IScore was flipped to the Kosovo competition yesterday. that signals that they are "
                                                },
                                                {
                                                    "type": "text",
                                                    "text": "starting",
                                                    "style": {
                                                        "italic": true
                                                    }
                                                },
                                                {
                                                    "type": "text",
                                                    "text": " the transition to the next CDC.\n\nI was able to scrape probably 80% of the IScore site before they wiped our data, btw."
                                                }
                                            ]
                                        }
                                    ]
                                }
                            ]
                        }
                    }
                ],
                "id": 1,
                "original_url": "https:\/\/cyberdefense2022-2023.slack.com\/archives\/C042MDEPYF6\/p1682980347488449",
                "fallback": "[May 1st, 2023 3:32 PM] chris: I know that IScore was flipped to the Kosovo competition yesterday. that signals that they are _starting_ the transition to the next CDC.\n\nI was able to scrape probably 80% of the IScore site before they wiped our data, btw.",
                "text": "I know that IScore was flipped to the Kosovo competition yesterday. that signals that they are _starting_ the transition to the next CDC.\n\nI was able to scrape probably 80% of the IScore site before they wiped our data, btw.",
                "author_name": "chris",
                "author_link": "https:\/\/cyberdefense2022-2023.slack.com\/team\/U042R3B76SC",
                "author_icon": "https:\/\/secure.gravatar.com\/avatar\/6730f37144bd6ae505b97012a7f22a66.jpg?s=48&d=https%3A%2F%2Fa.slack-edge.com%2Fdf10d%2Fimg%2Favatars%2Fava_0006-48.png",
                "author_subname": "chris",
                "mrkdwn_in": [
                    "text"
                ],
                "footer": "Slack Conversation"
            }
        ],
        "edited": {
            "user": "B05JK240CLU",
            "ts": "1690217072.000000"
        }
    },
    {
        "type": "message",
        "subtype": "bot_message",
        "text": "<https:\/\/cyberdefense2022-2023.slack.com\/archives\/C0421900J4T\/p1687978767467689>",
        "ts": "1690217088.414929",
        "username": "Reacji Channeler",
        "icons": {
            "emoji": "flag-xk"
        },
        "bot_id": "B05JK240CLU",
        "app_id": "A1BFDR28J",
        "blocks": [
            {
                "type": "rich_text",
                "block_id": "0iF",
                "elements": [
                    {
                        "type": "rich_text_section",
                        "elements": [
                            {
                                "type": "link",
                                "url": "https:\/\/cyberdefense2022-2023.slack.com\/archives\/C0421900J4T\/p1687978767467689"
                            }
                        ]
                    }
                ]
            }
        ],
        "attachments": [
            {
                "from_url": "https:\/\/cyberdefense2022-2023.slack.com\/archives\/C0421900J4T\/p1687978767467689",
                "ts": "1687978767.467689",
                "author_id": "U0421AQBX8B",
                "channel_id": "C0421900J4T",
                "channel_team": "T042E1514F3",
                "is_msg_unfurl": true,
                "message_blocks": [
                    {
                        "team": "T042E1514F3",
                        "channel": "C0421900J4T",
                        "ts": "1687978767.467689",
                        "message": {
                            "blocks": [
                                {
                                    "type": "rich_text",
                                    "block_id": "lZdy",
                                    "elements": [
                                        {
                                            "type": "rich_text_section",
                                            "elements": [
                                                {
                                                    "type": "text",
                                                    "text": "I received the invite.  For tomorrow (June 29), Michael will still be at camp, and I will be driving.  I can meet online while driving if you like, but imagine it will be short.  Issues you have raised:  1. Last Day.  As far as the last day, we are fine with continuing to meet up to the IT club kickoff, which will be mid September.  2.  Other People.  If you like, I will send information to the other two folks to see if they can make it.  3.  Topics.  I will leave to you and the team.  One idea would be that, at the Kosovo CDC, they were doing some interesting things with databases -- so maybe a short course in SQL?"
                                                }
                                            ]
                                        }
                                    ]
                                }
                            ]
                        }
                    }
                ],
                "id": 1,
                "original_url": "https:\/\/cyberdefense2022-2023.slack.com\/archives\/C0421900J4T\/p1687978767467689",
                "fallback": "[June 28th, 2023 11:59 AM] danielstice: I received the invite.  For tomorrow (June 29), Michael will still be at camp, and I will be driving.  I can meet online while driving if you like, but imagine it will be short.  Issues you have raised:  1. Last Day.  As far as the last day, we are fine with continuing to meet up to the IT club kickoff, which will be mid September.  2.  Other People.  If you like, I will send information to the other two folks to see if they can make it.  3.  Topics.  I will leave to you and the team.  One idea would be that, at the Kosovo CDC, they were doing some interesting things with databases -- so maybe a short course in SQL?",
                "text": "I received the invite.  For tomorrow (June 29), Michael will still be at camp, and I will be driving.  I can meet online while driving if you like, but imagine it will be short.  Issues you have raised:  1. Last Day.  As far as the last day, we are fine with continuing to meet up to the IT club kickoff, which will be mid September.  2.  Other People.  If you like, I will send information to the other two folks to see if they can make it.  3.  Topics.  I will leave to you and the team.  One idea would be that, at the Kosovo CDC, they were doing some interesting things with databases -- so maybe a short course in SQL?",
                "author_name": "Daniel Tice",
                "author_link": "https:\/\/cyberdefense2022-2023.slack.com\/team\/U0421AQBX8B",
                "author_icon": "https:\/\/secure.gravatar.com\/avatar\/4c1eed420327197d000fb89a053a08f3.jpg?s=48&d=https%3A%2F%2Fa.slack-edge.com%2Fdf10d%2Fimg%2Favatars%2Fava_0013-48.png",
                "author_subname": "Daniel Tice",
                "mrkdwn_in": [
                    "text"
                ],
                "footer": "Slack Conversation"
            }
        ],
        "edited": {
            "user": "B05JK240CLU",
            "ts": "1690217088.000000"
        }
    },
    {
        "type": "message",
        "subtype": "bot_message",
        "text": "<https:\/\/cyberdefense2022-2023.slack.com\/archives\/C042MDEPYF6\/p1683724301067859>",
        "ts": "1690217101.072929",
        "username": "Reacji Channeler",
        "icons": {
            "emoji": "flag-xk"
        },
        "bot_id": "B05JK240CLU",
        "app_id": "A1BFDR28J",
        "blocks": [
            {
                "type": "rich_text",
                "block_id": "RlpQD",
                "elements": [
                    {
                        "type": "rich_text_section",
                        "elements": [
                            {
                                "type": "link",
                                "url": "https:\/\/cyberdefense2022-2023.slack.com\/archives\/C042MDEPYF6\/p1683724301067859"
                            }
                        ]
                    }
                ]
            }
        ],
        "attachments": [
            {
                "from_url": "https:\/\/cyberdefense2022-2023.slack.com\/archives\/C042MDEPYF6\/p1683724301067859",
                "ts": "1683724301.067859",
                "author_id": "U042R51RY2C",
                "channel_id": "C042MDEPYF6",
                "channel_team": "T042E1514F3",
                "is_msg_unfurl": true,
                "message_blocks": [
                    {
                        "team": "T042E1514F3",
                        "channel": "C042MDEPYF6",
                        "ts": "1683724301.067859",
                        "message": {
                            "blocks": [
                                {
                                    "type": "rich_text",
                                    "block_id": "KTbA",
                                    "elements": [
                                        {
                                            "type": "rich_text_section",
                                            "elements": [
                                                {
                                                    "type": "text",
                                                    "text": "here is the new trello board!\n"
                                                },
                                                {
                                                    "type": "link",
                                                    "url": "https:\/\/trello.com\/invite\/b\/RDMVzfz6\/ATTI55b0ae92664396678a8a7ebf29fb498dC779D528\/kosovo-cdc-2023"
                                                }
                                            ]
                                        }
                                    ]
                                }
                            ]
                        }
                    }
                ],
                "id": 1,
                "original_url": "https:\/\/cyberdefense2022-2023.slack.com\/archives\/C042MDEPYF6\/p1683724301067859",
                "fallback": "[May 10th, 2023 6:11 AM] tmribble07: here is the new trello board!\n<https:\/\/trello.com\/invite\/b\/RDMVzfz6\/ATTI55b0ae92664396678a8a7ebf29fb498dC779D528\/kosovo-cdc-2023>",
                "text": "here is the new trello board!\n<https:\/\/trello.com\/invite\/b\/RDMVzfz6\/ATTI55b0ae92664396678a8a7ebf29fb498dC779D528\/kosovo-cdc-2023>",
                "author_name": "Tristan Ribble",
                "author_link": "https:\/\/cyberdefense2022-2023.slack.com\/team\/U042R51RY2C",
                "author_icon": "https:\/\/secure.gravatar.com\/avatar\/24c32288d4dbbf5694cc5c9609ec1853.jpg?s=48&d=https%3A%2F%2Fa.slack-edge.com%2Fdf10d%2Fimg%2Favatars%2Fava_0017-48.png",
                "author_subname": "Tristan Ribble",
                "mrkdwn_in": [
                    "text"
                ],
                "footer": "Slack Conversation"
            }
        ],
        "edited": {
            "user": "B05JK240CLU",
            "ts": "1690217101.000000"
        }
    }
]