[
    {
        "type": "message",
        "subtype": "channel_join",
        "ts": "1663077756.316559",
        "user": "U041UR8P3HC",
        "text": "<@U041UR8P3HC> has joined the channel"
    },
    {
        "type": "message",
        "subtype": "channel_join",
        "ts": "1663122772.178319",
        "user": "U0421DZ0T3L",
        "text": "<@U0421DZ0T3L> has joined the channel"
    },
    {
        "type": "message",
        "subtype": "channel_join",
        "ts": "1663123309.665699",
        "user": "U041LSQC38X",
        "text": "<@U041LSQC38X> has joined the channel"
    },
    {
        "type": "message",
        "text": "",
        "files": [
            {
                "id": "F0429R4E2TV",
                "created": 1663123736,
                "timestamp": 1663123736,
                "name": "image.png",
                "title": "image.png",
                "mimetype": "image\/png",
                "filetype": "png",
                "pretty_type": "PNG",
                "user": "U041LSQC38X",
                "user_team": "T042E1514F3",
                "editable": false,
                "size": 156956,
                "mode": "hosted",
                "is_external": false,
                "external_type": "",
                "is_public": true,
                "public_url_shared": false,
                "display_as_bot": false,
                "username": "",
                "url_private": "https:\/\/files.slack.com\/files-pri\/T042E1514F3-F0429R4E2TV\/image.png?t=xoxe-4082039038513-5909763746612-5907217023875-336a8277661c30aa211f6bb0466e7c24",
                "url_private_download": "https:\/\/files.slack.com\/files-pri\/T042E1514F3-F0429R4E2TV\/download\/image.png?t=xoxe-4082039038513-5909763746612-5907217023875-336a8277661c30aa211f6bb0466e7c24",
                "media_display_type": "unknown",
                "thumb_64": "https:\/\/files.slack.com\/files-tmb\/T042E1514F3-F0429R4E2TV-63e42a53b1\/image_64.png?t=xoxe-4082039038513-5909763746612-5907217023875-336a8277661c30aa211f6bb0466e7c24",
                "thumb_80": "https:\/\/files.slack.com\/files-tmb\/T042E1514F3-F0429R4E2TV-63e42a53b1\/image_80.png?t=xoxe-4082039038513-5909763746612-5907217023875-336a8277661c30aa211f6bb0466e7c24",
                "thumb_360": "https:\/\/files.slack.com\/files-tmb\/T042E1514F3-F0429R4E2TV-63e42a53b1\/image_360.png?t=xoxe-4082039038513-5909763746612-5907217023875-336a8277661c30aa211f6bb0466e7c24",
                "thumb_360_w": 360,
                "thumb_360_h": 324,
                "thumb_480": "https:\/\/files.slack.com\/files-tmb\/T042E1514F3-F0429R4E2TV-63e42a53b1\/image_480.png?t=xoxe-4082039038513-5909763746612-5907217023875-336a8277661c30aa211f6bb0466e7c24",
                "thumb_480_w": 480,
                "thumb_480_h": 432,
                "thumb_160": "https:\/\/files.slack.com\/files-tmb\/T042E1514F3-F0429R4E2TV-63e42a53b1\/image_160.png?t=xoxe-4082039038513-5909763746612-5907217023875-336a8277661c30aa211f6bb0466e7c24",
                "original_w": 646,
                "original_h": 582,
                "thumb_tiny": "AwArADDSAGBxS4HpTG3cYOB9KTL+p\/KgBWOVOOD9KaSdnHX1xSg4zkHn2oDD0PFACKx2ndyfpSoSQQ3J+mKUEAd+KRTQAuH7EYppU5wcf981JtBA6\/nUZYZ4Jx+P+NAB0HPr6UYyv09v6UmflODSrll4oAMcH\/DFCHJOOKVVOKFGBQA\/OFppcZ4JGPagE4FGTQA1iCucnjvSfwHn8afmj8vyoAapAGSc0K3bOT64p34D8qQnigD\/2Q==",
                "permalink": "https:\/\/cyberdefense2022-2023.slack.com\/files\/U041LSQC38X\/F0429R4E2TV\/image.png",
                "permalink_public": "https:\/\/slack-files.com\/T042E1514F3-F0429R4E2TV-e79181a239",
                "is_starred": false,
                "has_rich_preview": false,
                "file_access": "visible"
            }
        ],
        "upload": false,
        "user": "U041LSQC38X",
        "display_as_bot": false,
        "ts": "1663123742.250289",
        "client_msg_id": "a8ba7679-dfdb-488e-973d-7bea957bca81",
        "thread_ts": "1663123742.250289",
        "reply_count": 2,
        "reply_users_count": 2,
        "latest_reply": "1663197182.612469",
        "reply_users": [
            "U042R3B76SC",
            "U041LSQC38X"
        ],
        "replies": [
            {
                "user": "U042R3B76SC",
                "ts": "1663163807.363049"
            },
            {
                "user": "U041LSQC38X",
                "ts": "1663197182.612469"
            }
        ],
        "is_locked": false,
        "subscribed": true,
        "last_read": "1663197182.612469",
        "reactions": [
            {
                "name": "rofl",
                "users": [
                    "U042R3B76SC"
                ],
                "count": 1
            }
        ]
    }
]