[
    {
        "type": "message",
        "text": "",
        "files": [
            {
                "id": "F046ZJ301J9",
                "created": 1666121374,
                "timestamp": 1666121374,
                "name": "image.png",
                "title": "image.png",
                "mimetype": "image\/png",
                "filetype": "png",
                "pretty_type": "PNG",
                "user": "U041LSQC38X",
                "user_team": "T042E1514F3",
                "editable": false,
                "size": 98903,
                "mode": "hosted",
                "is_external": false,
                "external_type": "",
                "is_public": true,
                "public_url_shared": false,
                "display_as_bot": false,
                "username": "",
                "url_private": "https:\/\/files.slack.com\/files-pri\/T042E1514F3-F046ZJ301J9\/image.png?t=xoxe-4082039038513-5909763746612-5907217023875-336a8277661c30aa211f6bb0466e7c24",
                "url_private_download": "https:\/\/files.slack.com\/files-pri\/T042E1514F3-F046ZJ301J9\/download\/image.png?t=xoxe-4082039038513-5909763746612-5907217023875-336a8277661c30aa211f6bb0466e7c24",
                "media_display_type": "unknown",
                "thumb_64": "https:\/\/files.slack.com\/files-tmb\/T042E1514F3-F046ZJ301J9-68ff49101e\/image_64.png?t=xoxe-4082039038513-5909763746612-5907217023875-336a8277661c30aa211f6bb0466e7c24",
                "thumb_80": "https:\/\/files.slack.com\/files-tmb\/T042E1514F3-F046ZJ301J9-68ff49101e\/image_80.png?t=xoxe-4082039038513-5909763746612-5907217023875-336a8277661c30aa211f6bb0466e7c24",
                "thumb_360": "https:\/\/files.slack.com\/files-tmb\/T042E1514F3-F046ZJ301J9-68ff49101e\/image_360.png?t=xoxe-4082039038513-5909763746612-5907217023875-336a8277661c30aa211f6bb0466e7c24",
                "thumb_360_w": 360,
                "thumb_360_h": 128,
                "thumb_480": "https:\/\/files.slack.com\/files-tmb\/T042E1514F3-F046ZJ301J9-68ff49101e\/image_480.png?t=xoxe-4082039038513-5909763746612-5907217023875-336a8277661c30aa211f6bb0466e7c24",
                "thumb_480_w": 480,
                "thumb_480_h": 171,
                "thumb_160": "https:\/\/files.slack.com\/files-tmb\/T042E1514F3-F046ZJ301J9-68ff49101e\/image_160.png?t=xoxe-4082039038513-5909763746612-5907217023875-336a8277661c30aa211f6bb0466e7c24",
                "thumb_720": "https:\/\/files.slack.com\/files-tmb\/T042E1514F3-F046ZJ301J9-68ff49101e\/image_720.png?t=xoxe-4082039038513-5909763746612-5907217023875-336a8277661c30aa211f6bb0466e7c24",
                "thumb_720_w": 720,
                "thumb_720_h": 256,
                "original_w": 740,
                "original_h": 263,
                "thumb_tiny": "AwARADC4Ryef507AwM4\/E4pd2HwAaV2284J4oARVG0nH65pvy8fd\/wC+qkBG3pjimlvmUBcnFACEg84U\/Q0AjGBjnrzUn8X4Ui5KnIxQBE33vwpW6fhSN978KVun4UAA6mg9R9KB1NB6j6UAOHUfSlPQ0g6j6Up6GgD\/2Q==",
                "permalink": "https:\/\/cyberdefense2022-2023.slack.com\/files\/U041LSQC38X\/F046ZJ301J9\/image.png",
                "permalink_public": "https:\/\/slack-files.com\/T042E1514F3-F046ZJ301J9-24fb7ead82",
                "is_starred": false,
                "has_rich_preview": false,
                "file_access": "visible"
            }
        ],
        "upload": false,
        "user": "U041LSQC38X",
        "display_as_bot": false,
        "ts": "1666121377.395679",
        "client_msg_id": "9f7634e6-35ad-4cb1-bfe6-77e2c195b1ac"
    }
]