[
    {
        "type": "message",
        "text": "",
        "files": [
            {
                "id": "F047K4GUNQ4",
                "created": 1666310636,
                "timestamp": 1666310636,
                "name": "IMG_9519.jpg",
                "title": "IMG_9519.jpg",
                "mimetype": "image\/jpeg",
                "filetype": "jpg",
                "pretty_type": "JPEG",
                "user": "U041LSQC38X",
                "user_team": "T042E1514F3",
                "editable": false,
                "size": 37076,
                "mode": "hosted",
                "is_external": false,
                "external_type": "",
                "is_public": true,
                "public_url_shared": false,
                "display_as_bot": false,
                "username": "",
                "url_private": "https:\/\/files.slack.com\/files-pri\/T042E1514F3-F047K4GUNQ4\/img_9519.jpg?t=xoxe-4082039038513-5909763746612-5907217023875-336a8277661c30aa211f6bb0466e7c24",
                "url_private_download": "https:\/\/files.slack.com\/files-pri\/T042E1514F3-F047K4GUNQ4\/download\/img_9519.jpg?t=xoxe-4082039038513-5909763746612-5907217023875-336a8277661c30aa211f6bb0466e7c24",
                "media_display_type": "unknown",
                "thumb_64": "https:\/\/files.slack.com\/files-tmb\/T042E1514F3-F047K4GUNQ4-164cc9c931\/img_9519_64.jpg?t=xoxe-4082039038513-5909763746612-5907217023875-336a8277661c30aa211f6bb0466e7c24",
                "thumb_80": "https:\/\/files.slack.com\/files-tmb\/T042E1514F3-F047K4GUNQ4-164cc9c931\/img_9519_80.jpg?t=xoxe-4082039038513-5909763746612-5907217023875-336a8277661c30aa211f6bb0466e7c24",
                "thumb_360": "https:\/\/files.slack.com\/files-tmb\/T042E1514F3-F047K4GUNQ4-164cc9c931\/img_9519_360.jpg?t=xoxe-4082039038513-5909763746612-5907217023875-336a8277661c30aa211f6bb0466e7c24",
                "thumb_360_w": 360,
                "thumb_360_h": 202,
                "thumb_480": "https:\/\/files.slack.com\/files-tmb\/T042E1514F3-F047K4GUNQ4-164cc9c931\/img_9519_480.jpg?t=xoxe-4082039038513-5909763746612-5907217023875-336a8277661c30aa211f6bb0466e7c24",
                "thumb_480_w": 480,
                "thumb_480_h": 270,
                "thumb_160": "https:\/\/files.slack.com\/files-tmb\/T042E1514F3-F047K4GUNQ4-164cc9c931\/img_9519_160.jpg?t=xoxe-4082039038513-5909763746612-5907217023875-336a8277661c30aa211f6bb0466e7c24",
                "thumb_720": "https:\/\/files.slack.com\/files-tmb\/T042E1514F3-F047K4GUNQ4-164cc9c931\/img_9519_720.jpg?t=xoxe-4082039038513-5909763746612-5907217023875-336a8277661c30aa211f6bb0466e7c24",
                "thumb_720_w": 720,
                "thumb_720_h": 405,
                "original_w": 735,
                "original_h": 413,
                "thumb_tiny": "AwAaADCY7+cAY7UpD54IxS+tLTEMxJjtQBIAc4PFPooAZiTHUUgVwRkgipRSGgBB9KXHsaiUnd1PWpRUp3HYX8KPwoFLTAT8KT8KWkNAH\/\/Z",
                "permalink": "https:\/\/cyberdefense2022-2023.slack.com\/files\/U041LSQC38X\/F047K4GUNQ4\/img_9519.jpg",
                "permalink_public": "https:\/\/slack-files.com\/T042E1514F3-F047K4GUNQ4-299e40799b",
                "is_starred": false,
                "has_rich_preview": false,
                "file_access": "visible"
            }
        ],
        "upload": false,
        "user": "U041LSQC38X",
        "display_as_bot": false,
        "ts": "1666310645.055189",
        "blocks": [
            {
                "type": "rich_text",
                "block_id": "STW",
                "elements": [
                    {
                        "type": "rich_text_section",
                        "elements": []
                    }
                ]
            }
        ],
        "client_msg_id": "741bc41c-5023-43eb-b5ce-f002f0d8f6e2"
    },
    {
        "client_msg_id": "dcd50230-9b8e-4528-8388-e9951a8083ce",
        "type": "message",
        "text": "One of the all-time classics.",
        "user": "U042R3B76SC",
        "ts": "1666318258.473509",
        "blocks": [
            {
                "type": "rich_text",
                "block_id": "6kgCW",
                "elements": [
                    {
                        "type": "rich_text_section",
                        "elements": [
                            {
                                "type": "text",
                                "text": "One of the all-time classics."
                            }
                        ]
                    }
                ]
            }
        ],
        "team": "T042E1514F3",
        "user_team": "T042E1514F3",
        "source_team": "T042E1514F3",
        "user_profile": {
            "avatar_hash": "g6730f37144b",
            "image_72": "https:\/\/secure.gravatar.com\/avatar\/6730f37144bd6ae505b97012a7f22a66.jpg?s=72&d=https%3A%2F%2Fa.slack-edge.com%2Fdf10d%2Fimg%2Favatars%2Fava_0006-72.png",
            "first_name": "chris",
            "real_name": "chris",
            "display_name": "",
            "team": "T042E1514F3",
            "name": "chris",
            "is_restricted": false,
            "is_ultra_restricted": false
        },
        "thread_ts": "1666038894.005459",
        "parent_user_id": "U041LSQC38X"
    }
]