[
    {
        "client_msg_id": "a8cfe76e-17bb-43e3-bde6-7b6fe69dc79e",
        "type": "message",
        "text": "Happy Halloween!:jack_o_lantern:",
        "user": "U042U2F450R",
        "ts": "1667243703.577559",
        "blocks": [
            {
                "type": "rich_text",
                "block_id": "LzaO",
                "elements": [
                    {
                        "type": "rich_text_section",
                        "elements": [
                            {
                                "type": "text",
                                "text": "Happy Halloween!"
                            },
                            {
                                "type": "emoji",
                                "name": "jack_o_lantern",
                                "unicode": "1f383"
                            }
                        ]
                    }
                ]
            }
        ],
        "team": "T042E1514F3",
        "user_team": "T042E1514F3",
        "source_team": "T042E1514F3",
        "user_profile": {
            "avatar_hash": "gff8e94624db",
            "image_72": "https:\/\/secure.gravatar.com\/avatar\/ff8e94624db08a84843122675f06ea92.jpg?s=72&d=https%3A%2F%2Fa.slack-edge.com%2Fdf10d%2Fimg%2Favatars%2Fava_0004-72.png",
            "first_name": "Anna",
            "real_name": "Anna",
            "display_name": "Anna",
            "team": "T042E1514F3",
            "name": "annam45",
            "is_restricted": false,
            "is_ultra_restricted": false
        }
    },
    {
        "bot_id": "B043Z063LAV",
        "type": "message",
        "text": "ghostbusters",
        "user": "U042R3B76SC",
        "ts": "1667252980.581319",
        "blocks": [
            {
                "type": "image",
                "block_id": "7F7Rx",
                "image_url": "https:\/\/media0.giphy.com\/media\/3o72FiLG37hUSMqW4M\/giphy.gif?cid=6104955e3lnvpyr4hdt35kpdx1pkwbu5t8gp5pr298xi1dlo&rid=giphy.gif&ct=g",
                "alt_text": "ghostbusters",
                "title": {
                    "type": "plain_text",
                    "text": "ghostbusters",
                    "emoji": true
                },
                "image_width": 480,
                "image_height": 201,
                "image_bytes": 1529782,
                "is_animated": true,
                "fallback": "480x201px image"
            },
            {
                "type": "context",
                "block_id": "ckJQ",
                "elements": [
                    {
                        "type": "image",
                        "image_url": "https:\/\/a.slack-edge.com\/dc483\/img\/plugins\/giphy\/service_32.png",
                        "alt_text": "giphy logo"
                    },
                    {
                        "type": "mrkdwn",
                        "text": "Posted using \/giphy | GIF by <https:\/\/giphy.com\/ghostbusters\/|Ghostbusters>",
                        "verbatim": false
                    }
                ]
            }
        ],
        "team": "T042E1514F3",
        "bot_profile": {
            "id": "B043Z063LAV",
            "deleted": false,
            "name": "giphy",
            "updated": 1663902197,
            "app_id": "A0F827J2C",
            "icons": {
                "image_36": "https:\/\/a.slack-edge.com\/dc483\/img\/plugins\/giphy\/service_72.png",
                "image_48": "https:\/\/a.slack-edge.com\/dc483\/img\/plugins\/giphy\/service_48.png",
                "image_72": "https:\/\/a.slack-edge.com\/dc483\/img\/plugins\/giphy\/service_72.png"
            },
            "team_id": "T042E1514F3"
        }
    }
]