[
    {
        "client_msg_id": "b5a4598c-efe2-4ba3-a602-5799adc9240b",
        "type": "message",
        "text": "I thought you didn't watch this show?  :wink:",
        "user": "U042R3B76SC",
        "ts": "1670006334.020489",
        "blocks": [
            {
                "type": "rich_text",
                "block_id": "yC5dD",
                "elements": [
                    {
                        "type": "rich_text_section",
                        "elements": [
                            {
                                "type": "text",
                                "text": "I thought you didn't watch this show?  "
                            },
                            {
                                "type": "emoji",
                                "name": "wink",
                                "unicode": "1f609"
                            }
                        ]
                    }
                ]
            }
        ],
        "team": "T042E1514F3",
        "user_team": "T042E1514F3",
        "source_team": "T042E1514F3",
        "user_profile": {
            "avatar_hash": "g6730f37144b",
            "image_72": "https:\/\/secure.gravatar.com\/avatar\/6730f37144bd6ae505b97012a7f22a66.jpg?s=72&d=https%3A%2F%2Fa.slack-edge.com%2Fdf10d%2Fimg%2Favatars%2Fava_0006-72.png",
            "first_name": "chris",
            "real_name": "chris",
            "display_name": "",
            "team": "T042E1514F3",
            "name": "chris",
            "is_restricted": false,
            "is_ultra_restricted": false
        },
        "thread_ts": "1669950299.683619",
        "parent_user_id": "U041LSQC38X"
    },
    {
        "client_msg_id": "401928e1-ee29-4e77-b4a4-715a19ea4dad",
        "type": "message",
        "text": "Are you gatekeeping my meme? :face_with_monocle:",
        "user": "U041LSQC38X",
        "ts": "1670006981.643989",
        "blocks": [
            {
                "type": "rich_text",
                "block_id": "JraGV",
                "elements": [
                    {
                        "type": "rich_text_section",
                        "elements": [
                            {
                                "type": "text",
                                "text": "Are you gatekeeping my meme? "
                            },
                            {
                                "type": "emoji",
                                "name": "face_with_monocle",
                                "unicode": "1f9d0"
                            }
                        ]
                    }
                ]
            }
        ],
        "team": "T042E1514F3",
        "user_team": "T042E1514F3",
        "source_team": "T042E1514F3",
        "user_profile": {
            "avatar_hash": "g60b962e7353",
            "image_72": "https:\/\/secure.gravatar.com\/avatar\/60b962e73536af1009870d33a2ba0516.jpg?s=72&d=https%3A%2F%2Fa.slack-edge.com%2Fdf10d%2Fimg%2Favatars%2Fava_0012-72.png",
            "first_name": "Michael",
            "real_name": "Michael Tice",
            "display_name": "Michael Tice",
            "team": "T042E1514F3",
            "name": "michael.tice",
            "is_restricted": false,
            "is_ultra_restricted": false
        },
        "thread_ts": "1669950299.683619",
        "parent_user_id": "U041LSQC38X"
    },
    {
        "client_msg_id": "27dbec3b-54ef-44c3-90a9-f2b98cabea14",
        "type": "message",
        "text": "There is no gate. There is only open, and slammed shut.",
        "user": "U042R3B76SC",
        "ts": "1670011303.165279",
        "blocks": [
            {
                "type": "rich_text",
                "block_id": "+TSx5",
                "elements": [
                    {
                        "type": "rich_text_section",
                        "elements": [
                            {
                                "type": "text",
                                "text": "There is no gate. There is only open, and slammed shut."
                            }
                        ]
                    }
                ]
            }
        ],
        "team": "T042E1514F3",
        "user_team": "T042E1514F3",
        "source_team": "T042E1514F3",
        "user_profile": {
            "avatar_hash": "g6730f37144b",
            "image_72": "https:\/\/secure.gravatar.com\/avatar\/6730f37144bd6ae505b97012a7f22a66.jpg?s=72&d=https%3A%2F%2Fa.slack-edge.com%2Fdf10d%2Fimg%2Favatars%2Fava_0006-72.png",
            "first_name": "chris",
            "real_name": "chris",
            "display_name": "",
            "team": "T042E1514F3",
            "name": "chris",
            "is_restricted": false,
            "is_ultra_restricted": false
        },
        "thread_ts": "1669950299.683619",
        "parent_user_id": "U041LSQC38X"
    }
]