[
    {
        "type": "message",
        "text": "",
        "files": [
            {
                "id": "F046PQGEX1C",
                "created": 1666037603,
                "timestamp": 1666037603,
                "name": "image.png",
                "title": "image.png",
                "mimetype": "image\/png",
                "filetype": "png",
                "pretty_type": "PNG",
                "user": "U041LSQC38X",
                "user_team": "T042E1514F3",
                "editable": false,
                "size": 33899,
                "mode": "hosted",
                "is_external": false,
                "external_type": "",
                "is_public": true,
                "public_url_shared": false,
                "display_as_bot": false,
                "username": "",
                "url_private": "https:\/\/files.slack.com\/files-pri\/T042E1514F3-F046PQGEX1C\/image.png?t=xoxe-4082039038513-5909763746612-5907217023875-336a8277661c30aa211f6bb0466e7c24",
                "url_private_download": "https:\/\/files.slack.com\/files-pri\/T042E1514F3-F046PQGEX1C\/download\/image.png?t=xoxe-4082039038513-5909763746612-5907217023875-336a8277661c30aa211f6bb0466e7c24",
                "media_display_type": "unknown",
                "thumb_64": "https:\/\/files.slack.com\/files-tmb\/T042E1514F3-F046PQGEX1C-ba01c3dbc0\/image_64.png?t=xoxe-4082039038513-5909763746612-5907217023875-336a8277661c30aa211f6bb0466e7c24",
                "thumb_80": "https:\/\/files.slack.com\/files-tmb\/T042E1514F3-F046PQGEX1C-ba01c3dbc0\/image_80.png?t=xoxe-4082039038513-5909763746612-5907217023875-336a8277661c30aa211f6bb0466e7c24",
                "thumb_360": "https:\/\/files.slack.com\/files-tmb\/T042E1514F3-F046PQGEX1C-ba01c3dbc0\/image_360.png?t=xoxe-4082039038513-5909763746612-5907217023875-336a8277661c30aa211f6bb0466e7c24",
                "thumb_360_w": 360,
                "thumb_360_h": 188,
                "thumb_160": "https:\/\/files.slack.com\/files-tmb\/T042E1514F3-F046PQGEX1C-ba01c3dbc0\/image_160.png?t=xoxe-4082039038513-5909763746612-5907217023875-336a8277661c30aa211f6bb0466e7c24",
                "original_w": 474,
                "original_h": 247,
                "thumb_tiny": "AwAZADDSAGBwKMD0FRFS06newAXOAePxqagBMD0FROSGODgfT\/61TUwZJ6Ee\/rQBEWYZ557fL\/8AWqbA28gZxTZJljQswPGeMdaVHLpkqVOM4oAMgEMeOMdKXzE\/vCh\/uGq\/eT6UATl0J5YfSjegyN49qh9P89qY3b6CgCYbAmGfJ7nNOHchiVPbFQ\/3vrU8X+rFAH\/\/2Q==",
                "permalink": "https:\/\/cyberdefense2022-2023.slack.com\/files\/U041LSQC38X\/F046PQGEX1C\/image.png",
                "permalink_public": "https:\/\/slack-files.com\/T042E1514F3-F046PQGEX1C-8350b36d98",
                "is_starred": false,
                "has_rich_preview": false,
                "file_access": "visible"
            }
        ],
        "upload": false,
        "user": "U041LSQC38X",
        "display_as_bot": false,
        "ts": "1666037606.554469",
        "client_msg_id": "aee342da-ec2a-49a4-92f2-b953d1751d06"
    },
    {
        "type": "message",
        "text": "",
        "files": [
            {
                "id": "F046PTM3D6J",
                "created": 1666038890,
                "timestamp": 1666038890,
                "name": "image.png",
                "title": "image.png",
                "mimetype": "image\/png",
                "filetype": "png",
                "pretty_type": "PNG",
                "user": "U041LSQC38X",
                "user_team": "T042E1514F3",
                "editable": false,
                "size": 79014,
                "mode": "hosted",
                "is_external": false,
                "external_type": "",
                "is_public": true,
                "public_url_shared": false,
                "display_as_bot": false,
                "username": "",
                "url_private": "https:\/\/files.slack.com\/files-pri\/T042E1514F3-F046PTM3D6J\/image.png?t=xoxe-4082039038513-5909763746612-5907217023875-336a8277661c30aa211f6bb0466e7c24",
                "url_private_download": "https:\/\/files.slack.com\/files-pri\/T042E1514F3-F046PTM3D6J\/download\/image.png?t=xoxe-4082039038513-5909763746612-5907217023875-336a8277661c30aa211f6bb0466e7c24",
                "media_display_type": "unknown",
                "thumb_64": "https:\/\/files.slack.com\/files-tmb\/T042E1514F3-F046PTM3D6J-a7d3ecf94d\/image_64.png?t=xoxe-4082039038513-5909763746612-5907217023875-336a8277661c30aa211f6bb0466e7c24",
                "thumb_80": "https:\/\/files.slack.com\/files-tmb\/T042E1514F3-F046PTM3D6J-a7d3ecf94d\/image_80.png?t=xoxe-4082039038513-5909763746612-5907217023875-336a8277661c30aa211f6bb0466e7c24",
                "thumb_360": "https:\/\/files.slack.com\/files-tmb\/T042E1514F3-F046PTM3D6J-a7d3ecf94d\/image_360.png?t=xoxe-4082039038513-5909763746612-5907217023875-336a8277661c30aa211f6bb0466e7c24",
                "thumb_360_w": 360,
                "thumb_360_h": 111,
                "thumb_480": "https:\/\/files.slack.com\/files-tmb\/T042E1514F3-F046PTM3D6J-a7d3ecf94d\/image_480.png?t=xoxe-4082039038513-5909763746612-5907217023875-336a8277661c30aa211f6bb0466e7c24",
                "thumb_480_w": 480,
                "thumb_480_h": 148,
                "thumb_160": "https:\/\/files.slack.com\/files-tmb\/T042E1514F3-F046PTM3D6J-a7d3ecf94d\/image_160.png?t=xoxe-4082039038513-5909763746612-5907217023875-336a8277661c30aa211f6bb0466e7c24",
                "original_w": 666,
                "original_h": 205,
                "thumb_tiny": "AwAOADC9hs8YyKUg7fm\/GlIzyODilAypBoATbgFsmmqpyCf50\/bgHPSm7B9OKABhk9cUgGCPm\/SnYGR7U3Z3z+lAH\/\/Z",
                "permalink": "https:\/\/cyberdefense2022-2023.slack.com\/files\/U041LSQC38X\/F046PTM3D6J\/image.png",
                "permalink_public": "https:\/\/slack-files.com\/T042E1514F3-F046PTM3D6J-c1fd6889a5",
                "is_starred": false,
                "has_rich_preview": false,
                "file_access": "visible"
            }
        ],
        "upload": false,
        "user": "U041LSQC38X",
        "display_as_bot": false,
        "ts": "1666038894.005459",
        "client_msg_id": "3d9346cd-13d8-4b99-88a1-bf872f02f6bc",
        "thread_ts": "1666038894.005459",
        "reply_count": 1,
        "reply_users_count": 1,
        "latest_reply": "1666318258.473509",
        "reply_users": [
            "U042R3B76SC"
        ],
        "replies": [
            {
                "user": "U042R3B76SC",
                "ts": "1666318258.473509"
            }
        ],
        "is_locked": false,
        "subscribed": true,
        "last_read": "1666318258.473509"
    }
]