[
    {
        "client_msg_id": "d77a26ce-8023-4da4-973e-d199080cbb66",
        "type": "message",
        "text": "*Pro Tip*\nOnce you are in the workforce, you need ways to protect yourself from people who will, inevitably, schedule meetings on an afternoon immediately before a holiday. This is especially important in a company like GoDaddy, where you have employees and contractors in many countries. This is because in the case of many holidays, including Thanksgiving, most of them do not celebrate the holiday and may even be unaware of it.\n\nFor example, last month, many of our employees celebrated Diwali, a weeklong Hindi holiday. This was good to know because they didn't get this time off unless they actually lived in India, and most of our Hindi employees do not. Also, everybody in the UK got four days off for Queen Elizabeth's Platinum Jubilee.\n\nWere you aware of those events? Probably not. And this kind of thing happens all the time. So right now, as I time this, someone in Sao Paolo, or Beeston, or Belgrade, or Iasi, or Shanghai, or Gurugram, is getting ready to have some kind of work-related problem involving underwater widget dehydration (or whatever) that will make them think, \"That one guy knows about this ... what's his name? He was talking about it in Slack. I'll just search Slack for 'underwater widget dehydration' .... aha! It's @cleonard! And Slack says it's only 4:30 PM his time! I'll just set up a quick Zoom and then ping him in Slack...\"",
        "user": "U042R3B76SC",
        "ts": "1669217801.891579",
        "blocks": [
            {
                "type": "rich_text",
                "block_id": "hliU",
                "elements": [
                    {
                        "type": "rich_text_section",
                        "elements": [
                            {
                                "type": "text",
                                "text": "Pro Tip",
                                "style": {
                                    "bold": true
                                }
                            },
                            {
                                "type": "text",
                                "text": "\nOnce you are in the workforce, you need ways to protect yourself from people who will, inevitably, schedule meetings on an afternoon immediately before a holiday. This is especially important in a company like GoDaddy, where you have employees and contractors in many countries. This is because in the case of many holidays, including Thanksgiving, most of them do not celebrate the holiday and may even be unaware of it.\n\nFor example, last month, many of our employees celebrated Diwali, a weeklong Hindi holiday. This was good to know because they didn't get this time off unless they actually lived in India, and most of our Hindi employees do not. Also, everybody in the UK got four days off for Queen Elizabeth's Platinum Jubilee.\n\nWere you aware of those events? Probably not. And this kind of thing happens all the time. So right now, as I time this, someone in Sao Paolo, or Beeston, or Belgrade, or Iasi, or Shanghai, or Gurugram, is getting ready to have some kind of work-related problem involving underwater widget dehydration (or whatever) that will make them think, \"That one guy knows about this ... what's his name? He was talking about it in Slack. I'll just search Slack for 'underwater widget dehydration' .... aha! It's @cleonard! And Slack says it's only 4:30 PM his time! I'll just set up a quick Zoom and then ping him in Slack...\""
                            }
                        ]
                    }
                ]
            }
        ],
        "team": "T042E1514F3",
        "user_team": "T042E1514F3",
        "source_team": "T042E1514F3",
        "user_profile": {
            "avatar_hash": "g6730f37144b",
            "image_72": "https:\/\/secure.gravatar.com\/avatar\/6730f37144bd6ae505b97012a7f22a66.jpg?s=72&d=https%3A%2F%2Fa.slack-edge.com%2Fdf10d%2Fimg%2Favatars%2Fava_0006-72.png",
            "first_name": "chris",
            "real_name": "chris",
            "display_name": "",
            "team": "T042E1514F3",
            "name": "chris",
            "is_restricted": false,
            "is_ultra_restricted": false
        },
        "edited": {
            "user": "U042R3B76SC",
            "ts": "1669217868.000000"
        }
    },
    {
        "type": "message",
        "text": "Here is the solution to your future problem, and you're welcome.",
        "files": [
            {
                "id": "F04C7NSDP7D",
                "created": 1669217827,
                "timestamp": 1669217827,
                "name": "image.png",
                "title": "image.png",
                "mimetype": "image\/png",
                "filetype": "png",
                "pretty_type": "PNG",
                "user": "U042R3B76SC",
                "user_team": "T042E1514F3",
                "editable": false,
                "size": 61120,
                "mode": "hosted",
                "is_external": false,
                "external_type": "",
                "is_public": true,
                "public_url_shared": false,
                "display_as_bot": false,
                "username": "",
                "url_private": "https:\/\/files.slack.com\/files-pri\/T042E1514F3-F04C7NSDP7D\/image.png?t=xoxe-4082039038513-5909763746612-5907217023875-336a8277661c30aa211f6bb0466e7c24",
                "url_private_download": "https:\/\/files.slack.com\/files-pri\/T042E1514F3-F04C7NSDP7D\/download\/image.png?t=xoxe-4082039038513-5909763746612-5907217023875-336a8277661c30aa211f6bb0466e7c24",
                "media_display_type": "unknown",
                "thumb_64": "https:\/\/files.slack.com\/files-tmb\/T042E1514F3-F04C7NSDP7D-05be4e22cd\/image_64.png?t=xoxe-4082039038513-5909763746612-5907217023875-336a8277661c30aa211f6bb0466e7c24",
                "thumb_80": "https:\/\/files.slack.com\/files-tmb\/T042E1514F3-F04C7NSDP7D-05be4e22cd\/image_80.png?t=xoxe-4082039038513-5909763746612-5907217023875-336a8277661c30aa211f6bb0466e7c24",
                "thumb_360": "https:\/\/files.slack.com\/files-tmb\/T042E1514F3-F04C7NSDP7D-05be4e22cd\/image_360.png?t=xoxe-4082039038513-5909763746612-5907217023875-336a8277661c30aa211f6bb0466e7c24",
                "thumb_360_w": 201,
                "thumb_360_h": 360,
                "thumb_480": "https:\/\/files.slack.com\/files-tmb\/T042E1514F3-F04C7NSDP7D-05be4e22cd\/image_480.png?t=xoxe-4082039038513-5909763746612-5907217023875-336a8277661c30aa211f6bb0466e7c24",
                "thumb_480_w": 268,
                "thumb_480_h": 480,
                "thumb_160": "https:\/\/files.slack.com\/files-tmb\/T042E1514F3-F04C7NSDP7D-05be4e22cd\/image_160.png?t=xoxe-4082039038513-5909763746612-5907217023875-336a8277661c30aa211f6bb0466e7c24",
                "thumb_720": "https:\/\/files.slack.com\/files-tmb\/T042E1514F3-F04C7NSDP7D-05be4e22cd\/image_720.png?t=xoxe-4082039038513-5909763746612-5907217023875-336a8277661c30aa211f6bb0466e7c24",
                "thumb_720_w": 402,
                "thumb_720_h": 720,
                "thumb_800": "https:\/\/files.slack.com\/files-tmb\/T042E1514F3-F04C7NSDP7D-05be4e22cd\/image_800.png?t=xoxe-4082039038513-5909763746612-5907217023875-336a8277661c30aa211f6bb0466e7c24",
                "thumb_800_w": 800,
                "thumb_800_h": 1433,
                "thumb_960": "https:\/\/files.slack.com\/files-tmb\/T042E1514F3-F04C7NSDP7D-05be4e22cd\/image_960.png?t=xoxe-4082039038513-5909763746612-5907217023875-336a8277661c30aa211f6bb0466e7c24",
                "thumb_960_w": 536,
                "thumb_960_h": 960,
                "thumb_1024": "https:\/\/files.slack.com\/files-tmb\/T042E1514F3-F04C7NSDP7D-05be4e22cd\/image_1024.png?t=xoxe-4082039038513-5909763746612-5907217023875-336a8277661c30aa211f6bb0466e7c24",
                "thumb_1024_w": 572,
                "thumb_1024_h": 1024,
                "original_w": 938,
                "original_h": 1680,
                "thumb_tiny": "AwAwABrSOe1AHHP86TP4\/Sjd7NQAtLTd3saOfWgQMcY6fjTd3uPyNK\/bBxTcn1NMTYu73H5GnZpm4+pp1AJg\/amU9gWIpNpoE1qNp1G00vFDGj\/\/2Q==",
                "permalink": "https:\/\/cyberdefense2022-2023.slack.com\/files\/U042R3B76SC\/F04C7NSDP7D\/image.png",
                "permalink_public": "https:\/\/slack-files.com\/T042E1514F3-F04C7NSDP7D-96eb0e2ca6",
                "is_starred": false,
                "has_rich_preview": false,
                "file_access": "visible"
            }
        ],
        "upload": false,
        "user": "U042R3B76SC",
        "display_as_bot": false,
        "ts": "1669217830.494429",
        "blocks": [
            {
                "type": "rich_text",
                "block_id": "z5S",
                "elements": [
                    {
                        "type": "rich_text_section",
                        "elements": [
                            {
                                "type": "text",
                                "text": "Here is the solution to your future problem, and you're welcome."
                            }
                        ]
                    }
                ]
            }
        ],
        "edited": {
            "user": "U042R3B76SC",
            "ts": "1669217916.000000"
        },
        "client_msg_id": "8bbbbb7a-e9c3-4e3a-a325-c89c7825d7bc"
    }
]