[
    {
        "client_msg_id": "e55855d6-9a31-4561-ac8c-81dd1026cec5",
        "type": "message",
        "text": "xkcd?",
        "user": "U042R3B76SC",
        "ts": "1663163807.363049",
        "blocks": [
            {
                "type": "rich_text",
                "block_id": "T79J",
                "elements": [
                    {
                        "type": "rich_text_section",
                        "elements": [
                            {
                                "type": "text",
                                "text": "xkcd?"
                            }
                        ]
                    }
                ]
            }
        ],
        "team": "T042E1514F3",
        "user_team": "T042E1514F3",
        "source_team": "T042E1514F3",
        "user_profile": {
            "avatar_hash": "g6730f37144b",
            "image_72": "https:\/\/secure.gravatar.com\/avatar\/6730f37144bd6ae505b97012a7f22a66.jpg?s=72&d=https%3A%2F%2Fa.slack-edge.com%2Fdf10d%2Fimg%2Favatars%2Fava_0006-72.png",
            "first_name": "chris",
            "real_name": "chris",
            "display_name": "",
            "team": "T042E1514F3",
            "name": "chris",
            "is_restricted": false,
            "is_ultra_restricted": false
        },
        "thread_ts": "1663123742.250289",
        "parent_user_id": "U041LSQC38X"
    },
    {
        "type": "message",
        "subtype": "channel_join",
        "ts": "1663195616.680409",
        "user": "U042U2F450R",
        "text": "<@U042U2F450R> has joined the channel"
    },
    {
        "client_msg_id": "1bee324d-86eb-4235-91e4-7eee089bd258",
        "type": "message",
        "text": "yes",
        "user": "U041LSQC38X",
        "ts": "1663197182.612469",
        "blocks": [
            {
                "type": "rich_text",
                "block_id": "4fAA4",
                "elements": [
                    {
                        "type": "rich_text_section",
                        "elements": [
                            {
                                "type": "text",
                                "text": "yes"
                            }
                        ]
                    }
                ]
            }
        ],
        "team": "T042E1514F3",
        "user_team": "T042E1514F3",
        "source_team": "T042E1514F3",
        "user_profile": {
            "avatar_hash": "g60b962e7353",
            "image_72": "https:\/\/secure.gravatar.com\/avatar\/60b962e73536af1009870d33a2ba0516.jpg?s=72&d=https%3A%2F%2Fa.slack-edge.com%2Fdf10d%2Fimg%2Favatars%2Fava_0012-72.png",
            "first_name": "Michael",
            "real_name": "Michael Tice",
            "display_name": "Michael Tice",
            "team": "T042E1514F3",
            "name": "michael.tice",
            "is_restricted": false,
            "is_ultra_restricted": false
        },
        "thread_ts": "1663123742.250289",
        "parent_user_id": "U041LSQC38X"
    }
]