[
    {
        "type": "message",
        "text": "",
        "files": [
            {
                "id": "F044W37H4N5",
                "created": 1664478777,
                "timestamp": 1664478777,
                "name": "RDT_20220928_1934303070243750887358957.jpg",
                "title": "RDT_20220928_1934303070243750887358957.jpg",
                "mimetype": "image\/jpeg",
                "filetype": "jpg",
                "pretty_type": "JPEG",
                "user": "U041LSQC38X",
                "user_team": "T042E1514F3",
                "editable": false,
                "size": 183197,
                "mode": "hosted",
                "is_external": false,
                "external_type": "",
                "is_public": true,
                "public_url_shared": false,
                "display_as_bot": false,
                "username": "",
                "url_private": "https:\/\/files.slack.com\/files-pri\/T042E1514F3-F044W37H4N5\/rdt_20220928_1934303070243750887358957.jpg?t=xoxe-4082039038513-5909763746612-5907217023875-336a8277661c30aa211f6bb0466e7c24",
                "url_private_download": "https:\/\/files.slack.com\/files-pri\/T042E1514F3-F044W37H4N5\/download\/rdt_20220928_1934303070243750887358957.jpg?t=xoxe-4082039038513-5909763746612-5907217023875-336a8277661c30aa211f6bb0466e7c24",
                "media_display_type": "unknown",
                "thumb_64": "https:\/\/files.slack.com\/files-tmb\/T042E1514F3-F044W37H4N5-5efaad3e61\/rdt_20220928_1934303070243750887358957_64.jpg?t=xoxe-4082039038513-5909763746612-5907217023875-336a8277661c30aa211f6bb0466e7c24",
                "thumb_80": "https:\/\/files.slack.com\/files-tmb\/T042E1514F3-F044W37H4N5-5efaad3e61\/rdt_20220928_1934303070243750887358957_80.jpg?t=xoxe-4082039038513-5909763746612-5907217023875-336a8277661c30aa211f6bb0466e7c24",
                "thumb_360": "https:\/\/files.slack.com\/files-tmb\/T042E1514F3-F044W37H4N5-5efaad3e61\/rdt_20220928_1934303070243750887358957_360.jpg?t=xoxe-4082039038513-5909763746612-5907217023875-336a8277661c30aa211f6bb0466e7c24",
                "thumb_360_w": 203,
                "thumb_360_h": 360,
                "thumb_480": "https:\/\/files.slack.com\/files-tmb\/T042E1514F3-F044W37H4N5-5efaad3e61\/rdt_20220928_1934303070243750887358957_480.jpg?t=xoxe-4082039038513-5909763746612-5907217023875-336a8277661c30aa211f6bb0466e7c24",
                "thumb_480_w": 270,
                "thumb_480_h": 480,
                "thumb_160": "https:\/\/files.slack.com\/files-tmb\/T042E1514F3-F044W37H4N5-5efaad3e61\/rdt_20220928_1934303070243750887358957_160.jpg?t=xoxe-4082039038513-5909763746612-5907217023875-336a8277661c30aa211f6bb0466e7c24",
                "thumb_720": "https:\/\/files.slack.com\/files-tmb\/T042E1514F3-F044W37H4N5-5efaad3e61\/rdt_20220928_1934303070243750887358957_720.jpg?t=xoxe-4082039038513-5909763746612-5907217023875-336a8277661c30aa211f6bb0466e7c24",
                "thumb_720_w": 405,
                "thumb_720_h": 720,
                "thumb_800": "https:\/\/files.slack.com\/files-tmb\/T042E1514F3-F044W37H4N5-5efaad3e61\/rdt_20220928_1934303070243750887358957_800.jpg?t=xoxe-4082039038513-5909763746612-5907217023875-336a8277661c30aa211f6bb0466e7c24",
                "thumb_800_w": 800,
                "thumb_800_h": 1422,
                "thumb_960": "https:\/\/files.slack.com\/files-tmb\/T042E1514F3-F044W37H4N5-5efaad3e61\/rdt_20220928_1934303070243750887358957_960.jpg?t=xoxe-4082039038513-5909763746612-5907217023875-336a8277661c30aa211f6bb0466e7c24",
                "thumb_960_w": 540,
                "thumb_960_h": 960,
                "thumb_1024": "https:\/\/files.slack.com\/files-tmb\/T042E1514F3-F044W37H4N5-5efaad3e61\/rdt_20220928_1934303070243750887358957_1024.jpg?t=xoxe-4082039038513-5909763746612-5907217023875-336a8277661c30aa211f6bb0466e7c24",
                "thumb_1024_w": 576,
                "thumb_1024_h": 1024,
                "original_w": 1152,
                "original_h": 2048,
                "thumb_tiny": "AwAwABsuAX2qOBmoDEQ+AVParZMbR434zyRSRqpTGQMdM0ICkVKnB7U3NW5YuTiq5TmgC35sanB4NOypfIBzVSUgNnNOZ90eVPWpGSGSNuqdPTFJ5sX939KjPf5u\/cVARycUDsPAyMs2CaliVAC5J7jimtgdKWPEilAcHOaAAjjqM\/WovMx1A\/KpmbnoMVF5LNyAMH3oA\/\/Z",
                "permalink": "https:\/\/cyberdefense2022-2023.slack.com\/files\/U041LSQC38X\/F044W37H4N5\/rdt_20220928_1934303070243750887358957.jpg",
                "permalink_public": "https:\/\/slack-files.com\/T042E1514F3-F044W37H4N5-3148dbf3ea",
                "is_starred": false,
                "has_rich_preview": false,
                "file_access": "visible"
            }
        ],
        "upload": false,
        "user": "U041LSQC38X",
        "display_as_bot": false,
        "ts": "1664478784.191989",
        "blocks": [
            {
                "type": "rich_text",
                "block_id": "JFPDj",
                "elements": [
                    {
                        "type": "rich_text_section",
                        "elements": []
                    }
                ]
            }
        ],
        "client_msg_id": "4eb333a0-65b8-4ff9-8cc5-7a9fd4ba7c5c"
    },
    {
        "client_msg_id": "a47b9ac9-24e3-457b-938f-322c3a110b64",
        "type": "message",
        "text": "That is the greatest, checkmate",
        "user": "U042R51RY2C",
        "ts": "1664481330.476189",
        "blocks": [
            {
                "type": "rich_text",
                "block_id": "jSi",
                "elements": [
                    {
                        "type": "rich_text_section",
                        "elements": [
                            {
                                "type": "text",
                                "text": "That is the greatest, checkmate"
                            }
                        ]
                    }
                ]
            }
        ],
        "team": "T042E1514F3",
        "user_team": "T042E1514F3",
        "source_team": "T042E1514F3",
        "user_profile": {
            "avatar_hash": "g24c32288d4d",
            "image_72": "https:\/\/secure.gravatar.com\/avatar\/24c32288d4dbbf5694cc5c9609ec1853.jpg?s=72&d=https%3A%2F%2Fa.slack-edge.com%2Fdf10d%2Fimg%2Favatars%2Fava_0017-72.png",
            "first_name": "Tristan",
            "real_name": "Tristan Ribble",
            "display_name": "",
            "team": "T042E1514F3",
            "name": "tmribble07",
            "is_restricted": false,
            "is_ultra_restricted": false
        }
    }
]