[
    {
        "type": "message",
        "text": "",
        "files": [
            {
                "id": "F058W16P2SF",
                "created": 1684764366,
                "timestamp": 1684764366,
                "name": "image.png",
                "title": "image.png",
                "mimetype": "image\/png",
                "filetype": "png",
                "pretty_type": "PNG",
                "user": "U041LSQC38X",
                "user_team": "T042E1514F3",
                "editable": false,
                "size": 2689,
                "mode": "hosted",
                "is_external": false,
                "external_type": "",
                "is_public": true,
                "public_url_shared": false,
                "display_as_bot": false,
                "username": "",
                "url_private": "https:\/\/files.slack.com\/files-pri\/T042E1514F3-F058W16P2SF\/image.png?t=xoxe-4082039038513-5909763746612-5907217023875-336a8277661c30aa211f6bb0466e7c24",
                "url_private_download": "https:\/\/files.slack.com\/files-pri\/T042E1514F3-F058W16P2SF\/download\/image.png?t=xoxe-4082039038513-5909763746612-5907217023875-336a8277661c30aa211f6bb0466e7c24",
                "media_display_type": "unknown",
                "thumb_64": "https:\/\/files.slack.com\/files-tmb\/T042E1514F3-F058W16P2SF-f179750e41\/image_64.png?t=xoxe-4082039038513-5909763746612-5907217023875-336a8277661c30aa211f6bb0466e7c24",
                "thumb_80": "https:\/\/files.slack.com\/files-tmb\/T042E1514F3-F058W16P2SF-f179750e41\/image_80.png?t=xoxe-4082039038513-5909763746612-5907217023875-336a8277661c30aa211f6bb0466e7c24",
                "thumb_360": "https:\/\/files.slack.com\/files-tmb\/T042E1514F3-F058W16P2SF-f179750e41\/image_360.png?t=xoxe-4082039038513-5909763746612-5907217023875-336a8277661c30aa211f6bb0466e7c24",
                "thumb_360_w": 175,
                "thumb_360_h": 36,
                "thumb_160": "https:\/\/files.slack.com\/files-tmb\/T042E1514F3-F058W16P2SF-f179750e41\/image_160.png?t=xoxe-4082039038513-5909763746612-5907217023875-336a8277661c30aa211f6bb0466e7c24",
                "original_w": 175,
                "original_h": 36,
                "thumb_tiny": "AwAJADCdcd6XC\/3qbRUmw7CepowuOtNooAdhf7xpGAHQ0lFAH\/\/Z",
                "permalink": "https:\/\/cyberdefense2022-2023.slack.com\/files\/U041LSQC38X\/F058W16P2SF\/image.png",
                "permalink_public": "https:\/\/slack-files.com\/T042E1514F3-F058W16P2SF-4dd41ac0aa",
                "is_starred": false,
                "has_rich_preview": false,
                "file_access": "visible"
            }
        ],
        "upload": false,
        "user": "U041LSQC38X",
        "display_as_bot": false,
        "ts": "1684764368.388939",
        "client_msg_id": "70680467-c51b-409d-8502-e9cfa7307c3a"
    },
    {
        "type": "message",
        "text": "",
        "files": [
            {
                "id": "F058FRHFYNB",
                "created": 1684766367,
                "timestamp": 1684766367,
                "name": "image.png",
                "title": "image.png",
                "mimetype": "image\/png",
                "filetype": "png",
                "pretty_type": "PNG",
                "user": "U041LSQC38X",
                "user_team": "T042E1514F3",
                "editable": false,
                "size": 278632,
                "mode": "hosted",
                "is_external": false,
                "external_type": "",
                "is_public": true,
                "public_url_shared": false,
                "display_as_bot": false,
                "username": "",
                "url_private": "https:\/\/files.slack.com\/files-pri\/T042E1514F3-F058FRHFYNB\/image.png?t=xoxe-4082039038513-5909763746612-5907217023875-336a8277661c30aa211f6bb0466e7c24",
                "url_private_download": "https:\/\/files.slack.com\/files-pri\/T042E1514F3-F058FRHFYNB\/download\/image.png?t=xoxe-4082039038513-5909763746612-5907217023875-336a8277661c30aa211f6bb0466e7c24",
                "media_display_type": "unknown",
                "thumb_64": "https:\/\/files.slack.com\/files-tmb\/T042E1514F3-F058FRHFYNB-f8cc686d58\/image_64.png?t=xoxe-4082039038513-5909763746612-5907217023875-336a8277661c30aa211f6bb0466e7c24",
                "thumb_80": "https:\/\/files.slack.com\/files-tmb\/T042E1514F3-F058FRHFYNB-f8cc686d58\/image_80.png?t=xoxe-4082039038513-5909763746612-5907217023875-336a8277661c30aa211f6bb0466e7c24",
                "thumb_360": "https:\/\/files.slack.com\/files-tmb\/T042E1514F3-F058FRHFYNB-f8cc686d58\/image_360.png?t=xoxe-4082039038513-5909763746612-5907217023875-336a8277661c30aa211f6bb0466e7c24",
                "thumb_360_w": 360,
                "thumb_360_h": 318,
                "thumb_480": "https:\/\/files.slack.com\/files-tmb\/T042E1514F3-F058FRHFYNB-f8cc686d58\/image_480.png?t=xoxe-4082039038513-5909763746612-5907217023875-336a8277661c30aa211f6bb0466e7c24",
                "thumb_480_w": 480,
                "thumb_480_h": 425,
                "thumb_160": "https:\/\/files.slack.com\/files-tmb\/T042E1514F3-F058FRHFYNB-f8cc686d58\/image_160.png?t=xoxe-4082039038513-5909763746612-5907217023875-336a8277661c30aa211f6bb0466e7c24",
                "thumb_720": "https:\/\/files.slack.com\/files-tmb\/T042E1514F3-F058FRHFYNB-f8cc686d58\/image_720.png?t=xoxe-4082039038513-5909763746612-5907217023875-336a8277661c30aa211f6bb0466e7c24",
                "thumb_720_w": 720,
                "thumb_720_h": 637,
                "original_w": 753,
                "original_h": 666,
                "thumb_tiny": "AwAqADCtu6YUDjtSFvWkFBwT\/hTAMj0oyPSk496OPegBcj0o49KTiikAo608qSQo4zTF6iplH8XGOlV0DqhFhKZO4EY6Co5FJXAqViwPy45GOKRR69anoN7kaKVjfNNqw\/8AqmqvQthdR8IBlUN0zU90N0R24AXng1VooAdbZMpZjnAq26oy7lwGxmqVGKALDEeQ3IqvRRTA\/9k=",
                "permalink": "https:\/\/cyberdefense2022-2023.slack.com\/files\/U041LSQC38X\/F058FRHFYNB\/image.png",
                "permalink_public": "https:\/\/slack-files.com\/T042E1514F3-F058FRHFYNB-f7f8f1e2f1",
                "is_starred": false,
                "has_rich_preview": false,
                "file_access": "visible"
            }
        ],
        "upload": false,
        "user": "U041LSQC38X",
        "display_as_bot": false,
        "ts": "1684766370.855759",
        "client_msg_id": "6c55c9a5-037c-45a6-a93f-7b1a9c60243a"
    }
]