[
    {
        "type": "message",
        "text": "<@U041LSQC38X> Victory formation, trophy in the middle.",
        "files": [
            {
                "id": "F0507S98TUM",
                "created": 1679843882,
                "timestamp": 1679843882,
                "name": "IMG_20150326_172352~2.jpg",
                "title": "IMG_20150326_172352~2.jpg",
                "mimetype": "image\/jpeg",
                "filetype": "jpg",
                "pretty_type": "JPEG",
                "user": "U042R3B76SC",
                "user_team": "T042E1514F3",
                "editable": false,
                "size": 828775,
                "mode": "hosted",
                "is_external": false,
                "external_type": "",
                "is_public": true,
                "public_url_shared": false,
                "display_as_bot": false,
                "username": "",
                "url_private": "https:\/\/files.slack.com\/files-pri\/T042E1514F3-F0507S98TUM\/img_20150326_172352_2.jpg?t=xoxe-4082039038513-5909763746612-5907217023875-336a8277661c30aa211f6bb0466e7c24",
                "url_private_download": "https:\/\/files.slack.com\/files-pri\/T042E1514F3-F0507S98TUM\/download\/img_20150326_172352_2.jpg?t=xoxe-4082039038513-5909763746612-5907217023875-336a8277661c30aa211f6bb0466e7c24",
                "media_display_type": "unknown",
                "thumb_64": "https:\/\/files.slack.com\/files-tmb\/T042E1514F3-F0507S98TUM-6874f7fd34\/img_20150326_172352_2_64.jpg?t=xoxe-4082039038513-5909763746612-5907217023875-336a8277661c30aa211f6bb0466e7c24",
                "thumb_80": "https:\/\/files.slack.com\/files-tmb\/T042E1514F3-F0507S98TUM-6874f7fd34\/img_20150326_172352_2_80.jpg?t=xoxe-4082039038513-5909763746612-5907217023875-336a8277661c30aa211f6bb0466e7c24",
                "thumb_360": "https:\/\/files.slack.com\/files-tmb\/T042E1514F3-F0507S98TUM-6874f7fd34\/img_20150326_172352_2_360.jpg?t=xoxe-4082039038513-5909763746612-5907217023875-336a8277661c30aa211f6bb0466e7c24",
                "thumb_360_w": 360,
                "thumb_360_h": 221,
                "thumb_480": "https:\/\/files.slack.com\/files-tmb\/T042E1514F3-F0507S98TUM-6874f7fd34\/img_20150326_172352_2_480.jpg?t=xoxe-4082039038513-5909763746612-5907217023875-336a8277661c30aa211f6bb0466e7c24",
                "thumb_480_w": 480,
                "thumb_480_h": 294,
                "thumb_160": "https:\/\/files.slack.com\/files-tmb\/T042E1514F3-F0507S98TUM-6874f7fd34\/img_20150326_172352_2_160.jpg?t=xoxe-4082039038513-5909763746612-5907217023875-336a8277661c30aa211f6bb0466e7c24",
                "thumb_720": "https:\/\/files.slack.com\/files-tmb\/T042E1514F3-F0507S98TUM-6874f7fd34\/img_20150326_172352_2_720.jpg?t=xoxe-4082039038513-5909763746612-5907217023875-336a8277661c30aa211f6bb0466e7c24",
                "thumb_720_w": 720,
                "thumb_720_h": 442,
                "thumb_800": "https:\/\/files.slack.com\/files-tmb\/T042E1514F3-F0507S98TUM-6874f7fd34\/img_20150326_172352_2_800.jpg?t=xoxe-4082039038513-5909763746612-5907217023875-336a8277661c30aa211f6bb0466e7c24",
                "thumb_800_w": 800,
                "thumb_800_h": 491,
                "thumb_960": "https:\/\/files.slack.com\/files-tmb\/T042E1514F3-F0507S98TUM-6874f7fd34\/img_20150326_172352_2_960.jpg?t=xoxe-4082039038513-5909763746612-5907217023875-336a8277661c30aa211f6bb0466e7c24",
                "thumb_960_w": 960,
                "thumb_960_h": 589,
                "thumb_1024": "https:\/\/files.slack.com\/files-tmb\/T042E1514F3-F0507S98TUM-6874f7fd34\/img_20150326_172352_2_1024.jpg?t=xoxe-4082039038513-5909763746612-5907217023875-336a8277661c30aa211f6bb0466e7c24",
                "thumb_1024_w": 1024,
                "thumb_1024_h": 628,
                "original_w": 3913,
                "original_h": 2400,
                "thumb_tiny": "AwAdADBH4XqM9hnrTEbapLE4z09\/SlkXcwzgr6elRuNzheuAMfU1Ix4ZjyoC5\/Gn7nA+YZpCwjAAGOeOKUOGwpBGPXtTAAcj5fxp6Hqp70wrhu\/IwcinKoBDZ7UuoPYAuOCDxTNpRyeMEd+9Wfv8N3pj5UhCc46H0qrEpkZQtgq3I6elAj+Ys\/UHHSn\/ADBgQ3Q96V+Tj1GKBkZx+Oenb6048naoPPWnIu4kdPU0E7DheKQXP\/\/Z",
                "permalink": "https:\/\/cyberdefense2022-2023.slack.com\/files\/U042R3B76SC\/F0507S98TUM\/img_20150326_172352_2.jpg",
                "permalink_public": "https:\/\/slack-files.com\/T042E1514F3-F0507S98TUM-a8c0548086",
                "is_starred": false,
                "has_rich_preview": false,
                "file_access": "visible"
            }
        ],
        "upload": true,
        "user": "U042R3B76SC",
        "display_as_bot": false,
        "ts": "1679843886.489959",
        "blocks": [
            {
                "type": "rich_text",
                "block_id": "t9m",
                "elements": [
                    {
                        "type": "rich_text_section",
                        "elements": [
                            {
                                "type": "user",
                                "user_id": "U041LSQC38X"
                            },
                            {
                                "type": "text",
                                "text": " Victory formation, trophy in the middle."
                            }
                        ]
                    }
                ]
            }
        ],
        "client_msg_id": "6fb30f5b-c8eb-451b-a965-9d9880a2de7d"
    },
    {
        "type": "message",
        "text": "The same picture after using Android's magic eraser function. It got rid of some of the people for me, but it did leave some of their legs and made the railing a little crooked. :joy:\n\nBut if you don't look too closely, it does clean the picture up at first glance.",
        "files": [
            {
                "id": "F04VA9G09JT",
                "created": 1679844570,
                "timestamp": 1679844570,
                "name": "img_20150326_172352_2~3.jpg",
                "title": "img_20150326_172352_2~3.jpg",
                "mimetype": "image\/jpeg",
                "filetype": "jpg",
                "pretty_type": "JPEG",
                "user": "U042R3B76SC",
                "user_team": "T042E1514F3",
                "editable": false,
                "size": 815744,
                "mode": "hosted",
                "is_external": false,
                "external_type": "",
                "is_public": true,
                "public_url_shared": false,
                "display_as_bot": false,
                "username": "",
                "url_private": "https:\/\/files.slack.com\/files-pri\/T042E1514F3-F04VA9G09JT\/img_20150326_172352_2_3.jpg?t=xoxe-4082039038513-5909763746612-5907217023875-336a8277661c30aa211f6bb0466e7c24",
                "url_private_download": "https:\/\/files.slack.com\/files-pri\/T042E1514F3-F04VA9G09JT\/download\/img_20150326_172352_2_3.jpg?t=xoxe-4082039038513-5909763746612-5907217023875-336a8277661c30aa211f6bb0466e7c24",
                "media_display_type": "unknown",
                "thumb_64": "https:\/\/files.slack.com\/files-tmb\/T042E1514F3-F04VA9G09JT-774bf5a45d\/img_20150326_172352_2_3_64.jpg?t=xoxe-4082039038513-5909763746612-5907217023875-336a8277661c30aa211f6bb0466e7c24",
                "thumb_80": "https:\/\/files.slack.com\/files-tmb\/T042E1514F3-F04VA9G09JT-774bf5a45d\/img_20150326_172352_2_3_80.jpg?t=xoxe-4082039038513-5909763746612-5907217023875-336a8277661c30aa211f6bb0466e7c24",
                "thumb_360": "https:\/\/files.slack.com\/files-tmb\/T042E1514F3-F04VA9G09JT-774bf5a45d\/img_20150326_172352_2_3_360.jpg?t=xoxe-4082039038513-5909763746612-5907217023875-336a8277661c30aa211f6bb0466e7c24",
                "thumb_360_w": 360,
                "thumb_360_h": 221,
                "thumb_480": "https:\/\/files.slack.com\/files-tmb\/T042E1514F3-F04VA9G09JT-774bf5a45d\/img_20150326_172352_2_3_480.jpg?t=xoxe-4082039038513-5909763746612-5907217023875-336a8277661c30aa211f6bb0466e7c24",
                "thumb_480_w": 480,
                "thumb_480_h": 294,
                "thumb_160": "https:\/\/files.slack.com\/files-tmb\/T042E1514F3-F04VA9G09JT-774bf5a45d\/img_20150326_172352_2_3_160.jpg?t=xoxe-4082039038513-5909763746612-5907217023875-336a8277661c30aa211f6bb0466e7c24",
                "thumb_720": "https:\/\/files.slack.com\/files-tmb\/T042E1514F3-F04VA9G09JT-774bf5a45d\/img_20150326_172352_2_3_720.jpg?t=xoxe-4082039038513-5909763746612-5907217023875-336a8277661c30aa211f6bb0466e7c24",
                "thumb_720_w": 720,
                "thumb_720_h": 442,
                "thumb_800": "https:\/\/files.slack.com\/files-tmb\/T042E1514F3-F04VA9G09JT-774bf5a45d\/img_20150326_172352_2_3_800.jpg?t=xoxe-4082039038513-5909763746612-5907217023875-336a8277661c30aa211f6bb0466e7c24",
                "thumb_800_w": 800,
                "thumb_800_h": 491,
                "thumb_960": "https:\/\/files.slack.com\/files-tmb\/T042E1514F3-F04VA9G09JT-774bf5a45d\/img_20150326_172352_2_3_960.jpg?t=xoxe-4082039038513-5909763746612-5907217023875-336a8277661c30aa211f6bb0466e7c24",
                "thumb_960_w": 960,
                "thumb_960_h": 589,
                "thumb_1024": "https:\/\/files.slack.com\/files-tmb\/T042E1514F3-F04VA9G09JT-774bf5a45d\/img_20150326_172352_2_3_1024.jpg?t=xoxe-4082039038513-5909763746612-5907217023875-336a8277661c30aa211f6bb0466e7c24",
                "thumb_1024_w": 1024,
                "thumb_1024_h": 628,
                "original_w": 3913,
                "original_h": 2400,
                "thumb_tiny": "AwAdADBSuRx+FMDgKc9B+ppxx69aiIy6rnt+tT1GhwZ+qgLn8aducD5hmkZ9mOO\/HFKHDYUgjHr2pgAOR8v409D1U96YVw3fkYORTlUAhs9qXUHsAXHBB4pmCj9tpHfvVn7\/AA3emPlSEJzjofSqsSmRlC2Crcjp6UCP5iz9QcdKf8wYEN0Pelfk49RigZGcfjnp2+tOPJ2qDz1pyLuJHT1NBOw4XikFz\/\/Z",
                "permalink": "https:\/\/cyberdefense2022-2023.slack.com\/files\/U042R3B76SC\/F04VA9G09JT\/img_20150326_172352_2_3.jpg",
                "permalink_public": "https:\/\/slack-files.com\/T042E1514F3-F04VA9G09JT-f53085b2e1",
                "is_starred": false,
                "has_rich_preview": false,
                "file_access": "visible"
            }
        ],
        "upload": false,
        "user": "U042R3B76SC",
        "display_as_bot": false,
        "ts": "1679844579.127439",
        "blocks": [
            {
                "type": "rich_text",
                "block_id": "QUji",
                "elements": [
                    {
                        "type": "rich_text_section",
                        "elements": [
                            {
                                "type": "text",
                                "text": "The same picture after using Android's magic eraser function. It got rid of some of the people for me, but it did leave some of their legs and made the railing a little crooked. "
                            },
                            {
                                "type": "emoji",
                                "name": "joy",
                                "unicode": "1f602"
                            },
                            {
                                "type": "text",
                                "text": "\n\nBut if you don't look too closely, it does clean the picture up at first glance."
                            }
                        ]
                    }
                ]
            }
        ],
        "client_msg_id": "9b15e20e-64c0-48a7-bc6e-6150b079fd8f"
    }
]