[
    {
        "type": "message",
        "text": "Why you need to code a lot, build a lot of servers, solve lots of problems, poke at things a lot, break a lot of things, learn a lot, experiment a lot, try to fix things a lot, and FAIL a lot.",
        "files": [
            {
                "id": "F05ER6VPP38",
                "created": 1688073551,
                "timestamp": 1688073551,
                "name": "image.png",
                "title": "image.png",
                "mimetype": "image\/png",
                "filetype": "png",
                "pretty_type": "PNG",
                "user": "U042R3B76SC",
                "user_team": "T042E1514F3",
                "editable": false,
                "size": 545017,
                "mode": "hosted",
                "is_external": false,
                "external_type": "",
                "is_public": true,
                "public_url_shared": false,
                "display_as_bot": false,
                "username": "",
                "url_private": "https:\/\/files.slack.com\/files-pri\/T042E1514F3-F05ER6VPP38\/image.png?t=xoxe-4082039038513-5909763746612-5907217023875-336a8277661c30aa211f6bb0466e7c24",
                "url_private_download": "https:\/\/files.slack.com\/files-pri\/T042E1514F3-F05ER6VPP38\/download\/image.png?t=xoxe-4082039038513-5909763746612-5907217023875-336a8277661c30aa211f6bb0466e7c24",
                "media_display_type": "unknown",
                "thumb_64": "https:\/\/files.slack.com\/files-tmb\/T042E1514F3-F05ER6VPP38-f80f41da7d\/image_64.png?t=xoxe-4082039038513-5909763746612-5907217023875-336a8277661c30aa211f6bb0466e7c24",
                "thumb_80": "https:\/\/files.slack.com\/files-tmb\/T042E1514F3-F05ER6VPP38-f80f41da7d\/image_80.png?t=xoxe-4082039038513-5909763746612-5907217023875-336a8277661c30aa211f6bb0466e7c24",
                "thumb_360": "https:\/\/files.slack.com\/files-tmb\/T042E1514F3-F05ER6VPP38-f80f41da7d\/image_360.png?t=xoxe-4082039038513-5909763746612-5907217023875-336a8277661c30aa211f6bb0466e7c24",
                "thumb_360_w": 360,
                "thumb_360_h": 360,
                "thumb_480": "https:\/\/files.slack.com\/files-tmb\/T042E1514F3-F05ER6VPP38-f80f41da7d\/image_480.png?t=xoxe-4082039038513-5909763746612-5907217023875-336a8277661c30aa211f6bb0466e7c24",
                "thumb_480_w": 480,
                "thumb_480_h": 480,
                "thumb_160": "https:\/\/files.slack.com\/files-tmb\/T042E1514F3-F05ER6VPP38-f80f41da7d\/image_160.png?t=xoxe-4082039038513-5909763746612-5907217023875-336a8277661c30aa211f6bb0466e7c24",
                "thumb_720": "https:\/\/files.slack.com\/files-tmb\/T042E1514F3-F05ER6VPP38-f80f41da7d\/image_720.png?t=xoxe-4082039038513-5909763746612-5907217023875-336a8277661c30aa211f6bb0466e7c24",
                "thumb_720_w": 720,
                "thumb_720_h": 720,
                "thumb_800": "https:\/\/files.slack.com\/files-tmb\/T042E1514F3-F05ER6VPP38-f80f41da7d\/image_800.png?t=xoxe-4082039038513-5909763746612-5907217023875-336a8277661c30aa211f6bb0466e7c24",
                "thumb_800_w": 800,
                "thumb_800_h": 800,
                "thumb_960": "https:\/\/files.slack.com\/files-tmb\/T042E1514F3-F05ER6VPP38-f80f41da7d\/image_960.png?t=xoxe-4082039038513-5909763746612-5907217023875-336a8277661c30aa211f6bb0466e7c24",
                "thumb_960_w": 960,
                "thumb_960_h": 960,
                "thumb_1024": "https:\/\/files.slack.com\/files-tmb\/T042E1514F3-F05ER6VPP38-f80f41da7d\/image_1024.png?t=xoxe-4082039038513-5909763746612-5907217023875-336a8277661c30aa211f6bb0466e7c24",
                "thumb_1024_w": 1024,
                "thumb_1024_h": 1024,
                "original_w": 1080,
                "original_h": 1080,
                "thumb_tiny": "AwAwADDRpCSOik\/SlooATcf7jfpRk8\/IaWg9KAEUk5ypX60tRFnz0IHpgVKOnpQAUUUUAFHb0pjsQQFB\/LNKpJU7gcjrxQBTIzyfzxmrqfcXPpVE49P0q8n3Fx0xSQkKc4OOtRoz7sNn9KdIpZCoOM96gS2KuGO3g54FMrQLksGAzhcfSnWxYqwz06ZOaWWEyPuGBxSxRGMNkg7uvNArFQ55\/wDr\/wCfyq+v3Fz6VW+yt0yMVZUEAD0FAWP\/2Q==",
                "permalink": "https:\/\/cyberdefense2022-2023.slack.com\/files\/U042R3B76SC\/F05ER6VPP38\/image.png",
                "permalink_public": "https:\/\/slack-files.com\/T042E1514F3-F05ER6VPP38-f7be1216b9",
                "is_starred": false,
                "has_rich_preview": false,
                "file_access": "visible"
            }
        ],
        "upload": false,
        "user": "U042R3B76SC",
        "display_as_bot": false,
        "ts": "1688073602.852719",
        "blocks": [
            {
                "type": "rich_text",
                "block_id": "JWp",
                "elements": [
                    {
                        "type": "rich_text_section",
                        "elements": [
                            {
                                "type": "text",
                                "text": "Why you need to code a lot, build a lot of servers, solve lots of problems, poke at things a lot, break a lot of things, learn a lot, experiment a lot, try to fix things a lot, and FAIL a lot."
                            }
                        ]
                    }
                ]
            }
        ],
        "client_msg_id": "70a01cec-88db-4b77-8a4d-7bb6475c4a8a"
    }
]