[
    {
        "type": "message",
        "text": "",
        "files": [
            {
                "id": "F04Q92DA3A7",
                "created": 1676740721,
                "timestamp": 1676740721,
                "name": "image.png",
                "title": "image.png",
                "mimetype": "image\/png",
                "filetype": "png",
                "pretty_type": "PNG",
                "user": "U041LSQC38X",
                "user_team": "T042E1514F3",
                "editable": false,
                "size": 1776849,
                "mode": "hosted",
                "is_external": false,
                "external_type": "",
                "is_public": true,
                "public_url_shared": false,
                "display_as_bot": false,
                "username": "",
                "url_private": "https:\/\/files.slack.com\/files-pri\/T042E1514F3-F04Q92DA3A7\/image.png?t=xoxe-4082039038513-5909763746612-5907217023875-336a8277661c30aa211f6bb0466e7c24",
                "url_private_download": "https:\/\/files.slack.com\/files-pri\/T042E1514F3-F04Q92DA3A7\/download\/image.png?t=xoxe-4082039038513-5909763746612-5907217023875-336a8277661c30aa211f6bb0466e7c24",
                "media_display_type": "unknown",
                "thumb_64": "https:\/\/files.slack.com\/files-tmb\/T042E1514F3-F04Q92DA3A7-7f2ca6ec61\/image_64.png?t=xoxe-4082039038513-5909763746612-5907217023875-336a8277661c30aa211f6bb0466e7c24",
                "thumb_80": "https:\/\/files.slack.com\/files-tmb\/T042E1514F3-F04Q92DA3A7-7f2ca6ec61\/image_80.png?t=xoxe-4082039038513-5909763746612-5907217023875-336a8277661c30aa211f6bb0466e7c24",
                "thumb_360": "https:\/\/files.slack.com\/files-tmb\/T042E1514F3-F04Q92DA3A7-7f2ca6ec61\/image_360.png?t=xoxe-4082039038513-5909763746612-5907217023875-336a8277661c30aa211f6bb0466e7c24",
                "thumb_360_w": 360,
                "thumb_360_h": 309,
                "thumb_480": "https:\/\/files.slack.com\/files-tmb\/T042E1514F3-F04Q92DA3A7-7f2ca6ec61\/image_480.png?t=xoxe-4082039038513-5909763746612-5907217023875-336a8277661c30aa211f6bb0466e7c24",
                "thumb_480_w": 480,
                "thumb_480_h": 412,
                "thumb_160": "https:\/\/files.slack.com\/files-tmb\/T042E1514F3-F04Q92DA3A7-7f2ca6ec61\/image_160.png?t=xoxe-4082039038513-5909763746612-5907217023875-336a8277661c30aa211f6bb0466e7c24",
                "thumb_720": "https:\/\/files.slack.com\/files-tmb\/T042E1514F3-F04Q92DA3A7-7f2ca6ec61\/image_720.png?t=xoxe-4082039038513-5909763746612-5907217023875-336a8277661c30aa211f6bb0466e7c24",
                "thumb_720_w": 720,
                "thumb_720_h": 617,
                "thumb_800": "https:\/\/files.slack.com\/files-tmb\/T042E1514F3-F04Q92DA3A7-7f2ca6ec61\/image_800.png?t=xoxe-4082039038513-5909763746612-5907217023875-336a8277661c30aa211f6bb0466e7c24",
                "thumb_800_w": 800,
                "thumb_800_h": 686,
                "thumb_960": "https:\/\/files.slack.com\/files-tmb\/T042E1514F3-F04Q92DA3A7-7f2ca6ec61\/image_960.png?t=xoxe-4082039038513-5909763746612-5907217023875-336a8277661c30aa211f6bb0466e7c24",
                "thumb_960_w": 960,
                "thumb_960_h": 823,
                "thumb_1024": "https:\/\/files.slack.com\/files-tmb\/T042E1514F3-F04Q92DA3A7-7f2ca6ec61\/image_1024.png?t=xoxe-4082039038513-5909763746612-5907217023875-336a8277661c30aa211f6bb0466e7c24",
                "thumb_1024_w": 1024,
                "thumb_1024_h": 878,
                "original_w": 2048,
                "original_h": 1756,
                "thumb_tiny": "AwApADC6VKjdnjrTlDYyWBGKaZMrjGKUNxjdn86AEKsMt0HX1pyhjg7gRimmTIxShuMbs\/gaAG7So3E45+tPCt13AikMnYjpSIQM4bJPrQABGAJJXrnAWnIQcsBgfzpCu0FtwA+lKAeuQR9KAE45G3GO9OXaVyAM+opm1xzx+NOAOM5BH0oAN\/UY6d6QuTjHTBzSkYIxk5+nFKuCG4PHqKAF256gUu3AOAOaWigBpBIAoAIGKdRQBGxwR3xQuOQOM+pobqaO4oA\/\/9k=",
                "permalink": "https:\/\/cyberdefense2022-2023.slack.com\/files\/U041LSQC38X\/F04Q92DA3A7\/image.png",
                "permalink_public": "https:\/\/slack-files.com\/T042E1514F3-F04Q92DA3A7-2f85bf584e",
                "is_starred": false,
                "has_rich_preview": false,
                "file_access": "visible"
            }
        ],
        "upload": false,
        "user": "U041LSQC38X",
        "display_as_bot": false,
        "ts": "1676740728.369089",
        "client_msg_id": "b0992d03-6a6b-4a0c-aee5-21efa29a99fe",
        "reactions": [
            {
                "name": "hamburger",
                "users": [
                    "U042R3B76SC"
                ],
                "count": 1
            }
        ]
    }
]