[
    {
        "type": "message",
        "text": "",
        "files": [
            {
                "id": "F04LZGNLQKD",
                "created": 1674925479,
                "timestamp": 1674925479,
                "name": "man_page_2x.png",
                "title": "man_page_2x.png",
                "mimetype": "image\/png",
                "filetype": "png",
                "pretty_type": "PNG",
                "user": "U041LSQC38X",
                "user_team": "T042E1514F3",
                "editable": false,
                "size": 193560,
                "mode": "hosted",
                "is_external": false,
                "external_type": "",
                "is_public": true,
                "public_url_shared": false,
                "display_as_bot": false,
                "username": "",
                "url_private": "https:\/\/files.slack.com\/files-pri\/T042E1514F3-F04LZGNLQKD\/man_page_2x.png?t=xoxe-4082039038513-5909763746612-5907217023875-336a8277661c30aa211f6bb0466e7c24",
                "url_private_download": "https:\/\/files.slack.com\/files-pri\/T042E1514F3-F04LZGNLQKD\/download\/man_page_2x.png?t=xoxe-4082039038513-5909763746612-5907217023875-336a8277661c30aa211f6bb0466e7c24",
                "media_display_type": "unknown",
                "thumb_64": "https:\/\/files.slack.com\/files-tmb\/T042E1514F3-F04LZGNLQKD-21765483bb\/man_page_2x_64.png?t=xoxe-4082039038513-5909763746612-5907217023875-336a8277661c30aa211f6bb0466e7c24",
                "thumb_80": "https:\/\/files.slack.com\/files-tmb\/T042E1514F3-F04LZGNLQKD-21765483bb\/man_page_2x_80.png?t=xoxe-4082039038513-5909763746612-5907217023875-336a8277661c30aa211f6bb0466e7c24",
                "thumb_360": "https:\/\/files.slack.com\/files-tmb\/T042E1514F3-F04LZGNLQKD-21765483bb\/man_page_2x_360.png?t=xoxe-4082039038513-5909763746612-5907217023875-336a8277661c30aa211f6bb0466e7c24",
                "thumb_360_w": 176,
                "thumb_360_h": 360,
                "thumb_480": "https:\/\/files.slack.com\/files-tmb\/T042E1514F3-F04LZGNLQKD-21765483bb\/man_page_2x_480.png?t=xoxe-4082039038513-5909763746612-5907217023875-336a8277661c30aa211f6bb0466e7c24",
                "thumb_480_w": 234,
                "thumb_480_h": 480,
                "thumb_160": "https:\/\/files.slack.com\/files-tmb\/T042E1514F3-F04LZGNLQKD-21765483bb\/man_page_2x_160.png?t=xoxe-4082039038513-5909763746612-5907217023875-336a8277661c30aa211f6bb0466e7c24",
                "thumb_720": "https:\/\/files.slack.com\/files-tmb\/T042E1514F3-F04LZGNLQKD-21765483bb\/man_page_2x_720.png?t=xoxe-4082039038513-5909763746612-5907217023875-336a8277661c30aa211f6bb0466e7c24",
                "thumb_720_w": 352,
                "thumb_720_h": 720,
                "thumb_800": "https:\/\/files.slack.com\/files-tmb\/T042E1514F3-F04LZGNLQKD-21765483bb\/man_page_2x_800.png?t=xoxe-4082039038513-5909763746612-5907217023875-336a8277661c30aa211f6bb0466e7c24",
                "thumb_800_w": 800,
                "thumb_800_h": 1638,
                "thumb_960": "https:\/\/files.slack.com\/files-tmb\/T042E1514F3-F04LZGNLQKD-21765483bb\/man_page_2x_960.png?t=xoxe-4082039038513-5909763746612-5907217023875-336a8277661c30aa211f6bb0466e7c24",
                "thumb_960_w": 469,
                "thumb_960_h": 960,
                "thumb_1024": "https:\/\/files.slack.com\/files-tmb\/T042E1514F3-F04LZGNLQKD-21765483bb\/man_page_2x_1024.png?t=xoxe-4082039038513-5909763746612-5907217023875-336a8277661c30aa211f6bb0466e7c24",
                "thumb_1024_w": 500,
                "thumb_1024_h": 1024,
                "original_w": 1054,
                "original_h": 2158,
                "thumb_tiny": "AwAwABfOwCo5A\/Ck2\/7QqRMlABj8aaXYdVA\/CgBh4opWbd2A+lJQBLH9ymPnOCc0+PlMU1lAPO4+9ADKKDjtmigCRCAvJxSEr2Boz8g5\/WjPv+tADKKUjvn9aSgD\/9k=",
                "permalink": "https:\/\/cyberdefense2022-2023.slack.com\/files\/U041LSQC38X\/F04LZGNLQKD\/man_page_2x.png",
                "permalink_public": "https:\/\/slack-files.com\/T042E1514F3-F04LZGNLQKD-068f62312a",
                "is_starred": false,
                "has_rich_preview": false,
                "file_access": "visible"
            }
        ],
        "upload": false,
        "user": "U041LSQC38X",
        "display_as_bot": false,
        "ts": "1674925487.319679",
        "blocks": [
            {
                "type": "rich_text",
                "block_id": "o3kk",
                "elements": [
                    {
                        "type": "rich_text_section",
                        "elements": []
                    }
                ]
            }
        ],
        "client_msg_id": "fa80ccf5-608b-43a3-8c53-5ce4be1c3194",
        "reactions": [
            {
                "name": "thinking_face",
                "users": [
                    "U042R3B76SC"
                ],
                "count": 1
            }
        ]
    }
]