[
    {
        "client_msg_id": "5b2f24eb-4064-4c62-964c-1b06206c1d5a",
        "type": "message",
        "text": "Why is \"night\" just n plus a derivation of the word for 8...\n\nEnglish: N+eight (night)\nSpanish: N+ocho (noche)\nPortuguese: N+oito (noite)\nFrench: N+huit (nuit)\nGerman: N+acht (nacht)\nItalian: N+otto (notte)",
        "user": "U042R3B76SC",
        "ts": "1681314838.375609",
        "blocks": [
            {
                "type": "rich_text",
                "block_id": "1Sy",
                "elements": [
                    {
                        "type": "rich_text_section",
                        "elements": [
                            {
                                "type": "text",
                                "text": "Why is \"night\" just n plus a derivation of the word for 8...\n\nEnglish: N+eight (night)\nSpanish: N+ocho (noche)\nPortuguese: N+oito (noite)\nFrench: N+huit (nuit)\nGerman: N+acht (nacht)\nItalian: N+otto (notte)"
                            }
                        ]
                    }
                ]
            }
        ],
        "team": "T042E1514F3",
        "user_team": "T042E1514F3",
        "source_team": "T042E1514F3",
        "user_profile": {
            "avatar_hash": "g6730f37144b",
            "image_72": "https:\/\/secure.gravatar.com\/avatar\/6730f37144bd6ae505b97012a7f22a66.jpg?s=72&d=https%3A%2F%2Fa.slack-edge.com%2Fdf10d%2Fimg%2Favatars%2Fava_0006-72.png",
            "first_name": "chris",
            "real_name": "chris",
            "display_name": "",
            "team": "T042E1514F3",
            "name": "chris",
            "is_restricted": false,
            "is_ultra_restricted": false
        }
    }
]