[
    {
        "type": "message",
        "text": "",
        "files": [
            {
                "id": "F04U6U1072L",
                "created": 1678551875,
                "timestamp": 1678551875,
                "name": "image.png",
                "title": "image.png",
                "mimetype": "image\/png",
                "filetype": "png",
                "pretty_type": "PNG",
                "user": "U041LSQC38X",
                "user_team": "T042E1514F3",
                "editable": false,
                "size": 345066,
                "mode": "hosted",
                "is_external": false,
                "external_type": "",
                "is_public": true,
                "public_url_shared": false,
                "display_as_bot": false,
                "username": "",
                "url_private": "https:\/\/files.slack.com\/files-pri\/T042E1514F3-F04U6U1072L\/image.png?t=xoxe-4082039038513-5909763746612-5907217023875-336a8277661c30aa211f6bb0466e7c24",
                "url_private_download": "https:\/\/files.slack.com\/files-pri\/T042E1514F3-F04U6U1072L\/download\/image.png?t=xoxe-4082039038513-5909763746612-5907217023875-336a8277661c30aa211f6bb0466e7c24",
                "media_display_type": "unknown",
                "thumb_64": "https:\/\/files.slack.com\/files-tmb\/T042E1514F3-F04U6U1072L-ca2f5dd5b8\/image_64.png?t=xoxe-4082039038513-5909763746612-5907217023875-336a8277661c30aa211f6bb0466e7c24",
                "thumb_80": "https:\/\/files.slack.com\/files-tmb\/T042E1514F3-F04U6U1072L-ca2f5dd5b8\/image_80.png?t=xoxe-4082039038513-5909763746612-5907217023875-336a8277661c30aa211f6bb0466e7c24",
                "thumb_360": "https:\/\/files.slack.com\/files-tmb\/T042E1514F3-F04U6U1072L-ca2f5dd5b8\/image_360.png?t=xoxe-4082039038513-5909763746612-5907217023875-336a8277661c30aa211f6bb0466e7c24",
                "thumb_360_w": 360,
                "thumb_360_h": 317,
                "thumb_480": "https:\/\/files.slack.com\/files-tmb\/T042E1514F3-F04U6U1072L-ca2f5dd5b8\/image_480.png?t=xoxe-4082039038513-5909763746612-5907217023875-336a8277661c30aa211f6bb0466e7c24",
                "thumb_480_w": 480,
                "thumb_480_h": 422,
                "thumb_160": "https:\/\/files.slack.com\/files-tmb\/T042E1514F3-F04U6U1072L-ca2f5dd5b8\/image_160.png?t=xoxe-4082039038513-5909763746612-5907217023875-336a8277661c30aa211f6bb0466e7c24",
                "original_w": 596,
                "original_h": 524,
                "thumb_tiny": "AwAqADChuTy1G35wefekKnn5G\/KiFPMmVCcZOM1f+wL\/AM9D\/wB8igDP49DTTWj9hQ\/8tT\/3yKP7PjPJlP5CgDOorQ+wR5wJWP4U2WxjjVj5pyBnpQBWthm5j\/3q2D0rHtf+PqP\/AHq1dwJ69PagBcD0FQgs0zY4ReKmDAg45P0pkassYBU7uppAI4woIxkEVFMzYf6GnukrkjAVffmop2cINw2tgg+9MClAwWZGJwAea0Fmg3Z8wfnWZRQBqNcxIuUdWPpQt4meXT8Ky80UAarXUQyRIDUFxcRyIMEZ54qjmigD\/9k=",
                "permalink": "https:\/\/cyberdefense2022-2023.slack.com\/files\/U041LSQC38X\/F04U6U1072L\/image.png",
                "permalink_public": "https:\/\/slack-files.com\/T042E1514F3-F04U6U1072L-07801cdd9d",
                "is_starred": false,
                "has_rich_preview": false,
                "file_access": "visible"
            }
        ],
        "upload": false,
        "user": "U041LSQC38X",
        "display_as_bot": false,
        "ts": "1678551878.384419",
        "client_msg_id": "85890010-07bd-415a-9d4f-35585f883ea2"
    }
]