[
    {
        "type": "message",
        "subtype": "channel_join",
        "ts": "1683657653.732779",
        "user": "U0421AQBX8B",
        "text": "<@U0421AQBX8B> has joined the channel",
        "inviter": "U042R3B76SC"
    },
    {
        "client_msg_id": "f3f6a5c4-c4c4-4c03-9fe9-235a0ea39632",
        "type": "message",
        "text": "I recently read about a lithophone made out of the stalactites in a cave and found it really interesting. I thought Michael in particular might be interested in this.\nWikipedia article:\n<https:\/\/en.wikipedia.org\/wiki\/Great_Stalacpipe_Organ>\n\nThree videos on YouTube of it being played. There are many other recordings, but a lot of the recordings have people talking while it's being played.\n<https:\/\/www.youtube.com\/watch?v=ST1IXBY5ul0>\n<https:\/\/www.youtube.com\/watch?v=HsKUUn29tSs>\n<https:\/\/www.youtube.com\/watch?v=t0OB6_zomaU>",
        "user": "U042U2F450R",
        "ts": "1683687843.051859",
        "blocks": [
            {
                "type": "rich_text",
                "block_id": "MtP",
                "elements": [
                    {
                        "type": "rich_text_section",
                        "elements": [
                            {
                                "type": "text",
                                "text": "I recently read about a lithophone made out of the stalactites in a cave and found it really interesting. I thought Michael in particular might be interested in this.\nWikipedia article:\n"
                            },
                            {
                                "type": "link",
                                "url": "https:\/\/en.wikipedia.org\/wiki\/Great_Stalacpipe_Organ"
                            },
                            {
                                "type": "text",
                                "text": "\n\nThree videos on YouTube of it being played. There are many other recordings, but a lot of the recordings have people talking while it's being played.\n"
                            },
                            {
                                "type": "link",
                                "url": "https:\/\/www.youtube.com\/watch?v=ST1IXBY5ul0"
                            },
                            {
                                "type": "text",
                                "text": "\n"
                            },
                            {
                                "type": "link",
                                "url": "https:\/\/www.youtube.com\/watch?v=HsKUUn29tSs"
                            },
                            {
                                "type": "text",
                                "text": "\n"
                            },
                            {
                                "type": "link",
                                "url": "https:\/\/www.youtube.com\/watch?v=t0OB6_zomaU"
                            }
                        ]
                    }
                ]
            }
        ],
        "team": "T042E1514F3",
        "user_team": "T042E1514F3",
        "source_team": "T042E1514F3",
        "user_profile": {
            "avatar_hash": "gff8e94624db",
            "image_72": "https:\/\/secure.gravatar.com\/avatar\/ff8e94624db08a84843122675f06ea92.jpg?s=72&d=https%3A%2F%2Fa.slack-edge.com%2Fdf10d%2Fimg%2Favatars%2Fava_0004-72.png",
            "first_name": "Anna",
            "real_name": "Anna",
            "display_name": "Anna",
            "team": "T042E1514F3",
            "name": "annam45",
            "is_restricted": false,
            "is_ultra_restricted": false
        },
        "reactions": [
            {
                "name": "astonished",
                "users": [
                    "U042R3B76SC"
                ],
                "count": 1
            }
        ]
    }
]