[
    {
        "type": "message",
        "text": "",
        "files": [
            {
                "id": "F0509G0SVQB",
                "created": 1679767414,
                "timestamp": 1679767414,
                "name": "image.png",
                "title": "image.png",
                "mimetype": "image\/png",
                "filetype": "png",
                "pretty_type": "PNG",
                "user": "U041LSQC38X",
                "user_team": "T042E1514F3",
                "editable": false,
                "size": 387328,
                "mode": "hosted",
                "is_external": false,
                "external_type": "",
                "is_public": true,
                "public_url_shared": false,
                "display_as_bot": false,
                "username": "",
                "url_private": "https:\/\/files.slack.com\/files-pri\/T042E1514F3-F0509G0SVQB\/image.png?t=xoxe-4082039038513-5909763746612-5907217023875-336a8277661c30aa211f6bb0466e7c24",
                "url_private_download": "https:\/\/files.slack.com\/files-pri\/T042E1514F3-F0509G0SVQB\/download\/image.png?t=xoxe-4082039038513-5909763746612-5907217023875-336a8277661c30aa211f6bb0466e7c24",
                "media_display_type": "unknown",
                "thumb_64": "https:\/\/files.slack.com\/files-tmb\/T042E1514F3-F0509G0SVQB-3f28f0026e\/image_64.png?t=xoxe-4082039038513-5909763746612-5907217023875-336a8277661c30aa211f6bb0466e7c24",
                "thumb_80": "https:\/\/files.slack.com\/files-tmb\/T042E1514F3-F0509G0SVQB-3f28f0026e\/image_80.png?t=xoxe-4082039038513-5909763746612-5907217023875-336a8277661c30aa211f6bb0466e7c24",
                "thumb_360": "https:\/\/files.slack.com\/files-tmb\/T042E1514F3-F0509G0SVQB-3f28f0026e\/image_360.png?t=xoxe-4082039038513-5909763746612-5907217023875-336a8277661c30aa211f6bb0466e7c24",
                "thumb_360_w": 288,
                "thumb_360_h": 360,
                "thumb_480": "https:\/\/files.slack.com\/files-tmb\/T042E1514F3-F0509G0SVQB-3f28f0026e\/image_480.png?t=xoxe-4082039038513-5909763746612-5907217023875-336a8277661c30aa211f6bb0466e7c24",
                "thumb_480_w": 384,
                "thumb_480_h": 480,
                "thumb_160": "https:\/\/files.slack.com\/files-tmb\/T042E1514F3-F0509G0SVQB-3f28f0026e\/image_160.png?t=xoxe-4082039038513-5909763746612-5907217023875-336a8277661c30aa211f6bb0466e7c24",
                "original_w": 496,
                "original_h": 620,
                "thumb_tiny": "AwAwACazNIY0yATz2qH7WoU5R8+uOKjWeQn734GhpJWBVwMHjIFSmimmL9q9m\/Kj7ZjsfyqMvNwj457AUgMwG3ovSjQRfQ7kDYxkZp1VBLJjAb9KPNk9f0pXKsQLjIINTvhjww+lVVPyinhjkdMZppBJ2JFB3Z3Dp60+RgFJHXHrUAY45I6U12O3BxQ43JTDzNrYJ4o85feoXPNNosVcmjDFsBSamDMgHyPx7VHGWBLAnI7DvT3lfOQx57elCFIBPycB\/wAqZISwHyt+VMDsDkHmpPPbbjkmqZJWYYPNJmpJSTjcc1Hge9IZ\/9k=",
                "permalink": "https:\/\/cyberdefense2022-2023.slack.com\/files\/U041LSQC38X\/F0509G0SVQB\/image.png",
                "permalink_public": "https:\/\/slack-files.com\/T042E1514F3-F0509G0SVQB-ad09b1fb10",
                "is_starred": false,
                "has_rich_preview": false,
                "file_access": "visible"
            }
        ],
        "upload": false,
        "user": "U041LSQC38X",
        "display_as_bot": false,
        "ts": "1679767418.477429",
        "client_msg_id": "9a82908b-e3dc-489f-a477-f62149b13f92"
    }
]