[
    {
        "type": "message",
        "text": "The last Space Station resupply mission of an Antares 230-Series rocket launched on August 1st, and for some reason, I decided to watch the launch footage tonight. After the rocket was too high for visual tracking, NASA switched to an animated console to show the status of the spacecraft. I was about to stop watching when I noticed this. It looks like somebody might need a licensing audit.\n\nOr maybe the Space Station is still in development, so it's covered by MSDN (developer) licensing?",
        "files": [
            {
                "id": "F05NP4HM9CN",
                "created": 1692686592,
                "timestamp": 1692686592,
                "name": "image.png",
                "title": "image.png",
                "mimetype": "image\/png",
                "filetype": "png",
                "pretty_type": "PNG",
                "user": "U042R3B76SC",
                "user_team": "T042E1514F3",
                "editable": false,
                "size": 1586459,
                "mode": "hosted",
                "is_external": false,
                "external_type": "",
                "is_public": true,
                "public_url_shared": false,
                "display_as_bot": false,
                "username": "",
                "url_private": "https:\/\/files.slack.com\/files-pri\/T042E1514F3-F05NP4HM9CN\/image.png?t=xoxe-4082039038513-5909763746612-5907217023875-336a8277661c30aa211f6bb0466e7c24",
                "url_private_download": "https:\/\/files.slack.com\/files-pri\/T042E1514F3-F05NP4HM9CN\/download\/image.png?t=xoxe-4082039038513-5909763746612-5907217023875-336a8277661c30aa211f6bb0466e7c24",
                "media_display_type": "unknown",
                "thumb_64": "https:\/\/files.slack.com\/files-tmb\/T042E1514F3-F05NP4HM9CN-6bc379481f\/image_64.png?t=xoxe-4082039038513-5909763746612-5907217023875-336a8277661c30aa211f6bb0466e7c24",
                "thumb_80": "https:\/\/files.slack.com\/files-tmb\/T042E1514F3-F05NP4HM9CN-6bc379481f\/image_80.png?t=xoxe-4082039038513-5909763746612-5907217023875-336a8277661c30aa211f6bb0466e7c24",
                "thumb_360": "https:\/\/files.slack.com\/files-tmb\/T042E1514F3-F05NP4HM9CN-6bc379481f\/image_360.png?t=xoxe-4082039038513-5909763746612-5907217023875-336a8277661c30aa211f6bb0466e7c24",
                "thumb_360_w": 360,
                "thumb_360_h": 225,
                "thumb_480": "https:\/\/files.slack.com\/files-tmb\/T042E1514F3-F05NP4HM9CN-6bc379481f\/image_480.png?t=xoxe-4082039038513-5909763746612-5907217023875-336a8277661c30aa211f6bb0466e7c24",
                "thumb_480_w": 480,
                "thumb_480_h": 300,
                "thumb_160": "https:\/\/files.slack.com\/files-tmb\/T042E1514F3-F05NP4HM9CN-6bc379481f\/image_160.png?t=xoxe-4082039038513-5909763746612-5907217023875-336a8277661c30aa211f6bb0466e7c24",
                "thumb_720": "https:\/\/files.slack.com\/files-tmb\/T042E1514F3-F05NP4HM9CN-6bc379481f\/image_720.png?t=xoxe-4082039038513-5909763746612-5907217023875-336a8277661c30aa211f6bb0466e7c24",
                "thumb_720_w": 720,
                "thumb_720_h": 450,
                "thumb_800": "https:\/\/files.slack.com\/files-tmb\/T042E1514F3-F05NP4HM9CN-6bc379481f\/image_800.png?t=xoxe-4082039038513-5909763746612-5907217023875-336a8277661c30aa211f6bb0466e7c24",
                "thumb_800_w": 800,
                "thumb_800_h": 500,
                "thumb_960": "https:\/\/files.slack.com\/files-tmb\/T042E1514F3-F05NP4HM9CN-6bc379481f\/image_960.png?t=xoxe-4082039038513-5909763746612-5907217023875-336a8277661c30aa211f6bb0466e7c24",
                "thumb_960_w": 960,
                "thumb_960_h": 600,
                "thumb_1024": "https:\/\/files.slack.com\/files-tmb\/T042E1514F3-F05NP4HM9CN-6bc379481f\/image_1024.png?t=xoxe-4082039038513-5909763746612-5907217023875-336a8277661c30aa211f6bb0466e7c24",
                "thumb_1024_w": 1024,
                "thumb_1024_h": 640,
                "original_w": 3456,
                "original_h": 2160,
                "thumb_tiny": "AwAeADCj5y\/88I\/1\/wAaPOX\/AJ4R\/kf8aiPWnCN2GQrEeoFAEzXERHy2yD6kmkEyscC3i\/X\/ABpj28qLuZcD61HQBOZVB5t4\/wBf8advUjIgj+mD\/jUGTQWJIoAXzGBOMD8BT1uplQIH+UdsUsskcjljvGT0wKj\/AHXq\/wCQosFxz3EjrtYjH0qIU\/8Ac+r\/AJChvLx8pbPuKAEwfX9aTnNGRS9eaAP\/2Q==",
                "permalink": "https:\/\/cyberdefense2022-2023.slack.com\/files\/U042R3B76SC\/F05NP4HM9CN\/image.png",
                "permalink_public": "https:\/\/slack-files.com\/T042E1514F3-F05NP4HM9CN-a24e7d3e54",
                "is_starred": false,
                "has_rich_preview": false,
                "file_access": "visible"
            }
        ],
        "upload": false,
        "user": "U042R3B76SC",
        "display_as_bot": false,
        "ts": "1692686760.947079",
        "blocks": [
            {
                "type": "rich_text",
                "block_id": "l2vwG",
                "elements": [
                    {
                        "type": "rich_text_section",
                        "elements": [
                            {
                                "type": "text",
                                "text": "The last Space Station resupply mission of an Antares 230-Series rocket launched on August 1st, and for some reason, I decided to watch the launch footage tonight. After the rocket was too high for visual tracking, NASA switched to an animated console to show the status of the spacecraft. I was about to stop watching when I noticed this. It looks like somebody might need a licensing audit.\n\nOr maybe the Space Station is still in development, so it's covered by MSDN (developer) licensing?"
                            }
                        ]
                    }
                ]
            }
        ],
        "client_msg_id": "e31a5749-85ab-479d-a654-61f7407e06e8"
    }
]