[
    {
        "client_msg_id": "5f1878d1-ac38-4533-9374-8e822cb7df17",
        "type": "message",
        "text": "I can't see the pictures because I don't have a google account. Are they all pictures of ice cream?",
        "user": "U042U2F450R",
        "ts": "1678422938.085819",
        "blocks": [
            {
                "type": "rich_text",
                "block_id": "SQMsM",
                "elements": [
                    {
                        "type": "rich_text_section",
                        "elements": [
                            {
                                "type": "text",
                                "text": "I can't see the pictures because I don't have a google account. Are they all pictures of ice cream?"
                            }
                        ]
                    }
                ]
            }
        ],
        "team": "T042E1514F3",
        "user_team": "T042E1514F3",
        "source_team": "T042E1514F3",
        "user_profile": {
            "avatar_hash": "gff8e94624db",
            "image_72": "https:\/\/secure.gravatar.com\/avatar\/ff8e94624db08a84843122675f06ea92.jpg?s=72&d=https%3A%2F%2Fa.slack-edge.com%2Fdf10d%2Fimg%2Favatars%2Fava_0004-72.png",
            "first_name": "Anna",
            "real_name": "Anna",
            "display_name": "Anna",
            "team": "T042E1514F3",
            "name": "annam45",
            "is_restricted": false,
            "is_ultra_restricted": false
        }
    }
]