[
    {
        "type": "message",
        "text": "[1 of 3] From Slack at work: the header of a channel with 39 members. Not broken.",
        "files": [
            {
                "id": "F059CL8FTG8",
                "created": 1684527329,
                "timestamp": 1684527329,
                "name": "image.png",
                "title": "image.png",
                "mimetype": "image\/png",
                "filetype": "png",
                "pretty_type": "PNG",
                "user": "U042R3B76SC",
                "user_team": "T042E1514F3",
                "editable": false,
                "size": 16122,
                "mode": "hosted",
                "is_external": false,
                "external_type": "",
                "is_public": true,
                "public_url_shared": false,
                "display_as_bot": false,
                "username": "",
                "url_private": "https:\/\/files.slack.com\/files-pri\/T042E1514F3-F059CL8FTG8\/image.png?t=xoxe-4082039038513-5909763746612-5907217023875-336a8277661c30aa211f6bb0466e7c24",
                "url_private_download": "https:\/\/files.slack.com\/files-pri\/T042E1514F3-F059CL8FTG8\/download\/image.png?t=xoxe-4082039038513-5909763746612-5907217023875-336a8277661c30aa211f6bb0466e7c24",
                "media_display_type": "unknown",
                "thumb_64": "https:\/\/files.slack.com\/files-tmb\/T042E1514F3-F059CL8FTG8-8759c2b8c9\/image_64.png?t=xoxe-4082039038513-5909763746612-5907217023875-336a8277661c30aa211f6bb0466e7c24",
                "thumb_80": "https:\/\/files.slack.com\/files-tmb\/T042E1514F3-F059CL8FTG8-8759c2b8c9\/image_80.png?t=xoxe-4082039038513-5909763746612-5907217023875-336a8277661c30aa211f6bb0466e7c24",
                "thumb_360": "https:\/\/files.slack.com\/files-tmb\/T042E1514F3-F059CL8FTG8-8759c2b8c9\/image_360.png?t=xoxe-4082039038513-5909763746612-5907217023875-336a8277661c30aa211f6bb0466e7c24",
                "thumb_360_w": 224,
                "thumb_360_h": 78,
                "thumb_160": "https:\/\/files.slack.com\/files-tmb\/T042E1514F3-F059CL8FTG8-8759c2b8c9\/image_160.png?t=xoxe-4082039038513-5909763746612-5907217023875-336a8277661c30aa211f6bb0466e7c24",
                "original_w": 224,
                "original_h": 78,
                "thumb_tiny": "AwAQADCrboryYckKAScdeBU0UUMjqpDAP90hwcH3GKhtpVhmDsMjkEVZW5to2LRJIp9OMUwGQwQynHzA49aYkCkkEmnW9ysTZYE8dBSpcop3HeD7YxQIrlD5pQYODjmkZWXG4daVpCZWccZOaaSTjJ6Uhn\/\/2Q==",
                "permalink": "https:\/\/cyberdefense2022-2023.slack.com\/files\/U042R3B76SC\/F059CL8FTG8\/image.png",
                "permalink_public": "https:\/\/slack-files.com\/T042E1514F3-F059CL8FTG8-19d4ad42f7",
                "is_starred": false,
                "has_rich_preview": false,
                "file_access": "visible"
            }
        ],
        "upload": false,
        "user": "U042R3B76SC",
        "display_as_bot": false,
        "ts": "1684527516.623369",
        "blocks": [
            {
                "type": "rich_text",
                "block_id": "Km0u",
                "elements": [
                    {
                        "type": "rich_text_section",
                        "elements": [
                            {
                                "type": "text",
                                "text": "[1 of 3] From Slack at work: the header of a channel with 39 members. Not broken."
                            }
                        ]
                    }
                ]
            }
        ],
        "edited": {
            "user": "U042R3B76SC",
            "ts": "1684528872.000000"
        },
        "client_msg_id": "90a4fb55-7bcb-44ad-b8ef-84c95302e399"
    },
    {
        "type": "message",
        "text": "[2 of 3] From Slack at work: the header of a channel with 5 members. Not broken.",
        "files": [
            {
                "id": "F058P07TB7C",
                "created": 1684527540,
                "timestamp": 1684527540,
                "name": "image.png",
                "title": "image.png",
                "mimetype": "image\/png",
                "filetype": "png",
                "pretty_type": "PNG",
                "user": "U042R3B76SC",
                "user_team": "T042E1514F3",
                "editable": false,
                "size": 12685,
                "mode": "hosted",
                "is_external": false,
                "external_type": "",
                "is_public": true,
                "public_url_shared": false,
                "display_as_bot": false,
                "username": "",
                "url_private": "https:\/\/files.slack.com\/files-pri\/T042E1514F3-F058P07TB7C\/image.png?t=xoxe-4082039038513-5909763746612-5907217023875-336a8277661c30aa211f6bb0466e7c24",
                "url_private_download": "https:\/\/files.slack.com\/files-pri\/T042E1514F3-F058P07TB7C\/download\/image.png?t=xoxe-4082039038513-5909763746612-5907217023875-336a8277661c30aa211f6bb0466e7c24",
                "media_display_type": "unknown",
                "thumb_64": "https:\/\/files.slack.com\/files-tmb\/T042E1514F3-F058P07TB7C-c563759deb\/image_64.png?t=xoxe-4082039038513-5909763746612-5907217023875-336a8277661c30aa211f6bb0466e7c24",
                "thumb_80": "https:\/\/files.slack.com\/files-tmb\/T042E1514F3-F058P07TB7C-c563759deb\/image_80.png?t=xoxe-4082039038513-5909763746612-5907217023875-336a8277661c30aa211f6bb0466e7c24",
                "thumb_360": "https:\/\/files.slack.com\/files-tmb\/T042E1514F3-F058P07TB7C-c563759deb\/image_360.png?t=xoxe-4082039038513-5909763746612-5907217023875-336a8277661c30aa211f6bb0466e7c24",
                "thumb_360_w": 184,
                "thumb_360_h": 77,
                "thumb_160": "https:\/\/files.slack.com\/files-tmb\/T042E1514F3-F058P07TB7C-c563759deb\/image_160.png?t=xoxe-4082039038513-5909763746612-5907217023875-336a8277661c30aa211f6bb0466e7c24",
                "original_w": 184,
                "original_h": 77,
                "thumb_tiny": "AwAUADCFLZDEryTom7kAjNLJaBYDLHKsgHXAp8Vsfs4mCeYxACr6e9Pe3kjiBQKmdoYepz\/jQBTkhkjALoVz0zTkg3KDuxkZ6VfvIp5YhwhC8kDqazfMIXG4dOmP0oYwlj8qQrkH3pv4U6Vi7AkY4FErh2BHJxyaBAsjqMK7AegJoMshxl2OORljTaKAH+dKf+Wj\/wDfRqPA9KWigAooooA\/\/9k=",
                "permalink": "https:\/\/cyberdefense2022-2023.slack.com\/files\/U042R3B76SC\/F058P07TB7C\/image.png",
                "permalink_public": "https:\/\/slack-files.com\/T042E1514F3-F058P07TB7C-6d0f2910fb",
                "is_starred": false,
                "has_rich_preview": false,
                "file_access": "visible"
            }
        ],
        "upload": false,
        "user": "U042R3B76SC",
        "display_as_bot": false,
        "ts": "1684527542.325799",
        "blocks": [
            {
                "type": "rich_text",
                "block_id": "4ed",
                "elements": [
                    {
                        "type": "rich_text_section",
                        "elements": [
                            {
                                "type": "text",
                                "text": "[2 of 3] From Slack at work: the header of a channel with 5 members. Not broken."
                            }
                        ]
                    }
                ]
            }
        ],
        "edited": {
            "user": "U042R3B76SC",
            "ts": "1684528884.000000"
        },
        "client_msg_id": "cb155a11-43dd-465c-b315-7493ef797d34"
    },
    {
        "type": "message",
        "text": "[3 of 3] From our Slack's homework channel, with 6 members. Broken.",
        "files": [
            {
                "id": "F058P0BCLF4",
                "created": 1684527587,
                "timestamp": 1684527587,
                "name": "image.png",
                "title": "image.png",
                "mimetype": "image\/png",
                "filetype": "png",
                "pretty_type": "PNG",
                "user": "U042R3B76SC",
                "user_team": "T042E1514F3",
                "editable": false,
                "size": 118323,
                "mode": "hosted",
                "is_external": false,
                "external_type": "",
                "is_public": true,
                "public_url_shared": false,
                "display_as_bot": false,
                "username": "",
                "url_private": "https:\/\/files.slack.com\/files-pri\/T042E1514F3-F058P0BCLF4\/image.png?t=xoxe-4082039038513-5909763746612-5907217023875-336a8277661c30aa211f6bb0466e7c24",
                "url_private_download": "https:\/\/files.slack.com\/files-pri\/T042E1514F3-F058P0BCLF4\/download\/image.png?t=xoxe-4082039038513-5909763746612-5907217023875-336a8277661c30aa211f6bb0466e7c24",
                "media_display_type": "unknown",
                "thumb_64": "https:\/\/files.slack.com\/files-tmb\/T042E1514F3-F058P0BCLF4-ee29bb309f\/image_64.png?t=xoxe-4082039038513-5909763746612-5907217023875-336a8277661c30aa211f6bb0466e7c24",
                "thumb_80": "https:\/\/files.slack.com\/files-tmb\/T042E1514F3-F058P0BCLF4-ee29bb309f\/image_80.png?t=xoxe-4082039038513-5909763746612-5907217023875-336a8277661c30aa211f6bb0466e7c24",
                "thumb_360": "https:\/\/files.slack.com\/files-tmb\/T042E1514F3-F058P0BCLF4-ee29bb309f\/image_360.png?t=xoxe-4082039038513-5909763746612-5907217023875-336a8277661c30aa211f6bb0466e7c24",
                "thumb_360_w": 360,
                "thumb_360_h": 73,
                "thumb_480": "https:\/\/files.slack.com\/files-tmb\/T042E1514F3-F058P0BCLF4-ee29bb309f\/image_480.png?t=xoxe-4082039038513-5909763746612-5907217023875-336a8277661c30aa211f6bb0466e7c24",
                "thumb_480_w": 480,
                "thumb_480_h": 98,
                "thumb_160": "https:\/\/files.slack.com\/files-tmb\/T042E1514F3-F058P0BCLF4-ee29bb309f\/image_160.png?t=xoxe-4082039038513-5909763746612-5907217023875-336a8277661c30aa211f6bb0466e7c24",
                "thumb_720": "https:\/\/files.slack.com\/files-tmb\/T042E1514F3-F058P0BCLF4-ee29bb309f\/image_720.png?t=xoxe-4082039038513-5909763746612-5907217023875-336a8277661c30aa211f6bb0466e7c24",
                "thumb_720_w": 720,
                "thumb_720_h": 147,
                "thumb_800": "https:\/\/files.slack.com\/files-tmb\/T042E1514F3-F058P0BCLF4-ee29bb309f\/image_800.png?t=xoxe-4082039038513-5909763746612-5907217023875-336a8277661c30aa211f6bb0466e7c24",
                "thumb_800_w": 800,
                "thumb_800_h": 163,
                "thumb_960": "https:\/\/files.slack.com\/files-tmb\/T042E1514F3-F058P0BCLF4-ee29bb309f\/image_960.png?t=xoxe-4082039038513-5909763746612-5907217023875-336a8277661c30aa211f6bb0466e7c24",
                "thumb_960_w": 960,
                "thumb_960_h": 196,
                "thumb_1024": "https:\/\/files.slack.com\/files-tmb\/T042E1514F3-F058P0BCLF4-ee29bb309f\/image_1024.png?t=xoxe-4082039038513-5909763746612-5907217023875-336a8277661c30aa211f6bb0466e7c24",
                "thumb_1024_w": 1024,
                "thumb_1024_h": 209,
                "original_w": 1752,
                "original_h": 357,
                "thumb_tiny": "AwAJADCkOnH8qNtKnSloAauVORj8RSmVwR93n\/ZFLSNQAGVgMjb\/AN8ilZ2ZcEr+Cio26CigD\/\/Z",
                "permalink": "https:\/\/cyberdefense2022-2023.slack.com\/files\/U042R3B76SC\/F058P0BCLF4\/image.png",
                "permalink_public": "https:\/\/slack-files.com\/T042E1514F3-F058P0BCLF4-f9904bd218",
                "is_starred": false,
                "has_rich_preview": false,
                "file_access": "visible"
            }
        ],
        "upload": false,
        "user": "U042R3B76SC",
        "display_as_bot": false,
        "ts": "1684527590.108999",
        "blocks": [
            {
                "type": "rich_text",
                "block_id": "VuL",
                "elements": [
                    {
                        "type": "rich_text_section",
                        "elements": [
                            {
                                "type": "text",
                                "text": "[3 of 3] From our Slack's homework channel, with 6 members. Broken."
                            }
                        ]
                    }
                ]
            }
        ],
        "edited": {
            "user": "U042R3B76SC",
            "ts": "1684528893.000000"
        },
        "client_msg_id": "25d72ad2-8a17-4be9-b975-d6b4a2c1a73a"
    },
    {
        "client_msg_id": "d9a4253b-537a-48ce-b8ca-7ca41ca3899c",
        "type": "message",
        "text": "Tristan is just too powerful",
        "user": "U041LSQC38X",
        "ts": "1684548543.391009",
        "blocks": [
            {
                "type": "rich_text",
                "block_id": "CV4",
                "elements": [
                    {
                        "type": "rich_text_section",
                        "elements": [
                            {
                                "type": "text",
                                "text": "Tristan is just too powerful"
                            }
                        ]
                    }
                ]
            }
        ],
        "team": "T042E1514F3",
        "user_team": "T042E1514F3",
        "source_team": "T042E1514F3",
        "user_profile": {
            "avatar_hash": "g60b962e7353",
            "image_72": "https:\/\/secure.gravatar.com\/avatar\/60b962e73536af1009870d33a2ba0516.jpg?s=72&d=https%3A%2F%2Fa.slack-edge.com%2Fdf10d%2Fimg%2Favatars%2Fava_0012-72.png",
            "first_name": "Michael",
            "real_name": "Michael Tice",
            "display_name": "Michael Tice",
            "team": "T042E1514F3",
            "name": "michael.tice",
            "is_restricted": false,
            "is_ultra_restricted": false
        }
    },
    {
        "client_msg_id": "a162eeda-3bbe-4c7c-9b19-e53cdf5fde48",
        "type": "message",
        "text": "He breaks the member count",
        "user": "U041LSQC38X",
        "ts": "1684548556.279229",
        "blocks": [
            {
                "type": "rich_text",
                "block_id": "1tLR5",
                "elements": [
                    {
                        "type": "rich_text_section",
                        "elements": [
                            {
                                "type": "text",
                                "text": "He breaks the member count"
                            }
                        ]
                    }
                ]
            }
        ],
        "team": "T042E1514F3",
        "user_team": "T042E1514F3",
        "source_team": "T042E1514F3",
        "user_profile": {
            "avatar_hash": "g60b962e7353",
            "image_72": "https:\/\/secure.gravatar.com\/avatar\/60b962e73536af1009870d33a2ba0516.jpg?s=72&d=https%3A%2F%2Fa.slack-edge.com%2Fdf10d%2Fimg%2Favatars%2Fava_0012-72.png",
            "first_name": "Michael",
            "real_name": "Michael Tice",
            "display_name": "Michael Tice",
            "team": "T042E1514F3",
            "name": "michael.tice",
            "is_restricted": false,
            "is_ultra_restricted": false
        }
    },
    {
        "client_msg_id": "1b292585-db84-4638-933d-ae643429bd88",
        "type": "message",
        "text": "I am infinite",
        "user": "U042R51RY2C",
        "ts": "1684548567.956169",
        "blocks": [
            {
                "type": "rich_text",
                "block_id": "ueHXY",
                "elements": [
                    {
                        "type": "rich_text_section",
                        "elements": [
                            {
                                "type": "text",
                                "text": "I am infinite"
                            }
                        ]
                    }
                ]
            }
        ],
        "team": "T042E1514F3",
        "user_team": "T042E1514F3",
        "source_team": "T042E1514F3",
        "user_profile": {
            "avatar_hash": "g24c32288d4d",
            "image_72": "https:\/\/secure.gravatar.com\/avatar\/24c32288d4dbbf5694cc5c9609ec1853.jpg?s=72&d=https%3A%2F%2Fa.slack-edge.com%2Fdf10d%2Fimg%2Favatars%2Fava_0017-72.png",
            "first_name": "Tristan",
            "real_name": "Tristan Ribble",
            "display_name": "",
            "team": "T042E1514F3",
            "name": "tmribble07",
            "is_restricted": false,
            "is_ultra_restricted": false
        }
    },
    {
        "client_msg_id": "75f8c546-2453-4f63-894c-4bdcea3ddb63",
        "type": "message",
        "text": "I am uncontainable",
        "user": "U042R51RY2C",
        "ts": "1684548578.630709",
        "blocks": [
            {
                "type": "rich_text",
                "block_id": "7\/5Ja",
                "elements": [
                    {
                        "type": "rich_text_section",
                        "elements": [
                            {
                                "type": "text",
                                "text": "I am uncontainable"
                            }
                        ]
                    }
                ]
            }
        ],
        "team": "T042E1514F3",
        "user_team": "T042E1514F3",
        "source_team": "T042E1514F3",
        "user_profile": {
            "avatar_hash": "g24c32288d4d",
            "image_72": "https:\/\/secure.gravatar.com\/avatar\/24c32288d4dbbf5694cc5c9609ec1853.jpg?s=72&d=https%3A%2F%2Fa.slack-edge.com%2Fdf10d%2Fimg%2Favatars%2Fava_0017-72.png",
            "first_name": "Tristan",
            "real_name": "Tristan Ribble",
            "display_name": "",
            "team": "T042E1514F3",
            "name": "tmribble07",
            "is_restricted": false,
            "is_ultra_restricted": false
        }
    },
    {
        "client_msg_id": "e91d4ef3-59fb-4afb-a12c-0adde02562c9",
        "type": "message",
        "text": "I am",
        "user": "U042R51RY2C",
        "ts": "1684548581.175579",
        "blocks": [
            {
                "type": "rich_text",
                "block_id": "zhbb",
                "elements": [
                    {
                        "type": "rich_text_section",
                        "elements": [
                            {
                                "type": "text",
                                "text": "I am"
                            }
                        ]
                    }
                ]
            }
        ],
        "team": "T042E1514F3",
        "user_team": "T042E1514F3",
        "source_team": "T042E1514F3",
        "user_profile": {
            "avatar_hash": "g24c32288d4d",
            "image_72": "https:\/\/secure.gravatar.com\/avatar\/24c32288d4dbbf5694cc5c9609ec1853.jpg?s=72&d=https%3A%2F%2Fa.slack-edge.com%2Fdf10d%2Fimg%2Favatars%2Fava_0017-72.png",
            "first_name": "Tristan",
            "real_name": "Tristan Ribble",
            "display_name": "",
            "team": "T042E1514F3",
            "name": "tmribble07",
            "is_restricted": false,
            "is_ultra_restricted": false
        }
    },
    {
        "client_msg_id": "a695edc0-bd10-4559-afb6-b8d14a785912",
        "type": "message",
        "text": "Tristan",
        "user": "U042R51RY2C",
        "ts": "1684548582.577199",
        "blocks": [
            {
                "type": "rich_text",
                "block_id": "jxmeN",
                "elements": [
                    {
                        "type": "rich_text_section",
                        "elements": [
                            {
                                "type": "text",
                                "text": "Tristan"
                            }
                        ]
                    }
                ]
            }
        ],
        "team": "T042E1514F3",
        "user_team": "T042E1514F3",
        "source_team": "T042E1514F3",
        "user_profile": {
            "avatar_hash": "g24c32288d4d",
            "image_72": "https:\/\/secure.gravatar.com\/avatar\/24c32288d4dbbf5694cc5c9609ec1853.jpg?s=72&d=https%3A%2F%2Fa.slack-edge.com%2Fdf10d%2Fimg%2Favatars%2Fava_0017-72.png",
            "first_name": "Tristan",
            "real_name": "Tristan Ribble",
            "display_name": "",
            "team": "T042E1514F3",
            "name": "tmribble07",
            "is_restricted": false,
            "is_ultra_restricted": false
        }
    }
]