[
    {
        "client_msg_id": "f91aa0ce-fa4b-4065-bad2-f00ec414a2c4",
        "type": "message",
        "text": "Phone <tel:3193328433|319-332-8433>\nEmail <mailto:michael.tice@yahoo.com|michael.tice@yahoo.com>",
        "user": "U041LSQC38X",
        "ts": "1663123397.006639",
        "blocks": [
            {
                "type": "rich_text",
                "block_id": "GF+G\/",
                "elements": [
                    {
                        "type": "rich_text_section",
                        "elements": [
                            {
                                "type": "text",
                                "text": "Phone "
                            },
                            {
                                "type": "link",
                                "url": "tel:3193328433",
                                "text": "319-332-8433"
                            },
                            {
                                "type": "text",
                                "text": "\nEmail "
                            },
                            {
                                "type": "link",
                                "url": "mailto:michael.tice@yahoo.com",
                                "text": "michael.tice@yahoo.com"
                            }
                        ]
                    }
                ]
            }
        ],
        "team": "T042E1514F3",
        "user_team": "T042E1514F3",
        "source_team": "T042E1514F3",
        "user_profile": {
            "avatar_hash": "g60b962e7353",
            "image_72": "https:\/\/secure.gravatar.com\/avatar\/60b962e73536af1009870d33a2ba0516.jpg?s=72&d=https%3A%2F%2Fa.slack-edge.com%2Fdf10d%2Fimg%2Favatars%2Fava_0012-72.png",
            "first_name": "Michael",
            "real_name": "Michael Tice",
            "display_name": "Michael Tice",
            "team": "T042E1514F3",
            "name": "michael.tice",
            "is_restricted": false,
            "is_ultra_restricted": false
        },
        "reactions": [
            {
                "name": "ty",
                "users": [
                    "U042R3B76SC"
                ],
                "count": 1
            }
        ]
    }
]