[
    {
        "client_msg_id": "e2049c6b-7d22-4b55-89cf-48d12624827a",
        "type": "message",
        "text": "Daniel Tice",
        "user": "U0421AQBX8B",
        "ts": "1663894154.881329",
        "blocks": [
            {
                "type": "rich_text",
                "block_id": "dlV8",
                "elements": [
                    {
                        "type": "rich_text_section",
                        "elements": [
                            {
                                "type": "text",
                                "text": "Daniel Tice"
                            }
                        ]
                    }
                ]
            }
        ],
        "team": "T042E1514F3",
        "user_team": "T042E1514F3",
        "source_team": "T042E1514F3",
        "user_profile": {
            "avatar_hash": "g4c1eed42032",
            "image_72": "https:\/\/secure.gravatar.com\/avatar\/4c1eed420327197d000fb89a053a08f3.jpg?s=72&d=https%3A%2F%2Fa.slack-edge.com%2Fdf10d%2Fimg%2Favatars%2Fava_0013-72.png",
            "first_name": "Daniel",
            "real_name": "Daniel Tice",
            "display_name": "Daniel Tice",
            "team": "T042E1514F3",
            "name": "danielstice",
            "is_restricted": false,
            "is_ultra_restricted": false
        }
    },
    {
        "client_msg_id": "5aac7a4f-8d08-4b8d-93c9-70f8d4417b6c",
        "type": "message",
        "text": "Phone 6303622065",
        "user": "U0421AQBX8B",
        "ts": "1663894161.402469",
        "blocks": [
            {
                "type": "rich_text",
                "block_id": "f=Ntz",
                "elements": [
                    {
                        "type": "rich_text_section",
                        "elements": [
                            {
                                "type": "text",
                                "text": "Phone 6303622065"
                            }
                        ]
                    }
                ]
            }
        ],
        "team": "T042E1514F3",
        "user_team": "T042E1514F3",
        "source_team": "T042E1514F3",
        "user_profile": {
            "avatar_hash": "g4c1eed42032",
            "image_72": "https:\/\/secure.gravatar.com\/avatar\/4c1eed420327197d000fb89a053a08f3.jpg?s=72&d=https%3A%2F%2Fa.slack-edge.com%2Fdf10d%2Fimg%2Favatars%2Fava_0013-72.png",
            "first_name": "Daniel",
            "real_name": "Daniel Tice",
            "display_name": "Daniel Tice",
            "team": "T042E1514F3",
            "name": "danielstice",
            "is_restricted": false,
            "is_ultra_restricted": false
        }
    },
    {
        "client_msg_id": "afe315d6-23ca-46cd-b6d5-5853c8e23de9",
        "type": "message",
        "text": "Email: <mailto:danielstice@gmail.com|danielstice@gmail.com>",
        "user": "U0421AQBX8B",
        "ts": "1663894173.483259",
        "blocks": [
            {
                "type": "rich_text",
                "block_id": "wYeDx",
                "elements": [
                    {
                        "type": "rich_text_section",
                        "elements": [
                            {
                                "type": "text",
                                "text": "Email: "
                            },
                            {
                                "type": "link",
                                "url": "mailto:danielstice@gmail.com",
                                "text": "danielstice@gmail.com"
                            }
                        ]
                    }
                ]
            }
        ],
        "team": "T042E1514F3",
        "user_team": "T042E1514F3",
        "source_team": "T042E1514F3",
        "user_profile": {
            "avatar_hash": "g4c1eed42032",
            "image_72": "https:\/\/secure.gravatar.com\/avatar\/4c1eed420327197d000fb89a053a08f3.jpg?s=72&d=https%3A%2F%2Fa.slack-edge.com%2Fdf10d%2Fimg%2Favatars%2Fava_0013-72.png",
            "first_name": "Daniel",
            "real_name": "Daniel Tice",
            "display_name": "Daniel Tice",
            "team": "T042E1514F3",
            "name": "danielstice",
            "is_restricted": false,
            "is_ultra_restricted": false
        },
        "reactions": [
            {
                "name": "ty",
                "users": [
                    "U042R3B76SC"
                ],
                "count": 1
            }
        ]
    }
]