[
    {
        "client_msg_id": "5f48601e-0b8d-411a-9d05-d01d611b9903",
        "type": "message",
        "text": "Email: <mailto:annam45@protonmail.com|annam45@protonmail.com>",
        "user": "U042U2F450R",
        "ts": "1664421904.761369",
        "blocks": [
            {
                "type": "rich_text",
                "block_id": "PDr",
                "elements": [
                    {
                        "type": "rich_text_section",
                        "elements": [
                            {
                                "type": "text",
                                "text": "Email: "
                            },
                            {
                                "type": "link",
                                "url": "mailto:annam45@protonmail.com",
                                "text": "annam45@protonmail.com"
                            }
                        ]
                    }
                ]
            }
        ],
        "team": "T042E1514F3",
        "user_team": "T042E1514F3",
        "source_team": "T042E1514F3",
        "user_profile": {
            "avatar_hash": "gff8e94624db",
            "image_72": "https:\/\/secure.gravatar.com\/avatar\/ff8e94624db08a84843122675f06ea92.jpg?s=72&d=https%3A%2F%2Fa.slack-edge.com%2Fdf10d%2Fimg%2Favatars%2Fava_0004-72.png",
            "first_name": "Anna",
            "real_name": "Anna",
            "display_name": "Anna",
            "team": "T042E1514F3",
            "name": "annam45",
            "is_restricted": false,
            "is_ultra_restricted": false
        },
        "reactions": [
            {
                "name": "ty",
                "users": [
                    "U042R3B76SC"
                ],
                "count": 1
            }
        ]
    }
]