[
    {
        "client_msg_id": "6fce604b-67a8-456e-bb99-c6c7e630463a",
        "type": "message",
        "text": "If you needed to download version 1.27.1 of Kubernetes and were given these two URLs to choose between, how would you know which one was safe?\n\n<https:\/\/medium.com\/@bobbyrsec\/the-dangers-of-googles-zip-tld-5e1e675e59a5>",
        "user": "U042R3B76SC",
        "ts": "1692052492.633669",
        "blocks": [
            {
                "type": "rich_text",
                "block_id": "1Q+1",
                "elements": [
                    {
                        "type": "rich_text_section",
                        "elements": [
                            {
                                "type": "text",
                                "text": "If you needed to download version 1.27.1 of Kubernetes and were given these two URLs to choose between, how would you know which one was safe?\n\n"
                            },
                            {
                                "type": "link",
                                "url": "https:\/\/medium.com\/@bobbyrsec\/the-dangers-of-googles-zip-tld-5e1e675e59a5"
                            }
                        ]
                    }
                ]
            }
        ],
        "team": "T042E1514F3",
        "user_team": "T042E1514F3",
        "source_team": "T042E1514F3",
        "user_profile": {
            "avatar_hash": "g6730f37144b",
            "image_72": "https:\/\/secure.gravatar.com\/avatar\/6730f37144bd6ae505b97012a7f22a66.jpg?s=72&d=https%3A%2F%2Fa.slack-edge.com%2Fdf10d%2Fimg%2Favatars%2Fava_0006-72.png",
            "first_name": "chris",
            "real_name": "chris",
            "display_name": "",
            "team": "T042E1514F3",
            "name": "chris",
            "is_restricted": false,
            "is_ultra_restricted": false
        },
        "edited": {
            "user": "U042R3B76SC",
            "ts": "1692052787.000000"
        },
        "attachments": [
            {
                "from_url": "https:\/\/medium.com\/@bobbyrsec\/the-dangers-of-googles-zip-tld-5e1e675e59a5",
                "ts": 1685456649,
                "image_url": "https:\/\/miro.medium.com\/v2\/resize:fit:1200\/1*lANbtFuYMQpfhg0dqKw2qg.png",
                "image_width": 1200,
                "image_height": 643,
                "image_bytes": 132611,
                "service_icon": "https:\/\/miro.medium.com\/v2\/resize:fill:152:152\/1*sHhtYhaCe2Uc3IU0IgKwIQ.png",
                "id": 1,
                "original_url": "https:\/\/medium.com\/@bobbyrsec\/the-dangers-of-googles-zip-tld-5e1e675e59a5",
                "fallback": "Medium: The Dangers of Google’s .zip TLD",
                "text": "Can you quickly tell which of the URLs below is legitimate and which one is a malicious phish that drops evil.exe?",
                "title": "The Dangers of Google’s .zip TLD",
                "title_link": "https:\/\/medium.com\/@bobbyrsec\/the-dangers-of-googles-zip-tld-5e1e675e59a5",
                "service_name": "Medium",
                "fields": [
                    {
                        "value": "4 min read",
                        "title": "Reading time",
                        "short": true
                    }
                ]
            }
        ]
    }
]