[
    {
        "client_msg_id": "a8ebbe31-3a09-487d-bbd7-73b6d236c12b",
        "type": "message",
        "text": "Woohoo, Minecraft has another zero-day!  Luckily this only affects mods if you play multiplayer with them.  <https:\/\/hothardware.com\/news\/modded-minecraft-vulnerability-discovered-allowing-rce-bleedingpipe>",
        "user": "U041LSQC38X",
        "ts": "1691711811.816989",
        "blocks": [
            {
                "type": "rich_text",
                "block_id": "VErUR",
                "elements": [
                    {
                        "type": "rich_text_section",
                        "elements": [
                            {
                                "type": "text",
                                "text": "Woohoo, Minecraft has another zero-day!  Luckily this only affects mods if you play multiplayer with them.  "
                            },
                            {
                                "type": "link",
                                "url": "https:\/\/hothardware.com\/news\/modded-minecraft-vulnerability-discovered-allowing-rce-bleedingpipe"
                            }
                        ]
                    }
                ]
            }
        ],
        "team": "T042E1514F3",
        "user_team": "T042E1514F3",
        "source_team": "T042E1514F3",
        "user_profile": {
            "avatar_hash": "g60b962e7353",
            "image_72": "https:\/\/secure.gravatar.com\/avatar\/60b962e73536af1009870d33a2ba0516.jpg?s=72&d=https%3A%2F%2Fa.slack-edge.com%2Fdf10d%2Fimg%2Favatars%2Fava_0012-72.png",
            "first_name": "Michael",
            "real_name": "Michael Tice",
            "display_name": "Michael Tice",
            "team": "T042E1514F3",
            "name": "michael.tice",
            "is_restricted": false,
            "is_ultra_restricted": false
        },
        "attachments": [
            {
                "image_url": "https:\/\/images.hothardware.com\/contentimages\/newsitem\/62188\/content\/modded-minecraft-vulnerability-discovered-allowing-rce-bleedingpipe.jpg",
                "image_width": 708,
                "image_height": 398,
                "image_bytes": 59327,
                "from_url": "https:\/\/hothardware.com\/news\/modded-minecraft-vulnerability-discovered-allowing-rce-bleedingpipe",
                "service_icon": "https:\/\/hothardware.com\/hh-touch-icon-iphone.png?ver=2",
                "ts": 1690827180,
                "id": 1,
                "original_url": "https:\/\/hothardware.com\/news\/modded-minecraft-vulnerability-discovered-allowing-rce-bleedingpipe",
                "fallback": "HotHardware: Minecraft Mods Expose Gamers To Alarming BleedingPipe Exploit, What You Need To Know",
                "text": "This vulnerability, if exploited, allows remote code execution and it seems the malicious hackers are using it to steal Discord tokens and login info.",
                "title": "Minecraft Mods Expose Gamers To Alarming BleedingPipe Exploit, What You Need To Know",
                "title_link": "https:\/\/hothardware.com\/news\/modded-minecraft-vulnerability-discovered-allowing-rce-bleedingpipe",
                "service_name": "HotHardware"
            }
        ]
    }
]