[
    {
        "type": "message",
        "subtype": "bot_message",
        "text": "News! All messages with :rolled_up_newspaper: reactions will now be automatically posted to this channel. <@U042R3B76SC> set this up (and you can type `\/reacji-channeler help` to learn more).",
        "ts": "1690216782.822299",
        "username": "Reacji Channeler",
        "icons": {
            "emoji": ":rolled_up_newspaper:"
        },
        "bot_id": "B05JK240CLU",
        "app_id": "A1BFDR28J",
        "blocks": [
            {
                "type": "rich_text",
                "block_id": "ih0VL",
                "elements": [
                    {
                        "type": "rich_text_section",
                        "elements": [
                            {
                                "type": "text",
                                "text": "News! All messages with "
                            },
                            {
                                "type": "emoji",
                                "name": "rolled_up_newspaper",
                                "unicode": "1f5de-fe0f"
                            },
                            {
                                "type": "text",
                                "text": " reactions will now be automatically posted to this channel. "
                            },
                            {
                                "type": "user",
                                "user_id": "U042R3B76SC"
                            },
                            {
                                "type": "text",
                                "text": " set this up (and you can type "
                            },
                            {
                                "type": "text",
                                "text": "\/reacji-channeler help",
                                "style": {
                                    "code": true
                                }
                            },
                            {
                                "type": "text",
                                "text": " to learn more)."
                            }
                        ]
                    }
                ]
            }
        ]
    },
    {
        "client_msg_id": "0f69d0b4-e176-432e-ba3b-cb569fa58128",
        "type": "message",
        "text": "<https:\/\/thehustle.co\/wormgpt-is-chatgpt--but-evil---how-much-should-it-worry-you-\/>",
        "user": "U042R3B76SC",
        "ts": "1690236833.660069",
        "blocks": [
            {
                "type": "rich_text",
                "block_id": "O9fhV",
                "elements": [
                    {
                        "type": "rich_text_section",
                        "elements": [
                            {
                                "type": "link",
                                "url": "https:\/\/thehustle.co\/wormgpt-is-chatgpt--but-evil---how-much-should-it-worry-you-\/"
                            }
                        ]
                    }
                ]
            }
        ],
        "team": "T042E1514F3",
        "user_team": "T042E1514F3",
        "source_team": "T042E1514F3",
        "user_profile": {
            "avatar_hash": "g6730f37144b",
            "image_72": "https:\/\/secure.gravatar.com\/avatar\/6730f37144bd6ae505b97012a7f22a66.jpg?s=72&d=https%3A%2F%2Fa.slack-edge.com%2Fdf10d%2Fimg%2Favatars%2Fava_0006-72.png",
            "first_name": "chris",
            "real_name": "chris",
            "display_name": "",
            "team": "T042E1514F3",
            "name": "chris",
            "is_restricted": false,
            "is_ultra_restricted": false
        },
        "attachments": [
            {
                "image_url": "https:\/\/thehustle.co\/wp-content\/uploads\/2023\/07\/httpsthdaily.s3.us-west-1.amazonaws.comfinal_size-wormgpt_20230718230257.png",
                "image_width": 1200,
                "image_height": 628,
                "image_bytes": 482473,
                "from_url": "https:\/\/thehustle.co\/wormgpt-is-chatgpt--but-evil---how-much-should-it-worry-you-\/",
                "service_icon": "https:\/\/thehustle.co\/wp-content\/uploads\/2022\/04\/cropped-favicon-180x180.png",
                "ts": 1689724800,
                "id": 1,
                "original_url": "https:\/\/thehustle.co\/wormgpt-is-chatgpt--but-evil---how-much-should-it-worry-you-\/",
                "fallback": "The Hustle: WormGPT is ChatGPT, but evil — how much should it worry you? - The Hustle",
                "text": "It’s a great day to start the war against chatbots designed to help cybercriminals.",
                "title": "WormGPT is ChatGPT, but evil — how much should it worry you? - The Hustle",
                "title_link": "https:\/\/thehustle.co\/wormgpt-is-chatgpt--but-evil---how-much-should-it-worry-you-\/",
                "service_name": "The Hustle",
                "fields": [
                    {
                        "value": "Ben Berkley",
                        "title": "Written by",
                        "short": true
                    },
                    {
                        "value": "2 minutes",
                        "title": "Est. reading time",
                        "short": true
                    }
                ]
            }
        ]
    }
]