[
    {
        "type": "message",
        "subtype": "channel_join",
        "ts": "1683148101.755249",
        "user": "U042R3B76SC",
        "text": "<@U042R3B76SC> has joined the channel"
    },
    {
        "type": "message",
        "subtype": "channel_join",
        "ts": "1683148108.105819",
        "user": "U041LSQC38X",
        "text": "<@U041LSQC38X> has joined the channel",
        "inviter": "U042R3B76SC"
    },
    {
        "type": "message",
        "subtype": "channel_join",
        "ts": "1683148108.281079",
        "user": "U042R51RY2C",
        "text": "<@U042R51RY2C> has joined the channel",
        "inviter": "U042R3B76SC"
    },
    {
        "type": "message",
        "subtype": "channel_join",
        "ts": "1683148108.358709",
        "user": "U042U2F450R",
        "text": "<@U042U2F450R> has joined the channel",
        "inviter": "U042R3B76SC"
    },
    {
        "client_msg_id": "0bbd1925-4424-4278-bef2-fc570834e117",
        "type": "message",
        "text": "In previous years I've done more sharing of cyber news that with this team. I thought we could share some here. Usually I will share links to news articles, but today I'm going to share a notice I received from a group. I have rewritten parts of the notice to redact private information, but I thought you would find the concept of this kind of attack interesting.\n```Over the past few weeks, some members have picked up on signals from our sensor systems notifying them that various front doors have been knocked and sometimes they have even locked. We are relocating these doors as we always do upon discovery. However, quick analysis shows that the signals detected do not represent a serious issue. They are part of an interesting, wide-ranging attack campaign using password spray. At the moment, we see no impact to members or infrastructure beyond annoyance and frustration. \n\nA password spray attack is simply a brute-force where attackers attempt access to a large number of accounts using weak passwords. If this does not succeed, they try again, and again, until desired access is achieved. Some actors work slowly to avoid detection. We have detected them, identified them (think: QarLeehn) and have adequate monitoring in place to maintain leverage. We will continue to monitor the situation and we will not forget. \n\nSince this kind of attack relies on targets having weak passwords, member policy should protect us. Please abide. Slow attacks like these illustrate the need for front door MFA and aggressive IDS to lock down. Err on the side of caution. ```",
        "user": "U042R3B76SC",
        "ts": "1683149976.915609",
        "blocks": [
            {
                "type": "rich_text",
                "block_id": "3RK7",
                "elements": [
                    {
                        "type": "rich_text_section",
                        "elements": [
                            {
                                "type": "text",
                                "text": "In previous years I've done more sharing of cyber news that with this team. I thought we could share some here. Usually I will share links to news articles, but today I'm going to share a notice I received from a group. I have rewritten parts of the notice to redact private information, but I thought you would find the concept of this kind of attack interesting.\n"
                            }
                        ]
                    },
                    {
                        "type": "rich_text_preformatted",
                        "elements": [
                            {
                                "type": "text",
                                "text": "Over the past few weeks, some members have picked up on signals from our sensor systems notifying them that various front doors have been knocked and sometimes they have even locked. We are relocating these doors as we always do upon discovery. However, quick analysis shows that the signals detected do not represent a serious issue. They are part of an interesting, wide-ranging attack campaign using password spray. At the moment, we see no impact to members or infrastructure beyond annoyance and frustration. \n\nA password spray attack is simply a brute-force where attackers attempt access to a large number of accounts using weak passwords. If this does not succeed, they try again, and again, until desired access is achieved. Some actors work slowly to avoid detection. We have detected them, identified them (think: QarLeehn) and have adequate monitoring in place to maintain leverage. We will continue to monitor the situation and we will not forget. \n\nSince this kind of attack relies on targets having weak passwords, member policy should protect us. Please abide. Slow attacks like these illustrate the need for front door MFA and aggressive IDS to lock down. Err on the side of caution. "
                            }
                        ],
                        "border": 0
                    }
                ]
            }
        ],
        "team": "T042E1514F3",
        "user_team": "T042E1514F3",
        "source_team": "T042E1514F3",
        "user_profile": {
            "avatar_hash": "g6730f37144b",
            "image_72": "https:\/\/secure.gravatar.com\/avatar\/6730f37144bd6ae505b97012a7f22a66.jpg?s=72&d=https%3A%2F%2Fa.slack-edge.com%2Fdf10d%2Fimg%2Favatars%2Fava_0006-72.png",
            "first_name": "chris",
            "real_name": "chris",
            "display_name": "",
            "team": "T042E1514F3",
            "name": "chris",
            "is_restricted": false,
            "is_ultra_restricted": false
        }
    }
]