[
    {
        "client_msg_id": "7ee4a36a-9a0f-4d01-b057-0df0ad519ba6",
        "type": "message",
        "text": "We didn't do a lot of news coverage this year. Krebs on Security has good articles. One from yesterday talks about a service from which you can register throwaway email accounts, which can be of the most time-consuming and costly aspects for bad actors. These, um, lovely?, people have taken this pain point that many bad actors deal with and turned it into an API call. :angry:\n\nNote that some scammers went so far as to set up a fake version of <http:\/\/scamdoc.com|scamdoc.com> to convince people that their bogus sites were legit. \"Always be sure to start from the correct URL.\"\n\n<https:\/\/krebsonsecurity.com\/2023\/06\/service-rents-email-addresses-for-account-signups\/>",
        "user": "U042R3B76SC",
        "ts": "1686165784.907239",
        "blocks": [
            {
                "type": "rich_text",
                "block_id": "onWgT",
                "elements": [
                    {
                        "type": "rich_text_section",
                        "elements": [
                            {
                                "type": "text",
                                "text": "We didn't do a lot of news coverage this year. Krebs on Security has good articles. One from yesterday talks about a service from which you can register throwaway email accounts, which can be of the most time-consuming and costly aspects for bad actors. These, um, lovely?, people have taken this pain point that many bad actors deal with and turned it into an API call. "
                            },
                            {
                                "type": "emoji",
                                "name": "angry",
                                "unicode": "1f620"
                            },
                            {
                                "type": "text",
                                "text": "\n\nNote that some scammers went so far as to set up a fake version of "
                            },
                            {
                                "type": "link",
                                "url": "http:\/\/scamdoc.com",
                                "text": "scamdoc.com"
                            },
                            {
                                "type": "text",
                                "text": " to convince people that their bogus sites were legit. \"Always be sure to start from the correct URL.\"\n\n"
                            },
                            {
                                "type": "link",
                                "url": "https:\/\/krebsonsecurity.com\/2023\/06\/service-rents-email-addresses-for-account-signups\/"
                            }
                        ]
                    }
                ]
            }
        ],
        "team": "T042E1514F3",
        "user_team": "T042E1514F3",
        "source_team": "T042E1514F3",
        "user_profile": {
            "avatar_hash": "g6730f37144b",
            "image_72": "https:\/\/secure.gravatar.com\/avatar\/6730f37144bd6ae505b97012a7f22a66.jpg?s=72&d=https%3A%2F%2Fa.slack-edge.com%2Fdf10d%2Fimg%2Favatars%2Fava_0006-72.png",
            "first_name": "chris",
            "real_name": "chris",
            "display_name": "",
            "team": "T042E1514F3",
            "name": "chris",
            "is_restricted": false,
            "is_ultra_restricted": false
        },
        "attachments": [
            {
                "from_url": "https:\/\/krebsonsecurity.com\/2023\/06\/service-rents-email-addresses-for-account-signups\/",
                "service_icon": "https:\/\/krebsonsecurity.com\/favicon.ico",
                "thumb_url": "https:\/\/krebsonsecurity.com\/wp-content\/uploads\/2023\/06\/kopeechkapricing.png",
                "thumb_width": 1060,
                "thumb_height": 554,
                "id": 1,
                "original_url": "https:\/\/krebsonsecurity.com\/2023\/06\/service-rents-email-addresses-for-account-signups\/",
                "fallback": "Service Rents Email Addresses for Account Signups",
                "text": "One of the most expensive aspects of any cybercriminal operation is the time and effort it takes to create large numbers of new throwaway email accounts. Now a new service offers to help dramatically cut costs associated with large-scale spam…",
                "title": "Service Rents Email Addresses for Account Signups",
                "title_link": "https:\/\/krebsonsecurity.com\/2023\/06\/service-rents-email-addresses-for-account-signups\/",
                "service_name": "krebsonsecurity.com"
            }
        ]
    }
]