[
    {
        "client_msg_id": "e379d10e-6f0f-4c15-8715-4ae49beda2fa",
        "type": "message",
        "text": "I forgot to mention that I found a charging case for a pair of Bose earbuds after one of our meetings in the GoDaddy parking lot. This was maybe the December 1 meeting, but I'm not sure about the date. Any chance it belongs to one of you?",
        "user": "U042R3B76SC",
        "ts": "1670807554.696359",
        "blocks": [
            {
                "type": "rich_text",
                "block_id": "d0846",
                "elements": [
                    {
                        "type": "rich_text_section",
                        "elements": [
                            {
                                "type": "text",
                                "text": "I forgot to mention that I found a charging case for a pair of Bose earbuds after one of our meetings in the GoDaddy parking lot. This was maybe the December 1 meeting, but I'm not sure about the date. Any chance it belongs to one of you?"
                            }
                        ]
                    }
                ]
            }
        ],
        "team": "T042E1514F3",
        "user_team": "T042E1514F3",
        "source_team": "T042E1514F3",
        "user_profile": {
            "avatar_hash": "g6730f37144b",
            "image_72": "https:\/\/secure.gravatar.com\/avatar\/6730f37144bd6ae505b97012a7f22a66.jpg?s=72&d=https%3A%2F%2Fa.slack-edge.com%2Fdf10d%2Fimg%2Favatars%2Fava_0006-72.png",
            "first_name": "chris",
            "real_name": "chris",
            "display_name": "",
            "team": "T042E1514F3",
            "name": "chris",
            "is_restricted": false,
            "is_ultra_restricted": false
        }
    }
]