[
    {
        "client_msg_id": "557cd0ec-711f-4c43-afd4-ac861d9143e8",
        "type": "message",
        "text": "*Thanks for coming last night, Anna and Tristan (and Melissa and Theresa!).* \n\n*Here's a quick summary for Michael.* We got a bit of a late start so we took a quick tour of about 1\/4 of the office because why not? Then I had some first-meeting logistics problems with the conference room setup, and by the time we really got going we had perhaps 45 minutes left, which is an absolute guess on my part.\n\nSo I showed what Docker does and demonstrated how to install Ubuntu inside VirtualBox, but we didn't actually do those things together.\n\nThis week, hopefully sometime this weekend, I will post step-by-step instructions on how to install VirtualBox and how to install Ubuntu inside of it. *Following those instructions and installing Ubuntu inside VirtualBox will be this week's homework* for the students.\n\nAs for me, *I have my homework done already.* A successful mentor needs to be able to do two things: help students learn the material and help the team succeed.\n\nIf you do the things I ask you to and ask for help when you need it, *you will learn the material*. You won't learn it 100% because nobody in the entire world knows it 100%. That's not the point. What you will do is understand a ton more than you do now, regardless of what you do or don't understand now.\n\n*Figuring out how to help this particular team succeed was my homework.* To me, this team will succeed if the following things happen:\n\n• You learn the material (I just talked about that, no problem there).\n• You grow in your ability to communicate, both about the technical stuff and in general.\n• You understand each other's strengths and weaknesses and work together with them in mind, without ego, pride, or shame factoring into the equation.\n• Everyone matters to the success of the team, everyone on the team knows this, and a true sense of respect and friendship reflects this.\nNow I can't make any of this happen. I can only facilitate these things - they really depend on you. My job is to structure things in such a way that it's easy for all of this to happen. I have some ideas about how to do this. Some of what I have to say might seem obvious, and I think *some of what I have to say will surprise you* but make sense almost immediately.\n\n*I'd like to discuss this at next week's meeting. This might be our single most important discussion of the year, so please try to be there.*",
        "user": "U042R3B76SC",
        "ts": "1663337740.543909",
        "blocks": [
            {
                "type": "rich_text",
                "block_id": "=CAn=",
                "elements": [
                    {
                        "type": "rich_text_section",
                        "elements": [
                            {
                                "type": "text",
                                "text": "Thanks for coming last night, Anna and Tristan (and Melissa and Theresa!). ",
                                "style": {
                                    "bold": true
                                }
                            },
                            {
                                "type": "text",
                                "text": "\n\n"
                            },
                            {
                                "type": "text",
                                "text": "Here's a quick summary for Michael. ",
                                "style": {
                                    "bold": true
                                }
                            },
                            {
                                "type": "text",
                                "text": "We got a bit of a late start so we took a quick tour of about 1\/4 of the office because why not? Then I had some first-meeting logistics problems with the conference room setup, and by the time we really got going we had perhaps 45 minutes left, which is an absolute guess on my part.\n\nSo I showed what Docker does and demonstrated how to install Ubuntu inside VirtualBox, but we didn't actually do those things together.\n\nThis week, hopefully sometime this weekend, I will post step-by-step instructions on how to install VirtualBox and how to install Ubuntu inside of it. "
                            },
                            {
                                "type": "text",
                                "text": "Following those instructions and installing Ubuntu inside VirtualBox will be this week's homework ",
                                "style": {
                                    "bold": true
                                }
                            },
                            {
                                "type": "text",
                                "text": "for the students.\n\nAs for me, "
                            },
                            {
                                "type": "text",
                                "text": "I have my homework done already.",
                                "style": {
                                    "bold": true
                                }
                            },
                            {
                                "type": "text",
                                "text": " A successful mentor needs to be able to do two things: help students learn the material and help the team succeed.\n\nIf you do the things I ask you to and ask for help when you need it, "
                            },
                            {
                                "type": "text",
                                "text": "you will learn the material",
                                "style": {
                                    "bold": true
                                }
                            },
                            {
                                "type": "text",
                                "text": ". You won't learn it 100% because nobody in the entire world knows it 100%. That's not the point. What you will do is understand a ton more than you do now, regardless of what you do or don't understand now.\n\n"
                            },
                            {
                                "type": "text",
                                "text": "Figuring out how to help this particular team succeed was my homework.",
                                "style": {
                                    "bold": true
                                }
                            },
                            {
                                "type": "text",
                                "text": " To me, this team will succeed if the following things happen:\n\n"
                            }
                        ]
                    },
                    {
                        "type": "rich_text_list",
                        "elements": [
                            {
                                "type": "rich_text_section",
                                "elements": [
                                    {
                                        "type": "text",
                                        "text": "You learn the material (I just talked about that, no problem there)."
                                    }
                                ]
                            },
                            {
                                "type": "rich_text_section",
                                "elements": [
                                    {
                                        "type": "text",
                                        "text": "You grow in your ability to communicate, both about the technical stuff and in general."
                                    }
                                ]
                            },
                            {
                                "type": "rich_text_section",
                                "elements": [
                                    {
                                        "type": "text",
                                        "text": "You understand each other's strengths and weaknesses and work together with them in mind, without ego, pride, or shame factoring into the equation."
                                    }
                                ]
                            },
                            {
                                "type": "rich_text_section",
                                "elements": [
                                    {
                                        "type": "text",
                                        "text": "Everyone matters to the success of the team, everyone on the team knows this, and a true sense of respect and friendship reflects this."
                                    }
                                ]
                            }
                        ],
                        "style": "bullet",
                        "indent": 0,
                        "border": 0
                    },
                    {
                        "type": "rich_text_section",
                        "elements": [
                            {
                                "type": "text",
                                "text": "\nNow I can't make any of this happen. I can only facilitate these things - they really depend on you. My job is to structure things in such a way that it's easy for all of this to happen. I have some ideas about how to do this. Some of what I have to say might seem obvious, and I think"
                            },
                            {
                                "type": "text",
                                "text": " some of what I have to say will surprise you",
                                "style": {
                                    "bold": true
                                }
                            },
                            {
                                "type": "text",
                                "text": " but make sense almost immediately.\n\n"
                            },
                            {
                                "type": "text",
                                "text": "I'd like to discuss this at next week's meeting. This might be our single most important discussion of the year, so please try to be there.",
                                "style": {
                                    "bold": true
                                }
                            }
                        ]
                    }
                ]
            }
        ],
        "team": "T042E1514F3",
        "user_team": "T042E1514F3",
        "source_team": "T042E1514F3",
        "user_profile": {
            "avatar_hash": "g6730f37144b",
            "image_72": "https:\/\/secure.gravatar.com\/avatar\/6730f37144bd6ae505b97012a7f22a66.jpg?s=72&d=https%3A%2F%2Fa.slack-edge.com%2Fdf10d%2Fimg%2Favatars%2Fava_0006-72.png",
            "first_name": "chris",
            "real_name": "chris",
            "display_name": "",
            "team": "T042E1514F3",
            "name": "chris",
            "is_restricted": false,
            "is_ultra_restricted": false
        }
    }
]