[
    {
        "type": "message",
        "text": "Here's mine.",
        "files": [
            {
                "id": "F042E5B5RD4",
                "created": 1663267806,
                "timestamp": 1663267806,
                "name": "Computer build.png",
                "title": "Computer build.png",
                "mimetype": "image\/png",
                "filetype": "png",
                "pretty_type": "PNG",
                "user": "U042U2F450R",
                "user_team": "T042E1514F3",
                "editable": false,
                "size": 20380,
                "mode": "hosted",
                "is_external": false,
                "external_type": "",
                "is_public": true,
                "public_url_shared": false,
                "display_as_bot": false,
                "username": "",
                "url_private": "https:\/\/files.slack.com\/files-pri\/T042E1514F3-F042E5B5RD4\/computer_build.png?t=xoxe-4082039038513-5909763746612-5907217023875-336a8277661c30aa211f6bb0466e7c24",
                "url_private_download": "https:\/\/files.slack.com\/files-pri\/T042E1514F3-F042E5B5RD4\/download\/computer_build.png?t=xoxe-4082039038513-5909763746612-5907217023875-336a8277661c30aa211f6bb0466e7c24",
                "media_display_type": "unknown",
                "thumb_64": "https:\/\/files.slack.com\/files-tmb\/T042E1514F3-F042E5B5RD4-602693af86\/computer_build_64.png?t=xoxe-4082039038513-5909763746612-5907217023875-336a8277661c30aa211f6bb0466e7c24",
                "thumb_80": "https:\/\/files.slack.com\/files-tmb\/T042E1514F3-F042E5B5RD4-602693af86\/computer_build_80.png?t=xoxe-4082039038513-5909763746612-5907217023875-336a8277661c30aa211f6bb0466e7c24",
                "thumb_360": "https:\/\/files.slack.com\/files-tmb\/T042E1514F3-F042E5B5RD4-602693af86\/computer_build_360.png?t=xoxe-4082039038513-5909763746612-5907217023875-336a8277661c30aa211f6bb0466e7c24",
                "thumb_360_w": 360,
                "thumb_360_h": 326,
                "thumb_480": "https:\/\/files.slack.com\/files-tmb\/T042E1514F3-F042E5B5RD4-602693af86\/computer_build_480.png?t=xoxe-4082039038513-5909763746612-5907217023875-336a8277661c30aa211f6bb0466e7c24",
                "thumb_480_w": 480,
                "thumb_480_h": 434,
                "thumb_160": "https:\/\/files.slack.com\/files-tmb\/T042E1514F3-F042E5B5RD4-602693af86\/computer_build_160.png?t=xoxe-4082039038513-5909763746612-5907217023875-336a8277661c30aa211f6bb0466e7c24",
                "original_w": 576,
                "original_h": 521,
                "thumb_tiny": "AwArADDRx9fzqIXClwgVuTjJqWovLiDhguCDmmrdRO\/Qk8xaPMX1FJ8vXijavYCjQNRfMH1+lLnIzSbR6Cl7UhhUeRnp+tSUm4UAM3D0P50BgO360\/cPf8qNw\/yKAG78npT6TINLQAU0qc8HFOooAB0ooooAKTI9aWm7RQB\/\/9k=",
                "permalink": "https:\/\/cyberdefense2022-2023.slack.com\/files\/U042U2F450R\/F042E5B5RD4\/computer_build.png",
                "permalink_public": "https:\/\/slack-files.com\/T042E1514F3-F042E5B5RD4-ba44d1c09f",
                "is_starred": false,
                "has_rich_preview": false,
                "file_access": "visible"
            }
        ],
        "upload": false,
        "user": "U042U2F450R",
        "display_as_bot": false,
        "ts": "1663267840.993839",
        "blocks": [
            {
                "type": "rich_text",
                "block_id": "SVXY",
                "elements": [
                    {
                        "type": "rich_text_section",
                        "elements": [
                            {
                                "type": "text",
                                "text": "Here's mine."
                            }
                        ]
                    }
                ]
            }
        ],
        "client_msg_id": "9db9a21e-0768-48a8-9b8d-511ed677d6cb",
        "reactions": [
            {
                "name": "ty",
                "users": [
                    "U042R3B76SC"
                ],
                "count": 1
            }
        ]
    }
]