[
    {
        "client_msg_id": "3b46bf04-5f72-44e3-8c13-b05b0a8c04bd",
        "type": "message",
        "text": "<https:\/\/godaddy.zoom.us\/j\/98896146499?pwd=a2JaU2Z2enR1bnJacDJwWWd1ME1Wdz09&amp;from=addon>",
        "user": "U042R3B76SC",
        "ts": "1663892371.329849",
        "blocks": [
            {
                "type": "rich_text",
                "block_id": "xAk1W",
                "elements": [
                    {
                        "type": "rich_text_section",
                        "elements": [
                            {
                                "type": "link",
                                "url": "https:\/\/godaddy.zoom.us\/j\/98896146499?pwd=a2JaU2Z2enR1bnJacDJwWWd1ME1Wdz09&from=addon"
                            }
                        ]
                    }
                ]
            }
        ],
        "team": "T042E1514F3",
        "user_team": "T042E1514F3",
        "source_team": "T042E1514F3",
        "user_profile": {
            "avatar_hash": "g6730f37144b",
            "image_72": "https:\/\/secure.gravatar.com\/avatar\/6730f37144bd6ae505b97012a7f22a66.jpg?s=72&d=https%3A%2F%2Fa.slack-edge.com%2Fdf10d%2Fimg%2Favatars%2Fava_0006-72.png",
            "first_name": "chris",
            "real_name": "chris",
            "display_name": "",
            "team": "T042E1514F3",
            "name": "chris",
            "is_restricted": false,
            "is_ultra_restricted": false
        }
    },
    {
        "client_msg_id": "5113daef-dc56-4b01-b40c-fcdf17ac8453",
        "type": "message",
        "text": "Connect to this ^. Now. Please.",
        "user": "U042R3B76SC",
        "ts": "1663892381.072479",
        "blocks": [
            {
                "type": "rich_text",
                "block_id": "4RO",
                "elements": [
                    {
                        "type": "rich_text_section",
                        "elements": [
                            {
                                "type": "text",
                                "text": "Connect to this ^. Now. Please."
                            }
                        ]
                    }
                ]
            }
        ],
        "team": "T042E1514F3",
        "user_team": "T042E1514F3",
        "source_team": "T042E1514F3",
        "user_profile": {
            "avatar_hash": "g6730f37144b",
            "image_72": "https:\/\/secure.gravatar.com\/avatar\/6730f37144bd6ae505b97012a7f22a66.jpg?s=72&d=https%3A%2F%2Fa.slack-edge.com%2Fdf10d%2Fimg%2Favatars%2Fava_0006-72.png",
            "first_name": "chris",
            "real_name": "chris",
            "display_name": "",
            "team": "T042E1514F3",
            "name": "chris",
            "is_restricted": false,
            "is_ultra_restricted": false
        }
    },
    {
        "type": "message",
        "subtype": "channel_join",
        "ts": "1663892499.804689",
        "user": "U0421AQBX8B",
        "text": "<@U0421AQBX8B> has joined the channel"
    }
]