[
    {
        "client_msg_id": "7d04536d-9fa0-4fed-b032-d95736322bf8",
        "type": "message",
        "text": "This is important and I forgot to mention it earlier. There are no beverages available in the new office, and there is such a small amount of food that I cannot share it with you in good conscience. So you may want to stop someplace. If you want something to drink or a snack. I would ask you to not bring too much. Please try to keep it to about the same amount you would have grabbed from the Speakeasy before, so that the conference room isn't overwhelmed with pizza and Arby's and ribeye steaks or anything like that. :slightly_smiling_face:",
        "user": "U042R3B76SC",
        "ts": "1677940711.996479",
        "blocks": [
            {
                "type": "rich_text",
                "block_id": "aQgSZ",
                "elements": [
                    {
                        "type": "rich_text_section",
                        "elements": [
                            {
                                "type": "text",
                                "text": "This is important and I forgot to mention it earlier. There are no beverages available in the new office, and there is such a small amount of food that I cannot share it with you in good conscience. So you may want to stop someplace. If you want something to drink or a snack. I would ask you to not bring too much. Please try to keep it to about the same amount you would have grabbed from the Speakeasy before, so that the conference room isn't overwhelmed with pizza and Arby's and ribeye steaks or anything like that. "
                            },
                            {
                                "type": "emoji",
                                "name": "slightly_smiling_face",
                                "unicode": "1f642"
                            }
                        ]
                    }
                ]
            }
        ],
        "team": "T042E1514F3",
        "user_team": "T042E1514F3",
        "source_team": "T042E1514F3",
        "user_profile": {
            "avatar_hash": "g6730f37144b",
            "image_72": "https:\/\/secure.gravatar.com\/avatar\/6730f37144bd6ae505b97012a7f22a66.jpg?s=72&d=https%3A%2F%2Fa.slack-edge.com%2Fdf10d%2Fimg%2Favatars%2Fava_0006-72.png",
            "first_name": "chris",
            "real_name": "chris",
            "display_name": "",
            "team": "T042E1514F3",
            "name": "chris",
            "is_restricted": false,
            "is_ultra_restricted": false
        }
    },
    {
        "type": "message",
        "text": "Our door is under this sign.",
        "files": [
            {
                "id": "F04RYV33RUP",
                "created": 1677944126,
                "timestamp": 1677944126,
                "name": "PXL_20230304_145122043~2.jpg",
                "title": "PXL_20230304_145122043~2.jpg",
                "mimetype": "image\/jpeg",
                "filetype": "jpg",
                "pretty_type": "JPEG",
                "user": "U042R3B76SC",
                "user_team": "T042E1514F3",
                "editable": false,
                "size": 263873,
                "mode": "hosted",
                "is_external": false,
                "external_type": "",
                "is_public": true,
                "public_url_shared": false,
                "display_as_bot": false,
                "username": "",
                "url_private": "https:\/\/files.slack.com\/files-pri\/T042E1514F3-F04RYV33RUP\/pxl_20230304_145122043_2.jpg?t=xoxe-4082039038513-5909763746612-5907217023875-336a8277661c30aa211f6bb0466e7c24",
                "url_private_download": "https:\/\/files.slack.com\/files-pri\/T042E1514F3-F04RYV33RUP\/download\/pxl_20230304_145122043_2.jpg?t=xoxe-4082039038513-5909763746612-5907217023875-336a8277661c30aa211f6bb0466e7c24",
                "media_display_type": "unknown",
                "thumb_64": "https:\/\/files.slack.com\/files-tmb\/T042E1514F3-F04RYV33RUP-ab0110118c\/pxl_20230304_145122043_2_64.jpg?t=xoxe-4082039038513-5909763746612-5907217023875-336a8277661c30aa211f6bb0466e7c24",
                "thumb_80": "https:\/\/files.slack.com\/files-tmb\/T042E1514F3-F04RYV33RUP-ab0110118c\/pxl_20230304_145122043_2_80.jpg?t=xoxe-4082039038513-5909763746612-5907217023875-336a8277661c30aa211f6bb0466e7c24",
                "thumb_360": "https:\/\/files.slack.com\/files-tmb\/T042E1514F3-F04RYV33RUP-ab0110118c\/pxl_20230304_145122043_2_360.jpg?t=xoxe-4082039038513-5909763746612-5907217023875-336a8277661c30aa211f6bb0466e7c24",
                "thumb_360_w": 231,
                "thumb_360_h": 360,
                "thumb_480": "https:\/\/files.slack.com\/files-tmb\/T042E1514F3-F04RYV33RUP-ab0110118c\/pxl_20230304_145122043_2_480.jpg?t=xoxe-4082039038513-5909763746612-5907217023875-336a8277661c30aa211f6bb0466e7c24",
                "thumb_480_w": 308,
                "thumb_480_h": 480,
                "thumb_160": "https:\/\/files.slack.com\/files-tmb\/T042E1514F3-F04RYV33RUP-ab0110118c\/pxl_20230304_145122043_2_160.jpg?t=xoxe-4082039038513-5909763746612-5907217023875-336a8277661c30aa211f6bb0466e7c24",
                "thumb_720": "https:\/\/files.slack.com\/files-tmb\/T042E1514F3-F04RYV33RUP-ab0110118c\/pxl_20230304_145122043_2_720.jpg?t=xoxe-4082039038513-5909763746612-5907217023875-336a8277661c30aa211f6bb0466e7c24",
                "thumb_720_w": 463,
                "thumb_720_h": 720,
                "thumb_800": "https:\/\/files.slack.com\/files-tmb\/T042E1514F3-F04RYV33RUP-ab0110118c\/pxl_20230304_145122043_2_800.jpg?t=xoxe-4082039038513-5909763746612-5907217023875-336a8277661c30aa211f6bb0466e7c24",
                "thumb_800_w": 800,
                "thumb_800_h": 1245,
                "thumb_960": "https:\/\/files.slack.com\/files-tmb\/T042E1514F3-F04RYV33RUP-ab0110118c\/pxl_20230304_145122043_2_960.jpg?t=xoxe-4082039038513-5909763746612-5907217023875-336a8277661c30aa211f6bb0466e7c24",
                "thumb_960_w": 617,
                "thumb_960_h": 960,
                "thumb_1024": "https:\/\/files.slack.com\/files-tmb\/T042E1514F3-F04RYV33RUP-ab0110118c\/pxl_20230304_145122043_2_1024.jpg?t=xoxe-4082039038513-5909763746612-5907217023875-336a8277661c30aa211f6bb0466e7c24",
                "thumb_1024_w": 658,
                "thumb_1024_h": 1024,
                "original_w": 1263,
                "original_h": 1966,
                "thumb_tiny": "AwAwAB69mkJqvLcIUxHINxqvhwOWb8qYgnPUepxUfl7Tyc8UpG51BzxzSnrSGSCMBgRmldmKlTtA+tJuQKNu7PqTQroEJbnPTFMQwcZ7HOKaRg4pykFievNMY5Y0hgNxUbupNSBDt64OMcGpQoHQUtIZWQYyD600mpmGGFRGmI\/\/2Q==",
                "permalink": "https:\/\/cyberdefense2022-2023.slack.com\/files\/U042R3B76SC\/F04RYV33RUP\/pxl_20230304_145122043_2.jpg",
                "permalink_public": "https:\/\/slack-files.com\/T042E1514F3-F04RYV33RUP-57b84d2170",
                "is_starred": false,
                "has_rich_preview": false,
                "file_access": "visible"
            }
        ],
        "upload": false,
        "user": "U042R3B76SC",
        "display_as_bot": false,
        "ts": "1677944128.926899",
        "blocks": [
            {
                "type": "rich_text",
                "block_id": "IGiPA",
                "elements": [
                    {
                        "type": "rich_text_section",
                        "elements": [
                            {
                                "type": "text",
                                "text": "Our door is under this sign."
                            }
                        ]
                    }
                ]
            }
        ],
        "client_msg_id": "bfafe469-0a9c-4a3c-8590-5bf15025da32"
    },
    {
        "type": "message",
        "text": "It's the one that says \"Armstrong Centre.\"",
        "files": [
            {
                "id": "F04SDBKE6BV",
                "created": 1677944163,
                "timestamp": 1677944163,
                "name": "PXL_20230304_145152439.MP.jpg",
                "title": "PXL_20230304_145152439.MP.jpg",
                "mimetype": "image\/jpeg",
                "filetype": "jpg",
                "pretty_type": "JPEG",
                "user": "U042R3B76SC",
                "user_team": "T042E1514F3",
                "editable": false,
                "size": 700138,
                "mode": "hosted",
                "is_external": false,
                "external_type": "",
                "is_public": true,
                "public_url_shared": false,
                "display_as_bot": false,
                "username": "",
                "url_private": "https:\/\/files.slack.com\/files-pri\/T042E1514F3-F04SDBKE6BV\/pxl_20230304_145152439.mp.jpg?t=xoxe-4082039038513-5909763746612-5907217023875-336a8277661c30aa211f6bb0466e7c24",
                "url_private_download": "https:\/\/files.slack.com\/files-pri\/T042E1514F3-F04SDBKE6BV\/download\/pxl_20230304_145152439.mp.jpg?t=xoxe-4082039038513-5909763746612-5907217023875-336a8277661c30aa211f6bb0466e7c24",
                "media_display_type": "unknown",
                "thumb_64": "https:\/\/files.slack.com\/files-tmb\/T042E1514F3-F04SDBKE6BV-62d3bc13fb\/pxl_20230304_145152439.mp_64.jpg?t=xoxe-4082039038513-5909763746612-5907217023875-336a8277661c30aa211f6bb0466e7c24",
                "thumb_80": "https:\/\/files.slack.com\/files-tmb\/T042E1514F3-F04SDBKE6BV-62d3bc13fb\/pxl_20230304_145152439.mp_80.jpg?t=xoxe-4082039038513-5909763746612-5907217023875-336a8277661c30aa211f6bb0466e7c24",
                "thumb_360": "https:\/\/files.slack.com\/files-tmb\/T042E1514F3-F04SDBKE6BV-62d3bc13fb\/pxl_20230304_145152439.mp_360.jpg?t=xoxe-4082039038513-5909763746612-5907217023875-336a8277661c30aa211f6bb0466e7c24",
                "thumb_360_w": 360,
                "thumb_360_h": 271,
                "thumb_480": "https:\/\/files.slack.com\/files-tmb\/T042E1514F3-F04SDBKE6BV-62d3bc13fb\/pxl_20230304_145152439.mp_480.jpg?t=xoxe-4082039038513-5909763746612-5907217023875-336a8277661c30aa211f6bb0466e7c24",
                "thumb_480_w": 480,
                "thumb_480_h": 361,
                "thumb_160": "https:\/\/files.slack.com\/files-tmb\/T042E1514F3-F04SDBKE6BV-62d3bc13fb\/pxl_20230304_145152439.mp_160.jpg?t=xoxe-4082039038513-5909763746612-5907217023875-336a8277661c30aa211f6bb0466e7c24",
                "thumb_720": "https:\/\/files.slack.com\/files-tmb\/T042E1514F3-F04SDBKE6BV-62d3bc13fb\/pxl_20230304_145152439.mp_720.jpg?t=xoxe-4082039038513-5909763746612-5907217023875-336a8277661c30aa211f6bb0466e7c24",
                "thumb_720_w": 720,
                "thumb_720_h": 542,
                "thumb_800": "https:\/\/files.slack.com\/files-tmb\/T042E1514F3-F04SDBKE6BV-62d3bc13fb\/pxl_20230304_145152439.mp_800.jpg?t=xoxe-4082039038513-5909763746612-5907217023875-336a8277661c30aa211f6bb0466e7c24",
                "thumb_800_w": 800,
                "thumb_800_h": 602,
                "thumb_960": "https:\/\/files.slack.com\/files-tmb\/T042E1514F3-F04SDBKE6BV-62d3bc13fb\/pxl_20230304_145152439.mp_960.jpg?t=xoxe-4082039038513-5909763746612-5907217023875-336a8277661c30aa211f6bb0466e7c24",
                "thumb_960_w": 960,
                "thumb_960_h": 723,
                "thumb_1024": "https:\/\/files.slack.com\/files-tmb\/T042E1514F3-F04SDBKE6BV-62d3bc13fb\/pxl_20230304_145152439.mp_1024.jpg?t=xoxe-4082039038513-5909763746612-5907217023875-336a8277661c30aa211f6bb0466e7c24",
                "thumb_1024_w": 1024,
                "thumb_1024_h": 771,
                "original_w": 4080,
                "original_h": 3072,
                "thumb_tiny": "AwAkADB4mij4RaQ3LHocfSqRGKVSfUCgC35hPekLE+tRgjbnJx+NJlTgjJy2KAH556imk\/X8qTeiNwGyKcm2QE4PXuaAGFGP8JP4UFDtPGDxV41WlUkPhSfm9KAI3Q+Qnrk0sakKm7vJUjAeVHn0NOQZEf8Av0AViAWkyD3x71NZqCjcY+bv9Kaw5P3evcVNbj5D0Bz2oAlACngZ+tTYHpUR61N2oAjdFPUA\/Wo2RUeMKMDJNTP2qKT\/AFsf1oApseT9asW3+rP1qs33j9as23+rP1oA\/9k=",
                "permalink": "https:\/\/cyberdefense2022-2023.slack.com\/files\/U042R3B76SC\/F04SDBKE6BV\/pxl_20230304_145152439.mp.jpg",
                "permalink_public": "https:\/\/slack-files.com\/T042E1514F3-F04SDBKE6BV-77eec05f8f",
                "is_starred": false,
                "has_rich_preview": false,
                "file_access": "visible"
            }
        ],
        "upload": false,
        "user": "U042R3B76SC",
        "display_as_bot": false,
        "ts": "1677944173.223189",
        "blocks": [
            {
                "type": "rich_text",
                "block_id": "0\/9",
                "elements": [
                    {
                        "type": "rich_text_section",
                        "elements": [
                            {
                                "type": "text",
                                "text": "It's the one that says \"Armstrong Centre.\""
                            }
                        ]
                    }
                ]
            }
        ],
        "client_msg_id": "ea2616a2-61ea-431d-b607-21843c016e2e"
    },
    {
        "client_msg_id": "8b7b3648-a123-4b4e-846b-f78394a47138",
        "type": "message",
        "text": "Text me when you're close so I can be down there to let you in.",
        "user": "U042R3B76SC",
        "ts": "1677944205.928469",
        "blocks": [
            {
                "type": "rich_text",
                "block_id": "Vwc",
                "elements": [
                    {
                        "type": "rich_text_section",
                        "elements": [
                            {
                                "type": "text",
                                "text": "Text me when you're close so I can be down there to let you in."
                            }
                        ]
                    }
                ]
            }
        ],
        "team": "T042E1514F3",
        "user_team": "T042E1514F3",
        "source_team": "T042E1514F3",
        "user_profile": {
            "avatar_hash": "g6730f37144b",
            "image_72": "https:\/\/secure.gravatar.com\/avatar\/6730f37144bd6ae505b97012a7f22a66.jpg?s=72&d=https%3A%2F%2Fa.slack-edge.com%2Fdf10d%2Fimg%2Favatars%2Fava_0006-72.png",
            "first_name": "chris",
            "real_name": "chris",
            "display_name": "",
            "team": "T042E1514F3",
            "name": "chris",
            "is_restricted": false,
            "is_ultra_restricted": false
        }
    }
]