[
    {
        "client_msg_id": "6e388ae0-233d-4d27-b462-ed11ee8702e1",
        "type": "message",
        "text": "Hi everybody, and congratulations again on doing so well on Saturday!\n\nIowa State has sent out an invitation for another CDC that will be on May 22nd. This one is an international competition that will include students from Kosovo! I told them that we would like to send a team, just based on the fact that Dan Tice gets these emails also and he and Michael had already reached out to me.\n\nTristan and Anna, is this something you would be interested in also?",
        "user": "U042R3B76SC",
        "ts": "1682360875.604279",
        "blocks": [
            {
                "type": "rich_text",
                "block_id": "T4WQA",
                "elements": [
                    {
                        "type": "rich_text_section",
                        "elements": [
                            {
                                "type": "text",
                                "text": "Hi everybody, and congratulations again on doing so well on Saturday!\n\nIowa State has sent out an invitation for another CDC that will be on May 22nd. This one is an international competition that will include students from Kosovo! I told them that we would like to send a team, just based on the fact that Dan Tice gets these emails also and he and Michael had already reached out to me.\n\nTristan and Anna, is this something you would be interested in also?"
                            }
                        ]
                    }
                ]
            }
        ],
        "team": "T042E1514F3",
        "user_team": "T042E1514F3",
        "source_team": "T042E1514F3",
        "user_profile": {
            "avatar_hash": "g6730f37144b",
            "image_72": "https:\/\/secure.gravatar.com\/avatar\/6730f37144bd6ae505b97012a7f22a66.jpg?s=72&d=https%3A%2F%2Fa.slack-edge.com%2Fdf10d%2Fimg%2Favatars%2Fava_0006-72.png",
            "first_name": "chris",
            "real_name": "chris",
            "display_name": "",
            "team": "T042E1514F3",
            "name": "chris",
            "is_restricted": false,
            "is_ultra_restricted": false
        },
        "thread_ts": "1682360875.604279",
        "reply_count": 2,
        "reply_users_count": 2,
        "latest_reply": "1682373246.468369",
        "reply_users": [
            "U042R51RY2C",
            "U042U2F450R"
        ],
        "replies": [
            {
                "user": "U042R51RY2C",
                "ts": "1682369259.068799"
            },
            {
                "user": "U042U2F450R",
                "ts": "1682373246.468369"
            }
        ],
        "is_locked": false,
        "subscribed": true,
        "last_read": "1682373246.468369",
        "reactions": [
            {
                "name": "flag-xk",
                "users": [
                    "U042R3B76SC"
                ],
                "count": 1
            }
        ]
    },
    {
        "client_msg_id": "18A80365-EEB9-4976-8BF6-D1BF2AE7E364",
        "type": "message",
        "text": "I don’t care, if Anna and Michael are willing I am too!",
        "user": "U042R51RY2C",
        "ts": "1682369259.068799",
        "blocks": [
            {
                "type": "rich_text",
                "block_id": "YjZ",
                "elements": [
                    {
                        "type": "rich_text_section",
                        "elements": [
                            {
                                "type": "text",
                                "text": "I "
                            },
                            {
                                "type": "text",
                                "text": "don’t"
                            },
                            {
                                "type": "text",
                                "text": " care, if Anna and Michael are willing I am too!"
                            }
                        ]
                    }
                ]
            }
        ],
        "team": "T042E1514F3",
        "user_team": "T042E1514F3",
        "source_team": "T042E1514F3",
        "user_profile": {
            "avatar_hash": "g24c32288d4d",
            "image_72": "https:\/\/secure.gravatar.com\/avatar\/24c32288d4dbbf5694cc5c9609ec1853.jpg?s=72&d=https%3A%2F%2Fa.slack-edge.com%2Fdf10d%2Fimg%2Favatars%2Fava_0017-72.png",
            "first_name": "Tristan",
            "real_name": "Tristan Ribble",
            "display_name": "",
            "team": "T042E1514F3",
            "name": "tmribble07",
            "is_restricted": false,
            "is_ultra_restricted": false
        },
        "thread_ts": "1682360875.604279",
        "parent_user_id": "U042R3B76SC",
        "reactions": [
            {
                "name": "+1::skin-tone-2",
                "users": [
                    "U042R3B76SC"
                ],
                "count": 1
            }
        ]
    },
    {
        "client_msg_id": "c7b8b3e6-4b3a-42a1-93cf-b5a306629b33",
        "type": "message",
        "text": "I am interested, but I need to talk to my parents about it.",
        "user": "U042U2F450R",
        "ts": "1682373246.468369",
        "blocks": [
            {
                "type": "rich_text",
                "block_id": "k9Qp2",
                "elements": [
                    {
                        "type": "rich_text_section",
                        "elements": [
                            {
                                "type": "text",
                                "text": "I am interested, but I need to talk to my parents about it."
                            }
                        ]
                    }
                ]
            }
        ],
        "team": "T042E1514F3",
        "user_team": "T042E1514F3",
        "source_team": "T042E1514F3",
        "user_profile": {
            "avatar_hash": "gff8e94624db",
            "image_72": "https:\/\/secure.gravatar.com\/avatar\/ff8e94624db08a84843122675f06ea92.jpg?s=72&d=https%3A%2F%2Fa.slack-edge.com%2Fdf10d%2Fimg%2Favatars%2Fava_0004-72.png",
            "first_name": "Anna",
            "real_name": "Anna",
            "display_name": "Anna",
            "team": "T042E1514F3",
            "name": "annam45",
            "is_restricted": false,
            "is_ultra_restricted": false
        },
        "edited": {
            "user": "U042U2F450R",
            "ts": "1682373944.000000"
        },
        "thread_ts": "1682360875.604279",
        "parent_user_id": "U042R3B76SC",
        "reactions": [
            {
                "name": "+1::skin-tone-2",
                "users": [
                    "U042R3B76SC"
                ],
                "count": 1
            }
        ]
    }
]