[
    {
        "client_msg_id": "3d1af99d-6ef0-4591-9fc6-ee75ba43e2df",
        "type": "message",
        "text": "Just like last week, please use the north door and call me at <tel:3199811997|319-981-1997> and I will come let you in. We will probably need to use the north door for the remainder of our time at GoDaddy.\n\nI got an update from the IT people who are getting ready for the move downtown. We expect to move around the end of February. The space will be much smaller (36 workstations) but there will still be a conference room for us.\n\nFinal announcement: I will be unable to meet next week, so our next meeting will be January 28th.",
        "user": "U042R3B76SC",
        "ts": "1673709643.830679",
        "blocks": [
            {
                "type": "rich_text",
                "block_id": "20m",
                "elements": [
                    {
                        "type": "rich_text_section",
                        "elements": [
                            {
                                "type": "text",
                                "text": "Just like last week, please use the north door and call me at "
                            },
                            {
                                "type": "link",
                                "url": "tel:3199811997",
                                "text": "319-981-1997"
                            },
                            {
                                "type": "text",
                                "text": " and I will come let you in. We will probably need to use the north door for the remainder of our time at GoDaddy.\n\nI got an update from the IT people who are getting ready for the move downtown. We expect to move around the end of February. The space will be much smaller (36 workstations) but there will still be a conference room for us.\n\nFinal announcement: I will be unable to meet next week, so our next meeting will be January 28th."
                            }
                        ]
                    }
                ]
            }
        ],
        "team": "T042E1514F3",
        "user_team": "T042E1514F3",
        "source_team": "T042E1514F3",
        "user_profile": {
            "avatar_hash": "g6730f37144b",
            "image_72": "https:\/\/secure.gravatar.com\/avatar\/6730f37144bd6ae505b97012a7f22a66.jpg?s=72&d=https%3A%2F%2Fa.slack-edge.com%2Fdf10d%2Fimg%2Favatars%2Fava_0006-72.png",
            "first_name": "chris",
            "real_name": "chris",
            "display_name": "",
            "team": "T042E1514F3",
            "name": "chris",
            "is_restricted": false,
            "is_ultra_restricted": false
        }
    }
]