[
    {
        "client_msg_id": "118bc50b-d5de-470f-a92b-b06d3d8eae53",
        "type": "message",
        "text": "I will be leaving home in a couple of minutes. Don't forget that if you get there ahead of me, you can wait inside the food court to stay out of the wind.",
        "user": "U042R3B76SC",
        "ts": "1680359572.407709",
        "blocks": [
            {
                "type": "rich_text",
                "block_id": "I2F",
                "elements": [
                    {
                        "type": "rich_text_section",
                        "elements": [
                            {
                                "type": "text",
                                "text": "I will be leaving home in a couple of minutes. Don't forget that if you get there ahead of me, you can wait inside the food court to stay out of the wind."
                            }
                        ]
                    }
                ]
            }
        ],
        "team": "T042E1514F3",
        "user_team": "T042E1514F3",
        "source_team": "T042E1514F3",
        "user_profile": {
            "avatar_hash": "g6730f37144b",
            "image_72": "https:\/\/secure.gravatar.com\/avatar\/6730f37144bd6ae505b97012a7f22a66.jpg?s=72&d=https%3A%2F%2Fa.slack-edge.com%2Fdf10d%2Fimg%2Favatars%2Fava_0006-72.png",
            "first_name": "chris",
            "real_name": "chris",
            "display_name": "",
            "team": "T042E1514F3",
            "name": "chris",
            "is_restricted": false,
            "is_ultra_restricted": false
        }
    }
]