[
    {
        "type": "message",
        "text": "",
        "files": [
            {
                "id": "F05946QNACR",
                "created": 1684648722,
                "timestamp": 1684648681,
                "name": "Fwd: Parking for Monday CDC",
                "title": "Fwd: Parking for Monday CDC",
                "mimetype": "text\/html",
                "filetype": "email",
                "pretty_type": "Email",
                "user": "USLACKBOT",
                "user_team": "T042E1514F3",
                "editable": true,
                "size": 286403,
                "mode": "email",
                "is_external": false,
                "external_type": "",
                "is_public": true,
                "public_url_shared": false,
                "display_as_bot": true,
                "username": "Email",
                "url_private": "https:\/\/files.slack.com\/files-pri\/T042E1514F3-F05946QNACR\/fwd__parking_for_monday_cdc?t=xoxe-4082039038513-5909763746612-5907217023875-336a8277661c30aa211f6bb0466e7c24",
                "url_private_download": "https:\/\/files.slack.com\/files-pri\/T042E1514F3-F05946QNACR\/download\/fwd__parking_for_monday_cdc?t=xoxe-4082039038513-5909763746612-5907217023875-336a8277661c30aa211f6bb0466e7c24",
                "permalink": "https:\/\/cyberdefense2022-2023.slack.com\/files\/USLACKBOT\/F05946QNACR\/fwd__parking_for_monday_cdc",
                "permalink_public": "https:\/\/slack-files.com\/T042E1514F3-F05946QNACR-69eff03b6d",
                "subject": "Fwd: Parking for Monday CDC",
                "to": [
                    {
                        "address": "",
                        "name": "Email",
                        "original": "Email <>"
                    }
                ],
                "from": [
                    {
                        "address": "chris@databaseguy.com",
                        "name": "Chris Leonard",
                        "original": "Chris Leonard <chris@databaseguy.com>"
                    }
                ],
                "cc": [],
                "attachments": [
                    {
                        "filename": "CDC Parking 5-22-23.pdf",
                        "size": 268612,
                        "mimetype": "application\/pdf",
                        "url": "https:\/\/files-origin.slack.com\/files-email-priv\/T042E1514F3-F05946QNACR-06cbf65e66-7039d5f8\/cdc_parking_5-22-23.pdf",
                        "metadata": null
                    }
                ],
                "original_attachment_count": 1,
                "plain_text": "Since this CDC is on a weekday, we need parking passes. Please print the\r\none attached, and put it on your car's dashboard when you park in lot 23 in\r\nAmes on Monday.\r\n\r\nThanks,\r\nChris\r\n\r\n---------- Forwarded message ---------\r\nFrom: Foster, Lindsay [E CPE] <lfoster1@iastate.edu>\r\nDate: Thu, May 18, 2023 at 10:40 AM\r\nSubject: Parking for Monday CDC\r\nTo: @sky.kaptin <chris@databaseguy.com>, danielstice@gmail.com <\r\ndanielstice@gmail.com>, Timothy Petersen <tcpetersen@msn.com>, Kyle Kuhlers\r\n<kuhlersk@waterlooschools.org>, landajason@pleasval.org <\r\nlandajason@pleasval.org>, Tierney, Michael <Michael.Tierney@dmschools.org>,\r\nSarah Jacques <jacquess@urbandaleschools.com>, Nicholas Roughton <\r\nnickroughton@gmail.com>, Hoffmann, Jeremy L <jlhoffmann1@dmacc.edu>, Shawn\r\nLampe <Shawn.Lampe@kirkwood.edu>\r\n\r\n\r\nHello!\r\n\r\n\r\n\r\nI’ve attached the parking pass for Monday, please print it out and place it\r\non your dash. You may park in lot 23 across from Coover Hall:\r\nhttps:\/\/www.fpm.iastate.edu\/maps\/?layer=parking&ycenter=2039&xcenter=1753&zoom=2\r\n\r\n\r\n\r\n\r\n\r\nThank you,\r\n\r\n\r\n\r\nLindsay\r\n\r\n\r\n\r\n\r\n\r\n*Lindsay Foster* (she\/her) <https:\/\/www.diversity.iastate.edu\/pronouns>\r\n\r\nProgram Specialist\r\n\r\nCenter for Cybersecurity Innovation and Outreach\r\n\r\nIowa State University\r\n\r\nOffice: 371 Durham Hall\r\n\r\nMail: 2215 Coover Hall\r\n\r\n(515) 294-0659\r\n\r\nwww.cyio.iastate.edu\r\n\r\n\r\n\r\n\r\n\r\n*Please note, I do not expect a reply outside of business hours or on\r\nweekends.*",
                "preview": "<div>Since this CDC is on a weekday, we need parking passes. Please print the one attached, and put it on your car's dashboard when you park in lot 23 in Ames on Monday.<div><br><\/div>\n<div>Thanks,<\/div>\n<div>Chris<br><br><div>\n<div>---------- Forwarded message ---------<br>From: Foster, Lindsay [E CPE] <span>&lt;<a href=\"mailto:lfoster1@iastate.edu\" rel=\"noopener noreferrer\">lfoster1@iastate.edu<\/a>&gt;<\/span><br>Date: Thu, May 18, 2023 at 10:40&#8239;AM<br>Subject: Parking for Monday CDC<br>To: @sky.kaptin &lt;<a href=\"mailto:chris@databaseguy.com\" rel=\"noopener noreferrer\">chris@databaseguy.com<\/a>&gt;, <a href=\"mailto:danielstice@gmail.com\" rel=\"noopener noreferrer\">danielstice@gmail.com<\/a> &lt;<a href=\"mailto:danielstice@gmail.com\" rel=\"noopener noreferrer\">danielstice@gmail.com<\/a>&gt;, Timothy Petersen &lt;<a href=\"mailto:tcpetersen@msn.com\" rel=\"noopener noreferrer\">tcpetersen@msn.com<\/a>&gt;, Kyle Kuhlers &lt;<a href=\"mailto:kuhlersk@waterlooschools.org\" rel=\"noopener noreferrer\">kuhlersk@waterlooschools.org<\/a>&gt;, <a href=\"mailto:landajason@pleasval.org\" rel=\"noopener noreferrer\">landajason@pleasval.org<\/a> &lt;<a href=\"mailto:landajason@pleasval.org\" rel=\"noopener noreferrer\">landajason@pleasval.org<\/a>&gt;, Tierney, Michael &lt;<a href=\"mailto:Michael.Tierney@dmschools.org\" rel=\"noopener noreferrer\">Michael.Tierney@dmschools.org<\/a>&gt;, Sarah Jacques &lt;<a href=\"mailto:jacquess@urbandaleschools.com\" rel=\"noopener noreferrer\">jacquess@urbandaleschools.com<\/a>&gt;, Nicholas Roughton &lt;<a href=\"mailto:nickroughton@gmail.com\" rel=\"noopener noreferrer\">nickroughton@gmail.com<\/a>&gt;, Hoffmann, Jeremy L &lt;<a href=\"mailto:jlhoffmann1@dmacc.edu\" rel=\"noopener noreferrer\">jlhoffmann1@dmacc.edu<\/a>&gt;, Shawn Lampe &lt;<a href=\"mailto:Shawn.Lampe@kirkwood.edu\" rel=\"noopener noreferrer\">Shawn.Lampe@kirkwood.edu<\/a>&gt;<br><\/div>\n<br><br><div>\n\n\n\n\n\n<div style=\"word-wrap: break-word;\">\n<div>\n<p>Hello!<span><u><\/u><u><\/u><\/span><\/p>\n<p><u><\/u> <u><\/u><\/p>\n<p>I&rsquo;ve attached the parking pass for Monday, please print it out and place it on your dash. You may park in lot 23 across from Coover Hall:\n<a href=\"https:\/\/www.fpm.iastate.edu\/maps\/?layer=parking&amp;ycenter=2039&amp;xcenter=1753&amp;zoom=2\" rel=\"noopener noreferrer\">\nhttps:\/\/www.fpm.iastate.edu\/maps\/?layer=parking&amp;ycenter=2039&amp;xcenter=1753&amp;zoom=2<\/a><u><\/u><u><\/u><\/p>\n<p><u><\/u> <u><\/u><\/p>\n<p><u><\/u> <u><\/u><\/p>\n<p>Thank you,<u><\/u><u><\/u><\/p>\n<p><u><\/u> <u><\/u><\/p>\n<p>Lindsay <u><\/u><u><\/u><\/p>\n<p><u><\/u> <u><\/u><\/p>\n<p><b><span style=\"color: #c00000; font-size: 16.0pt;\"><u><\/u> <u><\/u><\/span><\/b><\/p>\n<p><b><span style=\"color: #c00000; font-size: 16.0pt;\">Lindsay Foster<\/span><\/b><span style=\"color: #c00000; font-size: 16.0pt;\">&nbsp;<\/span><span style=\"color: #c00000;\"><a href=\"https:\/\/www.diversity.iastate.edu\/pronouns\" rel=\"noopener noreferrer\"><span style=\"color: #0563c1;\">(she\/her)<\/span><\/a><u><\/u><u><\/u><\/span><\/p>\n<p><span style=\"color: black; font-size: 12.0pt;\">Program Specialist<\/span><span style=\"color: black;\"><u><\/u><u><\/u><\/span><\/p>\n<p><span style=\"color: black; font-size: 12.0pt;\">Center for Cybersecurity Innovation and Outreach<\/span><span style=\"color: black;\"><u><\/u><u><\/u><\/span><\/p>\n<p><span style=\"color: black; font-size: 12.0pt;\">Iowa State University<\/span><span style=\"color: black;\"><u><\/u><u><\/u><\/span><\/p>\n<p><span style=\"color: black; font-size: 12.0pt;\">Office: 371 Durham Hall<u><\/u><u><\/u><\/span><\/p>\n<p><span style=\"color: black; font-size: 12.0pt;\">Mail: 2215 Coover Hall<u><\/u><u><\/u><\/span><\/p>\n<p><span style=\"color: black; font-size: 12.0pt;\">(515) 294-0659<\/span><span style=\"color: black;\"><u><\/u><u><\/u><\/span><\/p>\n<p><span style=\"color: black; font-size: 12.0pt;\"><a href=\"https:\/\/www.cyio.iastate.edu\/\" title=\"https:\/\/www.cyio.iastate.edu\/\" rel=\"noopener noreferrer\"><span style=\"color: #0563c1;\">www.cyio.iastate.edu<\/span><\/a><\/span><span><u><\/u><u><\/u><\/span><\/p>\n<p><span><u><\/u> <u><\/u><\/span><\/p>\n<p><span><u><\/u> <u><\/u><\/span><\/p>\n<p><span style=\"color: #c00000; font-size: 12.0pt;\">*Please note, I do not expect a reply outside of business hours or on weekends.*<u><\/u><u><\/u><\/span><\/p>\n<p><u><\/u> <u><\/u><\/p>\n<\/div>\n<\/div>\n\n<\/div>\n<\/div>\n<\/div>\n<\/div>",
                "preview_plain_text": "Since this CDC is on a weekday, we need parking passes. Please print the\r\none attached, and put it on your car's dashboard when you park in lot 23 in\r\nAmes on Monday.\r\n\r\nThanks,\r\nChris\r\n\r\n---------- Forwarded message ---------\r\nFrom: Foster, Lindsay [E CPE] \r\nDate: Thu, May 18, 2023 at 10:40 AM\r\nSubject: Parking for Monday CDC\r\nTo: @sky.kaptin ,  <\r\n, Timothy Petersen , Kyle Kuhlers\r\n,  <\r\n, Tierney, Michael ,\r\nSarah Jacques , Nicholas Roughton <\r\n, Hoffmann, Jeremy L , Shawn\r\nLampe \r\n\r\n\r\nHello!",
                "headers": {
                    "date": "Sun, 21 May 2023 00:58:01 -0500",
                    "in_reply_to": "<DM6PR04MB3850462662571C7D90B868B89B7F9@DM6PR04MB3850.namprd04.prod.outlook.com>",
                    "reply_to": null,
                    "message_id": "<CA+Bq6mcZadTnT0z-p1EtX+CC08HFfOv_kFY25TzEZEcQyc6boQ@mail.gmail.com>"
                },
                "has_more": false,
                "sent_to_self": false,
                "bot_id": "B055W5NLL3T",
                "is_starred": false,
                "has_rich_preview": false,
                "file_access": "visible"
            }
        ],
        "upload": true,
        "user": "USLACKBOT",
        "display_as_bot": true,
        "bot_id": "B055W5NLL3T",
        "ts": "1684648722.881029"
    }
]