[
    {
        "type": "message",
        "text": "",
        "files": [
            {
                "id": "F057FRH4LES",
                "created": 1684014759,
                "timestamp": 1684014718,
                "name": "Fwd: RDP",
                "title": "Fwd: RDP",
                "mimetype": "text\/html",
                "filetype": "email",
                "pretty_type": "Email",
                "user": "USLACKBOT",
                "user_team": "T042E1514F3",
                "editable": true,
                "size": 10480,
                "mode": "email",
                "is_external": false,
                "external_type": "",
                "is_public": true,
                "public_url_shared": false,
                "display_as_bot": true,
                "username": "Email",
                "url_private": "https:\/\/files.slack.com\/files-pri\/T042E1514F3-F057FRH4LES\/fwd__rdp?t=xoxe-4082039038513-5909763746612-5907217023875-336a8277661c30aa211f6bb0466e7c24",
                "url_private_download": "https:\/\/files.slack.com\/files-pri\/T042E1514F3-F057FRH4LES\/download\/fwd__rdp?t=xoxe-4082039038513-5909763746612-5907217023875-336a8277661c30aa211f6bb0466e7c24",
                "permalink": "https:\/\/cyberdefense2022-2023.slack.com\/files\/USLACKBOT\/F057FRH4LES\/fwd__rdp",
                "permalink_public": "https:\/\/slack-files.com\/T042E1514F3-F057FRH4LES-ef977be200",
                "subject": "Fwd: RDP",
                "to": [
                    {
                        "address": "",
                        "name": "Email",
                        "original": "Email <>"
                    }
                ],
                "from": [
                    {
                        "address": "chris@databaseguy.com",
                        "name": "Chris Leonard",
                        "original": "Chris Leonard <chris@databaseguy.com>"
                    }
                ],
                "cc": [],
                "attachments": [],
                "original_attachment_count": 0,
                "plain_text": "Iowa State says that the RDP (Remote Desktop) servers are delayed. They say\r\nwe can build our own if we'd like. My advice is to balance the thought of\r\nbuilding a \"clean\" RDP server with the reality that we already have a lot\r\nto do on the other servers.\r\n\r\nHowever, maybe this is something Anna and I could setup, like the git\r\nserver for the last CDC. I won't do anything until we talk as a group next\r\nweek.\r\n\r\n---------- Forwarded message ---------\r\nFrom: ISU CDC Signup <cdc_support@iastate.edu>\r\nDate: Fri, May 12, 2023 at 5:31 PM\r\nSubject: RDP\r\nTo: CDC Support <cdc_support@iastate.edu>\r\n\r\n\r\nHello BlueTeam,\r\n\r\nDue to technical Difficulties WhiteTeam has been unable to successfully\r\ndeploy the RDP VM to teams. WhiteTeam hopes to deploy this to all teams by\r\nMonday morning.\r\n\r\nIf you are pushing forward and do not wish to wait until then you are\r\nallowed to set up an RDP yourselves.\r\n\r\nMUSTS:\r\n*Windows Server 2016\r\n*IP last 8 octets must be 70 --> X.X.X.70\r\n*Appropriate users must be able to RDP into the RDP box\r\n*Number of allowed private sessions must be Max allowed by windows\r\n\r\nRDP creation is as simple as setting installing windows server 2016 and\r\ngoogling \"Setting up multiple private RDP sessions\"\r\nThis link should be enough though.\r\nhttps:\/\/tecadmin.net\/how-to-enable-multiple-rdp-sessions-on-windows-server\/\r\n\r\nFurther set up will be similar to that of unprovided VMs in terms of\r\nnetwork settings, after that Please refer to the Scenario Doc.\r\n\r\nIf you do not wish to set up this box and choose to wait until it can be\r\ndeploy email cdc_support@iastate.edu with your team Name and number.",
                "preview": "<div>Iowa State says that the RDP (Remote Desktop) servers are delayed. They say we can build our own if we'd like. My advice is to balance the thought of building a \"clean\" RDP server with the reality that we already have a lot to do on the other servers. <div><br><\/div>\n<div>However, maybe this is something Anna and I could setup, like the git server for the last CDC. I won't do anything until we talk as a group next week.<br><br><div>\n<div>---------- Forwarded message ---------<br>From: ISU CDC Signup <span>&lt;<a href=\"mailto:cdc_support@iastate.edu\" rel=\"noopener noreferrer\">cdc_support@iastate.edu<\/a>&gt;<\/span><br>Date: Fri, May 12, 2023 at 5:31&#8239;PM<br>Subject: RDP<br>To: CDC Support &lt;<a href=\"mailto:cdc_support@iastate.edu\" rel=\"noopener noreferrer\">cdc_support@iastate.edu<\/a>&gt;<br><\/div>\n<br><br>Hello BlueTeam,<br><br>\nDue to technical Difficulties WhiteTeam has been unable to successfully deploy the RDP VM to teams. WhiteTeam hopes to deploy this to all teams by Monday morning. <br><br>\nIf you are pushing forward and do not wish to wait until then you are allowed to set up an RDP yourselves. <br><br>\nMUSTS:<br>\n*Windows Server 2016<br>\n*IP last 8 octets must be 70 --&gt; X.X.X.70<br>\n*Appropriate users must be able to RDP into the RDP box<br>\n*Number of allowed private sessions must be Max allowed by windows<br><br>\nRDP creation is as simple as setting installing windows server 2016 and googling \"Setting up multiple private RDP sessions\" <br>\nThis link should be enough though. <br><a href=\"https:\/\/tecadmin.net\/how-to-enable-multiple-rdp-sessions-on-windows-server\/\" rel=\"noopener noreferrer\">https:\/\/tecadmin.net\/how-to-enable-multiple-rdp-sessions-on-windows-server\/<\/a><br><br>\nFurther set up will be similar to that of unprovided VMs in terms of network settings, after that Please refer to the Scenario Doc.<br><br>\nIf you do not wish to set up this box and choose to wait until it can be deploy email <a href=\"mailto:cdc_support@iastate.edu\" rel=\"noopener noreferrer\">cdc_support@iastate.edu<\/a> with your team Name and number. <br><\/div>\n<\/div>\n<\/div>",
                "preview_plain_text": "Iowa State says that the RDP (Remote Desktop) servers are delayed. They say\r\nwe can build our own if we'd like. My advice is to balance the thought of\r\nbuilding a \"clean\" RDP server with the reality that we already have a lot\r\nto do on the other servers.\r\n\r\nHowever, maybe this is something Anna and I could setup, like the git\r\nserver for the last CDC. I won't do anything until we talk as a group next\r\nweek.\r\n\r\n---------- Forwarded message ---------\r\nFrom: ISU CDC Signup \r\nDate: Fri, May 12, 2023",
                "headers": {
                    "date": "Sat, 13 May 2023 16:51:58 -0500",
                    "in_reply_to": "<KM4SATDCXJU4.872171HU89O11@signup>",
                    "reply_to": null,
                    "message_id": "<CA+Bq6mdf8j9p=eouysSN5JC19CequR6w=9T3_P3y7uRP5nA4Vg@mail.gmail.com>"
                },
                "has_more": false,
                "sent_to_self": false,
                "bot_id": "B055W5NLL3T",
                "is_starred": false,
                "has_rich_preview": false,
                "file_access": "visible"
            }
        ],
        "upload": true,
        "user": "USLACKBOT",
        "display_as_bot": true,
        "bot_id": "B055W5NLL3T",
        "ts": "1684014759.914289"
    },
    {
        "client_msg_id": "c2b32021-551d-444d-8057-cf2ef2e2492b",
        "type": "message",
        "text": "<!channel> ^ let's discuss this the first time we meet next week.",
        "user": "U042R3B76SC",
        "ts": "1684014797.106459",
        "blocks": [
            {
                "type": "rich_text",
                "block_id": "PfLFg",
                "elements": [
                    {
                        "type": "rich_text_section",
                        "elements": [
                            {
                                "type": "broadcast",
                                "range": "channel"
                            },
                            {
                                "type": "text",
                                "text": " ^ let's discuss this the first time we meet next week."
                            }
                        ]
                    }
                ]
            }
        ],
        "team": "T042E1514F3",
        "user_team": "T042E1514F3",
        "source_team": "T042E1514F3",
        "user_profile": {
            "avatar_hash": "g6730f37144b",
            "image_72": "https:\/\/secure.gravatar.com\/avatar\/6730f37144bd6ae505b97012a7f22a66.jpg?s=72&d=https%3A%2F%2Fa.slack-edge.com%2Fdf10d%2Fimg%2Favatars%2Fava_0006-72.png",
            "first_name": "chris",
            "real_name": "chris",
            "display_name": "",
            "team": "T042E1514F3",
            "name": "chris",
            "is_restricted": false,
            "is_ultra_restricted": false
        }
    }
]