[
    {
        "type": "message",
        "text": "My schedule this week.",
        "files": [
            {
                "id": "F053F6N68AJ",
                "created": 1681764139,
                "timestamp": 1681764139,
                "name": "image.png",
                "title": "image.png",
                "mimetype": "image\/png",
                "filetype": "png",
                "pretty_type": "PNG",
                "user": "U042R3B76SC",
                "user_team": "T042E1514F3",
                "editable": false,
                "size": 145719,
                "mode": "hosted",
                "is_external": false,
                "external_type": "",
                "is_public": true,
                "public_url_shared": false,
                "display_as_bot": false,
                "username": "",
                "url_private": "https:\/\/files.slack.com\/files-pri\/T042E1514F3-F053F6N68AJ\/image.png?t=xoxe-4082039038513-5909763746612-5907217023875-336a8277661c30aa211f6bb0466e7c24",
                "url_private_download": "https:\/\/files.slack.com\/files-pri\/T042E1514F3-F053F6N68AJ\/download\/image.png?t=xoxe-4082039038513-5909763746612-5907217023875-336a8277661c30aa211f6bb0466e7c24",
                "media_display_type": "unknown",
                "thumb_64": "https:\/\/files.slack.com\/files-tmb\/T042E1514F3-F053F6N68AJ-da890f4104\/image_64.png?t=xoxe-4082039038513-5909763746612-5907217023875-336a8277661c30aa211f6bb0466e7c24",
                "thumb_80": "https:\/\/files.slack.com\/files-tmb\/T042E1514F3-F053F6N68AJ-da890f4104\/image_80.png?t=xoxe-4082039038513-5909763746612-5907217023875-336a8277661c30aa211f6bb0466e7c24",
                "thumb_360": "https:\/\/files.slack.com\/files-tmb\/T042E1514F3-F053F6N68AJ-da890f4104\/image_360.png?t=xoxe-4082039038513-5909763746612-5907217023875-336a8277661c30aa211f6bb0466e7c24",
                "thumb_360_w": 360,
                "thumb_360_h": 266,
                "thumb_480": "https:\/\/files.slack.com\/files-tmb\/T042E1514F3-F053F6N68AJ-da890f4104\/image_480.png?t=xoxe-4082039038513-5909763746612-5907217023875-336a8277661c30aa211f6bb0466e7c24",
                "thumb_480_w": 480,
                "thumb_480_h": 355,
                "thumb_160": "https:\/\/files.slack.com\/files-tmb\/T042E1514F3-F053F6N68AJ-da890f4104\/image_160.png?t=xoxe-4082039038513-5909763746612-5907217023875-336a8277661c30aa211f6bb0466e7c24",
                "thumb_720": "https:\/\/files.slack.com\/files-tmb\/T042E1514F3-F053F6N68AJ-da890f4104\/image_720.png?t=xoxe-4082039038513-5909763746612-5907217023875-336a8277661c30aa211f6bb0466e7c24",
                "thumb_720_w": 720,
                "thumb_720_h": 532,
                "thumb_800": "https:\/\/files.slack.com\/files-tmb\/T042E1514F3-F053F6N68AJ-da890f4104\/image_800.png?t=xoxe-4082039038513-5909763746612-5907217023875-336a8277661c30aa211f6bb0466e7c24",
                "thumb_800_w": 800,
                "thumb_800_h": 592,
                "thumb_960": "https:\/\/files.slack.com\/files-tmb\/T042E1514F3-F053F6N68AJ-da890f4104\/image_960.png?t=xoxe-4082039038513-5909763746612-5907217023875-336a8277661c30aa211f6bb0466e7c24",
                "thumb_960_w": 960,
                "thumb_960_h": 710,
                "thumb_1024": "https:\/\/files.slack.com\/files-tmb\/T042E1514F3-F053F6N68AJ-da890f4104\/image_1024.png?t=xoxe-4082039038513-5909763746612-5907217023875-336a8277661c30aa211f6bb0466e7c24",
                "thumb_1024_w": 1024,
                "thumb_1024_h": 757,
                "original_w": 2046,
                "original_h": 1513,
                "thumb_tiny": "AwAjADC2MCj5c0tFAhuFzSnbR3pe4oC4hxik49qU9KKAFz9aKOPX9aT8aAFpO9GR60ZGRzQD2GlhxgjqKdRn3opglYjpp606mHrSGFFFFAAOtOpo606gD\/\/Z",
                "permalink": "https:\/\/cyberdefense2022-2023.slack.com\/files\/U042R3B76SC\/F053F6N68AJ\/image.png",
                "permalink_public": "https:\/\/slack-files.com\/T042E1514F3-F053F6N68AJ-68a2318979",
                "is_starred": false,
                "has_rich_preview": false,
                "file_access": "visible"
            }
        ],
        "upload": false,
        "user": "U042R3B76SC",
        "display_as_bot": false,
        "ts": "1681764146.417719",
        "blocks": [
            {
                "type": "rich_text",
                "block_id": "l+Lr",
                "elements": [
                    {
                        "type": "rich_text_section",
                        "elements": [
                            {
                                "type": "text",
                                "text": "My schedule this week."
                            }
                        ]
                    }
                ]
            }
        ],
        "client_msg_id": "e308b69c-644a-452c-8175-3f43db0ec792"
    }
]