[
    {
        "type": "message",
        "text": "",
        "files": [
            {
                "id": "F0566QP1B96",
                "created": 1682706298,
                "timestamp": 1682706298,
                "name": "image.png",
                "title": "image.png",
                "mimetype": "image\/png",
                "filetype": "png",
                "pretty_type": "PNG",
                "user": "U042R3B76SC",
                "user_team": "T042E1514F3",
                "editable": false,
                "size": 616284,
                "mode": "hosted",
                "is_external": false,
                "external_type": "",
                "is_public": true,
                "public_url_shared": false,
                "display_as_bot": false,
                "username": "",
                "url_private": "https:\/\/files.slack.com\/files-pri\/T042E1514F3-F0566QP1B96\/image.png?t=xoxe-4082039038513-5909763746612-5907217023875-336a8277661c30aa211f6bb0466e7c24",
                "url_private_download": "https:\/\/files.slack.com\/files-pri\/T042E1514F3-F0566QP1B96\/download\/image.png?t=xoxe-4082039038513-5909763746612-5907217023875-336a8277661c30aa211f6bb0466e7c24",
                "media_display_type": "unknown",
                "thumb_64": "https:\/\/files.slack.com\/files-tmb\/T042E1514F3-F0566QP1B96-cdd66c67fc\/image_64.png?t=xoxe-4082039038513-5909763746612-5907217023875-336a8277661c30aa211f6bb0466e7c24",
                "thumb_80": "https:\/\/files.slack.com\/files-tmb\/T042E1514F3-F0566QP1B96-cdd66c67fc\/image_80.png?t=xoxe-4082039038513-5909763746612-5907217023875-336a8277661c30aa211f6bb0466e7c24",
                "thumb_360": "https:\/\/files.slack.com\/files-tmb\/T042E1514F3-F0566QP1B96-cdd66c67fc\/image_360.png?t=xoxe-4082039038513-5909763746612-5907217023875-336a8277661c30aa211f6bb0466e7c24",
                "thumb_360_w": 360,
                "thumb_360_h": 240,
                "thumb_480": "https:\/\/files.slack.com\/files-tmb\/T042E1514F3-F0566QP1B96-cdd66c67fc\/image_480.png?t=xoxe-4082039038513-5909763746612-5907217023875-336a8277661c30aa211f6bb0466e7c24",
                "thumb_480_w": 480,
                "thumb_480_h": 320,
                "thumb_160": "https:\/\/files.slack.com\/files-tmb\/T042E1514F3-F0566QP1B96-cdd66c67fc\/image_160.png?t=xoxe-4082039038513-5909763746612-5907217023875-336a8277661c30aa211f6bb0466e7c24",
                "thumb_720": "https:\/\/files.slack.com\/files-tmb\/T042E1514F3-F0566QP1B96-cdd66c67fc\/image_720.png?t=xoxe-4082039038513-5909763746612-5907217023875-336a8277661c30aa211f6bb0466e7c24",
                "thumb_720_w": 720,
                "thumb_720_h": 480,
                "thumb_800": "https:\/\/files.slack.com\/files-tmb\/T042E1514F3-F0566QP1B96-cdd66c67fc\/image_800.png?t=xoxe-4082039038513-5909763746612-5907217023875-336a8277661c30aa211f6bb0466e7c24",
                "thumb_800_w": 800,
                "thumb_800_h": 533,
                "thumb_960": "https:\/\/files.slack.com\/files-tmb\/T042E1514F3-F0566QP1B96-cdd66c67fc\/image_960.png?t=xoxe-4082039038513-5909763746612-5907217023875-336a8277661c30aa211f6bb0466e7c24",
                "thumb_960_w": 960,
                "thumb_960_h": 639,
                "thumb_1024": "https:\/\/files.slack.com\/files-tmb\/T042E1514F3-F0566QP1B96-cdd66c67fc\/image_1024.png?t=xoxe-4082039038513-5909763746612-5907217023875-336a8277661c30aa211f6bb0466e7c24",
                "thumb_1024_w": 1024,
                "thumb_1024_h": 682,
                "original_w": 2491,
                "original_h": 1659,
                "thumb_tiny": "AwAfADC6smZmTA+XvmpBk1XjH+mynB6DmrAz7\/pQAuKMe9L2oFACY96Me9LRQBWQk3co2nGBzVhagQk3Tjtj\/Cp1GOf6UAKelAoPSgdKACiiigD\/2Q==",
                "permalink": "https:\/\/cyberdefense2022-2023.slack.com\/files\/U042R3B76SC\/F0566QP1B96\/image.png",
                "permalink_public": "https:\/\/slack-files.com\/T042E1514F3-F0566QP1B96-8e657105e8",
                "is_starred": false,
                "has_rich_preview": false,
                "file_access": "visible"
            }
        ],
        "upload": false,
        "user": "U042R3B76SC",
        "display_as_bot": false,
        "ts": "1682706303.543969",
        "client_msg_id": "6770a6a7-de37-421f-ba3e-12c73575b0ca"
    },
    {
        "type": "message",
        "text": "",
        "files": [
            {
                "id": "F055W5XKUJD",
                "created": 1682710925,
                "timestamp": 1682710884,
                "name": "Fwd: ISU International CDC",
                "title": "Fwd: ISU International CDC",
                "mimetype": "text\/html",
                "filetype": "email",
                "pretty_type": "Email",
                "user": "USLACKBOT",
                "user_team": "T042E1514F3",
                "editable": true,
                "size": 17038,
                "mode": "email",
                "is_external": false,
                "external_type": "",
                "is_public": true,
                "public_url_shared": false,
                "display_as_bot": true,
                "username": "Email",
                "url_private": "https:\/\/files.slack.com\/files-pri\/T042E1514F3-F055W5XKUJD\/fwd__isu_international_cdc?t=xoxe-4082039038513-5909763746612-5907217023875-336a8277661c30aa211f6bb0466e7c24",
                "url_private_download": "https:\/\/files.slack.com\/files-pri\/T042E1514F3-F055W5XKUJD\/download\/fwd__isu_international_cdc?t=xoxe-4082039038513-5909763746612-5907217023875-336a8277661c30aa211f6bb0466e7c24",
                "permalink": "https:\/\/cyberdefense2022-2023.slack.com\/files\/USLACKBOT\/F055W5XKUJD\/fwd__isu_international_cdc",
                "permalink_public": "https:\/\/slack-files.com\/T042E1514F3-F055W5XKUJD-c2c38c188a",
                "subject": "Fwd: ISU International CDC",
                "to": [
                    {
                        "address": "",
                        "name": "Email",
                        "original": "Email <>"
                    }
                ],
                "from": [
                    {
                        "address": "chris@databaseguy.com",
                        "name": "Chris Leonard",
                        "original": "Chris Leonard <chris@databaseguy.com>"
                    }
                ],
                "cc": [],
                "attachments": [],
                "original_attachment_count": 0,
                "plain_text": "---------- Forwarded message ---------\r\nFrom: Foster, Lindsay [E CPE] <lfoster1@iastate.edu>\r\nDate: Mon, Apr 24, 2023 at 9:35 AM\r\nSubject: ISU International CDC\r\nTo:\r\nCc: @sky.kaptin <chris@databaseguy.com>, danielstice@gmail.com <\r\ndanielstice@gmail.com>, Timothy Petersen <tcpetersen@msn.com>, Kyle Kuhlers\r\n<kuhlersk@waterlooschools.org>, Tim Walljasper <\r\ntim.walljasper@johnston.k12.ia.us>, landajason@pleasval.org <\r\nlandajason@pleasval.org>, Tierney, Michael <Michael.Tierney@dmschools.org>,\r\nSarah Jacques <jacquess@urbandaleschools.com>\r\n\r\n\r\nGood morning!\r\n\r\n\r\n\r\nThank you for participating in this year’s IT-Showcase at Iowa State\r\nUniversity! We appreciate you bringing your students to campus to\r\nparticipate in all of our venues.\r\n\r\n\r\n\r\nOn May 22 we will be holding an international Cyber Defense Competition\r\nwith Kosovo. I would like to invite you and your students to come back to\r\nIowa State University on May 22 to compete in that CDC. Please email me if\r\nyou are interested in bringing a cyber team that day. I will be sending out\r\na flyer soon with more details. Usually it is from 7:00am to about 2:00pm\r\nand we will be providing lunch.\r\n\r\n\r\n\r\nThank you!\r\n\r\nLindsay\r\n\r\n\r\n\r\n\r\n\r\n*Lindsay Foster* (she\/her) <https:\/\/www.diversity.iastate.edu\/pronouns>\r\n\r\nProgram Specialist\r\n\r\nCenter for Cybersecurity Innovation and Outreach\r\n\r\nIowa State University\r\n\r\nOffice: 371 Durham Hall\r\n\r\nMail: 2215 Coover Hall\r\n\r\n(515) 294-0659\r\n\r\nwww.cyio.iastate.edu\r\n\r\n\r\n\r\n\r\n\r\n*Please note, I do not expect a reply outside of business hours or on\r\nweekends.*",
                "preview": "<div>\n<br><br><div>\n<div>---------- Forwarded message ---------<br>From: Foster, Lindsay [E CPE] <span>&lt;<a href=\"mailto:lfoster1@iastate.edu\" rel=\"noopener noreferrer\">lfoster1@iastate.edu<\/a>&gt;<\/span><br>Date: Mon, Apr 24, 2023 at 9:35&#8239;AM<br>Subject: ISU International CDC<br>To: <br>Cc: @sky.kaptin &lt;<a href=\"mailto:chris@databaseguy.com\" rel=\"noopener noreferrer\">chris@databaseguy.com<\/a>&gt;, <a href=\"mailto:danielstice@gmail.com\" rel=\"noopener noreferrer\">danielstice@gmail.com<\/a> &lt;<a href=\"mailto:danielstice@gmail.com\" rel=\"noopener noreferrer\">danielstice@gmail.com<\/a>&gt;, Timothy Petersen &lt;<a href=\"mailto:tcpetersen@msn.com\" rel=\"noopener noreferrer\">tcpetersen@msn.com<\/a>&gt;, Kyle Kuhlers &lt;<a href=\"mailto:kuhlersk@waterlooschools.org\" rel=\"noopener noreferrer\">kuhlersk@waterlooschools.org<\/a>&gt;, Tim Walljasper &lt;<a href=\"mailto:tim.walljasper@johnston.k12.ia.us\" rel=\"noopener noreferrer\">tim.walljasper@johnston.k12.ia.us<\/a>&gt;, <a href=\"mailto:landajason@pleasval.org\" rel=\"noopener noreferrer\">landajason@pleasval.org<\/a> &lt;<a href=\"mailto:landajason@pleasval.org\" rel=\"noopener noreferrer\">landajason@pleasval.org<\/a>&gt;, Tierney, Michael &lt;<a href=\"mailto:Michael.Tierney@dmschools.org\" rel=\"noopener noreferrer\">Michael.Tierney@dmschools.org<\/a>&gt;, Sarah Jacques &lt;<a href=\"mailto:jacquess@urbandaleschools.com\" rel=\"noopener noreferrer\">jacquess@urbandaleschools.com<\/a>&gt;<br><\/div>\n<br><br><div>\n\n\n\n\n\n<div style=\"word-wrap: break-word;\">\n<div>\n<p>Good morning!<u><\/u><u><\/u><\/p>\n<p><u><\/u> <u><\/u><\/p>\n<p>Thank you for participating in this year&rsquo;s IT-Showcase at Iowa State University! We appreciate you bringing your students to campus to participate in all of our venues.\n<u><\/u><u><\/u><\/p>\n<p><u><\/u> <u><\/u><\/p>\n<p>On May 22 we will be holding an international Cyber Defense Competition with Kosovo. I would like to invite you and your students to come back to Iowa State University on May 22 to compete in that CDC. Please email me if you are interested\n in bringing a cyber team that day. I will be sending out a flyer soon with more details. Usually it is from 7:00am to about 2:00pm and we will be providing lunch.\n<u><\/u><u><\/u><\/p>\n<p><u><\/u> <u><\/u><\/p>\n<p>Thank you!<br><br><u><\/u><u><\/u><\/p>\n<p>Lindsay <u><\/u><u><\/u><\/p>\n<p><u><\/u> <u><\/u><\/p>\n<p><b><span style=\"color: #c00000; font-size: 16.0pt;\"><u><\/u> <u><\/u><\/span><\/b><\/p>\n<p><b><span style=\"color: #c00000; font-size: 16.0pt;\">Lindsay Foster<\/span><\/b><span style=\"color: #c00000; font-size: 16.0pt;\">&nbsp;<\/span><span style=\"color: #c00000;\"><a href=\"https:\/\/www.diversity.iastate.edu\/pronouns\" rel=\"noopener noreferrer\"><span style=\"color: #0563c1;\">(she\/her)<\/span><\/a><u><\/u><u><\/u><\/span><\/p>\n<p><span style=\"color: black; font-size: 12.0pt;\">Program Specialist<\/span><span style=\"color: black;\"><u><\/u><u><\/u><\/span><\/p>\n<p><span style=\"color: black; font-size: 12.0pt;\">Center for Cybersecurity Innovation and Outreach<\/span><span style=\"color: black;\"><u><\/u><u><\/u><\/span><\/p>\n<p><span style=\"color: black; font-size: 12.0pt;\">Iowa State University<\/span><span style=\"color: black;\"><u><\/u><u><\/u><\/span><\/p>\n<p><span style=\"color: black; font-size: 12.0pt;\">Office: 371 Durham Hall<u><\/u><u><\/u><\/span><\/p>\n<p><span style=\"color: black; font-size: 12.0pt;\">Mail: 2215 Coover Hall<u><\/u><u><\/u><\/span><\/p>\n<p><span style=\"color: black; font-size: 12.0pt;\">(515) 294-0659<\/span><span style=\"color: black;\"><u><\/u><u><\/u><\/span><\/p>\n<p><span style=\"color: black; font-size: 12.0pt;\"><a href=\"https:\/\/www.cyio.iastate.edu\/\" title=\"https:\/\/www.cyio.iastate.edu\/\" rel=\"noopener noreferrer\"><span style=\"color: #0563c1;\">www.cyio.iastate.edu<\/span><\/a><\/span><span><u><\/u><u><\/u><\/span><\/p>\n<p><span><u><\/u> <u><\/u><\/span><\/p>\n<p><span><u><\/u> <u><\/u><\/span><\/p>\n<p><span style=\"color: #c00000; font-size: 12.0pt;\">*Please note, I do not expect a reply outside of business hours or on weekends.*<u><\/u><u><\/u><\/span><\/p>\n<p><u><\/u> <u><\/u><\/p>\n<\/div>\n<\/div>\n\n<\/div>\n<\/div>\n<\/div>",
                "preview_plain_text": "---------- Forwarded message ---------\r\nFrom: Foster, Lindsay [E CPE] \r\nDate: Mon, Apr 24, 2023 at 9:35 AM\r\nSubject: ISU International CDC\r\nTo:\r\nCc: @sky.kaptin ,  <\r\n, Timothy Petersen , Kyle Kuhlers\r\n, Tim Walljasper <\r\n,  <\r\n, Tierney, Michael ,\r\nSarah Jacques \r\n\r\n\r\nGood morning!\r\n\r\n\r\n\r\nThank you for participating in this year’s IT-Showcase at Iowa State\r\nUniversity! We appreciate you bringing your students to campus to\r\nparticipate in all of our venues.\r\n\r\n\r\n\r\nOn May 22 we will be holding an",
                "headers": {
                    "date": "Fri, 28 Apr 2023 14:41:24 -0500",
                    "in_reply_to": "<SN6PR04MB385643926985A73BB2CA81479B679@SN6PR04MB3856.namprd04.prod.outlook.com>",
                    "reply_to": null,
                    "message_id": "<CA+Bq6mek7OZxjVpnRkFq9+kWcrc3wXKd5uytBfLhtcTDyxcWzA@mail.gmail.com>"
                },
                "has_more": false,
                "sent_to_self": false,
                "bot_id": "B055W5NLL3T",
                "is_starred": false,
                "has_rich_preview": false,
                "file_access": "visible"
            }
        ],
        "upload": true,
        "user": "USLACKBOT",
        "display_as_bot": true,
        "bot_id": "B055W5NLL3T",
        "ts": "1682710925.816859"
    },
    {
        "type": "message",
        "text": "",
        "files": [
            {
                "id": "F055HH0PBSN",
                "created": 1682710980,
                "timestamp": 1682710936,
                "name": "Fwd: ISU CDC",
                "title": "Fwd: ISU CDC",
                "mimetype": "text\/html",
                "filetype": "email",
                "pretty_type": "Email",
                "user": "USLACKBOT",
                "user_team": "T042E1514F3",
                "editable": true,
                "size": 2193175,
                "mode": "email",
                "is_external": false,
                "external_type": "",
                "is_public": true,
                "public_url_shared": false,
                "display_as_bot": true,
                "username": "Email",
                "url_private": "https:\/\/files.slack.com\/files-pri\/T042E1514F3-F055HH0PBSN\/fwd__isu_cdc?t=xoxe-4082039038513-5909763746612-5907217023875-336a8277661c30aa211f6bb0466e7c24",
                "url_private_download": "https:\/\/files.slack.com\/files-pri\/T042E1514F3-F055HH0PBSN\/download\/fwd__isu_cdc?t=xoxe-4082039038513-5909763746612-5907217023875-336a8277661c30aa211f6bb0466e7c24",
                "permalink": "https:\/\/cyberdefense2022-2023.slack.com\/files\/USLACKBOT\/F055HH0PBSN\/fwd__isu_cdc",
                "permalink_public": "https:\/\/slack-files.com\/T042E1514F3-F055HH0PBSN-362425cd6b",
                "subject": "Fwd: ISU CDC",
                "to": [
                    {
                        "address": "",
                        "name": "Email",
                        "original": "Email <>"
                    }
                ],
                "from": [
                    {
                        "address": "chris@databaseguy.com",
                        "name": "Chris Leonard",
                        "original": "Chris Leonard <chris@databaseguy.com>"
                    }
                ],
                "cc": [],
                "attachments": [
                    {
                        "filename": "Kosovo CDC Flyer23 (9).pdf",
                        "size": 2166928,
                        "mimetype": "application\/pdf",
                        "url": "https:\/\/files-origin.slack.com\/files-email-priv\/T042E1514F3-F055HH0PBSN-8b41071229-505c8af0\/kosovo_cdc_flyer23__9_.pdf",
                        "metadata": null
                    }
                ],
                "original_attachment_count": 1,
                "plain_text": "---------- Forwarded message ---------\r\nFrom: Foster, Lindsay [E CPE] <lfoster1@iastate.edu>\r\nDate: Fri, Apr 28, 2023 at 9:47 AM\r\nSubject: RE: ISU CDC\r\nTo:\r\nCc: @sky.kaptin <chris@databaseguy.com>, danielstice@gmail.com <\r\ndanielstice@gmail.com>, Timothy Petersen <tcpetersen@msn.com>, Kyle Kuhlers\r\n<kuhlersk@waterlooschools.org>, Tim Walljasper <\r\ntim.walljasper@johnston.k12.ia.us>, landajason@pleasval.org <\r\nlandajason@pleasval.org>, Tierney, Michael <Michael.Tierney@dmschools.org>,\r\nSarah Jacques <jacquess@urbandaleschools.com>\r\n\r\n\r\nI’ve also attached the flyer for the International CDC coming up.\r\n\r\n\r\n\r\n\r\n\r\n*Lindsay Foster* (she\/her) <https:\/\/www.diversity.iastate.edu\/pronouns>\r\n\r\nProgram Specialist\r\n\r\nCenter for Cybersecurity Innovation and Outreach\r\n\r\nIowa State University\r\n\r\nOffice: 371 Durham Hall\r\n\r\nMail: 2215 Coover Hall\r\n\r\n(515) 294-0659\r\n\r\nwww.cyio.iastate.edu\r\n\r\n\r\n\r\n\r\n\r\n*Please note, I do not expect a reply outside of business hours or on\r\nweekends.*\r\n\r\n\r\n\r\n*From:* Foster, Lindsay [E CPE]\r\n*Sent:* Friday, April 28, 2023 9:16 AM\r\n*Cc:* @sky.kaptin <chris@databaseguy.com>; danielstice@gmail.com; Timothy\r\nPetersen <tcpetersen@msn.com>; Kyle Kuhlers <kuhlersk@waterlooschools.org>;\r\nTim Walljasper <tim.walljasper@johnston.k12.ia.us>; landajason@pleasval.org;\r\nTierney, Michael <Michael.Tierney@dmschools.org>; Sarah Jacques <\r\njacquess@urbandaleschools.com>\r\n*Subject:* ISU CDC\r\n\r\n\r\n\r\nGood morning!\r\n\r\n\r\n\r\nI’ve just heard from our team that your students can get into vcenter and\r\nsave their VMs. They will be resetting things Monday for the next upcoming\r\nCDC.\r\n\r\n\r\nThank you,\r\n\r\n\r\n\r\nLindsay\r\n\r\n\r\n\r\n\r\n\r\n*Lindsay Foster* (she\/her) <https:\/\/www.diversity.iastate.edu\/pronouns>\r\n\r\nProgram Specialist\r\n\r\nCenter for Cybersecurity Innovation and Outreach\r\n\r\nIowa State University\r\n\r\nOffice: 371 Durham Hall\r\n\r\nMail: 2215 Coover Hall\r\n\r\n(515) 294-0659\r\n\r\nwww.cyio.iastate.edu\r\n\r\n\r\n\r\n\r\n\r\n*Please note, I do not expect a reply outside of business hours or on\r\nweekends.*",
                "preview": "<div>\n<br><br><div>\n<div>---------- Forwarded message ---------<br>From: Foster, Lindsay [E CPE] <span>&lt;<a href=\"mailto:lfoster1@iastate.edu\" rel=\"noopener noreferrer\">lfoster1@iastate.edu<\/a>&gt;<\/span><br>Date: Fri, Apr 28, 2023 at 9:47&#8239;AM<br>Subject: RE: ISU CDC<br>To: <br>Cc: @sky.kaptin &lt;<a href=\"mailto:chris@databaseguy.com\" rel=\"noopener noreferrer\">chris@databaseguy.com<\/a>&gt;, <a href=\"mailto:danielstice@gmail.com\" rel=\"noopener noreferrer\">danielstice@gmail.com<\/a> &lt;<a href=\"mailto:danielstice@gmail.com\" rel=\"noopener noreferrer\">danielstice@gmail.com<\/a>&gt;, Timothy Petersen &lt;<a href=\"mailto:tcpetersen@msn.com\" rel=\"noopener noreferrer\">tcpetersen@msn.com<\/a>&gt;, Kyle Kuhlers &lt;<a href=\"mailto:kuhlersk@waterlooschools.org\" rel=\"noopener noreferrer\">kuhlersk@waterlooschools.org<\/a>&gt;, Tim Walljasper &lt;<a href=\"mailto:tim.walljasper@johnston.k12.ia.us\" rel=\"noopener noreferrer\">tim.walljasper@johnston.k12.ia.us<\/a>&gt;, <a href=\"mailto:landajason@pleasval.org\" rel=\"noopener noreferrer\">landajason@pleasval.org<\/a> &lt;<a href=\"mailto:landajason@pleasval.org\" rel=\"noopener noreferrer\">landajason@pleasval.org<\/a>&gt;, Tierney, Michael &lt;<a href=\"mailto:Michael.Tierney@dmschools.org\" rel=\"noopener noreferrer\">Michael.Tierney@dmschools.org<\/a>&gt;, Sarah Jacques &lt;<a href=\"mailto:jacquess@urbandaleschools.com\" rel=\"noopener noreferrer\">jacquess@urbandaleschools.com<\/a>&gt;<br><\/div>\n<br><br><div>\n\n\n\n\n\n<div style=\"word-wrap: break-word;\">\n<div>\n<p>I&rsquo;ve also attached the flyer for the International CDC coming up.<u><\/u><u><\/u><\/p>\n<p><u><\/u> <u><\/u><\/p>\n<div>\n<p><b><span style=\"color: #c00000; font-size: 16.0pt;\"><u><\/u> <u><\/u><\/span><\/b><\/p>\n<p><b><span style=\"color: #c00000; font-size: 16.0pt;\">Lindsay Foster<\/span><\/b><span style=\"color: #c00000; font-size: 16.0pt;\">&nbsp;<\/span><span style=\"color: #c00000;\"><a href=\"https:\/\/www.diversity.iastate.edu\/pronouns\" rel=\"noopener noreferrer\">(she\/her)<\/a><u><\/u><u><\/u><\/span><\/p>\n<p><span style=\"color: black; font-size: 12.0pt;\">Program Specialist<\/span><span style=\"color: black;\"><u><\/u><u><\/u><\/span><\/p>\n<p><span style=\"color: black; font-size: 12.0pt;\">Center for Cybersecurity Innovation and Outreach<\/span><span style=\"color: black;\"><u><\/u><u><\/u><\/span><\/p>\n<p><span style=\"color: black; font-size: 12.0pt;\">Iowa State University<\/span><span style=\"color: black;\"><u><\/u><u><\/u><\/span><\/p>\n<p><span style=\"color: black; font-size: 12.0pt;\">Office: 371 Durham Hall<u><\/u><u><\/u><\/span><\/p>\n<p><span style=\"color: black; font-size: 12.0pt;\">Mail: 2215 Coover Hall<u><\/u><u><\/u><\/span><\/p>\n<p><span style=\"color: black; font-size: 12.0pt;\">(515) 294-0659<\/span><span style=\"color: black;\"><u><\/u><u><\/u><\/span><\/p>\n<p><span style=\"color: black; font-size: 12.0pt;\"><a href=\"https:\/\/www.cyio.iastate.edu\/\" title=\"https:\/\/www.cyio.iastate.edu\/\" rel=\"noopener noreferrer\">www.cyio.iastate.edu<\/a><\/span><span><u><\/u><u><\/u><\/span><\/p>\n<p><span><u><\/u> <u><\/u><\/span><\/p>\n<p><span><u><\/u> <u><\/u><\/span><\/p>\n<p><span style=\"color: #c00000; font-size: 12.0pt;\">*Please note, I do not expect a reply outside of business hours or on weekends.*<u><\/u><u><\/u><\/span><\/p>\n<\/div>\n<p><u><\/u> <u><\/u><\/p>\n<div>\n<div style=\"border: none; border-top: solid #e1e1e1 1.0pt; padding: 3.0pt 0in 0in 0in;\">\n<p><b><span>From:<\/span><\/b><span> Foster, Lindsay [E CPE]\n<br><b>Sent:<\/b> Friday, April 28, 2023 9:16 AM<br><b>Cc:<\/b> @sky.kaptin &lt;<a href=\"mailto:chris@databaseguy.com\" rel=\"noopener noreferrer\">chris@databaseguy.com<\/a>&gt;; <a href=\"mailto:danielstice@gmail.com\" rel=\"noopener noreferrer\">danielstice@gmail.com<\/a>; Timothy Petersen &lt;<a href=\"mailto:tcpetersen@msn.com\" rel=\"noopener noreferrer\">tcpetersen@msn.com<\/a>&gt;; Kyle Kuhlers &lt;<a href=\"mailto:kuhlersk@waterlooschools.org\" rel=\"noopener noreferrer\">kuhlersk@waterlooschools.org<\/a>&gt;; Tim Walljasper &lt;<a href=\"mailto:tim.walljasper@johnston.k12.ia.us\" rel=\"noopener noreferrer\">tim.walljasper@johnston.k12.ia.us<\/a>&gt;; <a href=\"mailto:landajason@pleasval.org\" rel=\"noopener noreferrer\">landajason@pleasval.org<\/a>; Tierney, Michael &lt;<a href=\"mailto:Michael.Tierney@dmschools.org\" rel=\"noopener noreferrer\">Michael.Tierney@dmschools.org<\/a>&gt;;\n Sarah Jacques &lt;<a href=\"mailto:jacquess@urbandaleschools.com\" rel=\"noopener noreferrer\">jacquess@urbandaleschools.com<\/a>&gt;<br><b>Subject:<\/b> ISU CDC<u><\/u><u><\/u><\/span><\/p>\n<\/div>\n<\/div>\n<p><u><\/u> <u><\/u><\/p>\n<p>Good morning!<u><\/u><u><\/u><\/p>\n<p><u><\/u> <u><\/u><\/p>\n<p>I&rsquo;ve just heard from our team that your students can get into vcenter and save their VMs. They will be resetting things Monday for the next upcoming CDC.<u><\/u><u><\/u><\/p>\n<p><br>\nThank you,<u><\/u><u><\/u><\/p>\n<p><u><\/u> <u><\/u><\/p>\n<p>Lindsay <u><\/u><u><\/u><\/p>\n<p><u><\/u> <u><\/u><\/p>\n<p><b><span style=\"color: #c00000; font-size: 16.0pt;\"><u><\/u> <u><\/u><\/span><\/b><\/p>\n<p><b><span style=\"color: #c00000; font-size: 16.0pt;\">Lindsay Foster<\/span><\/b><span style=\"color: #c00000; font-size: 16.0pt;\">&nbsp;<\/span><span style=\"color: #c00000;\"><a href=\"https:\/\/www.diversity.iastate.edu\/pronouns\" rel=\"noopener noreferrer\">(she\/her)<\/a><u><\/u><u><\/u><\/span><\/p>\n<p><span style=\"color: black; font-size: 12.0pt;\">Program Specialist<\/span><span style=\"color: black;\"><u><\/u><u><\/u><\/span><\/p>\n<p><span style=\"color: black; font-size: 12.0pt;\">Center for Cybersecurity Innovation and Outreach<\/span><span style=\"color: black;\"><u><\/u><u><\/u><\/span><\/p>\n<p><span style=\"color: black; font-size: 12.0pt;\">Iowa State University<\/span><span style=\"color: black;\"><u><\/u><u><\/u><\/span><\/p>\n<p><span style=\"color: black; font-size: 12.0pt;\">Office: 371 Durham Hall<u><\/u><u><\/u><\/span><\/p>\n<p><span style=\"color: black; font-size: 12.0pt;\">Mail: 2215 Coover Hall<u><\/u><u><\/u><\/span><\/p>\n<p><span style=\"color: black; font-size: 12.0pt;\">(515) 294-0659<\/span><span style=\"color: black;\"><u><\/u><u><\/u><\/span><\/p>\n<p><span style=\"color: black; font-size: 12.0pt;\"><a href=\"https:\/\/www.cyio.iastate.edu\/\" title=\"https:\/\/www.cyio.iastate.edu\/\" rel=\"noopener noreferrer\">www.cyio.iastate.edu<\/a><\/span><span><u><\/u><u><\/u><\/span><\/p>\n<p><span><u><\/u> <u><\/u><\/span><\/p>\n<p><span><u><\/u> <u><\/u><\/span><\/p>\n<p><span style=\"color: #c00000; font-size: 12.0pt;\">*Please note, I do not expect a reply outside of business hours or on weekends.*<u><\/u><u><\/u><\/span><\/p>\n<p><u><\/u> <u><\/u><\/p>\n<\/div>\n<\/div>\n\n<\/div>\n<\/div>\n<\/div>",
                "preview_plain_text": "---------- Forwarded message ---------\r\nFrom: Foster, Lindsay [E CPE] \r\nDate: Fri, Apr 28, 2023 at 9:47 AM\r\nSubject: RE: ISU CDC\r\nTo:\r\nCc: @sky.kaptin ,  <\r\n, Timothy Petersen , Kyle Kuhlers\r\n, Tim Walljasper <\r\n,  <\r\n, Tierney, Michael ,\r\nSarah Jacques \r\n\r\n\r\nI’ve also attached the flyer for the International CDC coming up.\r\n\r\n\r\n\r\n\r\n\r\n*Lindsay Foster* (she\/her) \r\n\r\nProgram Specialist\r\n\r\nCenter for Cybersecurity Innovation and Outreach\r\n\r\nIowa State University\r\n\r\nOffice: 371 Durham Hall\r\n\r\nMail: ",
                "headers": {
                    "date": "Fri, 28 Apr 2023 14:42:16 -0500",
                    "in_reply_to": "<DM6PR04MB385080EF90DBC8737D9B9D2F9B6B9@DM6PR04MB3850.namprd04.prod.outlook.com>",
                    "reply_to": null,
                    "message_id": "<CA+Bq6mf1nTb8GsteQk3ypp2CeePRAXvTNWPhGOOyGVrAFmhTkg@mail.gmail.com>"
                },
                "has_more": false,
                "sent_to_self": false,
                "bot_id": "B055W5NLL3T",
                "is_starred": false,
                "has_rich_preview": false,
                "file_access": "visible"
            }
        ],
        "upload": true,
        "user": "USLACKBOT",
        "display_as_bot": true,
        "bot_id": "B055W5NLL3T",
        "ts": "1682710981.154919"
    }
]