[
    {
        "client_msg_id": "c274c277-78b5-4b6b-8026-a15045757575",
        "type": "message",
        "text": "^ Annual IT Club Kickoff\nThursday, September 14, 7-8 pm, New Life Community Church",
        "user": "U042R3B76SC",
        "ts": "1692686558.563179",
        "blocks": [
            {
                "type": "rich_text",
                "block_id": "xqCuQ",
                "elements": [
                    {
                        "type": "rich_text_section",
                        "elements": [
                            {
                                "type": "text",
                                "text": "^ Annual IT Club Kickoff\nThursday, September 14, 7-8 pm, New Life Community Church"
                            }
                        ]
                    }
                ]
            }
        ],
        "team": "T042E1514F3",
        "user_team": "T042E1514F3",
        "source_team": "T042E1514F3",
        "user_profile": {
            "avatar_hash": "g6730f37144b",
            "image_72": "https:\/\/secure.gravatar.com\/avatar\/6730f37144bd6ae505b97012a7f22a66.jpg?s=72&d=https%3A%2F%2Fa.slack-edge.com%2Fdf10d%2Fimg%2Favatars%2Fava_0006-72.png",
            "first_name": "chris",
            "real_name": "chris",
            "display_name": "",
            "team": "T042E1514F3",
            "name": "chris",
            "is_restricted": false,
            "is_ultra_restricted": false
        }
    }
]