[
    {
        "client_msg_id": "bc264f20-acf3-40ba-a818-8b0179ac162b",
        "type": "message",
        "text": "Hello team! I had time early this week and worked on our notes a little each day until about Tuesday, but I've been swamped since then. This sometimes happens with work. Unfortunately, I may be swamped a lot before the competition because I'll be on call several times over the next six weeks for my old team. I'll figure this out. If you don't know what \"on call\" means in this context or why it can make me \"swamped,\" ask in the morning. :slightly_smiling_face:\n\nAnyway, I'm sorry I didn't get you the notes from last week yet. I plan to finish them tonight so that you'll have them tomorrow. Tomorrow morning I'll get to the office a little early and prepare for our meeting. I know how I want to move forward; I just need to flesh out some details. I look forward to seeing you all soon.",
        "user": "U042R3B76SC",
        "ts": "1677898135.928799",
        "blocks": [
            {
                "type": "rich_text",
                "block_id": "LdCnl",
                "elements": [
                    {
                        "type": "rich_text_section",
                        "elements": [
                            {
                                "type": "text",
                                "text": "Hello team! I had time early this week and worked on our notes a little each day until about Tuesday, but I've been swamped since then. This sometimes happens with work. Unfortunately, I may be swamped a lot before the competition because I'll be on call several times over the next six weeks for my old team. I'll figure this out. If you don't know what \"on call\" means in this context or why it can make me \"swamped,\" ask in the morning. "
                            },
                            {
                                "type": "emoji",
                                "name": "slightly_smiling_face",
                                "unicode": "1f642"
                            },
                            {
                                "type": "text",
                                "text": "\n\nAnyway, I'm sorry I didn't get you the notes from last week yet. I plan to finish them tonight so that you'll have them tomorrow. Tomorrow morning I'll get to the office a little early and prepare for our meeting. I know how I want to move forward; I just need to flesh out some details. I look forward to seeing you all soon."
                            }
                        ]
                    }
                ]
            }
        ],
        "team": "T042E1514F3",
        "user_team": "T042E1514F3",
        "source_team": "T042E1514F3",
        "user_profile": {
            "avatar_hash": "g6730f37144b",
            "image_72": "https:\/\/secure.gravatar.com\/avatar\/6730f37144bd6ae505b97012a7f22a66.jpg?s=72&d=https%3A%2F%2Fa.slack-edge.com%2Fdf10d%2Fimg%2Favatars%2Fava_0006-72.png",
            "first_name": "chris",
            "real_name": "chris",
            "display_name": "",
            "team": "T042E1514F3",
            "name": "chris",
            "is_restricted": false,
            "is_ultra_restricted": false
        }
    }
]