[
    {
        "client_msg_id": "8c99811f-6a90-4cec-8085-bbebf2d47e63",
        "type": "message",
        "text": "FYI: the door we've used to enter the godaddy office in the past is still broken. Please go to the north door and call me at <tel:3199811997|319-981-1997> and I will come let you in.\n\nThe north door is the one that faces Cedar Graphics. :)",
        "user": "U042R3B76SC",
        "ts": "1673101744.053829",
        "blocks": [
            {
                "type": "rich_text",
                "block_id": "g9n",
                "elements": [
                    {
                        "type": "rich_text_section",
                        "elements": [
                            {
                                "type": "text",
                                "text": "FYI: the door we've used to enter the godaddy office in the past is still broken. Please go to the north door and call me at "
                            },
                            {
                                "type": "link",
                                "url": "tel:3199811997",
                                "text": "319-981-1997"
                            },
                            {
                                "type": "text",
                                "text": " and I will come let you in.\n\nThe north door is the one that faces Cedar Graphics. :)"
                            }
                        ]
                    }
                ]
            }
        ],
        "team": "T042E1514F3",
        "user_team": "T042E1514F3",
        "source_team": "T042E1514F3",
        "user_profile": {
            "avatar_hash": "g6730f37144b",
            "image_72": "https:\/\/secure.gravatar.com\/avatar\/6730f37144bd6ae505b97012a7f22a66.jpg?s=72&d=https%3A%2F%2Fa.slack-edge.com%2Fdf10d%2Fimg%2Favatars%2Fava_0006-72.png",
            "first_name": "chris",
            "real_name": "chris",
            "display_name": "",
            "team": "T042E1514F3",
            "name": "chris",
            "is_restricted": false,
            "is_ultra_restricted": false
        }
    },
    {
        "client_msg_id": "3ae81807-b262-4208-b7b4-7ff8d64ea82f",
        "type": "message",
        "text": "New meeting URL: <https:\/\/godaddy.zoom.us\/j\/99541956999?pwd=ZHQrNVRYc0JueG0xNlhqRGNoTzg2QT09&amp;from=addon>",
        "user": "U042R3B76SC",
        "ts": "1673108156.618539",
        "blocks": [
            {
                "type": "rich_text",
                "block_id": "LcK",
                "elements": [
                    {
                        "type": "rich_text_section",
                        "elements": [
                            {
                                "type": "text",
                                "text": "New meeting URL: "
                            },
                            {
                                "type": "link",
                                "url": "https:\/\/godaddy.zoom.us\/j\/99541956999?pwd=ZHQrNVRYc0JueG0xNlhqRGNoTzg2QT09&from=addon"
                            }
                        ]
                    }
                ]
            }
        ],
        "team": "T042E1514F3",
        "user_team": "T042E1514F3",
        "source_team": "T042E1514F3",
        "user_profile": {
            "avatar_hash": "g6730f37144b",
            "image_72": "https:\/\/secure.gravatar.com\/avatar\/6730f37144bd6ae505b97012a7f22a66.jpg?s=72&d=https%3A%2F%2Fa.slack-edge.com%2Fdf10d%2Fimg%2Favatars%2Fava_0006-72.png",
            "first_name": "chris",
            "real_name": "chris",
            "display_name": "",
            "team": "T042E1514F3",
            "name": "chris",
            "is_restricted": false,
            "is_ultra_restricted": false
        }
    }
]