[
    {
        "client_msg_id": "f9476250-6b26-469d-9294-4b63826a97d5",
        "type": "message",
        "text": "I just sent everyone an updated meeting invitation for the new GoDaddy office. We will plan on meeting there next week, but if things are not completely working, we may meet at my house instead. I'll let you know sometime later in the week.",
        "user": "U042R3B76SC",
        "ts": "1677366051.068359",
        "blocks": [
            {
                "type": "rich_text",
                "block_id": "pbjqe",
                "elements": [
                    {
                        "type": "rich_text_section",
                        "elements": [
                            {
                                "type": "text",
                                "text": "I just sent everyone an updated meeting invitation for the new GoDaddy office. We will plan on meeting there next week, but if things are not completely working, we may meet at my house instead. I'll let you know sometime later in the week."
                            }
                        ]
                    }
                ]
            }
        ],
        "team": "T042E1514F3",
        "user_team": "T042E1514F3",
        "source_team": "T042E1514F3",
        "user_profile": {
            "avatar_hash": "g6730f37144b",
            "image_72": "https:\/\/secure.gravatar.com\/avatar\/6730f37144bd6ae505b97012a7f22a66.jpg?s=72&d=https%3A%2F%2Fa.slack-edge.com%2Fdf10d%2Fimg%2Favatars%2Fava_0006-72.png",
            "first_name": "chris",
            "real_name": "chris",
            "display_name": "",
            "team": "T042E1514F3",
            "name": "chris",
            "is_restricted": false,
            "is_ultra_restricted": false
        }
    }
]