[
    {
        "client_msg_id": "da608bdb-3ec1-4818-b630-7e4a9857b471",
        "type": "message",
        "text": "Friendly reminder: we're meeting at 10 am tomorrow morning. I'm looking forward to seeing you again! \n\nIn general, I should usually have a flexible schedule on Saturdays. This week, however, I have a family event across town at noon so we'll need to stop right around 11:30.",
        "user": "U042R3B76SC",
        "ts": "1673064781.889679",
        "blocks": [
            {
                "type": "rich_text",
                "block_id": "V2G6D",
                "elements": [
                    {
                        "type": "rich_text_section",
                        "elements": [
                            {
                                "type": "text",
                                "text": "Friendly reminder: we're meeting at 10 am tomorrow morning. I'm looking forward to seeing you again! \n\nIn general, I should usually have a flexible schedule on Saturdays. This week, however, I have a family event across town at noon so we'll need to stop right around 11:30."
                            }
                        ]
                    }
                ]
            }
        ],
        "team": "T042E1514F3",
        "user_team": "T042E1514F3",
        "source_team": "T042E1514F3",
        "user_profile": {
            "avatar_hash": "g6730f37144b",
            "image_72": "https:\/\/secure.gravatar.com\/avatar\/6730f37144bd6ae505b97012a7f22a66.jpg?s=72&d=https%3A%2F%2Fa.slack-edge.com%2Fdf10d%2Fimg%2Favatars%2Fava_0006-72.png",
            "first_name": "chris",
            "real_name": "chris",
            "display_name": "",
            "team": "T042E1514F3",
            "name": "chris",
            "is_restricted": false,
            "is_ultra_restricted": false
        }
    }
]