[
    {
        "client_msg_id": "03862712-2e28-4ba7-8aa6-391b8e63b046",
        "type": "message",
        "text": "I could not go to the office to check things out yesterday like I'd intended due to the weather. I'm asking the Help Desk people there a couple of questions to verify that the table we used last week is still there, but unless you hear otherwise, we will meet at GoDaddy as usual.\n\nThis week, I will bring a WiFi router with me that I can plug into the wall using an Ethernet cable, and that network (which will be called Mars) will be reliable. Confidence level: high.",
        "user": "U042R3B76SC",
        "ts": "1676651418.245579",
        "blocks": [
            {
                "type": "rich_text",
                "block_id": "m0bK",
                "elements": [
                    {
                        "type": "rich_text_section",
                        "elements": [
                            {
                                "type": "text",
                                "text": "I could not go to the office to check things out yesterday like I'd intended due to the weather. I'm asking the Help Desk people there a couple of questions to verify that the table we used last week is still there, but unless you hear otherwise, we will meet at GoDaddy as usual.\n\nThis week, I will bring a WiFi router with me that I can plug into the wall using an Ethernet cable, and that network (which will be called Mars) will be reliable. Confidence level: high."
                            }
                        ]
                    }
                ]
            }
        ],
        "team": "T042E1514F3",
        "user_team": "T042E1514F3",
        "source_team": "T042E1514F3",
        "user_profile": {
            "avatar_hash": "g6730f37144b",
            "image_72": "https:\/\/secure.gravatar.com\/avatar\/6730f37144bd6ae505b97012a7f22a66.jpg?s=72&d=https%3A%2F%2Fa.slack-edge.com%2Fdf10d%2Fimg%2Favatars%2Fava_0006-72.png",
            "first_name": "chris",
            "real_name": "chris",
            "display_name": "",
            "team": "T042E1514F3",
            "name": "chris",
            "is_restricted": false,
            "is_ultra_restricted": false
        }
    },
    {
        "client_msg_id": "072b920c-ebfe-4aae-abe6-e90e4e9f4826",
        "type": "message",
        "text": "I will have instructions with me about how to setup and configure a DNS server, which you will all get to do on your workstations.",
        "user": "U042R3B76SC",
        "ts": "1676651470.625479",
        "blocks": [
            {
                "type": "rich_text",
                "block_id": "wdZ6k",
                "elements": [
                    {
                        "type": "rich_text_section",
                        "elements": [
                            {
                                "type": "text",
                                "text": "I will have instructions with me about how to setup and configure a DNS server, which you will all get to do on your workstations."
                            }
                        ]
                    }
                ]
            }
        ],
        "team": "T042E1514F3",
        "user_team": "T042E1514F3",
        "source_team": "T042E1514F3",
        "user_profile": {
            "avatar_hash": "g6730f37144b",
            "image_72": "https:\/\/secure.gravatar.com\/avatar\/6730f37144bd6ae505b97012a7f22a66.jpg?s=72&d=https%3A%2F%2Fa.slack-edge.com%2Fdf10d%2Fimg%2Favatars%2Fava_0006-72.png",
            "first_name": "chris",
            "real_name": "chris",
            "display_name": "",
            "team": "T042E1514F3",
            "name": "chris",
            "is_restricted": false,
            "is_ultra_restricted": false
        }
    }
]