[
    {
        "client_msg_id": "93981fe2-17d1-4528-865b-0c19877c7eaa",
        "type": "message",
        "text": "One detail I left out from my message last Friday is that the illness four of us got was Covid. Even though my first symptoms were back on 1\/22, I am still feeling it and still testing positive. I know this will make me do some adjustments with our schedule of topics, but I am going to have to cancel this week also. I would do a remote meeting but this is affecting my ability to speak for very long.\n\nWe did get official notification that GoDaddy plans on transitioning to the downtown office on 3\/1. I'll confirm this for you as we get closer, but for now plan on our first meeting downtown being on Saturday, March 4. Our new location in Cedar Rapids is located in the *Armstrong Centre* at *222 Third Ave SE., Suite 400.* You will need to meet me in the lobby at ground level because there will be an elevator that I will have to use my badge to operate.\n\nSo enjoy your Saturday morning. I *am* getting better, so I'm really looking forward to seeing you on 2\/10.\n\n*Please reply to this message letting me know that you read it all.* :slightly_smiling_face:",
        "user": "U042R3B76SC",
        "ts": "1675442340.952499",
        "blocks": [
            {
                "type": "rich_text",
                "block_id": "V+wH",
                "elements": [
                    {
                        "type": "rich_text_section",
                        "elements": [
                            {
                                "type": "text",
                                "text": "One detail I left out from my message last Friday is that the illness four of us got was Covid. Even though my first symptoms were back on 1\/22, I am still feeling it and still testing positive. I know this will make me do some adjustments with our schedule of topics, but I am going to have to cancel this week also. I would do a remote meeting but this is affecting my ability to speak for very long.\n\nWe did get official notification that GoDaddy plans on transitioning to the downtown office on 3\/1. I'll confirm this for you as we get closer, but for now plan on our first meeting downtown being on Saturday, March 4. Our new location in Cedar Rapids is located in the "
                            },
                            {
                                "type": "text",
                                "text": "Armstrong Centre",
                                "style": {
                                    "bold": true
                                }
                            },
                            {
                                "type": "text",
                                "text": " at "
                            },
                            {
                                "type": "text",
                                "text": "222 Third Ave SE., Suite 400. ",
                                "style": {
                                    "bold": true
                                }
                            },
                            {
                                "type": "text",
                                "text": "You will need to meet me in the lobby at ground level because there will be an elevator that I will have to use my badge to operate.\n\nSo enjoy your Saturday morning. I "
                            },
                            {
                                "type": "text",
                                "text": "am",
                                "style": {
                                    "bold": true
                                }
                            },
                            {
                                "type": "text",
                                "text": " getting better, so I'm really looking forward to seeing you on 2\/10.\n\n"
                            },
                            {
                                "type": "text",
                                "text": "Please reply to this message letting me know that you read it all. ",
                                "style": {
                                    "bold": true
                                }
                            },
                            {
                                "type": "emoji",
                                "name": "slightly_smiling_face",
                                "unicode": "1f642"
                            }
                        ]
                    }
                ]
            }
        ],
        "team": "T042E1514F3",
        "user_team": "T042E1514F3",
        "source_team": "T042E1514F3",
        "user_profile": {
            "avatar_hash": "g6730f37144b",
            "image_72": "https:\/\/secure.gravatar.com\/avatar\/6730f37144bd6ae505b97012a7f22a66.jpg?s=72&d=https%3A%2F%2Fa.slack-edge.com%2Fdf10d%2Fimg%2Favatars%2Fava_0006-72.png",
            "first_name": "chris",
            "real_name": "chris",
            "display_name": "",
            "team": "T042E1514F3",
            "name": "chris",
            "is_restricted": false,
            "is_ultra_restricted": false
        }
    },
    {
        "client_msg_id": "fae5bf91-912f-47db-bbe3-a9c311ab47dc",
        "type": "message",
        "text": "Would people be willing to meet online?",
        "user": "U041LSQC38X",
        "ts": "1675442957.277949",
        "blocks": [
            {
                "type": "rich_text",
                "block_id": "uFVV",
                "elements": [
                    {
                        "type": "rich_text_section",
                        "elements": [
                            {
                                "type": "text",
                                "text": "Would people be willing to meet online?"
                            }
                        ]
                    }
                ]
            }
        ],
        "team": "T042E1514F3",
        "user_team": "T042E1514F3",
        "source_team": "T042E1514F3",
        "user_profile": {
            "avatar_hash": "g60b962e7353",
            "image_72": "https:\/\/secure.gravatar.com\/avatar\/60b962e73536af1009870d33a2ba0516.jpg?s=72&d=https%3A%2F%2Fa.slack-edge.com%2Fdf10d%2Fimg%2Favatars%2Fava_0012-72.png",
            "first_name": "Michael",
            "real_name": "Michael Tice",
            "display_name": "Michael Tice",
            "team": "T042E1514F3",
            "name": "michael.tice",
            "is_restricted": false,
            "is_ultra_restricted": false
        }
    },
    {
        "client_msg_id": "30232107-e3bd-4990-8d32-b99a2386fc02",
        "type": "message",
        "text": "I could meet online.",
        "user": "U042U2F450R",
        "ts": "1675452960.468639",
        "blocks": [
            {
                "type": "rich_text",
                "block_id": "oCIa",
                "elements": [
                    {
                        "type": "rich_text_section",
                        "elements": [
                            {
                                "type": "text",
                                "text": "I could meet online."
                            }
                        ]
                    }
                ]
            }
        ],
        "team": "T042E1514F3",
        "user_team": "T042E1514F3",
        "source_team": "T042E1514F3",
        "user_profile": {
            "avatar_hash": "gff8e94624db",
            "image_72": "https:\/\/secure.gravatar.com\/avatar\/ff8e94624db08a84843122675f06ea92.jpg?s=72&d=https%3A%2F%2Fa.slack-edge.com%2Fdf10d%2Fimg%2Favatars%2Fava_0004-72.png",
            "first_name": "Anna",
            "real_name": "Anna",
            "display_name": "Anna",
            "team": "T042E1514F3",
            "name": "annam45",
            "is_restricted": false,
            "is_ultra_restricted": false
        }
    },
    {
        "client_msg_id": "b17df132-a754-4c89-9df3-67301e9f1ec1",
        "type": "message",
        "text": "If Chris is able.",
        "user": "U042U2F450R",
        "ts": "1675453334.661259",
        "blocks": [
            {
                "type": "rich_text",
                "block_id": "QT08s",
                "elements": [
                    {
                        "type": "rich_text_section",
                        "elements": [
                            {
                                "type": "text",
                                "text": "If Chris is able."
                            }
                        ]
                    }
                ]
            }
        ],
        "team": "T042E1514F3",
        "user_team": "T042E1514F3",
        "source_team": "T042E1514F3",
        "user_profile": {
            "avatar_hash": "gff8e94624db",
            "image_72": "https:\/\/secure.gravatar.com\/avatar\/ff8e94624db08a84843122675f06ea92.jpg?s=72&d=https%3A%2F%2Fa.slack-edge.com%2Fdf10d%2Fimg%2Favatars%2Fava_0004-72.png",
            "first_name": "Anna",
            "real_name": "Anna",
            "display_name": "Anna",
            "team": "T042E1514F3",
            "name": "annam45",
            "is_restricted": false,
            "is_ultra_restricted": false
        }
    },
    {
        "client_msg_id": "96103a3b-3eec-4ef9-9274-a162012997ac",
        "type": "message",
        "text": "If he is, that would be great, but even if he isn't, we could go over anomalies or putting into practice what he's already taught us.",
        "user": "U041LSQC38X",
        "ts": "1675453522.461729",
        "blocks": [
            {
                "type": "rich_text",
                "block_id": "KGk",
                "elements": [
                    {
                        "type": "rich_text_section",
                        "elements": [
                            {
                                "type": "text",
                                "text": "If he is, that would be great, but even if he isn't, we could go over anomalies or putting into practice what he's already taught us."
                            }
                        ]
                    }
                ]
            }
        ],
        "team": "T042E1514F3",
        "user_team": "T042E1514F3",
        "source_team": "T042E1514F3",
        "user_profile": {
            "avatar_hash": "g60b962e7353",
            "image_72": "https:\/\/secure.gravatar.com\/avatar\/60b962e73536af1009870d33a2ba0516.jpg?s=72&d=https%3A%2F%2Fa.slack-edge.com%2Fdf10d%2Fimg%2Favatars%2Fava_0012-72.png",
            "first_name": "Michael",
            "real_name": "Michael Tice",
            "display_name": "Michael Tice",
            "team": "T042E1514F3",
            "name": "michael.tice",
            "is_restricted": false,
            "is_ultra_restricted": false
        }
    },
    {
        "type": "message",
        "text": "This is the new place? Where are we supposed to park?",
        "files": [
            {
                "id": "F04NDF7N249",
                "created": 1675454067,
                "timestamp": 1675454067,
                "name": "Place.png",
                "title": "Place.png",
                "mimetype": "image\/png",
                "filetype": "png",
                "pretty_type": "PNG",
                "user": "U042U2F450R",
                "user_team": "T042E1514F3",
                "editable": false,
                "size": 2693040,
                "mode": "hosted",
                "is_external": false,
                "external_type": "",
                "is_public": true,
                "public_url_shared": false,
                "display_as_bot": false,
                "username": "",
                "url_private": "https:\/\/files.slack.com\/files-pri\/T042E1514F3-F04NDF7N249\/place.png?t=xoxe-4082039038513-5909763746612-5907217023875-336a8277661c30aa211f6bb0466e7c24",
                "url_private_download": "https:\/\/files.slack.com\/files-pri\/T042E1514F3-F04NDF7N249\/download\/place.png?t=xoxe-4082039038513-5909763746612-5907217023875-336a8277661c30aa211f6bb0466e7c24",
                "media_display_type": "unknown",
                "thumb_64": "https:\/\/files.slack.com\/files-tmb\/T042E1514F3-F04NDF7N249-5e730d97f6\/place_64.png?t=xoxe-4082039038513-5909763746612-5907217023875-336a8277661c30aa211f6bb0466e7c24",
                "thumb_80": "https:\/\/files.slack.com\/files-tmb\/T042E1514F3-F04NDF7N249-5e730d97f6\/place_80.png?t=xoxe-4082039038513-5909763746612-5907217023875-336a8277661c30aa211f6bb0466e7c24",
                "thumb_360": "https:\/\/files.slack.com\/files-tmb\/T042E1514F3-F04NDF7N249-5e730d97f6\/place_360.png?t=xoxe-4082039038513-5909763746612-5907217023875-336a8277661c30aa211f6bb0466e7c24",
                "thumb_360_w": 360,
                "thumb_360_h": 157,
                "thumb_480": "https:\/\/files.slack.com\/files-tmb\/T042E1514F3-F04NDF7N249-5e730d97f6\/place_480.png?t=xoxe-4082039038513-5909763746612-5907217023875-336a8277661c30aa211f6bb0466e7c24",
                "thumb_480_w": 480,
                "thumb_480_h": 209,
                "thumb_160": "https:\/\/files.slack.com\/files-tmb\/T042E1514F3-F04NDF7N249-5e730d97f6\/place_160.png?t=xoxe-4082039038513-5909763746612-5907217023875-336a8277661c30aa211f6bb0466e7c24",
                "thumb_720": "https:\/\/files.slack.com\/files-tmb\/T042E1514F3-F04NDF7N249-5e730d97f6\/place_720.png?t=xoxe-4082039038513-5909763746612-5907217023875-336a8277661c30aa211f6bb0466e7c24",
                "thumb_720_w": 720,
                "thumb_720_h": 313,
                "thumb_800": "https:\/\/files.slack.com\/files-tmb\/T042E1514F3-F04NDF7N249-5e730d97f6\/place_800.png?t=xoxe-4082039038513-5909763746612-5907217023875-336a8277661c30aa211f6bb0466e7c24",
                "thumb_800_w": 800,
                "thumb_800_h": 348,
                "thumb_960": "https:\/\/files.slack.com\/files-tmb\/T042E1514F3-F04NDF7N249-5e730d97f6\/place_960.png?t=xoxe-4082039038513-5909763746612-5907217023875-336a8277661c30aa211f6bb0466e7c24",
                "thumb_960_w": 960,
                "thumb_960_h": 418,
                "thumb_1024": "https:\/\/files.slack.com\/files-tmb\/T042E1514F3-F04NDF7N249-5e730d97f6\/place_1024.png?t=xoxe-4082039038513-5909763746612-5907217023875-336a8277661c30aa211f6bb0466e7c24",
                "thumb_1024_w": 1024,
                "thumb_1024_h": 446,
                "original_w": 1921,
                "original_h": 836,
                "thumb_tiny": "AwAUADCJYPMXcrDBqVYQqgHBPrUMcsisPkH5VZEx4JTFUmkJpsasO84VRSyW4jbpkY5qfzMDhD6cU1nJb\/Vkcd6TlqFiERL6CmTx7Y8qO\/NWN5xjbnFVriSVhyGUdxjim5XQkrMuhsLjA6U1AMt7DNL2oTq\/0qCxu8n2pdzY60ztS0ADOc84NIfmj59aRutKPufjQB\/\/2Q==",
                "permalink": "https:\/\/cyberdefense2022-2023.slack.com\/files\/U042U2F450R\/F04NDF7N249\/place.png",
                "permalink_public": "https:\/\/slack-files.com\/T042E1514F3-F04NDF7N249-968394a797",
                "is_starred": false,
                "has_rich_preview": false,
                "file_access": "visible"
            }
        ],
        "upload": false,
        "user": "U042U2F450R",
        "display_as_bot": false,
        "ts": "1675454173.313199",
        "blocks": [
            {
                "type": "rich_text",
                "block_id": "Ma\/5",
                "elements": [
                    {
                        "type": "rich_text_section",
                        "elements": [
                            {
                                "type": "text",
                                "text": "This is the new place? Where are we supposed to park?"
                            }
                        ]
                    }
                ]
            }
        ],
        "client_msg_id": "ff8721c5-a56c-4aca-a502-a76d9fa79c9e"
    },
    {
        "client_msg_id": "5D481A9C-F66C-4D83-B151-AE4265ECF439",
        "type": "message",
        "text": "Cool!",
        "user": "U042R51RY2C",
        "ts": "1675454868.494629",
        "blocks": [
            {
                "type": "rich_text",
                "block_id": "z3O",
                "elements": [
                    {
                        "type": "rich_text_section",
                        "elements": [
                            {
                                "type": "text",
                                "text": "Cool!"
                            }
                        ]
                    }
                ]
            }
        ],
        "team": "T042E1514F3",
        "user_team": "T042E1514F3",
        "source_team": "T042E1514F3",
        "user_profile": {
            "avatar_hash": "g24c32288d4d",
            "image_72": "https:\/\/secure.gravatar.com\/avatar\/24c32288d4dbbf5694cc5c9609ec1853.jpg?s=72&d=https%3A%2F%2Fa.slack-edge.com%2Fdf10d%2Fimg%2Favatars%2Fava_0017-72.png",
            "first_name": "Tristan",
            "real_name": "Tristan Ribble",
            "display_name": "",
            "team": "T042E1514F3",
            "name": "tmribble07",
            "is_restricted": false,
            "is_ultra_restricted": false
        }
    },
    {
        "client_msg_id": "48f3ebe6-21df-401a-b98a-38f100efb720",
        "type": "message",
        "text": "&gt; I would do a remote meeting but this is affecting my ability to speak for very long.\nThat means I am not wanting to do a remote meeting because it's hard to speak for very long, so I'm out. I should have worded it that way.\n\nBut if you want to meet without me, Zoom will be available, and Tristan will be able to join with full audio enabled. Should be the most joyful day of his life.",
        "user": "U042R3B76SC",
        "ts": "1675458768.821479",
        "blocks": [
            {
                "type": "rich_text",
                "block_id": "8e5",
                "elements": [
                    {
                        "type": "rich_text_quote",
                        "elements": [
                            {
                                "type": "text",
                                "text": "I would do a remote meeting but this is affecting my ability to speak for very long."
                            }
                        ]
                    },
                    {
                        "type": "rich_text_section",
                        "elements": [
                            {
                                "type": "text",
                                "text": "That means I am not wanting to do a remote meeting because it's hard to speak for very long, so I'm out. I should have worded it that way.\n\nBut if you want to meet without me, Zoom will be available, and Tristan will be able to join with full audio enabled. Should be the most joyful day of his life."
                            }
                        ]
                    }
                ]
            }
        ],
        "team": "T042E1514F3",
        "user_team": "T042E1514F3",
        "source_team": "T042E1514F3",
        "user_profile": {
            "avatar_hash": "g6730f37144b",
            "image_72": "https:\/\/secure.gravatar.com\/avatar\/6730f37144bd6ae505b97012a7f22a66.jpg?s=72&d=https%3A%2F%2Fa.slack-edge.com%2Fdf10d%2Fimg%2Favatars%2Fava_0006-72.png",
            "first_name": "chris",
            "real_name": "chris",
            "display_name": "",
            "team": "T042E1514F3",
            "name": "chris",
            "is_restricted": false,
            "is_ultra_restricted": false
        }
    },
    {
        "type": "message",
        "text": "&gt; Where are we supposed to park?\nOn-street parking is free on the weekends downtown. I don't think you'll have too much trouble finding a spot. If you don't like parallel parking, the Convention Center Ramp charges $0.75\/hour (first hour is free), but you'd have to walk about 800 to 900 feet to get to and from the lobby of the Armstrong Centre.",
        "files": [
            {
                "id": "F04N3Q313E0",
                "created": 1675459476,
                "timestamp": 1675459476,
                "name": "image.png",
                "title": "image.png",
                "mimetype": "image\/png",
                "filetype": "png",
                "pretty_type": "PNG",
                "user": "U042R3B76SC",
                "user_team": "T042E1514F3",
                "editable": false,
                "size": 1490767,
                "mode": "hosted",
                "is_external": false,
                "external_type": "",
                "is_public": true,
                "public_url_shared": false,
                "display_as_bot": false,
                "username": "",
                "url_private": "https:\/\/files.slack.com\/files-pri\/T042E1514F3-F04N3Q313E0\/image.png?t=xoxe-4082039038513-5909763746612-5907217023875-336a8277661c30aa211f6bb0466e7c24",
                "url_private_download": "https:\/\/files.slack.com\/files-pri\/T042E1514F3-F04N3Q313E0\/download\/image.png?t=xoxe-4082039038513-5909763746612-5907217023875-336a8277661c30aa211f6bb0466e7c24",
                "media_display_type": "unknown",
                "thumb_64": "https:\/\/files.slack.com\/files-tmb\/T042E1514F3-F04N3Q313E0-f0d2eb4bca\/image_64.png?t=xoxe-4082039038513-5909763746612-5907217023875-336a8277661c30aa211f6bb0466e7c24",
                "thumb_80": "https:\/\/files.slack.com\/files-tmb\/T042E1514F3-F04N3Q313E0-f0d2eb4bca\/image_80.png?t=xoxe-4082039038513-5909763746612-5907217023875-336a8277661c30aa211f6bb0466e7c24",
                "thumb_360": "https:\/\/files.slack.com\/files-tmb\/T042E1514F3-F04N3Q313E0-f0d2eb4bca\/image_360.png?t=xoxe-4082039038513-5909763746612-5907217023875-336a8277661c30aa211f6bb0466e7c24",
                "thumb_360_w": 360,
                "thumb_360_h": 318,
                "thumb_480": "https:\/\/files.slack.com\/files-tmb\/T042E1514F3-F04N3Q313E0-f0d2eb4bca\/image_480.png?t=xoxe-4082039038513-5909763746612-5907217023875-336a8277661c30aa211f6bb0466e7c24",
                "thumb_480_w": 480,
                "thumb_480_h": 424,
                "thumb_160": "https:\/\/files.slack.com\/files-tmb\/T042E1514F3-F04N3Q313E0-f0d2eb4bca\/image_160.png?t=xoxe-4082039038513-5909763746612-5907217023875-336a8277661c30aa211f6bb0466e7c24",
                "thumb_720": "https:\/\/files.slack.com\/files-tmb\/T042E1514F3-F04N3Q313E0-f0d2eb4bca\/image_720.png?t=xoxe-4082039038513-5909763746612-5907217023875-336a8277661c30aa211f6bb0466e7c24",
                "thumb_720_w": 720,
                "thumb_720_h": 637,
                "thumb_800": "https:\/\/files.slack.com\/files-tmb\/T042E1514F3-F04N3Q313E0-f0d2eb4bca\/image_800.png?t=xoxe-4082039038513-5909763746612-5907217023875-336a8277661c30aa211f6bb0466e7c24",
                "thumb_800_w": 800,
                "thumb_800_h": 707,
                "thumb_960": "https:\/\/files.slack.com\/files-tmb\/T042E1514F3-F04N3Q313E0-f0d2eb4bca\/image_960.png?t=xoxe-4082039038513-5909763746612-5907217023875-336a8277661c30aa211f6bb0466e7c24",
                "thumb_960_w": 960,
                "thumb_960_h": 849,
                "thumb_1024": "https:\/\/files.slack.com\/files-tmb\/T042E1514F3-F04N3Q313E0-f0d2eb4bca\/image_1024.png?t=xoxe-4082039038513-5909763746612-5907217023875-336a8277661c30aa211f6bb0466e7c24",
                "thumb_1024_w": 1024,
                "thumb_1024_h": 905,
                "original_w": 1753,
                "original_h": 1550,
                "thumb_tiny": "AwAqADC+ST060oGPxo2gdCaXt64pLzGxDnB5pc0E4+ntSYx3wKYhT04\/L1o+lJgClyD0NABznpQOBzQPrmjOelACAcn8xSnpzQeo\/wAKOooAaDzSjPPvRt54NL0AoERxOc4NSVC3ap+1NghAAOM0Y\/CgAZNLSGJxntRnNBpaAP\/Z",
                "permalink": "https:\/\/cyberdefense2022-2023.slack.com\/files\/U042R3B76SC\/F04N3Q313E0\/image.png",
                "permalink_public": "https:\/\/slack-files.com\/T042E1514F3-F04N3Q313E0-de88eb4264",
                "is_starred": false,
                "has_rich_preview": false,
                "file_access": "visible"
            }
        ],
        "upload": false,
        "user": "U042R3B76SC",
        "display_as_bot": false,
        "ts": "1675459480.985369",
        "blocks": [
            {
                "type": "rich_text",
                "block_id": "CkQlN",
                "elements": [
                    {
                        "type": "rich_text_quote",
                        "elements": [
                            {
                                "type": "text",
                                "text": "Where are we supposed to park?"
                            }
                        ]
                    },
                    {
                        "type": "rich_text_section",
                        "elements": [
                            {
                                "type": "text",
                                "text": "On-street parking is free on the weekends downtown. I don't think you'll have too much trouble finding a spot. If you don't like parallel parking, the Convention Center Ramp charges $0.75\/hour (first hour is free), but you'd have to walk about 800 to 900 feet to get to and from the lobby of the Armstrong Centre."
                            }
                        ]
                    }
                ]
            }
        ],
        "edited": {
            "user": "U042R3B76SC",
            "ts": "1675459497.000000"
        },
        "client_msg_id": "e501d795-1a4f-4356-bdb3-e9263c86b651"
    },
    {
        "type": "message",
        "text": "Actually, the 3rd Avenue Ramp is closer.",
        "files": [
            {
                "id": "F04NE0GT5H7",
                "created": 1675459815,
                "timestamp": 1675459815,
                "name": "image.png",
                "title": "image.png",
                "mimetype": "image\/png",
                "filetype": "png",
                "pretty_type": "PNG",
                "user": "U042R3B76SC",
                "user_team": "T042E1514F3",
                "editable": false,
                "size": 715141,
                "mode": "hosted",
                "is_external": false,
                "external_type": "",
                "is_public": true,
                "public_url_shared": false,
                "display_as_bot": false,
                "username": "",
                "url_private": "https:\/\/files.slack.com\/files-pri\/T042E1514F3-F04NE0GT5H7\/image.png?t=xoxe-4082039038513-5909763746612-5907217023875-336a8277661c30aa211f6bb0466e7c24",
                "url_private_download": "https:\/\/files.slack.com\/files-pri\/T042E1514F3-F04NE0GT5H7\/download\/image.png?t=xoxe-4082039038513-5909763746612-5907217023875-336a8277661c30aa211f6bb0466e7c24",
                "media_display_type": "unknown",
                "thumb_64": "https:\/\/files.slack.com\/files-tmb\/T042E1514F3-F04NE0GT5H7-a55f50af0d\/image_64.png?t=xoxe-4082039038513-5909763746612-5907217023875-336a8277661c30aa211f6bb0466e7c24",
                "thumb_80": "https:\/\/files.slack.com\/files-tmb\/T042E1514F3-F04NE0GT5H7-a55f50af0d\/image_80.png?t=xoxe-4082039038513-5909763746612-5907217023875-336a8277661c30aa211f6bb0466e7c24",
                "thumb_360": "https:\/\/files.slack.com\/files-tmb\/T042E1514F3-F04NE0GT5H7-a55f50af0d\/image_360.png?t=xoxe-4082039038513-5909763746612-5907217023875-336a8277661c30aa211f6bb0466e7c24",
                "thumb_360_w": 360,
                "thumb_360_h": 270,
                "thumb_480": "https:\/\/files.slack.com\/files-tmb\/T042E1514F3-F04NE0GT5H7-a55f50af0d\/image_480.png?t=xoxe-4082039038513-5909763746612-5907217023875-336a8277661c30aa211f6bb0466e7c24",
                "thumb_480_w": 480,
                "thumb_480_h": 360,
                "thumb_160": "https:\/\/files.slack.com\/files-tmb\/T042E1514F3-F04NE0GT5H7-a55f50af0d\/image_160.png?t=xoxe-4082039038513-5909763746612-5907217023875-336a8277661c30aa211f6bb0466e7c24",
                "thumb_720": "https:\/\/files.slack.com\/files-tmb\/T042E1514F3-F04NE0GT5H7-a55f50af0d\/image_720.png?t=xoxe-4082039038513-5909763746612-5907217023875-336a8277661c30aa211f6bb0466e7c24",
                "thumb_720_w": 720,
                "thumb_720_h": 540,
                "thumb_800": "https:\/\/files.slack.com\/files-tmb\/T042E1514F3-F04NE0GT5H7-a55f50af0d\/image_800.png?t=xoxe-4082039038513-5909763746612-5907217023875-336a8277661c30aa211f6bb0466e7c24",
                "thumb_800_w": 800,
                "thumb_800_h": 600,
                "thumb_960": "https:\/\/files.slack.com\/files-tmb\/T042E1514F3-F04NE0GT5H7-a55f50af0d\/image_960.png?t=xoxe-4082039038513-5909763746612-5907217023875-336a8277661c30aa211f6bb0466e7c24",
                "thumb_960_w": 960,
                "thumb_960_h": 720,
                "thumb_1024": "https:\/\/files.slack.com\/files-tmb\/T042E1514F3-F04NE0GT5H7-a55f50af0d\/image_1024.png?t=xoxe-4082039038513-5909763746612-5907217023875-336a8277661c30aa211f6bb0466e7c24",
                "thumb_1024_w": 1024,
                "thumb_1024_h": 768,
                "original_w": 1545,
                "original_h": 1159,
                "thumb_tiny": "AwAkADDR5z2xQcHGfWgjJzSDHqKQDqKQUZ5PtTAWkJApM84Ix6e9IRigQ+kyKP4hS0hiHrxn\/GgA5yTR0oJ46E0wD64oIyKMD0paACmnr1NOpGoQB2pppx6U09KTY0OHKjNLSL90fSlpoR\/\/2Q==",
                "permalink": "https:\/\/cyberdefense2022-2023.slack.com\/files\/U042R3B76SC\/F04NE0GT5H7\/image.png",
                "permalink_public": "https:\/\/slack-files.com\/T042E1514F3-F04NE0GT5H7-d9df311123",
                "is_starred": false,
                "has_rich_preview": false,
                "file_access": "visible"
            }
        ],
        "upload": false,
        "user": "U042R3B76SC",
        "display_as_bot": false,
        "ts": "1675459819.683109",
        "blocks": [
            {
                "type": "rich_text",
                "block_id": "ac5pw",
                "elements": [
                    {
                        "type": "rich_text_section",
                        "elements": [
                            {
                                "type": "text",
                                "text": "Actually, the 3rd Avenue Ramp is closer."
                            }
                        ]
                    }
                ]
            }
        ],
        "client_msg_id": "691fcfa7-f99b-4706-85b7-1c9fe1c7cc04"
    },
    {
        "client_msg_id": "0fa87299-cbe8-4a56-a102-318386178dc8",
        "type": "message",
        "text": "Downtown Cedar Rapids makes me really nervous.",
        "user": "U042U2F450R",
        "ts": "1675460130.009519",
        "blocks": [
            {
                "type": "rich_text",
                "block_id": "34Apf",
                "elements": [
                    {
                        "type": "rich_text_section",
                        "elements": [
                            {
                                "type": "text",
                                "text": "Downtown Cedar Rapids makes me really nervous."
                            }
                        ]
                    }
                ]
            }
        ],
        "team": "T042E1514F3",
        "user_team": "T042E1514F3",
        "source_team": "T042E1514F3",
        "user_profile": {
            "avatar_hash": "gff8e94624db",
            "image_72": "https:\/\/secure.gravatar.com\/avatar\/ff8e94624db08a84843122675f06ea92.jpg?s=72&d=https%3A%2F%2Fa.slack-edge.com%2Fdf10d%2Fimg%2Favatars%2Fava_0004-72.png",
            "first_name": "Anna",
            "real_name": "Anna",
            "display_name": "Anna",
            "team": "T042E1514F3",
            "name": "annam45",
            "is_restricted": false,
            "is_ultra_restricted": false
        }
    },
    {
        "type": "message",
        "text": "In Anna's picture, if we enter where I think we will, it will be just past the Skywalk, where the food court is. If you look at the building from right under that part of the Skywalk, the areas I've labeled in this picture are the two areas where I think you'll be able to enter. This is part of what I'll have to confirm with you later, but this is where we got into the building when we worked in it before.",
        "files": [
            {
                "id": "F04N1N3U7QA",
                "created": 1675465497,
                "timestamp": 1675465497,
                "name": "image.png",
                "title": "image.png",
                "mimetype": "image\/png",
                "filetype": "png",
                "pretty_type": "PNG",
                "user": "U042R3B76SC",
                "user_team": "T042E1514F3",
                "editable": false,
                "size": 4762736,
                "mode": "hosted",
                "is_external": false,
                "external_type": "",
                "is_public": true,
                "public_url_shared": false,
                "display_as_bot": false,
                "username": "",
                "url_private": "https:\/\/files.slack.com\/files-pri\/T042E1514F3-F04N1N3U7QA\/image.png?t=xoxe-4082039038513-5909763746612-5907217023875-336a8277661c30aa211f6bb0466e7c24",
                "url_private_download": "https:\/\/files.slack.com\/files-pri\/T042E1514F3-F04N1N3U7QA\/download\/image.png?t=xoxe-4082039038513-5909763746612-5907217023875-336a8277661c30aa211f6bb0466e7c24",
                "media_display_type": "unknown",
                "thumb_64": "https:\/\/files.slack.com\/files-tmb\/T042E1514F3-F04N1N3U7QA-d23d1d1f8d\/image_64.png?t=xoxe-4082039038513-5909763746612-5907217023875-336a8277661c30aa211f6bb0466e7c24",
                "thumb_80": "https:\/\/files.slack.com\/files-tmb\/T042E1514F3-F04N1N3U7QA-d23d1d1f8d\/image_80.png?t=xoxe-4082039038513-5909763746612-5907217023875-336a8277661c30aa211f6bb0466e7c24",
                "thumb_360": "https:\/\/files.slack.com\/files-tmb\/T042E1514F3-F04N1N3U7QA-d23d1d1f8d\/image_360.png?t=xoxe-4082039038513-5909763746612-5907217023875-336a8277661c30aa211f6bb0466e7c24",
                "thumb_360_w": 360,
                "thumb_360_h": 216,
                "thumb_480": "https:\/\/files.slack.com\/files-tmb\/T042E1514F3-F04N1N3U7QA-d23d1d1f8d\/image_480.png?t=xoxe-4082039038513-5909763746612-5907217023875-336a8277661c30aa211f6bb0466e7c24",
                "thumb_480_w": 480,
                "thumb_480_h": 287,
                "thumb_160": "https:\/\/files.slack.com\/files-tmb\/T042E1514F3-F04N1N3U7QA-d23d1d1f8d\/image_160.png?t=xoxe-4082039038513-5909763746612-5907217023875-336a8277661c30aa211f6bb0466e7c24",
                "thumb_720": "https:\/\/files.slack.com\/files-tmb\/T042E1514F3-F04N1N3U7QA-d23d1d1f8d\/image_720.png?t=xoxe-4082039038513-5909763746612-5907217023875-336a8277661c30aa211f6bb0466e7c24",
                "thumb_720_w": 720,
                "thumb_720_h": 431,
                "thumb_800": "https:\/\/files.slack.com\/files-tmb\/T042E1514F3-F04N1N3U7QA-d23d1d1f8d\/image_800.png?t=xoxe-4082039038513-5909763746612-5907217023875-336a8277661c30aa211f6bb0466e7c24",
                "thumb_800_w": 800,
                "thumb_800_h": 479,
                "thumb_960": "https:\/\/files.slack.com\/files-tmb\/T042E1514F3-F04N1N3U7QA-d23d1d1f8d\/image_960.png?t=xoxe-4082039038513-5909763746612-5907217023875-336a8277661c30aa211f6bb0466e7c24",
                "thumb_960_w": 960,
                "thumb_960_h": 575,
                "thumb_1024": "https:\/\/files.slack.com\/files-tmb\/T042E1514F3-F04N1N3U7QA-d23d1d1f8d\/image_1024.png?t=xoxe-4082039038513-5909763746612-5907217023875-336a8277661c30aa211f6bb0466e7c24",
                "thumb_1024_w": 1024,
                "thumb_1024_h": 613,
                "original_w": 2495,
                "original_h": 1494,
                "thumb_tiny": "AwAcADB4fK8rgHjmlaIbehX8Ki2x7AArHnPIqVZG2LlenTIpXGRGNkbcvXPUGrMMjSDkjI68dRURkPHyr+VEbNuIXGT6UXESs4GM3IX6Ac0m5D\/y8sfpUSuxbDR49DikZz09fQU7gElxlAsXzP8A3sVCLe4flgw+pq8qqowoA+lLQMqxQOrbpFOB23cmrAVMDazx+qgZp1GTSARXRZDkuxP8WP6UGRAwR+nrTsn1qpJxdEdjimB\/\/9k=",
                "permalink": "https:\/\/cyberdefense2022-2023.slack.com\/files\/U042R3B76SC\/F04N1N3U7QA\/image.png",
                "permalink_public": "https:\/\/slack-files.com\/T042E1514F3-F04N1N3U7QA-2ecd90cd47",
                "is_starred": false,
                "has_rich_preview": false,
                "file_access": "visible"
            }
        ],
        "upload": false,
        "user": "U042R3B76SC",
        "display_as_bot": false,
        "ts": "1675465518.076749",
        "blocks": [
            {
                "type": "rich_text",
                "block_id": "6EuD",
                "elements": [
                    {
                        "type": "rich_text_section",
                        "elements": [
                            {
                                "type": "text",
                                "text": "In Anna's picture, if we enter where I think we will, it will be just past the Skywalk, where the food court is. If you look at the building from right under that part of the Skywalk, the areas I've labeled in this picture are the two areas where I think you'll be able to enter. This is part of what I'll have to confirm with you later, but this is where we got into the building when we worked in it before."
                            }
                        ]
                    }
                ]
            }
        ],
        "client_msg_id": "f2d7c488-411d-452e-bc8e-a4719ff92306"
    }
]