[
    {
        "client_msg_id": "030a2c77-dc15-4b99-8482-8e77d54bb557",
        "type": "message",
        "text": "I can do Friday.  Thursday is the potluck.",
        "user": "U041LSQC38X",
        "ts": "1682517542.816659",
        "blocks": [
            {
                "type": "rich_text",
                "block_id": "0WU4n",
                "elements": [
                    {
                        "type": "rich_text_section",
                        "elements": [
                            {
                                "type": "text",
                                "text": "I can do Friday.  Thursday is the potluck."
                            }
                        ]
                    }
                ]
            }
        ],
        "team": "T042E1514F3",
        "user_team": "T042E1514F3",
        "source_team": "T042E1514F3",
        "user_profile": {
            "avatar_hash": "g60b962e7353",
            "image_72": "https:\/\/secure.gravatar.com\/avatar\/60b962e73536af1009870d33a2ba0516.jpg?s=72&d=https%3A%2F%2Fa.slack-edge.com%2Fdf10d%2Fimg%2Favatars%2Fava_0012-72.png",
            "first_name": "Michael",
            "real_name": "Michael Tice",
            "display_name": "Michael Tice",
            "team": "T042E1514F3",
            "name": "michael.tice",
            "is_restricted": false,
            "is_ultra_restricted": false
        }
    },
    {
        "client_msg_id": "74a36c41-4884-43b5-b046-925f70379243",
        "type": "message",
        "text": "I can meet Friday afternoon from 1ish until 3. After that I have to work.",
        "user": "U042U2F450R",
        "ts": "1682528186.069599",
        "blocks": [
            {
                "type": "rich_text",
                "block_id": "Skzb5",
                "elements": [
                    {
                        "type": "rich_text_section",
                        "elements": [
                            {
                                "type": "text",
                                "text": "I can meet Friday afternoon from 1ish until 3. After that I have to work."
                            }
                        ]
                    }
                ]
            }
        ],
        "team": "T042E1514F3",
        "user_team": "T042E1514F3",
        "source_team": "T042E1514F3",
        "user_profile": {
            "avatar_hash": "gff8e94624db",
            "image_72": "https:\/\/secure.gravatar.com\/avatar\/ff8e94624db08a84843122675f06ea92.jpg?s=72&d=https%3A%2F%2Fa.slack-edge.com%2Fdf10d%2Fimg%2Favatars%2Fava_0004-72.png",
            "first_name": "Anna",
            "real_name": "Anna",
            "display_name": "Anna",
            "team": "T042E1514F3",
            "name": "annam45",
            "is_restricted": false,
            "is_ultra_restricted": false
        }
    },
    {
        "client_msg_id": "8434c3b3-7d15-4eec-9cb7-7606dd9a2072",
        "type": "message",
        "text": "<@U042R51RY2C> when are you available this week for a debrief meeting?",
        "user": "U042U2F450R",
        "ts": "1682537764.704949",
        "blocks": [
            {
                "type": "rich_text",
                "block_id": "26A",
                "elements": [
                    {
                        "type": "rich_text_section",
                        "elements": [
                            {
                                "type": "user",
                                "user_id": "U042R51RY2C"
                            },
                            {
                                "type": "text",
                                "text": " when are you available this week for a debrief meeting?"
                            }
                        ]
                    }
                ]
            }
        ],
        "team": "T042E1514F3",
        "user_team": "T042E1514F3",
        "source_team": "T042E1514F3",
        "user_profile": {
            "avatar_hash": "gff8e94624db",
            "image_72": "https:\/\/secure.gravatar.com\/avatar\/ff8e94624db08a84843122675f06ea92.jpg?s=72&d=https%3A%2F%2Fa.slack-edge.com%2Fdf10d%2Fimg%2Favatars%2Fava_0004-72.png",
            "first_name": "Anna",
            "real_name": "Anna",
            "display_name": "Anna",
            "team": "T042E1514F3",
            "name": "annam45",
            "is_restricted": false,
            "is_ultra_restricted": false
        }
    },
    {
        "client_msg_id": "841b2e07-96ab-45e8-888b-4926bc542891",
        "type": "message",
        "text": "about the same time as you, 1 to 3 friday",
        "user": "U042R51RY2C",
        "ts": "1682537792.396999",
        "blocks": [
            {
                "type": "rich_text",
                "block_id": "xyJ",
                "elements": [
                    {
                        "type": "rich_text_section",
                        "elements": [
                            {
                                "type": "text",
                                "text": "about the same time as you, 1 to 3 friday"
                            }
                        ]
                    }
                ]
            }
        ],
        "team": "T042E1514F3",
        "user_team": "T042E1514F3",
        "source_team": "T042E1514F3",
        "user_profile": {
            "avatar_hash": "g24c32288d4d",
            "image_72": "https:\/\/secure.gravatar.com\/avatar\/24c32288d4dbbf5694cc5c9609ec1853.jpg?s=72&d=https%3A%2F%2Fa.slack-edge.com%2Fdf10d%2Fimg%2Favatars%2Fava_0017-72.png",
            "first_name": "Tristan",
            "real_name": "Tristan Ribble",
            "display_name": "",
            "team": "T042E1514F3",
            "name": "tmribble07",
            "is_restricted": false,
            "is_ultra_restricted": false
        }
    },
    {
        "client_msg_id": "9878110c-a4dc-449a-985f-a5c6f7b748ed",
        "type": "message",
        "text": "<@U042R3B76SC> It sounds like 1-3 on Friday will work for everyone.",
        "user": "U042U2F450R",
        "ts": "1682537881.493739",
        "blocks": [
            {
                "type": "rich_text",
                "block_id": "GQ4pB",
                "elements": [
                    {
                        "type": "rich_text_section",
                        "elements": [
                            {
                                "type": "user",
                                "user_id": "U042R3B76SC"
                            },
                            {
                                "type": "text",
                                "text": " It sounds like 1-3 on Friday will work for everyone."
                            }
                        ]
                    }
                ]
            }
        ],
        "team": "T042E1514F3",
        "user_team": "T042E1514F3",
        "source_team": "T042E1514F3",
        "user_profile": {
            "avatar_hash": "gff8e94624db",
            "image_72": "https:\/\/secure.gravatar.com\/avatar\/ff8e94624db08a84843122675f06ea92.jpg?s=72&d=https%3A%2F%2Fa.slack-edge.com%2Fdf10d%2Fimg%2Favatars%2Fava_0004-72.png",
            "first_name": "Anna",
            "real_name": "Anna",
            "display_name": "Anna",
            "team": "T042E1514F3",
            "name": "annam45",
            "is_restricted": false,
            "is_ultra_restricted": false
        }
    },
    {
        "client_msg_id": "eb8e421e-1f6a-4287-b61e-8d2c1c78d4fc",
        "type": "message",
        "text": "Thanks! I just logged on here to check on this. Let's plan on Friday at 1 PM. \n\nIf I don't get a calendar invite out sometime tonight, hassle me tomorrow. :)\n\nSince it's during business hours on Friday, it should probably be either a remote meeting on Zoom or a meeting at my house. Thoughts on that?",
        "user": "U042R3B76SC",
        "ts": "1682551474.231949",
        "blocks": [
            {
                "type": "rich_text",
                "block_id": "dAoGF",
                "elements": [
                    {
                        "type": "rich_text_section",
                        "elements": [
                            {
                                "type": "text",
                                "text": "Thanks! I just logged on here to check on this. Let's plan on Friday at 1 PM. \n\nIf I don't get a calendar invite out sometime tonight, hassle me tomorrow. :)\n\nSince it's during business hours on Friday, it should probably be either a remote meeting on Zoom or a meeting at my house. Thoughts on that?"
                            }
                        ]
                    }
                ]
            }
        ],
        "team": "T042E1514F3",
        "user_team": "T042E1514F3",
        "source_team": "T042E1514F3",
        "user_profile": {
            "avatar_hash": "g6730f37144b",
            "image_72": "https:\/\/secure.gravatar.com\/avatar\/6730f37144bd6ae505b97012a7f22a66.jpg?s=72&d=https%3A%2F%2Fa.slack-edge.com%2Fdf10d%2Fimg%2Favatars%2Fava_0006-72.png",
            "first_name": "chris",
            "real_name": "chris",
            "display_name": "",
            "team": "T042E1514F3",
            "name": "chris",
            "is_restricted": false,
            "is_ultra_restricted": false
        }
    },
    {
        "client_msg_id": "7182aa09-290f-4e20-b066-9323fe3680b4",
        "type": "message",
        "text": "Remote",
        "user": "U041LSQC38X",
        "ts": "1682551484.853829",
        "blocks": [
            {
                "type": "rich_text",
                "block_id": "1=sD",
                "elements": [
                    {
                        "type": "rich_text_section",
                        "elements": [
                            {
                                "type": "text",
                                "text": "Remote"
                            }
                        ]
                    }
                ]
            }
        ],
        "team": "T042E1514F3",
        "user_team": "T042E1514F3",
        "source_team": "T042E1514F3",
        "user_profile": {
            "avatar_hash": "g60b962e7353",
            "image_72": "https:\/\/secure.gravatar.com\/avatar\/60b962e73536af1009870d33a2ba0516.jpg?s=72&d=https%3A%2F%2Fa.slack-edge.com%2Fdf10d%2Fimg%2Favatars%2Fava_0012-72.png",
            "first_name": "Michael",
            "real_name": "Michael Tice",
            "display_name": "Michael Tice",
            "team": "T042E1514F3",
            "name": "michael.tice",
            "is_restricted": false,
            "is_ultra_restricted": false
        }
    },
    {
        "client_msg_id": "5b955af2-0980-494d-81cb-d358d3b3b411",
        "type": "message",
        "text": "Is preferable",
        "user": "U041LSQC38X",
        "ts": "1682551516.172969",
        "blocks": [
            {
                "type": "rich_text",
                "block_id": "ldv6U",
                "elements": [
                    {
                        "type": "rich_text_section",
                        "elements": [
                            {
                                "type": "text",
                                "text": "Is preferable"
                            }
                        ]
                    }
                ]
            }
        ],
        "team": "T042E1514F3",
        "user_team": "T042E1514F3",
        "source_team": "T042E1514F3",
        "user_profile": {
            "avatar_hash": "g60b962e7353",
            "image_72": "https:\/\/secure.gravatar.com\/avatar\/60b962e73536af1009870d33a2ba0516.jpg?s=72&d=https%3A%2F%2Fa.slack-edge.com%2Fdf10d%2Fimg%2Favatars%2Fava_0012-72.png",
            "first_name": "Michael",
            "real_name": "Michael Tice",
            "display_name": "Michael Tice",
            "team": "T042E1514F3",
            "name": "michael.tice",
            "is_restricted": false,
            "is_ultra_restricted": false
        },
        "reactions": [
            {
                "name": "+1",
                "users": [
                    "U042R3B76SC"
                ],
                "count": 1
            }
        ]
    },
    {
        "client_msg_id": "6c959f93-45cf-46bf-a881-75326a75463c",
        "type": "message",
        "text": "I figured it would be for Team Tice. :)",
        "user": "U042R3B76SC",
        "ts": "1682551769.321639",
        "blocks": [
            {
                "type": "rich_text",
                "block_id": "6BE",
                "elements": [
                    {
                        "type": "rich_text_section",
                        "elements": [
                            {
                                "type": "text",
                                "text": "I figured it would be for Team Tice. :)"
                            }
                        ]
                    }
                ]
            }
        ],
        "team": "T042E1514F3",
        "user_team": "T042E1514F3",
        "source_team": "T042E1514F3",
        "user_profile": {
            "avatar_hash": "g6730f37144b",
            "image_72": "https:\/\/secure.gravatar.com\/avatar\/6730f37144bd6ae505b97012a7f22a66.jpg?s=72&d=https%3A%2F%2Fa.slack-edge.com%2Fdf10d%2Fimg%2Favatars%2Fava_0006-72.png",
            "first_name": "chris",
            "real_name": "chris",
            "display_name": "",
            "team": "T042E1514F3",
            "name": "chris",
            "is_restricted": false,
            "is_ultra_restricted": false
        }
    },
    {
        "client_msg_id": "a7ab289b-699f-4e4f-abb9-77910e22ea48",
        "type": "message",
        "text": "It could be mix-and-match, meaning remote for Michael and Dan but Tristan and\/or Anna could come over here. Or it could be remote for everybody. So ... preferences for you, Anna and Tristan?",
        "user": "U042R3B76SC",
        "ts": "1682551873.836379",
        "blocks": [
            {
                "type": "rich_text",
                "block_id": "oLSF6",
                "elements": [
                    {
                        "type": "rich_text_section",
                        "elements": [
                            {
                                "type": "text",
                                "text": "It could be mix-and-match, meaning remote for Michael and Dan but Tristan and\/or Anna could come over here. Or it could be remote for everybody. So ... preferences for you, Anna and Tristan?"
                            }
                        ]
                    }
                ]
            }
        ],
        "team": "T042E1514F3",
        "user_team": "T042E1514F3",
        "source_team": "T042E1514F3",
        "user_profile": {
            "avatar_hash": "g6730f37144b",
            "image_72": "https:\/\/secure.gravatar.com\/avatar\/6730f37144bd6ae505b97012a7f22a66.jpg?s=72&d=https%3A%2F%2Fa.slack-edge.com%2Fdf10d%2Fimg%2Favatars%2Fava_0006-72.png",
            "first_name": "chris",
            "real_name": "chris",
            "display_name": "",
            "team": "T042E1514F3",
            "name": "chris",
            "is_restricted": false,
            "is_ultra_restricted": false
        }
    },
    {
        "client_msg_id": "64715F64-5C63-48C1-A14A-7557D738563F",
        "type": "message",
        "text": "Probably remote ",
        "user": "U042R51RY2C",
        "ts": "1682553204.264639",
        "blocks": [
            {
                "type": "rich_text",
                "block_id": "lRJ+=",
                "elements": [
                    {
                        "type": "rich_text_section",
                        "elements": [
                            {
                                "type": "text",
                                "text": "Probably remote "
                            }
                        ]
                    }
                ]
            }
        ],
        "team": "T042E1514F3",
        "user_team": "T042E1514F3",
        "source_team": "T042E1514F3",
        "user_profile": {
            "avatar_hash": "g24c32288d4d",
            "image_72": "https:\/\/secure.gravatar.com\/avatar\/24c32288d4dbbf5694cc5c9609ec1853.jpg?s=72&d=https%3A%2F%2Fa.slack-edge.com%2Fdf10d%2Fimg%2Favatars%2Fava_0017-72.png",
            "first_name": "Tristan",
            "real_name": "Tristan Ribble",
            "display_name": "",
            "team": "T042E1514F3",
            "name": "tmribble07",
            "is_restricted": false,
            "is_ultra_restricted": false
        },
        "reactions": [
            {
                "name": "+1",
                "users": [
                    "U042R3B76SC"
                ],
                "count": 1
            }
        ]
    },
    {
        "client_msg_id": "c34137f8-68a0-4b24-9ae8-3f0a6cc696d8",
        "type": "message",
        "text": "I would prefer remote. I need to start getting ready for work at 3:30, so driving back from your house might make it a bit tight.",
        "user": "U042U2F450R",
        "ts": "1682567133.126889",
        "blocks": [
            {
                "type": "rich_text",
                "block_id": "VC4",
                "elements": [
                    {
                        "type": "rich_text_section",
                        "elements": [
                            {
                                "type": "text",
                                "text": "I would prefer remote. I need to start getting ready for work at 3:30, so driving back from your house might make it a bit tight."
                            }
                        ]
                    }
                ]
            }
        ],
        "team": "T042E1514F3",
        "user_team": "T042E1514F3",
        "source_team": "T042E1514F3",
        "user_profile": {
            "avatar_hash": "gff8e94624db",
            "image_72": "https:\/\/secure.gravatar.com\/avatar\/ff8e94624db08a84843122675f06ea92.jpg?s=72&d=https%3A%2F%2Fa.slack-edge.com%2Fdf10d%2Fimg%2Favatars%2Fava_0004-72.png",
            "first_name": "Anna",
            "real_name": "Anna",
            "display_name": "Anna",
            "team": "T042E1514F3",
            "name": "annam45",
            "is_restricted": false,
            "is_ultra_restricted": false
        }
    },
    {
        "client_msg_id": "89378975-7c8a-4e4c-a1e3-a72cbf9997bb",
        "type": "message",
        "text": "Roger that.",
        "user": "U042R3B76SC",
        "ts": "1682568795.959099",
        "blocks": [
            {
                "type": "rich_text",
                "block_id": "qpvuG",
                "elements": [
                    {
                        "type": "rich_text_section",
                        "elements": [
                            {
                                "type": "text",
                                "text": "Roger that."
                            }
                        ]
                    }
                ]
            }
        ],
        "team": "T042E1514F3",
        "user_team": "T042E1514F3",
        "source_team": "T042E1514F3",
        "user_profile": {
            "avatar_hash": "g6730f37144b",
            "image_72": "https:\/\/secure.gravatar.com\/avatar\/6730f37144bd6ae505b97012a7f22a66.jpg?s=72&d=https%3A%2F%2Fa.slack-edge.com%2Fdf10d%2Fimg%2Favatars%2Fava_0006-72.png",
            "first_name": "chris",
            "real_name": "chris",
            "display_name": "",
            "team": "T042E1514F3",
            "name": "chris",
            "is_restricted": false,
            "is_ultra_restricted": false
        }
    },
    {
        "client_msg_id": "6e90b8cf-a8e1-434a-b037-84c14eb91c47",
        "type": "message",
        "text": "I just sent out a calendar invitation for Friday from 1 PM to 3 PM with a Zoom link inside it. Make sure that you received it so you can click the Zoom link to join easily on Friday. I'll cancel the Saturday meetings from here on out, but hopefully we can talk soon (maybe on Friday?) about what kind of schedule we want for the May CDC and\/or summer meetings.",
        "user": "U042R3B76SC",
        "ts": "1682568940.195899",
        "blocks": [
            {
                "type": "rich_text",
                "block_id": "XUt9",
                "elements": [
                    {
                        "type": "rich_text_section",
                        "elements": [
                            {
                                "type": "text",
                                "text": "I just sent out a calendar invitation for Friday from 1 PM to 3 PM with a Zoom link inside it. Make sure that you received it so you can click the Zoom link to join easily on Friday. I'll cancel the Saturday meetings from here on out, but hopefully we can talk soon (maybe on Friday?) about what kind of schedule we want for the May CDC and\/or summer meetings."
                            }
                        ]
                    }
                ]
            }
        ],
        "team": "T042E1514F3",
        "user_team": "T042E1514F3",
        "source_team": "T042E1514F3",
        "user_profile": {
            "avatar_hash": "g6730f37144b",
            "image_72": "https:\/\/secure.gravatar.com\/avatar\/6730f37144bd6ae505b97012a7f22a66.jpg?s=72&d=https%3A%2F%2Fa.slack-edge.com%2Fdf10d%2Fimg%2Favatars%2Fava_0006-72.png",
            "first_name": "chris",
            "real_name": "chris",
            "display_name": "",
            "team": "T042E1514F3",
            "name": "chris",
            "is_restricted": false,
            "is_ultra_restricted": false
        }
    }
]