[
    {
        "client_msg_id": "133ca0df-ec9b-4d30-bfd5-a18b1757e1d2",
        "type": "message",
        "text": "Game server login:\n    cdc\n    ThreeCarrots^^^",
        "user": "U042R51RY2C",
        "ts": "1681761883.736569",
        "blocks": [
            {
                "type": "rich_text",
                "block_id": "2oma",
                "elements": [
                    {
                        "type": "rich_text_section",
                        "elements": [
                            {
                                "type": "text",
                                "text": "Game server login:\n    cdc\n    ThreeCarrots^^^"
                            }
                        ]
                    }
                ]
            }
        ],
        "team": "T042E1514F3",
        "user_team": "T042E1514F3",
        "source_team": "T042E1514F3",
        "user_profile": {
            "avatar_hash": "g24c32288d4d",
            "image_72": "https:\/\/secure.gravatar.com\/avatar\/24c32288d4dbbf5694cc5c9609ec1853.jpg?s=72&d=https%3A%2F%2Fa.slack-edge.com%2Fdf10d%2Fimg%2Favatars%2Fava_0017-72.png",
            "first_name": "Tristan",
            "real_name": "Tristan Ribble",
            "display_name": "",
            "team": "T042E1514F3",
            "name": "tmribble07",
            "is_restricted": false,
            "is_ultra_restricted": false
        },
        "edited": {
            "user": "U042R51RY2C",
            "ts": "1681761896.000000"
        }
    },
    {
        "client_msg_id": "ccbcf789-bc7f-4318-b5c8-06986a9ce63d",
        "type": "message",
        "text": "These passwords have been moved to Trello.",
        "user": "U042R3B76SC",
        "ts": "1681768864.105939",
        "blocks": [
            {
                "type": "rich_text",
                "block_id": "SRCK4",
                "elements": [
                    {
                        "type": "rich_text_section",
                        "elements": [
                            {
                                "type": "text",
                                "text": "These passwords have been moved to Trello."
                            }
                        ]
                    }
                ]
            }
        ],
        "team": "T042E1514F3",
        "user_team": "T042E1514F3",
        "source_team": "T042E1514F3",
        "user_profile": {
            "avatar_hash": "g6730f37144b",
            "image_72": "https:\/\/secure.gravatar.com\/avatar\/6730f37144bd6ae505b97012a7f22a66.jpg?s=72&d=https%3A%2F%2Fa.slack-edge.com%2Fdf10d%2Fimg%2Favatars%2Fava_0006-72.png",
            "first_name": "chris",
            "real_name": "chris",
            "display_name": "",
            "team": "T042E1514F3",
            "name": "chris",
            "is_restricted": false,
            "is_ultra_restricted": false
        }
    },
    {
        "type": "message",
        "subtype": "channel_archive",
        "ts": "1681768873.062019",
        "user": "U042R3B76SC",
        "text": "archived the channel"
    }
]