[
    {
        "type": "message",
        "subtype": "channel_join",
        "ts": "1693524433.369499",
        "user": "U041LSQC38X",
        "text": "<@U041LSQC38X> has joined the channel"
    },
    {
        "type": "message",
        "subtype": "channel_join",
        "ts": "1693524437.677729",
        "user": "U0421AQBX8B",
        "text": "<@U0421AQBX8B> has joined the channel",
        "inviter": "U041LSQC38X"
    },
    {
        "type": "message",
        "subtype": "channel_join",
        "ts": "1693524437.758279",
        "user": "U042R3B76SC",
        "text": "<@U042R3B76SC> has joined the channel",
        "inviter": "U041LSQC38X"
    },
    {
        "type": "message",
        "subtype": "channel_join",
        "ts": "1693524437.827129",
        "user": "U042R51RY2C",
        "text": "<@U042R51RY2C> has joined the channel",
        "inviter": "U041LSQC38X"
    },
    {
        "type": "message",
        "subtype": "channel_join",
        "ts": "1693524437.892149",
        "user": "U042U2F450R",
        "text": "<@U042U2F450R> has joined the channel",
        "inviter": "U041LSQC38X"
    },
    {
        "client_msg_id": "8dd7b341-d5f3-42bd-9095-2a504a071c5b",
        "type": "message",
        "text": "Scripted Emergency Firewalls\nActive Directory\nWindows\nDocumentation",
        "user": "U041LSQC38X",
        "ts": "1693524490.030309",
        "blocks": [
            {
                "type": "rich_text",
                "block_id": "6QN",
                "elements": [
                    {
                        "type": "rich_text_section",
                        "elements": [
                            {
                                "type": "text",
                                "text": "Scripted Emergency Firewalls\nActive Directory\nWindows\nDocumentation"
                            }
                        ]
                    }
                ]
            }
        ],
        "team": "T042E1514F3",
        "user_team": "T042E1514F3",
        "source_team": "T042E1514F3",
        "user_profile": {
            "avatar_hash": "g60b962e7353",
            "image_72": "https:\/\/secure.gravatar.com\/avatar\/60b962e73536af1009870d33a2ba0516.jpg?s=72&d=https%3A%2F%2Fa.slack-edge.com%2Fdf10d%2Fimg%2Favatars%2Fava_0012-72.png",
            "first_name": "Michael",
            "real_name": "Michael Tice",
            "display_name": "Michael Tice",
            "team": "T042E1514F3",
            "name": "michael.tice",
            "is_restricted": false,
            "is_ultra_restricted": false
        }
    }
]