[
    {
        "client_msg_id": "4eb5e829-1362-4d14-b55b-5f5621dadade",
        "type": "message",
        "text": "I got an email saying that TryHackMe is having a 20% off sale on annual memberships. Are we going to be using it enough to make it worth getting one?",
        "user": "U042U2F450R",
        "ts": "1669601388.782759",
        "blocks": [
            {
                "type": "rich_text",
                "block_id": "DQK",
                "elements": [
                    {
                        "type": "rich_text_section",
                        "elements": [
                            {
                                "type": "text",
                                "text": "I got an email saying that TryHackMe is having a 20% off sale on annual memberships. Are we going to be using it enough to make it worth getting one?"
                            }
                        ]
                    }
                ]
            }
        ],
        "team": "T042E1514F3",
        "user_team": "T042E1514F3",
        "source_team": "T042E1514F3",
        "user_profile": {
            "avatar_hash": "gff8e94624db",
            "image_72": "https:\/\/secure.gravatar.com\/avatar\/ff8e94624db08a84843122675f06ea92.jpg?s=72&d=https%3A%2F%2Fa.slack-edge.com%2Fdf10d%2Fimg%2Favatars%2Fava_0004-72.png",
            "first_name": "Anna",
            "real_name": "Anna",
            "display_name": "Anna",
            "team": "T042E1514F3",
            "name": "annam45",
            "is_restricted": false,
            "is_ultra_restricted": false
        }
    }
]