[
    {
        "client_msg_id": "f470efa6-7b0b-46e0-b03a-3ab31af9b654",
        "type": "message",
        "text": "The identification piece might be a problem. Do you want to stay off the grid?\n\nThis is just something you can do if you want to, so there's no real problem if you don't do it. But some people use it each year as a way to force themselves to learn a new language. For you, that could be your first language! (suggestion: Python)\n\nIf I could, I'd teach a class on Python or some other language each year instead of cyber defense. Cyber defense is great and teaches lots of really good things, but programming is what I do and really enjoy.",
        "user": "U042R3B76SC",
        "ts": "1669922189.304959",
        "blocks": [
            {
                "type": "rich_text",
                "block_id": "OoU",
                "elements": [
                    {
                        "type": "rich_text_section",
                        "elements": [
                            {
                                "type": "text",
                                "text": "The identification piece might be a problem. Do you want to stay off the grid?\n\nThis is just something you can do if you want to, so there's no real problem if you don't do it. But some people use it each year as a way to force themselves to learn a new language. For you, that could be your first language! (suggestion: Python)\n\nIf I could, I'd teach a class on Python or some other language each year instead of cyber defense. Cyber defense is great and teaches lots of really good things, but programming is what I do and really enjoy."
                            }
                        ]
                    }
                ]
            }
        ],
        "team": "T042E1514F3",
        "user_team": "T042E1514F3",
        "source_team": "T042E1514F3",
        "user_profile": {
            "avatar_hash": "g6730f37144b",
            "image_72": "https:\/\/secure.gravatar.com\/avatar\/6730f37144bd6ae505b97012a7f22a66.jpg?s=72&d=https%3A%2F%2Fa.slack-edge.com%2Fdf10d%2Fimg%2Favatars%2Fava_0006-72.png",
            "first_name": "chris",
            "real_name": "chris",
            "display_name": "",
            "team": "T042E1514F3",
            "name": "chris",
            "is_restricted": false,
            "is_ultra_restricted": false
        }
    },
    {
        "client_msg_id": "d0bd4a0e-3933-40bd-a1b7-629706bbd620",
        "type": "message",
        "text": "Here's the first problem. You could do it without programming, but ... your time is valuable, right? :wink:\n\n```Santa's reindeer typically eat regular reindeer food, but they need a lot of magical energy to deliver presents on Christmas. For that, their favorite snack is a special type of star fruit that only grows deep in the jungle. The Elves have brought you on their annual expedition to the grove where the fruit grows.\n\nTo supply enough magical energy, the expedition needs to retrieve a minimum of fifty stars by December 25th. Although the Elves assure you that the grove has plenty of fruit, you decide to grab any fruit you see along the way, just in case.\n\nCollect stars by solving puzzles. Two puzzles will be made available on each day in the Advent calendar; the second puzzle is unlocked when you complete the first. Each puzzle grants one star. Good luck!\n\nThe jungle must be too overgrown and difficult to navigate in vehicles or access from the air; the Elves' expedition traditionally goes on foot. As your boats approach land, the Elves begin taking inventory of their supplies. One important consideration is food - in particular, the number of Calories each Elf is carrying (your puzzle input).\n\nThe Elves take turns writing down the number of Calories contained by the various meals, snacks, rations, etc. that they've brought with them, one item per line. Each Elf separates their own inventory from the previous Elf's inventory (if any) by a blank line.\n\nFor example, suppose the Elves finish writing their items' Calories and end up with the following list:\n\n1000\n2000\n3000\n\n4000\n\n5000\n6000\n\n7000\n8000\n9000\n\n10000\n\nThis list represents the Calories of the food carried by five Elves:\n\nThe first Elf is carrying food with 1000, 2000, and 3000 Calories, a total of 6000 Calories.\n\nThe second Elf is carrying one food item with 4000 Calories.\nThe third Elf is carrying food with 5000 and 6000 Calories, a total of 11000 Calories.\n\nThe fourth Elf is carrying food with 7000, 8000, and 9000 Calories, a total of 24000 Calories.\n\nThe fifth Elf is carrying one food item with 10000 Calories.\n\nIn case the Elves get hungry and need extra snacks, they need to know which Elf to ask: they'd like to know how many Calories are being carried by the Elf carrying the most Calories. In the example above, this is 24000 (carried by the fourth Elf).\n\nFind the Elf carrying the most Calories. How many total Calories is that Elf carrying?```",
        "user": "U042R3B76SC",
        "ts": "1669922603.541799",
        "blocks": [
            {
                "type": "rich_text",
                "block_id": "gvzf1",
                "elements": [
                    {
                        "type": "rich_text_section",
                        "elements": [
                            {
                                "type": "text",
                                "text": "Here's the first problem. You could do it without programming, but ... your time is valuable, right? "
                            },
                            {
                                "type": "emoji",
                                "name": "wink",
                                "unicode": "1f609"
                            },
                            {
                                "type": "text",
                                "text": "\n\n"
                            }
                        ]
                    },
                    {
                        "type": "rich_text_preformatted",
                        "elements": [
                            {
                                "type": "text",
                                "text": "Santa's reindeer typically eat regular reindeer food, but they need a lot of magical energy to deliver presents on Christmas. For that, their favorite snack is a special type of star fruit that only grows deep in the jungle. The Elves have brought you on their annual expedition to the grove where the fruit grows.\n\nTo supply enough magical energy, the expedition needs to retrieve a minimum of fifty stars by December 25th. Although the Elves assure you that the grove has plenty of fruit, you decide to grab any fruit you see along the way, just in case.\n\nCollect stars by solving puzzles. Two puzzles will be made available on each day in the Advent calendar; the second puzzle is unlocked when you complete the first. Each puzzle grants one star. Good luck!\n\nThe jungle must be too overgrown and difficult to navigate in vehicles or access from the air; the Elves' expedition traditionally goes on foot. As your boats approach land, the Elves begin taking inventory of their supplies. One important consideration is food - in particular, the number of Calories each Elf is carrying (your puzzle input).\n\nThe Elves take turns writing down the number of Calories contained by the various meals, snacks, rations, etc. that they've brought with them, one item per line. Each Elf separates their own inventory from the previous Elf's inventory (if any) by a blank line.\n\nFor example, suppose the Elves finish writing their items' Calories and end up with the following list:\n\n1000\n2000\n3000\n\n4000\n\n5000\n6000\n\n7000\n8000\n9000\n\n10000\n\nThis list represents the Calories of the food carried by five Elves:\n\nThe first Elf is carrying food with 1000, 2000, and 3000 Calories, a total of 6000 Calories.\n\nThe second Elf is carrying one food item with 4000 Calories.\nThe third Elf is carrying food with 5000 and 6000 Calories, a total of 11000 Calories.\n\nThe fourth Elf is carrying food with 7000, 8000, and 9000 Calories, a total of 24000 Calories.\n\nThe fifth Elf is carrying one food item with 10000 Calories.\n\nIn case the Elves get hungry and need extra snacks, they need to know which Elf to ask: they'd like to know how many Calories are being carried by the Elf carrying the most Calories. In the example above, this is 24000 (carried by the fourth Elf).\n\nFind the Elf carrying the most Calories. How many total Calories is that Elf carrying?"
                            }
                        ],
                        "border": 0
                    }
                ]
            }
        ],
        "team": "T042E1514F3",
        "user_team": "T042E1514F3",
        "source_team": "T042E1514F3",
        "user_profile": {
            "avatar_hash": "g6730f37144b",
            "image_72": "https:\/\/secure.gravatar.com\/avatar\/6730f37144bd6ae505b97012a7f22a66.jpg?s=72&d=https%3A%2F%2Fa.slack-edge.com%2Fdf10d%2Fimg%2Favatars%2Fava_0006-72.png",
            "first_name": "chris",
            "real_name": "chris",
            "display_name": "",
            "team": "T042E1514F3",
            "name": "chris",
            "is_restricted": false,
            "is_ultra_restricted": false
        },
        "edited": {
            "user": "U042R3B76SC",
            "ts": "1669922646.000000"
        }
    },
    {
        "type": "message",
        "text": "The numbers in their sample data set are pretty simple. They do that so that you can look at the data and see that yes, in fact, the groups of data add up to 6,000, 4,000, 11,000, 24,000, and 10,000, so the fourth group is the largest group (meaning the fourth elf is carrying the most calories ... gotta keep things in perspective here).\n\nThe real data set has 1,225 groups of numbers. Here they are:",
        "files": [
            {
                "id": "F04DCMRFW2F",
                "created": 1669922725,
                "timestamp": 1669922725,
                "name": "1 puzzle.txt",
                "title": "Data set for 12\/1 puzzle",
                "mimetype": "text\/plain",
                "filetype": "text",
                "pretty_type": "Plain Text",
                "user": "U042R3B76SC",
                "user_team": "T042E1514F3",
                "editable": true,
                "size": 10398,
                "mode": "snippet",
                "is_external": false,
                "external_type": "",
                "is_public": true,
                "public_url_shared": false,
                "display_as_bot": false,
                "username": "",
                "url_private": "https:\/\/files.slack.com\/files-pri\/T042E1514F3-F04DCMRFW2F\/1_puzzle.txt?t=xoxe-4082039038513-5909763746612-5907217023875-336a8277661c30aa211f6bb0466e7c24",
                "url_private_download": "https:\/\/files.slack.com\/files-pri\/T042E1514F3-F04DCMRFW2F\/download\/1_puzzle.txt?t=xoxe-4082039038513-5909763746612-5907217023875-336a8277661c30aa211f6bb0466e7c24",
                "permalink": "https:\/\/cyberdefense2022-2023.slack.com\/files\/U042R3B76SC\/F04DCMRFW2F\/1_puzzle.txt",
                "permalink_public": "https:\/\/slack-files.com\/T042E1514F3-F04DCMRFW2F-25201d0a4b",
                "edit_link": "https:\/\/cyberdefense2022-2023.slack.com\/files\/U042R3B76SC\/F04DCMRFW2F\/1_puzzle.txt\/edit",
                "is_starred": false,
                "has_rich_preview": false,
                "file_access": "visible"
            }
        ],
        "upload": true,
        "user": "U042R3B76SC",
        "display_as_bot": false,
        "ts": "1669922726.854559",
        "blocks": [
            {
                "type": "rich_text",
                "block_id": "qs2ck",
                "elements": [
                    {
                        "type": "rich_text_section",
                        "elements": [
                            {
                                "type": "text",
                                "text": "The numbers in their sample data set are pretty simple. They do that so that you can look at the data and see that yes, in fact, the groups of data add up to 6,000, 4,000, 11,000, 24,000, and 10,000, so the fourth group is the largest group (meaning the fourth elf is carrying the most calories ... gotta keep things in perspective here).\n\nThe real data set has 1,225 groups of numbers. Here they are:"
                            }
                        ]
                    }
                ]
            }
        ],
        "edited": {
            "user": "U042R3B76SC",
            "ts": "1669922843.000000"
        },
        "client_msg_id": "e59262ac-e441-4443-953a-94151a5e2eea"
    },
    {
        "client_msg_id": "85079273-3892-49B8-9141-C093AA097B48",
        "type": "message",
        "text": "Challenge accepted",
        "user": "U042R51RY2C",
        "ts": "1669922755.461939",
        "blocks": [
            {
                "type": "rich_text",
                "block_id": "yy10",
                "elements": [
                    {
                        "type": "rich_text_section",
                        "elements": [
                            {
                                "type": "text",
                                "text": "Challenge accepted"
                            }
                        ]
                    }
                ]
            }
        ],
        "team": "T042E1514F3",
        "user_team": "T042E1514F3",
        "source_team": "T042E1514F3",
        "user_profile": {
            "avatar_hash": "g24c32288d4d",
            "image_72": "https:\/\/secure.gravatar.com\/avatar\/24c32288d4dbbf5694cc5c9609ec1853.jpg?s=72&d=https%3A%2F%2Fa.slack-edge.com%2Fdf10d%2Fimg%2Favatars%2Fava_0017-72.png",
            "first_name": "Tristan",
            "real_name": "Tristan Ribble",
            "display_name": "",
            "team": "T042E1514F3",
            "name": "tmribble07",
            "is_restricted": false,
            "is_ultra_restricted": false
        },
        "reactions": [
            {
                "name": "tada",
                "users": [
                    "U042R3B76SC"
                ],
                "count": 1
            }
        ]
    },
    {
        "client_msg_id": "7b296b27-06d4-40a2-8591-67ec69377ef5",
        "type": "message",
        "text": "For those interested in Advent of Code: <#C04D6L6DPGW|advent-of-code>",
        "user": "U042R3B76SC",
        "ts": "1669927303.591799",
        "blocks": [
            {
                "type": "rich_text",
                "block_id": "QJs",
                "elements": [
                    {
                        "type": "rich_text_section",
                        "elements": [
                            {
                                "type": "text",
                                "text": "For those interested in Advent of Code: "
                            },
                            {
                                "type": "channel",
                                "channel_id": "C04D6L6DPGW"
                            }
                        ]
                    }
                ]
            }
        ],
        "team": "T042E1514F3",
        "user_team": "T042E1514F3",
        "source_team": "T042E1514F3",
        "user_profile": {
            "avatar_hash": "g6730f37144b",
            "image_72": "https:\/\/secure.gravatar.com\/avatar\/6730f37144bd6ae505b97012a7f22a66.jpg?s=72&d=https%3A%2F%2Fa.slack-edge.com%2Fdf10d%2Fimg%2Favatars%2Fava_0006-72.png",
            "first_name": "chris",
            "real_name": "chris",
            "display_name": "",
            "team": "T042E1514F3",
            "name": "chris",
            "is_restricted": false,
            "is_ultra_restricted": false
        }
    }
]