[
    {
        "client_msg_id": "a6dbefa6-0a82-41e8-b858-62a3820f864f",
        "type": "message",
        "text": "Hi Anna, Michael, Tristan, and Jamey - thanks for joining!",
        "user": "U042R3B76SC",
        "ts": "1663163737.232519",
        "blocks": [
            {
                "type": "rich_text",
                "block_id": "Giq",
                "elements": [
                    {
                        "type": "rich_text_section",
                        "elements": [
                            {
                                "type": "text",
                                "text": "Hi Anna, Michael, Tristan, and Jamey - thanks for joining!"
                            }
                        ]
                    }
                ]
            }
        ],
        "team": "T042E1514F3",
        "user_team": "T042E1514F3",
        "source_team": "T042E1514F3",
        "user_profile": {
            "avatar_hash": "g6730f37144b",
            "image_72": "https:\/\/secure.gravatar.com\/avatar\/6730f37144bd6ae505b97012a7f22a66.jpg?s=72&d=https%3A%2F%2Fa.slack-edge.com%2Fdf10d%2Fimg%2Favatars%2Fava_0006-72.png",
            "first_name": "chris",
            "real_name": "chris",
            "display_name": "",
            "team": "T042E1514F3",
            "name": "chris",
            "is_restricted": false,
            "is_ultra_restricted": false
        }
    },
    {
        "type": "message",
        "subtype": "channel_join",
        "ts": "1663195616.739569",
        "user": "U042U2F450R",
        "text": "<@U042U2F450R> has joined the channel"
    }
]