[
    {
        "client_msg_id": "fa938b66-7a11-4f6e-bb2b-17b2678674b3",
        "type": "message",
        "text": "We will be going to my grandparents December 26th-28th. We will probably be back by the 29th (depending on the weather).",
        "user": "U042U2F450R",
        "ts": "1670530944.960599",
        "blocks": [
            {
                "type": "rich_text",
                "block_id": "TWKW",
                "elements": [
                    {
                        "type": "rich_text_section",
                        "elements": [
                            {
                                "type": "text",
                                "text": "We will be going to my grandparents December 26th-28th. We will probably be back by the 29th (depending on the weather)."
                            }
                        ]
                    }
                ]
            }
        ],
        "team": "T042E1514F3",
        "user_team": "T042E1514F3",
        "source_team": "T042E1514F3",
        "user_profile": {
            "avatar_hash": "gff8e94624db",
            "image_72": "https:\/\/secure.gravatar.com\/avatar\/ff8e94624db08a84843122675f06ea92.jpg?s=72&d=https%3A%2F%2Fa.slack-edge.com%2Fdf10d%2Fimg%2Favatars%2Fava_0004-72.png",
            "first_name": "Anna",
            "real_name": "Anna",
            "display_name": "Anna",
            "team": "T042E1514F3",
            "name": "annam45",
            "is_restricted": false,
            "is_ultra_restricted": false
        },
        "edited": {
            "user": "U042U2F450R",
            "ts": "1670530961.000000"
        }
    }
]