[
    {
        "bot_id": "B04CFCSSPTJ",
        "type": "message",
        "text": "*This polly is closed.* <@U042R3B76SC> has a polly for you!",
        "user": "U04BRJH176F",
        "ts": "1668974466.799439",
        "app_id": "A04E6JX41",
        "blocks": [
            {
                "type": "section",
                "block_id": "ap7c",
                "text": {
                    "type": "mrkdwn",
                    "text": "*If Chris held \"office hours\" before class from 6:00 pm to 7:00 pm to answer your specific questions and help you troubleshoot issues, how often would you come?* (edited)",
                    "verbatim": true
                },
                "accessory": {
                    "type": "overflow",
                    "action_id": "PollMessage(c6Bi2sZQeEGXYSjhu).PollMessageOverflowMenu()",
                    "options": [
                        {
                            "text": {
                                "type": "plain_text",
                                "text": "Settings",
                                "emoji": true
                            },
                            "value": "settings"
                        }
                    ]
                }
            },
            {
                "type": "section",
                "block_id": "P04",
                "text": {
                    "type": "mrkdwn",
                    "text": "This polly is closed.",
                    "verbatim": true
                }
            },
            {
                "type": "section",
                "block_id": "jfDz",
                "fields": [
                    {
                        "type": "mrkdwn",
                        "text": "*1*: Pretty much all the time  \n\n`⁢ ⁢ ⁢ ⁢ ⁢ ⁢ ⁢ ⁢ ⁢ ⁢ ⁢ ⁢ ⁢ ⁢ ⁢ ⁢ ⁢ ⁢ ⁢ ⁢ ⁢ ⁢ ⁢ ⁢ ⁢ `  |  0% (0)",
                        "verbatim": true
                    },
                    {
                        "type": "mrkdwn",
                        "text": "*2*: Once or twice a month  \n\n`⁢ ⁢ ⁢ ⁢ ⁢ ⁢ ⁢ ⁢ ⁢ ⁢ ⁢ ⁢ ⁢ ⁢ ⁢ ⁢ ⁢ ⁢ ⁢ ⁢ ⁢ ⁢ ⁢ ⁢ ⁢ `  |  0% (0)",
                        "verbatim": true
                    }
                ]
            },
            {
                "type": "section",
                "block_id": "4zP",
                "fields": [
                    {
                        "type": "mrkdwn",
                        "text": "*3*: Occasionally  \n\n`█████████████████████████`  |  100% (1)\n\n<@U042U2F450R>",
                        "verbatim": true
                    },
                    {
                        "type": "mrkdwn",
                        "text": "*4*: Not much  \n\n`⁢ ⁢ ⁢ ⁢ ⁢ ⁢ ⁢ ⁢ ⁢ ⁢ ⁢ ⁢ ⁢ ⁢ ⁢ ⁢ ⁢ ⁢ ⁢ ⁢ ⁢ ⁢ ⁢ ⁢ ⁢ `  |  0% (0)",
                        "verbatim": true
                    }
                ]
            },
            {
                "type": "context",
                "block_id": "Tkm",
                "elements": [
                    {
                        "type": "mrkdwn",
                        "text": "*Total Votes*: 1",
                        "verbatim": true
                    }
                ]
            },
            {
                "type": "actions",
                "block_id": "TwA",
                "elements": [
                    {
                        "type": "button",
                        "action_id": "PollMessage(c6Bi2sZQeEGXYSjhu).ViewAllResponsesButton",
                        "text": {
                            "type": "plain_text",
                            "text": "View All Responses ",
                            "emoji": true
                        }
                    }
                ]
            },
            {
                "type": "divider",
                "block_id": "hTuIN"
            },
            {
                "type": "context",
                "block_id": "DIo",
                "elements": [
                    {
                        "type": "mrkdwn",
                        "text": "Sender: @chris | :unlock: *Responses:* Non-Anonymous | *:clock930: Closed: *<!date^1669579418^{date_short} at {time}|Nov 27, 2022 at 20:03 PM>",
                        "verbatim": true
                    }
                ]
            }
        ],
        "team": "T042E1514F3",
        "bot_profile": {
            "id": "B04CFCSSPTJ",
            "deleted": false,
            "name": "Polly",
            "updated": 1668974019,
            "app_id": "A04E6JX41",
            "icons": {
                "image_36": "https:\/\/avatars.slack-edge.com\/2020-10-26\/1466083688641_05afc842ead4d799a4fc_36.png",
                "image_48": "https:\/\/avatars.slack-edge.com\/2020-10-26\/1466083688641_05afc842ead4d799a4fc_48.png",
                "image_72": "https:\/\/avatars.slack-edge.com\/2020-10-26\/1466083688641_05afc842ead4d799a4fc_72.png"
            },
            "team_id": "T042E1514F3"
        },
        "edited": {
            "user": "B04CFCSSPTJ",
            "ts": "1669756653.000000"
        },
        "thread_ts": "1668974466.799439",
        "reply_count": 1,
        "reply_users_count": 1,
        "latest_reply": "1668974658.056689",
        "reply_users": [
            "U042R3B76SC"
        ],
        "replies": [
            {
                "user": "U042R3B76SC",
                "ts": "1668974658.056689"
            }
        ],
        "is_locked": false,
        "subscribed": true,
        "last_read": "1668974658.056689"
    },
    {
        "type": "message",
        "text": "You can add comments after you vote ^ ^. There will be an \"Add Comment\" button that shows up. This will let you tell me if you have a better idea, or if you have an answer that fits you better than the ones I've listed.",
        "files": [
            {
                "id": "F04BRJUM351",
                "created": 1668974655,
                "timestamp": 1668974655,
                "name": "image.png",
                "title": "image.png",
                "mimetype": "image\/png",
                "filetype": "png",
                "pretty_type": "PNG",
                "user": "U042R3B76SC",
                "user_team": "T042E1514F3",
                "editable": false,
                "size": 51359,
                "mode": "hosted",
                "is_external": false,
                "external_type": "",
                "is_public": true,
                "public_url_shared": false,
                "display_as_bot": false,
                "username": "",
                "url_private": "https:\/\/files.slack.com\/files-pri\/T042E1514F3-F04BRJUM351\/image.png?t=xoxe-4082039038513-5909763746612-5907217023875-336a8277661c30aa211f6bb0466e7c24",
                "url_private_download": "https:\/\/files.slack.com\/files-pri\/T042E1514F3-F04BRJUM351\/download\/image.png?t=xoxe-4082039038513-5909763746612-5907217023875-336a8277661c30aa211f6bb0466e7c24",
                "media_display_type": "unknown",
                "thumb_64": "https:\/\/files.slack.com\/files-tmb\/T042E1514F3-F04BRJUM351-8c57ef63fb\/image_64.png?t=xoxe-4082039038513-5909763746612-5907217023875-336a8277661c30aa211f6bb0466e7c24",
                "thumb_80": "https:\/\/files.slack.com\/files-tmb\/T042E1514F3-F04BRJUM351-8c57ef63fb\/image_80.png?t=xoxe-4082039038513-5909763746612-5907217023875-336a8277661c30aa211f6bb0466e7c24",
                "thumb_360": "https:\/\/files.slack.com\/files-tmb\/T042E1514F3-F04BRJUM351-8c57ef63fb\/image_360.png?t=xoxe-4082039038513-5909763746612-5907217023875-336a8277661c30aa211f6bb0466e7c24",
                "thumb_360_w": 360,
                "thumb_360_h": 224,
                "thumb_480": "https:\/\/files.slack.com\/files-tmb\/T042E1514F3-F04BRJUM351-8c57ef63fb\/image_480.png?t=xoxe-4082039038513-5909763746612-5907217023875-336a8277661c30aa211f6bb0466e7c24",
                "thumb_480_w": 480,
                "thumb_480_h": 298,
                "thumb_160": "https:\/\/files.slack.com\/files-tmb\/T042E1514F3-F04BRJUM351-8c57ef63fb\/image_160.png?t=xoxe-4082039038513-5909763746612-5907217023875-336a8277661c30aa211f6bb0466e7c24",
                "thumb_720": "https:\/\/files.slack.com\/files-tmb\/T042E1514F3-F04BRJUM351-8c57ef63fb\/image_720.png?t=xoxe-4082039038513-5909763746612-5907217023875-336a8277661c30aa211f6bb0466e7c24",
                "thumb_720_w": 720,
                "thumb_720_h": 448,
                "thumb_800": "https:\/\/files.slack.com\/files-tmb\/T042E1514F3-F04BRJUM351-8c57ef63fb\/image_800.png?t=xoxe-4082039038513-5909763746612-5907217023875-336a8277661c30aa211f6bb0466e7c24",
                "thumb_800_w": 800,
                "thumb_800_h": 497,
                "thumb_960": "https:\/\/files.slack.com\/files-tmb\/T042E1514F3-F04BRJUM351-8c57ef63fb\/image_960.png?t=xoxe-4082039038513-5909763746612-5907217023875-336a8277661c30aa211f6bb0466e7c24",
                "thumb_960_w": 960,
                "thumb_960_h": 597,
                "thumb_1024": "https:\/\/files.slack.com\/files-tmb\/T042E1514F3-F04BRJUM351-8c57ef63fb\/image_1024.png?t=xoxe-4082039038513-5909763746612-5907217023875-336a8277661c30aa211f6bb0466e7c24",
                "thumb_1024_w": 1024,
                "thumb_1024_h": 637,
                "original_w": 1480,
                "original_h": 920,
                "thumb_tiny": "AwAdADC+VORj86XDeopHYggAZ\/KgM5IyhH4igdhcN6ijDeopw+mKTn1\/SgQmG9RTvrSc\/WloAaTzxk\/SlB7fzpCBSDA4wKBjx70mPekHHQClzQIXmikBzS0Af\/\/Z",
                "permalink": "https:\/\/cyberdefense2022-2023.slack.com\/files\/U042R3B76SC\/F04BRJUM351\/image.png",
                "permalink_public": "https:\/\/slack-files.com\/T042E1514F3-F04BRJUM351-0f1ca1dbe3",
                "is_starred": false,
                "has_rich_preview": false,
                "file_access": "visible"
            }
        ],
        "upload": false,
        "user": "U042R3B76SC",
        "display_as_bot": false,
        "ts": "1668974658.056689",
        "blocks": [
            {
                "type": "rich_text",
                "block_id": "gymo",
                "elements": [
                    {
                        "type": "rich_text_section",
                        "elements": [
                            {
                                "type": "text",
                                "text": "You can add comments after you vote ^ ^. There will be an \"Add Comment\" button that shows up. This will let you tell me if you have a better idea, or if you have an answer that fits you better than the ones I've listed."
                            }
                        ]
                    }
                ]
            }
        ],
        "client_msg_id": "e79237c9-0f45-4014-9a3f-6b39aefa68ab",
        "thread_ts": "1668974466.799439",
        "parent_user_id": "U04BRJH176F"
    }
]