[
    {
        "client_msg_id": "e9151b8e-425f-4e4a-b799-211f9cd21c35",
        "type": "message",
        "text": "So what is the purpose of the Ubuntu VM?  Because I have Ubuntu installed as a dual-boot on my computer already, and was wondering if I could use that.",
        "user": "U041LSQC38X",
        "ts": "1663345355.919279",
        "blocks": [
            {
                "type": "rich_text",
                "block_id": "voHTu",
                "elements": [
                    {
                        "type": "rich_text_section",
                        "elements": [
                            {
                                "type": "text",
                                "text": "So what is the purpose of the Ubuntu VM?  Because I have Ubuntu installed as a dual-boot on my computer already, and was wondering if I could use that."
                            }
                        ]
                    }
                ]
            }
        ],
        "team": "T042E1514F3",
        "user_team": "T042E1514F3",
        "source_team": "T042E1514F3",
        "user_profile": {
            "avatar_hash": "g60b962e7353",
            "image_72": "https:\/\/secure.gravatar.com\/avatar\/60b962e73536af1009870d33a2ba0516.jpg?s=72&d=https%3A%2F%2Fa.slack-edge.com%2Fdf10d%2Fimg%2Favatars%2Fava_0012-72.png",
            "first_name": "Michael",
            "real_name": "Michael Tice",
            "display_name": "Michael Tice",
            "team": "T042E1514F3",
            "name": "michael.tice",
            "is_restricted": false,
            "is_ultra_restricted": false
        },
        "edited": {
            "user": "U041LSQC38X",
            "ts": "1663345372.000000"
        }
    },
    {
        "client_msg_id": "e0d75c7f-45a6-4b6b-abe8-f2d509309d19",
        "type": "message",
        "text": "I think that the idea is to learn how to burn it to the ground and not destroy your computer",
        "user": "U042R51RY2C",
        "ts": "1663345398.488529",
        "blocks": [
            {
                "type": "rich_text",
                "block_id": "bt2VC",
                "elements": [
                    {
                        "type": "rich_text_section",
                        "elements": [
                            {
                                "type": "text",
                                "text": "I think that the idea is to learn how to burn it to the ground and not destroy your computer"
                            }
                        ]
                    }
                ]
            }
        ],
        "team": "T042E1514F3",
        "user_team": "T042E1514F3",
        "source_team": "T042E1514F3",
        "user_profile": {
            "avatar_hash": "g24c32288d4d",
            "image_72": "https:\/\/secure.gravatar.com\/avatar\/24c32288d4dbbf5694cc5c9609ec1853.jpg?s=72&d=https%3A%2F%2Fa.slack-edge.com%2Fdf10d%2Fimg%2Favatars%2Fava_0017-72.png",
            "first_name": "Tristan",
            "real_name": "Tristan Ribble",
            "display_name": "",
            "team": "T042E1514F3",
            "name": "tmribble07",
            "is_restricted": false,
            "is_ultra_restricted": false
        }
    },
    {
        "client_msg_id": "ab4b7f76-fe04-4d20-bbef-6ed917206420",
        "type": "message",
        "text": "Gotcha",
        "user": "U041LSQC38X",
        "ts": "1663345415.507679",
        "blocks": [
            {
                "type": "rich_text",
                "block_id": "vvuzl",
                "elements": [
                    {
                        "type": "rich_text_section",
                        "elements": [
                            {
                                "type": "text",
                                "text": "Gotcha"
                            }
                        ]
                    }
                ]
            }
        ],
        "team": "T042E1514F3",
        "user_team": "T042E1514F3",
        "source_team": "T042E1514F3",
        "user_profile": {
            "avatar_hash": "g60b962e7353",
            "image_72": "https:\/\/secure.gravatar.com\/avatar\/60b962e73536af1009870d33a2ba0516.jpg?s=72&d=https%3A%2F%2Fa.slack-edge.com%2Fdf10d%2Fimg%2Favatars%2Fava_0012-72.png",
            "first_name": "Michael",
            "real_name": "Michael Tice",
            "display_name": "Michael Tice",
            "team": "T042E1514F3",
            "name": "michael.tice",
            "is_restricted": false,
            "is_ultra_restricted": false
        }
    },
    {
        "client_msg_id": "b7a3d55f-85f4-4e19-8358-35274c067a68",
        "type": "message",
        "text": "In addition to being able to set up virtual computers where it is safe to be both utterly inept and recklessly aggressive at the same time, there will be times when you might want to run multiple servers on different IP addresses, and this is much easier to emulate with something like VirtualBox or Docker than without it. \n\nI'd request that you use Windows as your base OS when we're together so that the same instructions work for everybody and do that we don't have to debug a Linux problem while Windows people wait or visa-versa. I know that's different than what I said at the kickoff meeting, but this is better than what I was originally thinking (because reasons).\n\nDon't read the next paragraph if you primarily like to read things that make sense.\n\nYou will get to use Linux a lot on VirtualBox on Windows, plus you will, as Tristan mentioned, have the benefit of using a fake computer running on fake disks using fake network cards and other fake resources upon which we can run real experiments that would have really high risks if the computers weren't fake. Plus, we'll take fake backups of our fake disks on our _real_ (virtualized) disks before we wreak real havoc on our fake computers so that we can always genuinely fake putting them back just the way they were(n't?) before we intentionally did(n't do) something really (but not _really_) ridiculous to them.\n\nYou read that paragraph, didn't you? Oh well, I warned you...",
        "user": "U042R3B76SC",
        "ts": "1663377723.470519",
        "blocks": [
            {
                "type": "rich_text",
                "block_id": "D9S8",
                "elements": [
                    {
                        "type": "rich_text_section",
                        "elements": [
                            {
                                "type": "text",
                                "text": "In addition to being able to set up virtual computers where it is safe to be both utterly inept and recklessly aggressive at the same time, there will be times when you might want to run multiple servers on different IP addresses, and this is much easier to emulate with something like VirtualBox or Docker than without it. \n\nI'd request that you use Windows as your base OS when we're together so that the same instructions work for everybody and do that we don't have to debug a Linux problem while Windows people wait or visa-versa. I know that's different than what I said at the kickoff meeting, but this is better than what I was originally thinking (because reasons).\n\nDon't read the next paragraph if you primarily like to read things that make sense.\n\nYou will get to use Linux a lot on VirtualBox on Windows, plus you will, as Tristan mentioned, have the benefit of using a fake computer running on fake disks using fake network cards and other fake resources upon which we can run real experiments that would have really high risks if the computers weren't fake. Plus, we'll take fake backups of our fake disks on our "
                            },
                            {
                                "type": "text",
                                "text": "real",
                                "style": {
                                    "italic": true
                                }
                            },
                            {
                                "type": "text",
                                "text": " (virtualized) disks before we wreak real havoc on our fake computers so that we can always genuinely fake putting them back just the way they were(n't?) before we intentionally did(n't do) something really (but not "
                            },
                            {
                                "type": "text",
                                "text": "really",
                                "style": {
                                    "italic": true
                                }
                            },
                            {
                                "type": "text",
                                "text": ") ridiculous to them.\n\nYou read that paragraph, didn't you? Oh well, I warned you..."
                            }
                        ]
                    }
                ]
            }
        ],
        "team": "T042E1514F3",
        "user_team": "T042E1514F3",
        "source_team": "T042E1514F3",
        "user_profile": {
            "avatar_hash": "g6730f37144b",
            "image_72": "https:\/\/secure.gravatar.com\/avatar\/6730f37144bd6ae505b97012a7f22a66.jpg?s=72&d=https%3A%2F%2Fa.slack-edge.com%2Fdf10d%2Fimg%2Favatars%2Fava_0006-72.png",
            "first_name": "chris",
            "real_name": "chris",
            "display_name": "",
            "team": "T042E1514F3",
            "name": "chris",
            "is_restricted": false,
            "is_ultra_restricted": false
        },
        "edited": {
            "user": "U042R3B76SC",
            "ts": "1663377784.000000"
        }
    }
]