[
    {
        "client_msg_id": "525309dd-546f-4222-b324-e7558df5dec7",
        "type": "message",
        "text": "Fyi, I'm just leaving home now, and Google maps says I'll be there at 7:07. See you soon!",
        "user": "U042R3B76SC",
        "ts": "1667519854.622959",
        "blocks": [
            {
                "type": "rich_text",
                "block_id": "woe",
                "elements": [
                    {
                        "type": "rich_text_section",
                        "elements": [
                            {
                                "type": "text",
                                "text": "Fyi, I'm just leaving home now, and Google maps says I'll be there at 7:07. See you soon!"
                            }
                        ]
                    }
                ]
            }
        ],
        "team": "T042E1514F3",
        "user_team": "T042E1514F3",
        "source_team": "T042E1514F3",
        "user_profile": {
            "avatar_hash": "g6730f37144b",
            "image_72": "https:\/\/secure.gravatar.com\/avatar\/6730f37144bd6ae505b97012a7f22a66.jpg?s=72&d=https%3A%2F%2Fa.slack-edge.com%2Fdf10d%2Fimg%2Favatars%2Fava_0006-72.png",
            "first_name": "chris",
            "real_name": "chris",
            "display_name": "",
            "team": "T042E1514F3",
            "name": "chris",
            "is_restricted": false,
            "is_ultra_restricted": false
        }
    }
]