[
    {
        "client_msg_id": "0d5c6563-8667-441d-9c5a-4c33d7fed264",
        "type": "message",
        "text": "<@U042R51RY2C> Just FYI ... you'll get an email saying that I submitted a visitor request for you tonight. I do remember that you have robotics - I issued the pass just in case something happens and you can come to GoDaddy after all.",
        "user": "U042R3B76SC",
        "ts": "1668728821.245099",
        "blocks": [
            {
                "type": "rich_text",
                "block_id": "Ofo+z",
                "elements": [
                    {
                        "type": "rich_text_section",
                        "elements": [
                            {
                                "type": "user",
                                "user_id": "U042R51RY2C"
                            },
                            {
                                "type": "text",
                                "text": " Just FYI ... you'll get an email saying that I submitted a visitor request for you tonight. I do remember that you have robotics - I issued the pass just in case something happens and you can come to GoDaddy after all."
                            }
                        ]
                    }
                ]
            }
        ],
        "team": "T042E1514F3",
        "user_team": "T042E1514F3",
        "source_team": "T042E1514F3",
        "user_profile": {
            "avatar_hash": "g6730f37144b",
            "image_72": "https:\/\/secure.gravatar.com\/avatar\/6730f37144bd6ae505b97012a7f22a66.jpg?s=72&d=https%3A%2F%2Fa.slack-edge.com%2Fdf10d%2Fimg%2Favatars%2Fava_0006-72.png",
            "first_name": "chris",
            "real_name": "chris",
            "display_name": "",
            "team": "T042E1514F3",
            "name": "chris",
            "is_restricted": false,
            "is_ultra_restricted": false
        }
    },
    {
        "client_msg_id": "1153b33e-67db-47c7-8c63-8ecd6d6f1f76",
        "type": "message",
        "text": "Hope you did well at robotics <@U042R51RY2C>!",
        "user": "U041LSQC38X",
        "ts": "1668740555.432179",
        "blocks": [
            {
                "type": "rich_text",
                "block_id": "eb+qi",
                "elements": [
                    {
                        "type": "rich_text_section",
                        "elements": [
                            {
                                "type": "text",
                                "text": "Hope you did well at robotics "
                            },
                            {
                                "type": "user",
                                "user_id": "U042R51RY2C"
                            },
                            {
                                "type": "text",
                                "text": "!"
                            }
                        ]
                    }
                ]
            }
        ],
        "team": "T042E1514F3",
        "user_team": "T042E1514F3",
        "source_team": "T042E1514F3",
        "user_profile": {
            "avatar_hash": "g60b962e7353",
            "image_72": "https:\/\/secure.gravatar.com\/avatar\/60b962e73536af1009870d33a2ba0516.jpg?s=72&d=https%3A%2F%2Fa.slack-edge.com%2Fdf10d%2Fimg%2Favatars%2Fava_0012-72.png",
            "first_name": "Michael",
            "real_name": "Michael Tice",
            "display_name": "Michael Tice",
            "team": "T042E1514F3",
            "name": "michael.tice",
            "is_restricted": false,
            "is_ultra_restricted": false
        },
        "thread_ts": "1668740555.432179",
        "reply_count": 3,
        "reply_users_count": 2,
        "latest_reply": "1669230149.557279",
        "reply_users": [
            "U042R3B76SC",
            "U042R51RY2C"
        ],
        "replies": [
            {
                "user": "U042R3B76SC",
                "ts": "1668914984.226169"
            },
            {
                "user": "U042R51RY2C",
                "ts": "1669060057.803489"
            },
            {
                "user": "U042R3B76SC",
                "ts": "1669230149.557279"
            }
        ],
        "is_locked": false,
        "subscribed": true,
        "last_read": "1669230149.557279"
    }
]