[
    {
        "client_msg_id": "23C45918-130C-4605-9F5E-60FC942A5EF7",
        "type": "message",
        "text": "Well in the beginning, but took a turn in the end ",
        "user": "U042R51RY2C",
        "ts": "1669060057.803489",
        "blocks": [
            {
                "type": "rich_text",
                "block_id": "sGh",
                "elements": [
                    {
                        "type": "rich_text_section",
                        "elements": [
                            {
                                "type": "text",
                                "text": "Well in the beginning"
                            },
                            {
                                "type": "text",
                                "text": ","
                            },
                            {
                                "type": "text",
                                "text": " but took a turn in the end "
                            }
                        ]
                    }
                ]
            }
        ],
        "team": "T042E1514F3",
        "user_team": "T042E1514F3",
        "source_team": "T042E1514F3",
        "user_profile": {
            "avatar_hash": "g24c32288d4d",
            "image_72": "https:\/\/secure.gravatar.com\/avatar\/24c32288d4dbbf5694cc5c9609ec1853.jpg?s=72&d=https%3A%2F%2Fa.slack-edge.com%2Fdf10d%2Fimg%2Favatars%2Fava_0017-72.png",
            "first_name": "Tristan",
            "real_name": "Tristan Ribble",
            "display_name": "",
            "team": "T042E1514F3",
            "name": "tmribble07",
            "is_restricted": false,
            "is_ultra_restricted": false
        },
        "thread_ts": "1668740555.432179",
        "parent_user_id": "U041LSQC38X"
    }
]