[
    {
        "client_msg_id": "9f31577a-7a00-4c01-b74c-9dd3e0511a1b",
        "type": "message",
        "text": "Just a reminder to reply to Carolyn Peterson if you are interested in helping with the hour of code",
        "user": "U041LSQC38X",
        "ts": "1665713762.312139",
        "blocks": [
            {
                "type": "rich_text",
                "block_id": "PB8G+",
                "elements": [
                    {
                        "type": "rich_text_section",
                        "elements": [
                            {
                                "type": "text",
                                "text": "Just a reminder to reply to Carolyn Peterson if you are interested in helping with the hour of code"
                            }
                        ]
                    }
                ]
            }
        ],
        "team": "T042E1514F3",
        "user_team": "T042E1514F3",
        "source_team": "T042E1514F3",
        "user_profile": {
            "avatar_hash": "g60b962e7353",
            "image_72": "https:\/\/secure.gravatar.com\/avatar\/60b962e73536af1009870d33a2ba0516.jpg?s=72&d=https%3A%2F%2Fa.slack-edge.com%2Fdf10d%2Fimg%2Favatars%2Fava_0012-72.png",
            "first_name": "Michael",
            "real_name": "Michael Tice",
            "display_name": "Michael Tice",
            "team": "T042E1514F3",
            "name": "michael.tice",
            "is_restricted": false,
            "is_ultra_restricted": false
        },
        "reactions": [
            {
                "name": "ty",
                "users": [
                    "U042R3B76SC"
                ],
                "count": 1
            }
        ]
    }
]