[
    {
        "client_msg_id": "F89FD983-2712-4789-8294-77EEF080BA85",
        "type": "message",
        "text": "Quick thing, I have a robotics tournament this Thursday at 4:00-8:00, I might have to miss this one",
        "user": "U042R51RY2C",
        "ts": "1668394776.348099",
        "blocks": [
            {
                "type": "rich_text",
                "block_id": "o8qi",
                "elements": [
                    {
                        "type": "rich_text_section",
                        "elements": [
                            {
                                "type": "text",
                                "text": "Quick thing, I have a robotics tournament this Thursday at 4:00-8:00, I might have to miss this one"
                            }
                        ]
                    }
                ]
            }
        ],
        "team": "T042E1514F3",
        "user_team": "T042E1514F3",
        "source_team": "T042E1514F3",
        "user_profile": {
            "avatar_hash": "g24c32288d4d",
            "image_72": "https:\/\/secure.gravatar.com\/avatar\/24c32288d4dbbf5694cc5c9609ec1853.jpg?s=72&d=https%3A%2F%2Fa.slack-edge.com%2Fdf10d%2Fimg%2Favatars%2Fava_0017-72.png",
            "first_name": "Tristan",
            "real_name": "Tristan Ribble",
            "display_name": "",
            "team": "T042E1514F3",
            "name": "tmribble07",
            "is_restricted": false,
            "is_ultra_restricted": false
        },
        "thread_ts": "1668394776.348099",
        "reply_count": 1,
        "reply_users_count": 1,
        "latest_reply": "1668535136.338969",
        "reply_users": [
            "U042R3B76SC"
        ],
        "replies": [
            {
                "user": "U042R3B76SC",
                "ts": "1668535136.338969"
            }
        ],
        "is_locked": false,
        "subscribed": true,
        "last_read": "1668535136.338969"
    }
]