[
    {
        "client_msg_id": "4e4c12a6-125a-4498-a55c-c0e98fe5bc99",
        "type": "message",
        "text": "Since I got an invite to Zoom, I wanted to confirm that we were also meeting on site tonight.  Thanks,",
        "user": "U0421AQBX8B",
        "ts": "1665069280.627169",
        "blocks": [
            {
                "type": "rich_text",
                "block_id": "\/SK",
                "elements": [
                    {
                        "type": "rich_text_section",
                        "elements": [
                            {
                                "type": "text",
                                "text": "Since I got an invite to Zoom, I wanted to confirm that we were also meeting on site tonight.  Thanks,"
                            }
                        ]
                    }
                ]
            }
        ],
        "team": "T042E1514F3",
        "user_team": "T042E1514F3",
        "source_team": "T042E1514F3",
        "user_profile": {
            "avatar_hash": "g4c1eed42032",
            "image_72": "https:\/\/secure.gravatar.com\/avatar\/4c1eed420327197d000fb89a053a08f3.jpg?s=72&d=https%3A%2F%2Fa.slack-edge.com%2Fdf10d%2Fimg%2Favatars%2Fava_0013-72.png",
            "first_name": "Daniel",
            "real_name": "Daniel Tice",
            "display_name": "Daniel Tice",
            "team": "T042E1514F3",
            "name": "danielstice",
            "is_restricted": false,
            "is_ultra_restricted": false
        }
    },
    {
        "client_msg_id": "efe2270f-e919-406f-a8c4-5b88e6f133f2",
        "type": "message",
        "text": "Yes! The Zoom URL is just the one we use to put my screen (or anybody else's up on the large wall monitor.",
        "user": "U042R3B76SC",
        "ts": "1665069742.233889",
        "blocks": [
            {
                "type": "rich_text",
                "block_id": "U0lF",
                "elements": [
                    {
                        "type": "rich_text_section",
                        "elements": [
                            {
                                "type": "text",
                                "text": "Yes! The Zoom URL is just the one we use to put my screen (or anybody else's up on the large wall monitor."
                            }
                        ]
                    }
                ]
            }
        ],
        "team": "T042E1514F3",
        "user_team": "T042E1514F3",
        "source_team": "T042E1514F3",
        "user_profile": {
            "avatar_hash": "g6730f37144b",
            "image_72": "https:\/\/secure.gravatar.com\/avatar\/6730f37144bd6ae505b97012a7f22a66.jpg?s=72&d=https%3A%2F%2Fa.slack-edge.com%2Fdf10d%2Fimg%2Favatars%2Fava_0006-72.png",
            "first_name": "chris",
            "real_name": "chris",
            "display_name": "",
            "team": "T042E1514F3",
            "name": "chris",
            "is_restricted": false,
            "is_ultra_restricted": false
        }
    }
]