[
    {
        "type": "message",
        "subtype": "channel_join",
        "ts": "1663077756.379999",
        "user": "U041UR8P3HC",
        "text": "<@U041UR8P3HC> has joined the channel"
    },
    {
        "type": "message",
        "subtype": "channel_join",
        "ts": "1663122772.275849",
        "user": "U0421DZ0T3L",
        "text": "<@U0421DZ0T3L> has joined the channel"
    },
    {
        "type": "message",
        "subtype": "channel_join",
        "ts": "1663123309.723319",
        "user": "U041LSQC38X",
        "text": "<@U041LSQC38X> has joined the channel"
    }
]