[
    {
        "type": "message",
        "subtype": "channel_join",
        "ts": "1663001566.426329",
        "user": "U042R3B76SC",
        "text": "<@U042R3B76SC> has joined the channel"
    },
    {
        "client_msg_id": "ff9b3029-bd30-42db-a169-fb3ae047f75f",
        "type": "message",
        "text": "The GoDaddy office is located at 1 Parsons Drive in Hiawatha, just off of Center Point Road between Blairs Ferry and Boyson Roads. Students will enter and exit through the west door, which is the one closest to Center Point Road. I know that Michael and Tristan will be a few minutes late due to other commitments, so I'm proposing that we meet a little after 7:00 instead of right at 7:00. Let me know if the following schedule does NOT work for you and your student. Thanks.",
        "user": "U042R3B76SC",
        "ts": "1663002443.365289",
        "blocks": [
            {
                "type": "rich_text",
                "block_id": "hXRry",
                "elements": [
                    {
                        "type": "rich_text_section",
                        "elements": [
                            {
                                "type": "text",
                                "text": "The GoDaddy office is located at 1 Parsons Drive in Hiawatha, just off of Center Point Road between Blairs Ferry and Boyson Roads. Students will enter and exit through the west door, which is the one closest to Center Point Road. I know that Michael and Tristan will be a few minutes late due to other commitments, so I'm proposing that we meet a little after 7:00 instead of right at 7:00. Let me know if the following schedule does NOT work for you and your student. Thanks."
                            }
                        ]
                    }
                ]
            }
        ],
        "team": "T042E1514F3",
        "user_team": "T042E1514F3",
        "source_team": "T042E1514F3",
        "user_profile": {
            "avatar_hash": "g6730f37144b",
            "image_72": "https:\/\/secure.gravatar.com\/avatar\/6730f37144bd6ae505b97012a7f22a66.jpg?s=72&d=https%3A%2F%2Fa.slack-edge.com%2Fdf10d%2Fimg%2Favatars%2Fava_0006-72.png",
            "first_name": "chris",
            "real_name": "chris",
            "display_name": "",
            "team": "T042E1514F3",
            "name": "chris",
            "is_restricted": false,
            "is_ultra_restricted": false
        },
        "edited": {
            "user": "U042R3B76SC",
            "ts": "1663002873.000000"
        }
    },
    {
        "client_msg_id": "17304945-0daa-4664-b6f1-56f980d529bc",
        "type": "message",
        "text": "*Meeting place:* GoDaddy office in Hiawatha. Meet at west door, which is the door closest to Center Point Road.\n*Meeting time:* Thursdays at 7:10 PM until 8:30 PM.\n*What to bring:* A student with a laptop.\n*Can parents come?* Yes, parents are welcome as observers and are free to ask on-topic questions! In the past, we've had parents help students solve problems, bring their own laptops and participate as students themselves, or just hang out nearby with each other. We do, however, need to be careful that parents don't participate more than the students. I'll already be talking a LOT, and if parents talk as much as the students, we run the risk of making the sessions seem like they don't \"belong to\" the students. So keep this in mind, but don't worry, there will be plenty of interaction involving everybody in the room. :)",
        "user": "U042R3B76SC",
        "ts": "1663002895.347369",
        "blocks": [
            {
                "type": "rich_text",
                "block_id": "sEd",
                "elements": [
                    {
                        "type": "rich_text_section",
                        "elements": [
                            {
                                "type": "text",
                                "text": "Meeting place: ",
                                "style": {
                                    "bold": true
                                }
                            },
                            {
                                "type": "text",
                                "text": "GoDaddy office in Hiawatha. Meet at west door, which is the door closest to Center Point Road.\n"
                            },
                            {
                                "type": "text",
                                "text": "Meeting time: ",
                                "style": {
                                    "bold": true
                                }
                            },
                            {
                                "type": "text",
                                "text": "Thursdays at 7:10 PM until 8:30 PM.\n"
                            },
                            {
                                "type": "text",
                                "text": "What to bring: ",
                                "style": {
                                    "bold": true
                                }
                            },
                            {
                                "type": "text",
                                "text": "A student with a laptop.\n"
                            },
                            {
                                "type": "text",
                                "text": "Can parents come?",
                                "style": {
                                    "bold": true
                                }
                            },
                            {
                                "type": "text",
                                "text": " Yes, parents are welcome as observers and are free to ask on-topic questions! In the past, we've had parents help students solve problems, bring their own laptops and participate as students themselves, or just hang out nearby with each other. We do, however, need to be careful that parents don't participate more than the students. I'll already be talking a LOT, and if parents talk as much as the students, we run the risk of making the sessions seem like they don't \"belong to\" the students. So keep this in mind, but don't worry, there will be plenty of interaction involving everybody in the room. :)"
                            }
                        ]
                    }
                ]
            }
        ],
        "team": "T042E1514F3",
        "user_team": "T042E1514F3",
        "source_team": "T042E1514F3",
        "user_profile": {
            "avatar_hash": "g6730f37144b",
            "image_72": "https:\/\/secure.gravatar.com\/avatar\/6730f37144bd6ae505b97012a7f22a66.jpg?s=72&d=https%3A%2F%2Fa.slack-edge.com%2Fdf10d%2Fimg%2Favatars%2Fava_0006-72.png",
            "first_name": "chris",
            "real_name": "chris",
            "display_name": "",
            "team": "T042E1514F3",
            "name": "chris",
            "is_restricted": false,
            "is_ultra_restricted": false
        },
        "edited": {
            "user": "U042R3B76SC",
            "ts": "1663003619.000000"
        }
    },
    {
        "type": "message",
        "subtype": "channel_join",
        "ts": "1663004312.992269",
        "user": "U042R51RY2C",
        "text": "<@U042R51RY2C> has joined the channel"
    }
]