[
    {
        "client_msg_id": "9e332feb-f5e6-4b40-8328-754b67537dfd",
        "type": "message",
        "text": "01010110 01101011 01100100 01101111 01100010 01000110 01011010 01001000 01100001 01001000 01000010 01101001 01100010 01010111 01001101 00111001",
        "user": "U042R51RY2C",
        "ts": "1668459464.357889",
        "blocks": [
            {
                "type": "rich_text",
                "block_id": "PsgKv",
                "elements": [
                    {
                        "type": "rich_text_section",
                        "elements": [
                            {
                                "type": "text",
                                "text": "01010110 01101011 01100100 01101111 01100010 01000110 01011010 01001000 01100001 01001000 01000010 01101001 01100010 01010111 01001101 00111001"
                            }
                        ]
                    }
                ]
            }
        ],
        "team": "T042E1514F3",
        "user_team": "T042E1514F3",
        "source_team": "T042E1514F3",
        "user_profile": {
            "avatar_hash": "g24c32288d4d",
            "image_72": "https:\/\/secure.gravatar.com\/avatar\/24c32288d4dbbf5694cc5c9609ec1853.jpg?s=72&d=https%3A%2F%2Fa.slack-edge.com%2Fdf10d%2Fimg%2Favatars%2Fava_0017-72.png",
            "first_name": "Tristan",
            "real_name": "Tristan Ribble",
            "display_name": "",
            "team": "T042E1514F3",
            "name": "tmribble07",
            "is_restricted": false,
            "is_ultra_restricted": false
        }
    },
    {
        "client_msg_id": "3237b7ab-8d12-40f9-959f-a38dfc1c074d",
        "type": "message",
        "text": "Decode this",
        "user": "U042R51RY2C",
        "ts": "1668459467.570489",
        "blocks": [
            {
                "type": "rich_text",
                "block_id": "bWl",
                "elements": [
                    {
                        "type": "rich_text_section",
                        "elements": [
                            {
                                "type": "text",
                                "text": "Decode this"
                            }
                        ]
                    }
                ]
            }
        ],
        "team": "T042E1514F3",
        "user_team": "T042E1514F3",
        "source_team": "T042E1514F3",
        "user_profile": {
            "avatar_hash": "g24c32288d4d",
            "image_72": "https:\/\/secure.gravatar.com\/avatar\/24c32288d4dbbf5694cc5c9609ec1853.jpg?s=72&d=https%3A%2F%2Fa.slack-edge.com%2Fdf10d%2Fimg%2Favatars%2Fava_0017-72.png",
            "first_name": "Tristan",
            "real_name": "Tristan Ribble",
            "display_name": "",
            "team": "T042E1514F3",
            "name": "tmribble07",
            "is_restricted": false,
            "is_ultra_restricted": false
        }
    },
    {
        "client_msg_id": "c61e3688-fe0e-46cc-9478-a9271b9fa374",
        "type": "message",
        "text": "or this:",
        "user": "U042R51RY2C",
        "ts": "1668459540.672839",
        "blocks": [
            {
                "type": "rich_text",
                "block_id": "2Q61",
                "elements": [
                    {
                        "type": "rich_text_section",
                        "elements": [
                            {
                                "type": "text",
                                "text": "or this:"
                            }
                        ]
                    }
                ]
            }
        ],
        "team": "T042E1514F3",
        "user_team": "T042E1514F3",
        "source_team": "T042E1514F3",
        "user_profile": {
            "avatar_hash": "g24c32288d4d",
            "image_72": "https:\/\/secure.gravatar.com\/avatar\/24c32288d4dbbf5694cc5c9609ec1853.jpg?s=72&d=https%3A%2F%2Fa.slack-edge.com%2Fdf10d%2Fimg%2Favatars%2Fava_0017-72.png",
            "first_name": "Tristan",
            "real_name": "Tristan Ribble",
            "display_name": "",
            "team": "T042E1514F3",
            "name": "tmribble07",
            "is_restricted": false,
            "is_ultra_restricted": false
        }
    },
    {
        "client_msg_id": "9b7f16f8-c2b0-4786-87f6-ca6ae2cd4dcf",
        "type": "message",
        "text": "64 61 40 66 145 40 66 146 40 67 64 40 66 70 40 66 65 40 67 62 40 65 64 40 66 70 40 66 71 40 66 145 40 66 67",
        "user": "U042R51RY2C",
        "ts": "1668459543.410579",
        "blocks": [
            {
                "type": "rich_text",
                "block_id": "Ii+H",
                "elements": [
                    {
                        "type": "rich_text_section",
                        "elements": [
                            {
                                "type": "text",
                                "text": "64 61 40 66 145 40 66 146 40 67 64 40 66 70 40 66 65 40 67 62 40 65 64 40 66 70 40 66 71 40 66 145 40 66 67"
                            }
                        ]
                    }
                ]
            }
        ],
        "team": "T042E1514F3",
        "user_team": "T042E1514F3",
        "source_team": "T042E1514F3",
        "user_profile": {
            "avatar_hash": "g24c32288d4d",
            "image_72": "https:\/\/secure.gravatar.com\/avatar\/24c32288d4dbbf5694cc5c9609ec1853.jpg?s=72&d=https%3A%2F%2Fa.slack-edge.com%2Fdf10d%2Fimg%2Favatars%2Fava_0017-72.png",
            "first_name": "Tristan",
            "real_name": "Tristan Ribble",
            "display_name": "",
            "team": "T042E1514F3",
            "name": "tmribble07",
            "is_restricted": false,
            "is_ultra_restricted": false
        }
    },
    {
        "client_msg_id": "aedfbcbf-0139-4761-88f5-27004e41e73a",
        "type": "message",
        "text": "When I put it into the cyber chef, I got 'AnotherThing'. Is that it? Or am I looking at something else?",
        "user": "U042U2F450R",
        "ts": "1668460546.979909",
        "blocks": [
            {
                "type": "rich_text",
                "block_id": "TMIy",
                "elements": [
                    {
                        "type": "rich_text_section",
                        "elements": [
                            {
                                "type": "text",
                                "text": "When I put it into the cyber chef, I got 'AnotherThing'. Is that it? Or am I looking at something else?"
                            }
                        ]
                    }
                ]
            }
        ],
        "team": "T042E1514F3",
        "user_team": "T042E1514F3",
        "source_team": "T042E1514F3",
        "user_profile": {
            "avatar_hash": "gff8e94624db",
            "image_72": "https:\/\/secure.gravatar.com\/avatar\/ff8e94624db08a84843122675f06ea92.jpg?s=72&d=https%3A%2F%2Fa.slack-edge.com%2Fdf10d%2Fimg%2Favatars%2Fava_0004-72.png",
            "first_name": "Anna",
            "real_name": "Anna",
            "display_name": "Anna",
            "team": "T042E1514F3",
            "name": "annam45",
            "is_restricted": false,
            "is_ultra_restricted": false
        }
    },
    {
        "client_msg_id": "ed25a5c4-f627-4bf5-adab-02cfd7efb73d",
        "type": "message",
        "text": "one: nice instincts, two: that is correct",
        "user": "U042R51RY2C",
        "ts": "1668460571.012819",
        "blocks": [
            {
                "type": "rich_text",
                "block_id": "+gq",
                "elements": [
                    {
                        "type": "rich_text_section",
                        "elements": [
                            {
                                "type": "text",
                                "text": "one: nice instincts, two: that is correct"
                            }
                        ]
                    }
                ]
            }
        ],
        "team": "T042E1514F3",
        "user_team": "T042E1514F3",
        "source_team": "T042E1514F3",
        "user_profile": {
            "avatar_hash": "g24c32288d4d",
            "image_72": "https:\/\/secure.gravatar.com\/avatar\/24c32288d4dbbf5694cc5c9609ec1853.jpg?s=72&d=https%3A%2F%2Fa.slack-edge.com%2Fdf10d%2Fimg%2Favatars%2Fava_0017-72.png",
            "first_name": "Tristan",
            "real_name": "Tristan Ribble",
            "display_name": "",
            "team": "T042E1514F3",
            "name": "tmribble07",
            "is_restricted": false,
            "is_ultra_restricted": false
        },
        "edited": {
            "user": "U042R51RY2C",
            "ts": "1668460577.000000"
        }
    },
    {
        "client_msg_id": "716d5090-1132-45f7-bde3-13c1061edcbe",
        "type": "message",
        "text": ":slightly_smiling_face:",
        "user": "U042U2F450R",
        "ts": "1668460627.813489",
        "blocks": [
            {
                "type": "rich_text",
                "block_id": "jM7",
                "elements": [
                    {
                        "type": "rich_text_section",
                        "elements": [
                            {
                                "type": "emoji",
                                "name": "slightly_smiling_face",
                                "unicode": "1f642"
                            }
                        ]
                    }
                ]
            }
        ],
        "team": "T042E1514F3",
        "user_team": "T042E1514F3",
        "source_team": "T042E1514F3",
        "user_profile": {
            "avatar_hash": "gff8e94624db",
            "image_72": "https:\/\/secure.gravatar.com\/avatar\/ff8e94624db08a84843122675f06ea92.jpg?s=72&d=https%3A%2F%2Fa.slack-edge.com%2Fdf10d%2Fimg%2Favatars%2Fava_0004-72.png",
            "first_name": "Anna",
            "real_name": "Anna",
            "display_name": "Anna",
            "team": "T042E1514F3",
            "name": "annam45",
            "is_restricted": false,
            "is_ultra_restricted": false
        }
    }
]