[
    {
        "client_msg_id": "76938d0a-d13b-45d0-bfb5-5bcb01c563f8",
        "type": "message",
        "text": ":clap:",
        "user": "U042R3B76SC",
        "ts": "1668535086.540519",
        "blocks": [
            {
                "type": "rich_text",
                "block_id": "alIjY",
                "elements": [
                    {
                        "type": "rich_text_section",
                        "elements": [
                            {
                                "type": "emoji",
                                "name": "clap",
                                "unicode": "1f44f"
                            }
                        ]
                    }
                ]
            }
        ],
        "team": "T042E1514F3",
        "user_team": "T042E1514F3",
        "source_team": "T042E1514F3",
        "user_profile": {
            "avatar_hash": "g6730f37144b",
            "image_72": "https:\/\/secure.gravatar.com\/avatar\/6730f37144bd6ae505b97012a7f22a66.jpg?s=72&d=https%3A%2F%2Fa.slack-edge.com%2Fdf10d%2Fimg%2Favatars%2Fava_0006-72.png",
            "first_name": "chris",
            "real_name": "chris",
            "display_name": "",
            "team": "T042E1514F3",
            "name": "chris",
            "is_restricted": false,
            "is_ultra_restricted": false
        }
    },
    {
        "client_msg_id": "f55f345e-3db1-457d-aa30-631aa391b089",
        "type": "message",
        "text": "Roger that - thanks for the heads-up. Have fun at the tournament!\n\nLet us know if your plans change and you can be with us.",
        "user": "U042R3B76SC",
        "ts": "1668535136.338969",
        "blocks": [
            {
                "type": "rich_text",
                "block_id": "j7\/a5",
                "elements": [
                    {
                        "type": "rich_text_section",
                        "elements": [
                            {
                                "type": "text",
                                "text": "Roger that - thanks for the heads-up. Have fun at the tournament!\n\nLet us know if your plans change and you can be with us."
                            }
                        ]
                    }
                ]
            }
        ],
        "team": "T042E1514F3",
        "user_team": "T042E1514F3",
        "source_team": "T042E1514F3",
        "user_profile": {
            "avatar_hash": "g6730f37144b",
            "image_72": "https:\/\/secure.gravatar.com\/avatar\/6730f37144bd6ae505b97012a7f22a66.jpg?s=72&d=https%3A%2F%2Fa.slack-edge.com%2Fdf10d%2Fimg%2Favatars%2Fava_0006-72.png",
            "first_name": "chris",
            "real_name": "chris",
            "display_name": "",
            "team": "T042E1514F3",
            "name": "chris",
            "is_restricted": false,
            "is_ultra_restricted": false
        },
        "thread_ts": "1668394776.348099",
        "parent_user_id": "U042R51RY2C"
    }
]