[
    {
        "type": "message",
        "subtype": "channel_join",
        "ts": "1663892499.716009",
        "user": "U0421AQBX8B",
        "text": "<@U0421AQBX8B> has joined the channel"
    },
    {
        "client_msg_id": "78e3ffa7-35cd-4696-a702-571ecbcabb2e",
        "type": "message",
        "text": "Hello from a linux VM",
        "user": "U041LSQC38X",
        "ts": "1663896023.720509",
        "blocks": [
            {
                "type": "rich_text",
                "block_id": "z9yp",
                "elements": [
                    {
                        "type": "rich_text_section",
                        "elements": [
                            {
                                "type": "text",
                                "text": "Hello from a linux VM"
                            }
                        ]
                    }
                ]
            }
        ],
        "team": "T042E1514F3",
        "user_team": "T042E1514F3",
        "source_team": "T042E1514F3",
        "user_profile": {
            "avatar_hash": "g60b962e7353",
            "image_72": "https:\/\/secure.gravatar.com\/avatar\/60b962e73536af1009870d33a2ba0516.jpg?s=72&d=https%3A%2F%2Fa.slack-edge.com%2Fdf10d%2Fimg%2Favatars%2Fava_0012-72.png",
            "first_name": "Michael",
            "real_name": "Michael Tice",
            "display_name": "Michael Tice",
            "team": "T042E1514F3",
            "name": "michael.tice",
            "is_restricted": false,
            "is_ultra_restricted": false
        }
    },
    {
        "client_msg_id": "d18cb612-87e0-4705-b57d-3edc92374558",
        "type": "message",
        "text": "Greetings back atcha from a Honda Pilot.",
        "user": "U042R3B76SC",
        "ts": "1663897808.409689",
        "blocks": [
            {
                "type": "rich_text",
                "block_id": "oZku",
                "elements": [
                    {
                        "type": "rich_text_section",
                        "elements": [
                            {
                                "type": "text",
                                "text": "Greetings back atcha from a Honda Pilot."
                            }
                        ]
                    }
                ]
            }
        ],
        "team": "T042E1514F3",
        "user_team": "T042E1514F3",
        "source_team": "T042E1514F3",
        "user_profile": {
            "avatar_hash": "g6730f37144b",
            "image_72": "https:\/\/secure.gravatar.com\/avatar\/6730f37144bd6ae505b97012a7f22a66.jpg?s=72&d=https%3A%2F%2Fa.slack-edge.com%2Fdf10d%2Fimg%2Favatars%2Fava_0006-72.png",
            "first_name": "chris",
            "real_name": "chris",
            "display_name": "",
            "team": "T042E1514F3",
            "name": "chris",
            "is_restricted": false,
            "is_ultra_restricted": false
        }
    }
]