[
    {
        "client_msg_id": "abfee906-2627-4cf2-9fc6-45212ef93748",
        "type": "message",
        "text": "I wanted to wish everyone Happy Thanksgiving (Thursday) and Native American Heritage Day (Friday)!\n\nOf course, we will not be meeting tomorrow, although if you do show up at the GoDaddy office, some of you (coughticecough) are used to waiting in the parking lot for a while. You will just have to wait seven days longer than usual this time. Not advised.\n\nI hope you enjoy the holidays with your families. See you next week!",
        "user": "U042R3B76SC",
        "ts": "1669216310.041869",
        "blocks": [
            {
                "type": "rich_text",
                "block_id": "ffCw",
                "elements": [
                    {
                        "type": "rich_text_section",
                        "elements": [
                            {
                                "type": "text",
                                "text": "I wanted to wish everyone Happy Thanksgiving (Thursday) and Native American Heritage Day (Friday)!\n\nOf course, we will not be meeting tomorrow, although if you do show up at the GoDaddy office, some of you (coughticecough) are used to waiting in the parking lot for a while. You will just have to wait seven days longer than usual this time. Not advised.\n\nI hope you enjoy the holidays with your families. See you next week!"
                            }
                        ]
                    }
                ]
            }
        ],
        "team": "T042E1514F3",
        "user_team": "T042E1514F3",
        "source_team": "T042E1514F3",
        "user_profile": {
            "avatar_hash": "g6730f37144b",
            "image_72": "https:\/\/secure.gravatar.com\/avatar\/6730f37144bd6ae505b97012a7f22a66.jpg?s=72&d=https%3A%2F%2Fa.slack-edge.com%2Fdf10d%2Fimg%2Favatars%2Fava_0006-72.png",
            "first_name": "chris",
            "real_name": "chris",
            "display_name": "",
            "team": "T042E1514F3",
            "name": "chris",
            "is_restricted": false,
            "is_ultra_restricted": false
        }
    },
    {
        "client_msg_id": "52aa75b6-bf30-4a45-8994-d4bf428c6b16",
        "type": "message",
        "text": "When robots take a turn, it's not always a good thing. Just ask Elon Musk.",
        "user": "U042R3B76SC",
        "ts": "1669230149.557279",
        "blocks": [
            {
                "type": "rich_text",
                "block_id": "aRh",
                "elements": [
                    {
                        "type": "rich_text_section",
                        "elements": [
                            {
                                "type": "text",
                                "text": "When robots take a turn, it's not always a good thing. Just ask Elon Musk."
                            }
                        ]
                    }
                ]
            }
        ],
        "team": "T042E1514F3",
        "user_team": "T042E1514F3",
        "source_team": "T042E1514F3",
        "user_profile": {
            "avatar_hash": "g6730f37144b",
            "image_72": "https:\/\/secure.gravatar.com\/avatar\/6730f37144bd6ae505b97012a7f22a66.jpg?s=72&d=https%3A%2F%2Fa.slack-edge.com%2Fdf10d%2Fimg%2Favatars%2Fava_0006-72.png",
            "first_name": "chris",
            "real_name": "chris",
            "display_name": "",
            "team": "T042E1514F3",
            "name": "chris",
            "is_restricted": false,
            "is_ultra_restricted": false
        },
        "thread_ts": "1668740555.432179",
        "parent_user_id": "U041LSQC38X"
    },
    {
        "client_msg_id": "c31e2b7b-687a-433d-b3a3-6e983d23eb95",
        "type": "message",
        "text": "I like your sense of humor. :slightly_smiling_face:",
        "user": "U042U2F450R",
        "ts": "1669259144.950279",
        "blocks": [
            {
                "type": "rich_text",
                "block_id": "QIE6",
                "elements": [
                    {
                        "type": "rich_text_section",
                        "elements": [
                            {
                                "type": "text",
                                "text": "I like your sense of humor. "
                            },
                            {
                                "type": "emoji",
                                "name": "slightly_smiling_face",
                                "unicode": "1f642"
                            }
                        ]
                    }
                ]
            }
        ],
        "team": "T042E1514F3",
        "user_team": "T042E1514F3",
        "source_team": "T042E1514F3",
        "user_profile": {
            "avatar_hash": "gff8e94624db",
            "image_72": "https:\/\/secure.gravatar.com\/avatar\/ff8e94624db08a84843122675f06ea92.jpg?s=72&d=https%3A%2F%2Fa.slack-edge.com%2Fdf10d%2Fimg%2Favatars%2Fava_0004-72.png",
            "first_name": "Anna",
            "real_name": "Anna",
            "display_name": "Anna",
            "team": "T042E1514F3",
            "name": "annam45",
            "is_restricted": false,
            "is_ultra_restricted": false
        },
        "reactions": [
            {
                "name": "ty",
                "users": [
                    "U042R3B76SC"
                ],
                "count": 1
            }
        ]
    }
]