[
    {
        "client_msg_id": "80338239-57D2-4BF6-89E0-5EF53BF6DA3F",
        "type": "message",
        "text": "Tristan will be there, but be late",
        "user": "U041UR8P3HC",
        "ts": "1663286869.268759",
        "blocks": [
            {
                "type": "rich_text",
                "block_id": "paIf",
                "elements": [
                    {
                        "type": "rich_text_section",
                        "elements": [
                            {
                                "type": "text",
                                "text": "Tristan will be there, but be late"
                            }
                        ]
                    }
                ]
            }
        ],
        "team": "T042E1514F3",
        "user_team": "T042E1514F3",
        "source_team": "T042E1514F3",
        "user_profile": {
            "avatar_hash": "g28a4f515a4c",
            "image_72": "https:\/\/secure.gravatar.com\/avatar\/28a4f515a4c68637a768d3cf59be2525.jpg?s=72&d=https%3A%2F%2Fa.slack-edge.com%2Fdf10d%2Fimg%2Favatars%2Fava_0025-72.png",
            "first_name": "Jamey",
            "real_name": "Jamey Ribble",
            "display_name": "",
            "team": "T042E1514F3",
            "name": "jribble82",
            "is_restricted": true,
            "is_ultra_restricted": true
        },
        "reactions": [
            {
                "name": "+1::skin-tone-2",
                "users": [
                    "U042R3B76SC"
                ],
                "count": 1
            }
        ]
    },
    {
        "client_msg_id": "eea3e8b7-44b0-4ccc-9c9c-46c55c0ddb6a",
        "type": "message",
        "text": "<https:\/\/godaddy.zoom.us\/j\/98896146499?pwd=a2JaU2Z2enR1bnJacDJwWWd1ME1Wdz09&amp;from=addon>",
        "user": "U042R3B76SC",
        "ts": "1663288773.193089",
        "blocks": [
            {
                "type": "rich_text",
                "block_id": "Hrbak",
                "elements": [
                    {
                        "type": "rich_text_section",
                        "elements": [
                            {
                                "type": "link",
                                "url": "https:\/\/godaddy.zoom.us\/j\/98896146499?pwd=a2JaU2Z2enR1bnJacDJwWWd1ME1Wdz09&from=addon"
                            }
                        ]
                    }
                ]
            }
        ],
        "team": "T042E1514F3",
        "user_team": "T042E1514F3",
        "source_team": "T042E1514F3",
        "user_profile": {
            "avatar_hash": "g6730f37144b",
            "image_72": "https:\/\/secure.gravatar.com\/avatar\/6730f37144bd6ae505b97012a7f22a66.jpg?s=72&d=https%3A%2F%2Fa.slack-edge.com%2Fdf10d%2Fimg%2Favatars%2Fava_0006-72.png",
            "first_name": "chris",
            "real_name": "chris",
            "display_name": "",
            "team": "T042E1514F3",
            "name": "chris",
            "is_restricted": false,
            "is_ultra_restricted": false
        }
    }
]