[
    {
        "client_msg_id": "12e0eb5c-c991-44d9-a671-04d77bb446ec",
        "type": "message",
        "text": "It says the sale expires tonight at 11 p.m.",
        "user": "U042U2F450R",
        "ts": "1669666917.667999",
        "blocks": [
            {
                "type": "rich_text",
                "block_id": "=dXnT",
                "elements": [
                    {
                        "type": "rich_text_section",
                        "elements": [
                            {
                                "type": "text",
                                "text": "It says the sale expires tonight at 11 p.m."
                            }
                        ]
                    }
                ]
            }
        ],
        "team": "T042E1514F3",
        "user_team": "T042E1514F3",
        "source_team": "T042E1514F3",
        "user_profile": {
            "avatar_hash": "gff8e94624db",
            "image_72": "https:\/\/secure.gravatar.com\/avatar\/ff8e94624db08a84843122675f06ea92.jpg?s=72&d=https%3A%2F%2Fa.slack-edge.com%2Fdf10d%2Fimg%2Favatars%2Fava_0004-72.png",
            "first_name": "Anna",
            "real_name": "Anna",
            "display_name": "Anna",
            "team": "T042E1514F3",
            "name": "annam45",
            "is_restricted": false,
            "is_ultra_restricted": false
        }
    },
    {
        "client_msg_id": "e7a25610-fdcd-4c20-8880-1b9e18835052",
        "type": "message",
        "text": "At this point, I do not anticipate \"officially\" using TryHackMe in our class again. I want the sites like TryHackMe and HackThisBox to be sites that you (students) are aware of and can use to further your own learning as you want to and as\/if you have time.",
        "user": "U042R3B76SC",
        "ts": "1669690173.387279",
        "blocks": [
            {
                "type": "rich_text",
                "block_id": "Vyk+",
                "elements": [
                    {
                        "type": "rich_text_section",
                        "elements": [
                            {
                                "type": "text",
                                "text": "At this point, I do not anticipate \"officially\" using TryHackMe in our class again. I want the sites like TryHackMe and HackThisBox to be sites that you (students) are aware of and can use to further your own learning as you want to and as\/if you have time."
                            }
                        ]
                    }
                ]
            }
        ],
        "team": "T042E1514F3",
        "user_team": "T042E1514F3",
        "source_team": "T042E1514F3",
        "user_profile": {
            "avatar_hash": "g6730f37144b",
            "image_72": "https:\/\/secure.gravatar.com\/avatar\/6730f37144bd6ae505b97012a7f22a66.jpg?s=72&d=https%3A%2F%2Fa.slack-edge.com%2Fdf10d%2Fimg%2Favatars%2Fava_0006-72.png",
            "first_name": "chris",
            "real_name": "chris",
            "display_name": "",
            "team": "T042E1514F3",
            "name": "chris",
            "is_restricted": false,
            "is_ultra_restricted": false
        }
    }
]