[
    {
        "client_msg_id": "1fd249fc-d937-4224-8a25-7af7a3e8adfe",
        "type": "message",
        "text": "What server needs the most work? I can work on the servers all day today, so just let me know which one needs the most work.",
        "user": "U042R51RY2C",
        "ts": "1684677751.533109",
        "blocks": [
            {
                "type": "rich_text",
                "block_id": "C6\/",
                "elements": [
                    {
                        "type": "rich_text_section",
                        "elements": [
                            {
                                "type": "text",
                                "text": "What server needs the most work? I can work on the servers all day today, so just let me know which one needs the most work."
                            }
                        ]
                    }
                ]
            }
        ],
        "team": "T042E1514F3",
        "user_team": "T042E1514F3",
        "source_team": "T042E1514F3",
        "user_profile": {
            "avatar_hash": "g24c32288d4d",
            "image_72": "https:\/\/secure.gravatar.com\/avatar\/24c32288d4dbbf5694cc5c9609ec1853.jpg?s=72&d=https%3A%2F%2Fa.slack-edge.com%2Fdf10d%2Fimg%2Favatars%2Fava_0017-72.png",
            "first_name": "Tristan",
            "real_name": "Tristan Ribble",
            "display_name": "",
            "team": "T042E1514F3",
            "name": "tmribble07",
            "is_restricted": false,
            "is_ultra_restricted": false
        }
    },
    {
        "client_msg_id": "f94f9cae-7e83-49d5-b752-858a7725332c",
        "type": "message",
        "text": "I don't know if anything needs to be done to the exchange or file servers, but nobody has looked at them yet.",
        "user": "U042R3B76SC",
        "ts": "1684684438.935799",
        "blocks": [
            {
                "type": "rich_text",
                "block_id": "pnyN",
                "elements": [
                    {
                        "type": "rich_text_section",
                        "elements": [
                            {
                                "type": "text",
                                "text": "I don't know if anything needs to be done to the exchange or file servers, but nobody has looked at them yet."
                            }
                        ]
                    }
                ]
            }
        ],
        "team": "T042E1514F3",
        "user_team": "T042E1514F3",
        "source_team": "T042E1514F3",
        "user_profile": {
            "avatar_hash": "g6730f37144b",
            "image_72": "https:\/\/secure.gravatar.com\/avatar\/6730f37144bd6ae505b97012a7f22a66.jpg?s=72&d=https%3A%2F%2Fa.slack-edge.com%2Fdf10d%2Fimg%2Favatars%2Fava_0006-72.png",
            "first_name": "chris",
            "real_name": "chris",
            "display_name": "",
            "team": "T042E1514F3",
            "name": "chris",
            "is_restricted": false,
            "is_ultra_restricted": false
        }
    },
    {
        "client_msg_id": "3f3f8a8e-d2ed-4029-8b51-107644571c11",
        "type": "message",
        "text": "What time do I need to arrive at the competition? Is 6 am okay?",
        "user": "U042U2F450R",
        "ts": "1684690857.766409",
        "blocks": [
            {
                "type": "rich_text",
                "block_id": "+Se5D",
                "elements": [
                    {
                        "type": "rich_text_section",
                        "elements": [
                            {
                                "type": "text",
                                "text": "What time do I need to arrive at the competition? Is 6 am okay?"
                            }
                        ]
                    }
                ]
            }
        ],
        "team": "T042E1514F3",
        "user_team": "T042E1514F3",
        "source_team": "T042E1514F3",
        "user_profile": {
            "avatar_hash": "gff8e94624db",
            "image_72": "https:\/\/secure.gravatar.com\/avatar\/ff8e94624db08a84843122675f06ea92.jpg?s=72&d=https%3A%2F%2Fa.slack-edge.com%2Fdf10d%2Fimg%2Favatars%2Fava_0004-72.png",
            "first_name": "Anna",
            "real_name": "Anna",
            "display_name": "Anna",
            "team": "T042E1514F3",
            "name": "annam45",
            "is_restricted": false,
            "is_ultra_restricted": false
        }
    },
    {
        "client_msg_id": "24e6ab32-f217-46ad-a7e0-25d9766e39d2",
        "type": "message",
        "text": "I think that's good. The initial announcement said that this competition is usually about 7am to 1am, so that would give you an hour ahead of time \n\n<@U0421AQBX8B>, do you have any additional info?",
        "user": "U042R3B76SC",
        "ts": "1684698560.324579",
        "blocks": [
            {
                "type": "rich_text",
                "block_id": "rxc7",
                "elements": [
                    {
                        "type": "rich_text_section",
                        "elements": [
                            {
                                "type": "text",
                                "text": "I think that's good. The initial announcement said that this competition is usually about 7am to 1am, so that would give you an hour ahead of time \n\n"
                            },
                            {
                                "type": "user",
                                "user_id": "U0421AQBX8B"
                            },
                            {
                                "type": "text",
                                "text": ", do you have any additional info?"
                            }
                        ]
                    }
                ]
            }
        ],
        "team": "T042E1514F3",
        "user_team": "T042E1514F3",
        "source_team": "T042E1514F3",
        "user_profile": {
            "avatar_hash": "g6730f37144b",
            "image_72": "https:\/\/secure.gravatar.com\/avatar\/6730f37144bd6ae505b97012a7f22a66.jpg?s=72&d=https%3A%2F%2Fa.slack-edge.com%2Fdf10d%2Fimg%2Favatars%2Fava_0006-72.png",
            "first_name": "chris",
            "real_name": "chris",
            "display_name": "",
            "team": "T042E1514F3",
            "name": "chris",
            "is_restricted": false,
            "is_ultra_restricted": false
        }
    },
    {
        "client_msg_id": "c07f7ae1-71af-40d0-bb7a-0b8129409e63",
        "type": "message",
        "text": "do we know the deal with the exhange server?",
        "user": "U042R51RY2C",
        "ts": "1684702470.140159",
        "blocks": [
            {
                "type": "rich_text",
                "block_id": "7y=Q",
                "elements": [
                    {
                        "type": "rich_text_section",
                        "elements": [
                            {
                                "type": "text",
                                "text": "do we know the deal with the exhange server?"
                            }
                        ]
                    }
                ]
            }
        ],
        "team": "T042E1514F3",
        "user_team": "T042E1514F3",
        "source_team": "T042E1514F3",
        "user_profile": {
            "avatar_hash": "g24c32288d4d",
            "image_72": "https:\/\/secure.gravatar.com\/avatar\/24c32288d4dbbf5694cc5c9609ec1853.jpg?s=72&d=https%3A%2F%2Fa.slack-edge.com%2Fdf10d%2Fimg%2Favatars%2Fava_0017-72.png",
            "first_name": "Tristan",
            "real_name": "Tristan Ribble",
            "display_name": "",
            "team": "T042E1514F3",
            "name": "tmribble07",
            "is_restricted": false,
            "is_ultra_restricted": false
        }
    },
    {
        "client_msg_id": "7aefd6c8-a0c7-45b0-ba52-ce349c7b9de7",
        "type": "message",
        "text": "it is supposed to have a website, but it doesn't even have iis installed.",
        "user": "U042R51RY2C",
        "ts": "1684702504.073399",
        "blocks": [
            {
                "type": "rich_text",
                "block_id": "Wxo7",
                "elements": [
                    {
                        "type": "rich_text_section",
                        "elements": [
                            {
                                "type": "text",
                                "text": "it is supposed to have a website, but it doesn't even have iis installed."
                            }
                        ]
                    }
                ]
            }
        ],
        "team": "T042E1514F3",
        "user_team": "T042E1514F3",
        "source_team": "T042E1514F3",
        "user_profile": {
            "avatar_hash": "g24c32288d4d",
            "image_72": "https:\/\/secure.gravatar.com\/avatar\/24c32288d4dbbf5694cc5c9609ec1853.jpg?s=72&d=https%3A%2F%2Fa.slack-edge.com%2Fdf10d%2Fimg%2Favatars%2Fava_0017-72.png",
            "first_name": "Tristan",
            "real_name": "Tristan Ribble",
            "display_name": "",
            "team": "T042E1514F3",
            "name": "tmribble07",
            "is_restricted": false,
            "is_ultra_restricted": false
        }
    },
    {
        "client_msg_id": "927770f2-9072-4d4f-b31c-507644e74ef2",
        "type": "message",
        "text": "Look up how to install Outlook Web Access on Windows Server 2016. I don't know if it requires an IIS instance or not.\n\nBut check `netstat` first, from an elevated prompt, to see if something is already listening on 80 and\/or 443.",
        "user": "U042R3B76SC",
        "ts": "1684707498.842049",
        "blocks": [
            {
                "type": "rich_text",
                "block_id": "F=w",
                "elements": [
                    {
                        "type": "rich_text_section",
                        "elements": [
                            {
                                "type": "text",
                                "text": "Look up how to install Outlook Web Access on Windows Server 2016. I don't know if it requires an IIS instance or not.\n\nBut check "
                            },
                            {
                                "type": "text",
                                "text": "netstat",
                                "style": {
                                    "code": true
                                }
                            },
                            {
                                "type": "text",
                                "text": " first, from an elevated prompt, to see if something is already listening on 80 and\/or 443."
                            }
                        ]
                    }
                ]
            }
        ],
        "team": "T042E1514F3",
        "user_team": "T042E1514F3",
        "source_team": "T042E1514F3",
        "user_profile": {
            "avatar_hash": "g6730f37144b",
            "image_72": "https:\/\/secure.gravatar.com\/avatar\/6730f37144bd6ae505b97012a7f22a66.jpg?s=72&d=https%3A%2F%2Fa.slack-edge.com%2Fdf10d%2Fimg%2Favatars%2Fava_0006-72.png",
            "first_name": "chris",
            "real_name": "chris",
            "display_name": "",
            "team": "T042E1514F3",
            "name": "chris",
            "is_restricted": false,
            "is_ultra_restricted": false
        }
    },
    {
        "client_msg_id": "5a8c9424-9ed5-49b5-9d70-6f499c923e9c",
        "type": "message",
        "text": "I'm done with my honey-do list at home and am heading to my hotel in Ames. I will need to eat dinner after I get there but will check for questions when I'm settled.",
        "user": "U042R3B76SC",
        "ts": "1684707559.352269",
        "blocks": [
            {
                "type": "rich_text",
                "block_id": "v3Koq",
                "elements": [
                    {
                        "type": "rich_text_section",
                        "elements": [
                            {
                                "type": "text",
                                "text": "I'm done with my honey-do list at home and am heading to my hotel in Ames. I will need to eat dinner after I get there but will check for questions when I'm settled."
                            }
                        ]
                    }
                ]
            }
        ],
        "team": "T042E1514F3",
        "user_team": "T042E1514F3",
        "source_team": "T042E1514F3",
        "user_profile": {
            "avatar_hash": "g6730f37144b",
            "image_72": "https:\/\/secure.gravatar.com\/avatar\/6730f37144bd6ae505b97012a7f22a66.jpg?s=72&d=https%3A%2F%2Fa.slack-edge.com%2Fdf10d%2Fimg%2Favatars%2Fava_0006-72.png",
            "first_name": "chris",
            "real_name": "chris",
            "display_name": "",
            "team": "T042E1514F3",
            "name": "chris",
            "is_restricted": false,
            "is_ultra_restricted": false
        }
    },
    {
        "client_msg_id": "7c043cba-42af-4d6b-a1c0-c4aaba248f04",
        "type": "message",
        "text": "There are a number of tasks I put in the \"all servers\" list in Trello also. Can't remember how critical any of them are but if anybody's looking for a punch list of tasks, Trello's always a good place to look.\n\nTalk to you all soon.",
        "user": "U042R3B76SC",
        "ts": "1684707653.783679",
        "blocks": [
            {
                "type": "rich_text",
                "block_id": "IJrl",
                "elements": [
                    {
                        "type": "rich_text_section",
                        "elements": [
                            {
                                "type": "text",
                                "text": "There are a number of tasks I put in the \"all servers\" list in Trello also. Can't remember how critical any of them are but if anybody's looking for a punch list of tasks, Trello's always a good place to look.\n\nTalk to you all soon."
                            }
                        ]
                    }
                ]
            }
        ],
        "team": "T042E1514F3",
        "user_team": "T042E1514F3",
        "source_team": "T042E1514F3",
        "user_profile": {
            "avatar_hash": "g6730f37144b",
            "image_72": "https:\/\/secure.gravatar.com\/avatar\/6730f37144bd6ae505b97012a7f22a66.jpg?s=72&d=https%3A%2F%2Fa.slack-edge.com%2Fdf10d%2Fimg%2Favatars%2Fava_0006-72.png",
            "first_name": "chris",
            "real_name": "chris",
            "display_name": "",
            "team": "T042E1514F3",
            "name": "chris",
            "is_restricted": false,
            "is_ultra_restricted": false
        }
    },
    {
        "type": "message",
        "text": "Margie enjoying her Mother's Day present, a new patio table. We assembled it together today (that was the main thing on the honey-do list).",
        "files": [
            {
                "id": "F059G9VP65N",
                "created": 1684707661,
                "timestamp": 1684707661,
                "name": "PXL_20230521_192202730.jpg",
                "title": "PXL_20230521_192202730.jpg",
                "mimetype": "image\/jpeg",
                "filetype": "jpg",
                "pretty_type": "JPEG",
                "user": "U042R3B76SC",
                "user_team": "T042E1514F3",
                "editable": false,
                "size": 1452125,
                "mode": "hosted",
                "is_external": false,
                "external_type": "",
                "is_public": true,
                "public_url_shared": false,
                "display_as_bot": false,
                "username": "",
                "url_private": "https:\/\/files.slack.com\/files-pri\/T042E1514F3-F059G9VP65N\/pxl_20230521_192202730.jpg?t=xoxe-4082039038513-5909763746612-5907217023875-336a8277661c30aa211f6bb0466e7c24",
                "url_private_download": "https:\/\/files.slack.com\/files-pri\/T042E1514F3-F059G9VP65N\/download\/pxl_20230521_192202730.jpg?t=xoxe-4082039038513-5909763746612-5907217023875-336a8277661c30aa211f6bb0466e7c24",
                "media_display_type": "unknown",
                "thumb_64": "https:\/\/files.slack.com\/files-tmb\/T042E1514F3-F059G9VP65N-d3866c2d44\/pxl_20230521_192202730_64.jpg?t=xoxe-4082039038513-5909763746612-5907217023875-336a8277661c30aa211f6bb0466e7c24",
                "thumb_80": "https:\/\/files.slack.com\/files-tmb\/T042E1514F3-F059G9VP65N-d3866c2d44\/pxl_20230521_192202730_80.jpg?t=xoxe-4082039038513-5909763746612-5907217023875-336a8277661c30aa211f6bb0466e7c24",
                "thumb_360": "https:\/\/files.slack.com\/files-tmb\/T042E1514F3-F059G9VP65N-d3866c2d44\/pxl_20230521_192202730_360.jpg?t=xoxe-4082039038513-5909763746612-5907217023875-336a8277661c30aa211f6bb0466e7c24",
                "thumb_360_w": 271,
                "thumb_360_h": 360,
                "thumb_480": "https:\/\/files.slack.com\/files-tmb\/T042E1514F3-F059G9VP65N-d3866c2d44\/pxl_20230521_192202730_480.jpg?t=xoxe-4082039038513-5909763746612-5907217023875-336a8277661c30aa211f6bb0466e7c24",
                "thumb_480_w": 361,
                "thumb_480_h": 480,
                "thumb_160": "https:\/\/files.slack.com\/files-tmb\/T042E1514F3-F059G9VP65N-d3866c2d44\/pxl_20230521_192202730_160.jpg?t=xoxe-4082039038513-5909763746612-5907217023875-336a8277661c30aa211f6bb0466e7c24",
                "thumb_720": "https:\/\/files.slack.com\/files-tmb\/T042E1514F3-F059G9VP65N-d3866c2d44\/pxl_20230521_192202730_720.jpg?t=xoxe-4082039038513-5909763746612-5907217023875-336a8277661c30aa211f6bb0466e7c24",
                "thumb_720_w": 542,
                "thumb_720_h": 720,
                "thumb_800": "https:\/\/files.slack.com\/files-tmb\/T042E1514F3-F059G9VP65N-d3866c2d44\/pxl_20230521_192202730_800.jpg?t=xoxe-4082039038513-5909763746612-5907217023875-336a8277661c30aa211f6bb0466e7c24",
                "thumb_800_w": 800,
                "thumb_800_h": 1063,
                "thumb_960": "https:\/\/files.slack.com\/files-tmb\/T042E1514F3-F059G9VP65N-d3866c2d44\/pxl_20230521_192202730_960.jpg?t=xoxe-4082039038513-5909763746612-5907217023875-336a8277661c30aa211f6bb0466e7c24",
                "thumb_960_w": 723,
                "thumb_960_h": 960,
                "thumb_1024": "https:\/\/files.slack.com\/files-tmb\/T042E1514F3-F059G9VP65N-d3866c2d44\/pxl_20230521_192202730_1024.jpg?t=xoxe-4082039038513-5909763746612-5907217023875-336a8277661c30aa211f6bb0466e7c24",
                "thumb_1024_w": 771,
                "thumb_1024_h": 1024,
                "original_w": 3072,
                "original_h": 4080,
                "thumb_tiny": "AwAwACSMQuedpIpPLcHhWFThsZx6daMsWznmouguV3jba25Tn3pdh6AH6VJKx2NmlZsJkc80XDmI1RgMFDS7T\/cNLvyThSaN\/wDsGpDmYoIxQh7ZpA2DkRNn60iy5Ynbj2pqNxCTZwcDIpVD7SNv58U+T7h+QDjrmnhmHRUGaOgEQVxwOB7UbZPWkkmYSEEKcUzzz\/dWnygWWYBTz2qFI\/1GajaVmTGRjpgUxZGUDDds4PNVFW3AuOuIiBnpTto96rCdsEHacVIjyO+wbO\/OSarQWo5rQyHdvAz2xSfYj\/z0H5VLEzmMfvMewA4p+X\/56n9KRR\/\/2Q==",
                "permalink": "https:\/\/cyberdefense2022-2023.slack.com\/files\/U042R3B76SC\/F059G9VP65N\/pxl_20230521_192202730.jpg",
                "permalink_public": "https:\/\/slack-files.com\/T042E1514F3-F059G9VP65N-d0ed8ca31a",
                "is_starred": false,
                "has_rich_preview": false,
                "file_access": "visible"
            }
        ],
        "upload": false,
        "user": "U042R3B76SC",
        "display_as_bot": false,
        "ts": "1684707737.458919",
        "blocks": [
            {
                "type": "rich_text",
                "block_id": "Qe7Xo",
                "elements": [
                    {
                        "type": "rich_text_section",
                        "elements": [
                            {
                                "type": "text",
                                "text": "Margie enjoying her Mother's Day present, a new patio table. We assembled it together today (that was the main thing on the honey-do list)."
                            }
                        ]
                    }
                ]
            }
        ],
        "client_msg_id": "702046a3-6e3c-41fa-b9bf-49b74d1c3041"
    }
]