[
    {
        "client_msg_id": "1c215c30-f665-404b-a590-341e9c359971",
        "type": "message",
        "text": "<@U042R51RY2C> are you available to meet now?",
        "user": "U042U2F450R",
        "ts": "1683911510.251619",
        "blocks": [
            {
                "type": "rich_text",
                "block_id": "rnv",
                "elements": [
                    {
                        "type": "rich_text_section",
                        "elements": [
                            {
                                "type": "user",
                                "user_id": "U042R51RY2C"
                            },
                            {
                                "type": "text",
                                "text": " are you available to meet now?"
                            }
                        ]
                    }
                ]
            }
        ],
        "team": "T042E1514F3",
        "user_team": "T042E1514F3",
        "source_team": "T042E1514F3",
        "user_profile": {
            "avatar_hash": "gff8e94624db",
            "image_72": "https:\/\/secure.gravatar.com\/avatar\/ff8e94624db08a84843122675f06ea92.jpg?s=72&d=https%3A%2F%2Fa.slack-edge.com%2Fdf10d%2Fimg%2Favatars%2Fava_0004-72.png",
            "first_name": "Anna",
            "real_name": "Anna",
            "display_name": "Anna",
            "team": "T042E1514F3",
            "name": "annam45",
            "is_restricted": false,
            "is_ultra_restricted": false
        }
    },
    {
        "client_msg_id": "A8182C4A-AC52-4EA9-889D-16EDB3356161",
        "type": "message",
        "text": "I will, just in a few",
        "user": "U042R51RY2C",
        "ts": "1683911566.807889",
        "blocks": [
            {
                "type": "rich_text",
                "block_id": "fg5",
                "elements": [
                    {
                        "type": "rich_text_section",
                        "elements": [
                            {
                                "type": "text",
                                "text": "I will, just in a few"
                            }
                        ]
                    }
                ]
            }
        ],
        "team": "T042E1514F3",
        "user_team": "T042E1514F3",
        "source_team": "T042E1514F3",
        "user_profile": {
            "avatar_hash": "g24c32288d4d",
            "image_72": "https:\/\/secure.gravatar.com\/avatar\/24c32288d4dbbf5694cc5c9609ec1853.jpg?s=72&d=https%3A%2F%2Fa.slack-edge.com%2Fdf10d%2Fimg%2Favatars%2Fava_0017-72.png",
            "first_name": "Tristan",
            "real_name": "Tristan Ribble",
            "display_name": "",
            "team": "T042E1514F3",
            "name": "tmribble07",
            "is_restricted": false,
            "is_ultra_restricted": false
        }
    },
    {
        "client_msg_id": "cf2e5814-2de2-4f51-957b-12b480c481f9",
        "type": "message",
        "text": "I'm still doing work things. I will finish up ASAP but 1pm seems like the best case for my arrival.",
        "user": "U042R3B76SC",
        "ts": "1683912790.313019",
        "blocks": [
            {
                "type": "rich_text",
                "block_id": "khlB",
                "elements": [
                    {
                        "type": "rich_text_section",
                        "elements": [
                            {
                                "type": "text",
                                "text": "I'm still doing work things. I will finish up ASAP but 1pm seems like the best case for my arrival."
                            }
                        ]
                    }
                ]
            }
        ],
        "team": "T042E1514F3",
        "user_team": "T042E1514F3",
        "source_team": "T042E1514F3",
        "user_profile": {
            "avatar_hash": "g6730f37144b",
            "image_72": "https:\/\/secure.gravatar.com\/avatar\/6730f37144bd6ae505b97012a7f22a66.jpg?s=72&d=https%3A%2F%2Fa.slack-edge.com%2Fdf10d%2Fimg%2Favatars%2Fava_0006-72.png",
            "first_name": "chris",
            "real_name": "chris",
            "display_name": "",
            "team": "T042E1514F3",
            "name": "chris",
            "is_restricted": false,
            "is_ultra_restricted": false
        }
    },
    {
        "client_msg_id": "d65769e8-bffa-4d99-bdeb-57e6703696e5",
        "type": "message",
        "text": "<@U0421AQBX8B> <@U041LSQC38X> since there's so little time to prepare for the CDC, if we can't schedule everyone at the same time, maybe the best thing to do is schedule several zoom meetings, maybe MWTh and then one on the weekend, optimized for the most students we can, and whoever can come does so.",
        "user": "U042R3B76SC",
        "ts": "1683912907.006929",
        "blocks": [
            {
                "type": "rich_text",
                "block_id": "pgLs",
                "elements": [
                    {
                        "type": "rich_text_section",
                        "elements": [
                            {
                                "type": "user",
                                "user_id": "U0421AQBX8B"
                            },
                            {
                                "type": "text",
                                "text": " "
                            },
                            {
                                "type": "user",
                                "user_id": "U041LSQC38X"
                            },
                            {
                                "type": "text",
                                "text": " since there's so little time to prepare for the CDC, if we can't schedule everyone at the same time, maybe the best thing to do is schedule several zoom meetings, maybe MWTh and then one on the weekend, optimized for the most students we can, and whoever can come does so."
                            }
                        ]
                    }
                ]
            }
        ],
        "team": "T042E1514F3",
        "user_team": "T042E1514F3",
        "source_team": "T042E1514F3",
        "user_profile": {
            "avatar_hash": "g6730f37144b",
            "image_72": "https:\/\/secure.gravatar.com\/avatar\/6730f37144bd6ae505b97012a7f22a66.jpg?s=72&d=https%3A%2F%2Fa.slack-edge.com%2Fdf10d%2Fimg%2Favatars%2Fava_0006-72.png",
            "first_name": "chris",
            "real_name": "chris",
            "display_name": "",
            "team": "T042E1514F3",
            "name": "chris",
            "is_restricted": false,
            "is_ultra_restricted": false
        }
    },
    {
        "client_msg_id": "e18c2842-9d73-4080-8b59-806388a48ea6",
        "type": "message",
        "text": "OK, give me about 25 minutes and I'll join.",
        "user": "U042R3B76SC",
        "ts": "1683914475.229499",
        "blocks": [
            {
                "type": "rich_text",
                "block_id": "ntjWF",
                "elements": [
                    {
                        "type": "rich_text_section",
                        "elements": [
                            {
                                "type": "text",
                                "text": "OK, give me about 25 minutes and I'll join."
                            }
                        ]
                    }
                ]
            }
        ],
        "team": "T042E1514F3",
        "user_team": "T042E1514F3",
        "source_team": "T042E1514F3",
        "user_profile": {
            "avatar_hash": "g6730f37144b",
            "image_72": "https:\/\/secure.gravatar.com\/avatar\/6730f37144bd6ae505b97012a7f22a66.jpg?s=72&d=https%3A%2F%2Fa.slack-edge.com%2Fdf10d%2Fimg%2Favatars%2Fava_0006-72.png",
            "first_name": "chris",
            "real_name": "chris",
            "display_name": "",
            "team": "T042E1514F3",
            "name": "chris",
            "is_restricted": false,
            "is_ultra_restricted": false
        }
    },
    {
        "type": "message",
        "text": "Sounds  good.\n\n\n\nSent from my Verizon, Samsung Galaxy smartphone",
        "user": "U0421AQBX8B",
        "ts": "1683916182.293469",
        "blocks": [
            {
                "type": "rich_text",
                "block_id": "LvG32",
                "elements": [
                    {
                        "type": "rich_text_section",
                        "elements": [
                            {
                                "type": "text",
                                "text": "Sounds  good.\n\n\n\n\n\nSent from my Verizon, Samsung Galaxy smartphone"
                            }
                        ]
                    }
                ]
            }
        ],
        "team": "T042E1514F3",
        "user_team": "T042E1514F3",
        "source_team": "T042E1514F3",
        "user_profile": {
            "avatar_hash": "g4c1eed42032",
            "image_72": "https:\/\/secure.gravatar.com\/avatar\/4c1eed420327197d000fb89a053a08f3.jpg?s=72&d=https%3A%2F%2Fa.slack-edge.com%2Fdf10d%2Fimg%2Favatars%2Fava_0013-72.png",
            "first_name": "Daniel",
            "real_name": "Daniel Tice",
            "display_name": "Daniel Tice",
            "team": "T042E1514F3",
            "name": "danielstice",
            "is_restricted": false,
            "is_ultra_restricted": false
        }
    },
    {
        "client_msg_id": "91ab4acf-95d7-448e-86a8-2765cc379b06",
        "type": "message",
        "text": "It's taking just a little bit of time to switch laptops. Be there in a few minutes.",
        "user": "U042R3B76SC",
        "ts": "1683916286.086999",
        "blocks": [
            {
                "type": "rich_text",
                "block_id": "MGyLq",
                "elements": [
                    {
                        "type": "rich_text_section",
                        "elements": [
                            {
                                "type": "text",
                                "text": "It's taking just a little bit of time to switch laptops. Be there in a few minutes."
                            }
                        ]
                    }
                ]
            }
        ],
        "team": "T042E1514F3",
        "user_team": "T042E1514F3",
        "source_team": "T042E1514F3",
        "user_profile": {
            "avatar_hash": "g6730f37144b",
            "image_72": "https:\/\/secure.gravatar.com\/avatar\/6730f37144bd6ae505b97012a7f22a66.jpg?s=72&d=https%3A%2F%2Fa.slack-edge.com%2Fdf10d%2Fimg%2Favatars%2Fava_0006-72.png",
            "first_name": "chris",
            "real_name": "chris",
            "display_name": "",
            "team": "T042E1514F3",
            "name": "chris",
            "is_restricted": false,
            "is_ultra_restricted": false
        }
    },
    {
        "client_msg_id": "01ba859a-1dd2-4d32-a493-5dfe749cccf8",
        "type": "message",
        "text": "Since nobody has notified me that they are unable to meet on any of the dates, I will set Monday and Wednesday at 6:00 for meeting times.",
        "user": "U041LSQC38X",
        "ts": "1683947239.932349",
        "blocks": [
            {
                "type": "rich_text",
                "block_id": "ISFe",
                "elements": [
                    {
                        "type": "rich_text_section",
                        "elements": [
                            {
                                "type": "text",
                                "text": "Since nobody has notified me that they are unable to meet on any of the dates, I will set Monday and Wednesday at 6:00 for meeting times."
                            }
                        ]
                    }
                ]
            }
        ],
        "team": "T042E1514F3",
        "user_team": "T042E1514F3",
        "source_team": "T042E1514F3",
        "user_profile": {
            "avatar_hash": "g60b962e7353",
            "image_72": "https:\/\/secure.gravatar.com\/avatar\/60b962e73536af1009870d33a2ba0516.jpg?s=72&d=https%3A%2F%2Fa.slack-edge.com%2Fdf10d%2Fimg%2Favatars%2Fava_0012-72.png",
            "first_name": "Michael",
            "real_name": "Michael Tice",
            "display_name": "Michael Tice",
            "team": "T042E1514F3",
            "name": "michael.tice",
            "is_restricted": false,
            "is_ultra_restricted": false
        }
    },
    {
        "client_msg_id": "d5d03492-e8d8-45bf-86d4-f494157773a0",
        "type": "message",
        "text": "I am able to meet neither of those times.",
        "user": "U042U2F450R",
        "ts": "1683947788.466099",
        "blocks": [
            {
                "type": "rich_text",
                "block_id": "6f7d=",
                "elements": [
                    {
                        "type": "rich_text_section",
                        "elements": [
                            {
                                "type": "text",
                                "text": "I am able to meet neither of those times."
                            }
                        ]
                    }
                ]
            }
        ],
        "team": "T042E1514F3",
        "user_team": "T042E1514F3",
        "source_team": "T042E1514F3",
        "user_profile": {
            "avatar_hash": "gff8e94624db",
            "image_72": "https:\/\/secure.gravatar.com\/avatar\/ff8e94624db08a84843122675f06ea92.jpg?s=72&d=https%3A%2F%2Fa.slack-edge.com%2Fdf10d%2Fimg%2Favatars%2Fava_0004-72.png",
            "first_name": "Anna",
            "real_name": "Anna",
            "display_name": "Anna",
            "team": "T042E1514F3",
            "name": "annam45",
            "is_restricted": false,
            "is_ultra_restricted": false
        }
    },
    {
        "client_msg_id": "2993b238-5d40-4767-8579-bf8fd6427fc6",
        "type": "message",
        "text": "Actually, Monday would work.",
        "user": "U042U2F450R",
        "ts": "1683948111.087389",
        "blocks": [
            {
                "type": "rich_text",
                "block_id": "BLf",
                "elements": [
                    {
                        "type": "rich_text_section",
                        "elements": [
                            {
                                "type": "text",
                                "text": "Actually, Monday would work."
                            }
                        ]
                    }
                ]
            }
        ],
        "team": "T042E1514F3",
        "user_team": "T042E1514F3",
        "source_team": "T042E1514F3",
        "user_profile": {
            "avatar_hash": "gff8e94624db",
            "image_72": "https:\/\/secure.gravatar.com\/avatar\/ff8e94624db08a84843122675f06ea92.jpg?s=72&d=https%3A%2F%2Fa.slack-edge.com%2Fdf10d%2Fimg%2Favatars%2Fava_0004-72.png",
            "first_name": "Anna",
            "real_name": "Anna",
            "display_name": "Anna",
            "team": "T042E1514F3",
            "name": "annam45",
            "is_restricted": false,
            "is_ultra_restricted": false
        }
    },
    {
        "client_msg_id": "b6a933b5-439b-4680-8c87-8f7c298efbe2",
        "type": "message",
        "text": "Times I can meet next week:\nMonday: 12-9 pm\nTuesday: none of the day\nWednesday: 8-9 pm\nThursday: 12-9 pm\nFriday: 12-3 pm\n\nTimes I cannot meet next week:\nMonday: 12 am until 12 pm, 9 pm until midnight\nTuesday: all day\nWednesday: 12 am until 8 pm, 9 pm until midnight\nThursday: 12 am until 12 pm, 9 pm until midnight\nFriday: 12 am until 12 pm, 3 pm until midnight\n\n\nSorry for not responding sooner.",
        "user": "U042U2F450R",
        "ts": "1683949343.091429",
        "blocks": [
            {
                "type": "rich_text",
                "block_id": "fE6j",
                "elements": [
                    {
                        "type": "rich_text_section",
                        "elements": [
                            {
                                "type": "text",
                                "text": "Times I can meet next week:\nMonday: 12-9 pm\nTuesday: none of the day\nWednesday: 8-9 pm\nThursday: 12-9 pm\nFriday: 12-3 pm\n\nTimes I cannot meet next week:\nMonday: 12 am until 12 pm, 9 pm until midnight\nTuesday: all day\nWednesday: 12 am until 8 pm, 9 pm until midnight\nThursday: 12 am until 12 pm, 9 pm until midnight\nFriday: 12 am until 12 pm, 3 pm until midnight\n\n\nSorry for not responding sooner."
                            }
                        ]
                    }
                ]
            }
        ],
        "team": "T042E1514F3",
        "user_team": "T042E1514F3",
        "source_team": "T042E1514F3",
        "user_profile": {
            "avatar_hash": "gff8e94624db",
            "image_72": "https:\/\/secure.gravatar.com\/avatar\/ff8e94624db08a84843122675f06ea92.jpg?s=72&d=https%3A%2F%2Fa.slack-edge.com%2Fdf10d%2Fimg%2Favatars%2Fava_0004-72.png",
            "first_name": "Anna",
            "real_name": "Anna",
            "display_name": "Anna",
            "team": "T042E1514F3",
            "name": "annam45",
            "is_restricted": false,
            "is_ultra_restricted": false
        },
        "edited": {
            "user": "U042U2F450R",
            "ts": "1683951755.000000"
        }
    }
]