[
    {
        "client_msg_id": "ba788f50-22b8-46e6-9eb9-6950f9c06778",
        "type": "message",
        "text": "Hi all!  I'm now here!  When nothing was posted from ISU, I packed this week for Michael in order to give time next week.",
        "user": "U0421AQBX8B",
        "ts": "1683739067.131409",
        "blocks": [
            {
                "type": "rich_text",
                "block_id": "+V\/",
                "elements": [
                    {
                        "type": "rich_text_section",
                        "elements": [
                            {
                                "type": "text",
                                "text": "Hi all!  I'm now here!  When nothing was posted from ISU, I packed this week for Michael in order to give time next week."
                            }
                        ]
                    }
                ]
            }
        ],
        "team": "T042E1514F3",
        "user_team": "T042E1514F3",
        "source_team": "T042E1514F3",
        "user_profile": {
            "avatar_hash": "g4c1eed42032",
            "image_72": "https:\/\/secure.gravatar.com\/avatar\/4c1eed420327197d000fb89a053a08f3.jpg?s=72&d=https%3A%2F%2Fa.slack-edge.com%2Fdf10d%2Fimg%2Favatars%2Fava_0013-72.png",
            "first_name": "Daniel",
            "real_name": "Daniel Tice",
            "display_name": "Daniel Tice",
            "team": "T042E1514F3",
            "name": "danielstice",
            "is_restricted": false,
            "is_ultra_restricted": false
        }
    },
    {
        "client_msg_id": "2e38e8b3-d727-4619-b10b-c4fb849f4347",
        "type": "message",
        "text": "So Anna and Tristan, let's plan on meeting sometime Friday afternoon. I'm not going to look at my schedule tonight, but I have a lot of available time on Friday. So if the two of you want to pick a time that works for you, go ahead and do that and post it here. I'll probably be able to meet at that time.",
        "user": "U042R3B76SC",
        "ts": "1683771365.103789",
        "blocks": [
            {
                "type": "rich_text",
                "block_id": "FOIO",
                "elements": [
                    {
                        "type": "rich_text_section",
                        "elements": [
                            {
                                "type": "text",
                                "text": "So Anna and Tristan, let's plan on meeting sometime Friday afternoon. I'm not going to look at my schedule tonight, but I have a lot of available time on Friday. So if the two of you want to pick a time that works for you, go ahead and do that and post it here. I'll probably be able to meet at that time."
                            }
                        ]
                    }
                ]
            }
        ],
        "team": "T042E1514F3",
        "user_team": "T042E1514F3",
        "source_team": "T042E1514F3",
        "user_profile": {
            "avatar_hash": "g6730f37144b",
            "image_72": "https:\/\/secure.gravatar.com\/avatar\/6730f37144bd6ae505b97012a7f22a66.jpg?s=72&d=https%3A%2F%2Fa.slack-edge.com%2Fdf10d%2Fimg%2Favatars%2Fava_0006-72.png",
            "first_name": "chris",
            "real_name": "chris",
            "display_name": "",
            "team": "T042E1514F3",
            "name": "chris",
            "is_restricted": false,
            "is_ultra_restricted": false
        }
    },
    {
        "client_msg_id": "941BFC7C-9EA2-4AD1-B321-F728BD15DA26",
        "type": "message",
        "text": "I can meet from like 12:00 till like 3:50",
        "user": "U042R51RY2C",
        "ts": "1683771427.051549",
        "blocks": [
            {
                "type": "rich_text",
                "block_id": "R5XV",
                "elements": [
                    {
                        "type": "rich_text_section",
                        "elements": [
                            {
                                "type": "text",
                                "text": "I can meet from like 12:00 till like 3:50"
                            }
                        ]
                    }
                ]
            }
        ],
        "team": "T042E1514F3",
        "user_team": "T042E1514F3",
        "source_team": "T042E1514F3",
        "user_profile": {
            "avatar_hash": "g24c32288d4d",
            "image_72": "https:\/\/secure.gravatar.com\/avatar\/24c32288d4dbbf5694cc5c9609ec1853.jpg?s=72&d=https%3A%2F%2Fa.slack-edge.com%2Fdf10d%2Fimg%2Favatars%2Fava_0017-72.png",
            "first_name": "Tristan",
            "real_name": "Tristan Ribble",
            "display_name": "",
            "team": "T042E1514F3",
            "name": "tmribble07",
            "is_restricted": false,
            "is_ultra_restricted": false
        }
    },
    {
        "client_msg_id": "1a672b05-ce53-49a1-b6c6-17fec7bed536",
        "type": "message",
        "text": "<@U0421AQBX8B>, can you help figure out times people can meet next week? \n\nI'm available a lot: evenings, Saturday (I plan to attend Michael's ceremony), and I can probably block off time Friday afternoon if needed.\n\nLet me know if you're too busy.",
        "user": "U042R3B76SC",
        "ts": "1683771697.191289",
        "blocks": [
            {
                "type": "rich_text",
                "block_id": "SPpIg",
                "elements": [
                    {
                        "type": "rich_text_section",
                        "elements": [
                            {
                                "type": "user",
                                "user_id": "U0421AQBX8B"
                            },
                            {
                                "type": "text",
                                "text": ", can you help figure out times people can meet next week? \n\nI'm available a lot: evenings, Saturday (I plan to attend Michael's ceremony), and I can probably block off time Friday afternoon if needed.\n\nLet me know if you're too busy."
                            }
                        ]
                    }
                ]
            }
        ],
        "team": "T042E1514F3",
        "user_team": "T042E1514F3",
        "source_team": "T042E1514F3",
        "user_profile": {
            "avatar_hash": "g6730f37144b",
            "image_72": "https:\/\/secure.gravatar.com\/avatar\/6730f37144bd6ae505b97012a7f22a66.jpg?s=72&d=https%3A%2F%2Fa.slack-edge.com%2Fdf10d%2Fimg%2Favatars%2Fava_0006-72.png",
            "first_name": "chris",
            "real_name": "chris",
            "display_name": "",
            "team": "T042E1514F3",
            "name": "chris",
            "is_restricted": false,
            "is_ultra_restricted": false
        }
    },
    {
        "client_msg_id": "f1023e06-da52-46b0-a2c0-914822c148c5",
        "type": "message",
        "text": "I am able to meet the same times as Tristan.",
        "user": "U042U2F450R",
        "ts": "1683777995.480139",
        "blocks": [
            {
                "type": "rich_text",
                "block_id": "XNhvD",
                "elements": [
                    {
                        "type": "rich_text_section",
                        "elements": [
                            {
                                "type": "text",
                                "text": "I am able to meet the same times as Tristan."
                            }
                        ]
                    }
                ]
            }
        ],
        "team": "T042E1514F3",
        "user_team": "T042E1514F3",
        "source_team": "T042E1514F3",
        "user_profile": {
            "avatar_hash": "gff8e94624db",
            "image_72": "https:\/\/secure.gravatar.com\/avatar\/ff8e94624db08a84843122675f06ea92.jpg?s=72&d=https%3A%2F%2Fa.slack-edge.com%2Fdf10d%2Fimg%2Favatars%2Fava_0004-72.png",
            "first_name": "Anna",
            "real_name": "Anna",
            "display_name": "Anna",
            "team": "T042E1514F3",
            "name": "annam45",
            "is_restricted": false,
            "is_ultra_restricted": false
        }
    }
]