[
    {
        "client_msg_id": "4acb6622-c55d-4b6f-85eb-b1a4294d32d3",
        "type": "message",
        "text": "He everybody. I want to apologize for yesterday. Honestly, I was distracted by some life events and didn't see the recent discussions about meeting last night.\n\nIn case you wonder what life has to throw at me to get me to totally miss our messages on Slack, read on.\n\nMy mother-in-law Marj fell last week, broke her hip, and is now in hospice. We are her only family in Cedar Rapids, so we've been taking care of her time in the hospital and transition to her new facility, plus we need to get her apartment in her previous assisted living facility cleaned out so that we can close that lease.\n\nYesterday, Margie's sister Jen flew in to visit my wife Margie and their Mom, and we were helping her get settled here at the house. Jen and her husband Chris had just been here last week to visit Marj last week, and left the day before she fell. Jen got home to Florida on Sunday and flew back early on Thursday. Frequent flyer miles = silver lining? :airplane:\n\nOther people I know are sick, thinking they're having heart attacks (thankfully Darrin was just sick), unable to understand they should break up with their alcoholic\/druggie boyfriend, and I can't even remember what else.\n\nThis is unusual - usually my life is pretty boring.\n\nNone of this is an excuse. View it more as a laundry list of prayer requests. But in the midst of  all of this, I missed the discussion about meeting Thursday night.:slightly_smiling_face:\n\nI'm doing fine, by the way. Just trying to help other people as I can.\n\nWhat have each of _you_ been up to this week?",
        "user": "U042R3B76SC",
        "ts": "1686929361.340299",
        "blocks": [
            {
                "type": "rich_text",
                "block_id": "N8F",
                "elements": [
                    {
                        "type": "rich_text_section",
                        "elements": [
                            {
                                "type": "text",
                                "text": "He everybody. I want to apologize for yesterday. Honestly, I was distracted by some life events and didn't see the recent discussions about meeting last night.\n\nIn case you wonder what life has to throw at me to get me to totally miss our messages on Slack, read on.\n\nMy mother-in-law Marj fell last week, broke her hip, and is now in hospice. We are her only family in Cedar Rapids, so we've been taking care of her time in the hospital and transition to her new facility, plus we need to get her apartment in her previous assisted living facility cleaned out so that we can close that lease.\n\nYesterday, Margie's sister Jen flew in to visit my wife Margie and their Mom, and we were helping her get settled here at the house. Jen and her husband Chris had just been here last week to visit Marj last week, and left the day before she fell. Jen got home to Florida on Sunday and flew back early on Thursday. Frequent flyer miles = silver lining? "
                            },
                            {
                                "type": "emoji",
                                "name": "airplane",
                                "unicode": "2708-fe0f"
                            },
                            {
                                "type": "text",
                                "text": "\n\nOther people I know are sick, thinking they're having heart attacks (thankfully Darrin was just sick), unable to understand they should break up with their alcoholic\/druggie boyfriend, and I can't even remember what else.\n\nThis is unusual - usually my life is pretty boring.\n\nNone of this is an excuse. View it more as a laundry list of prayer requests. But in the midst of  all of this, I missed the discussion about meeting Thursday night."
                            },
                            {
                                "type": "emoji",
                                "name": "slightly_smiling_face",
                                "unicode": "1f642"
                            },
                            {
                                "type": "text",
                                "text": "\n\nI'm doing fine, by the way. Just trying to help other people as I can.\n\nWhat have each of "
                            },
                            {
                                "type": "text",
                                "text": "you",
                                "style": {
                                    "italic": true
                                }
                            },
                            {
                                "type": "text",
                                "text": " been up to this week?"
                            }
                        ]
                    }
                ]
            }
        ],
        "team": "T042E1514F3",
        "user_team": "T042E1514F3",
        "source_team": "T042E1514F3",
        "user_profile": {
            "avatar_hash": "g6730f37144b",
            "image_72": "https:\/\/secure.gravatar.com\/avatar\/6730f37144bd6ae505b97012a7f22a66.jpg?s=72&d=https%3A%2F%2Fa.slack-edge.com%2Fdf10d%2Fimg%2Favatars%2Fava_0006-72.png",
            "first_name": "chris",
            "real_name": "chris",
            "display_name": "",
            "team": "T042E1514F3",
            "name": "chris",
            "is_restricted": false,
            "is_ultra_restricted": false
        },
        "thread_ts": "1686929361.340299",
        "reply_count": 1,
        "reply_users_count": 1,
        "latest_reply": "1686969704.476279",
        "reply_users": [
            "U042U2F450R"
        ],
        "replies": [
            {
                "user": "U042U2F450R",
                "ts": "1686969704.476279"
            }
        ],
        "is_locked": false,
        "subscribed": true,
        "last_read": "1686969704.476279"
    },
    {
        "type": "message",
        "subtype": "thread_broadcast",
        "text": "I can start July 6th. I won't schedule the meeting, however, until I get a green light from <@U042R51RY2C> and <@U041LSQC38X>.\n\nAlso, where would people like to meet? I like having the meetings face-to-face, but I want to be less insistent about that in the summer than during the school year.",
        "user": "U042R3B76SC",
        "ts": "1686929536.908529",
        "thread_ts": "1686161853.712669",
        "root": {
            "client_msg_id": "f290871b-348e-4c64-a264-e3c056759a4e",
            "type": "message",
            "text": "For July and August, I understand Tristan and Michael are going to work with Chris on SQL stuff and \"road rage based\" therapy sessions.  It looks like everyone is available Thursday evenings.  Could we start July 6?  Anna, if you decide you would like to come, you are, of course, welcome, but I also appreciate the need for a break!  Michael and Tristan, you are free to extend the invitation to the folks that might be joining next year.  This may be the tallest Cyber Defense team we have ever had!",
            "user": "U0421AQBX8B",
            "ts": "1686161853.712669",
            "blocks": [
                {
                    "type": "rich_text",
                    "block_id": "r74",
                    "elements": [
                        {
                            "type": "rich_text_section",
                            "elements": [
                                {
                                    "type": "text",
                                    "text": "For July and August, I understand Tristan and Michael are going to work with Chris on SQL stuff and \"road rage based\" therapy sessions.  It looks like everyone is available Thursday evenings.  Could we start July 6?  Anna, if you decide you would like to come, you are, of course, welcome, but I also appreciate the need for a break!  Michael and Tristan, you are free to extend the invitation to the folks that might be joining next year.  This may be the tallest Cyber Defense team we have ever had!"
                                }
                            ]
                        }
                    ]
                }
            ],
            "team": "T042E1514F3",
            "thread_ts": "1686161853.712669",
            "reply_count": 1,
            "reply_users_count": 1,
            "latest_reply": "1686929536.908529",
            "reply_users": [
                "U042R3B76SC"
            ],
            "replies": [
                {
                    "user": "U042R3B76SC",
                    "ts": "1686929536.908529"
                }
            ],
            "is_locked": false,
            "subscribed": true,
            "last_read": "1686929536.908529"
        },
        "blocks": [
            {
                "type": "rich_text",
                "block_id": "cHs",
                "elements": [
                    {
                        "type": "rich_text_section",
                        "elements": [
                            {
                                "type": "text",
                                "text": "I can start July 6th. I won't schedule the meeting, however, until I get a green light from "
                            },
                            {
                                "type": "user",
                                "user_id": "U042R51RY2C"
                            },
                            {
                                "type": "text",
                                "text": " and "
                            },
                            {
                                "type": "user",
                                "user_id": "U041LSQC38X"
                            },
                            {
                                "type": "text",
                                "text": ".\n\nAlso, where would people like to meet? I like having the meetings face-to-face, but I want to be less insistent about that in the summer than during the school year."
                            }
                        ]
                    }
                ]
            }
        ],
        "client_msg_id": "aeede184-cd9f-4cfb-a3cb-a0282a15d817"
    },
    {
        "client_msg_id": "eef27747-5394-4de5-bb86-cf0598dce61e",
        "type": "message",
        "text": "I'll be praying for your family.\n\nWhat happened this week:\n• I went to a garage sale my church held\n• Me and my family celebrated my birthday (a couple weeks late)\n• I sang for a wedding\n• Tomorrow I'm going to a family friend's graduation party",
        "user": "U042U2F450R",
        "ts": "1686969704.476279",
        "blocks": [
            {
                "type": "rich_text",
                "block_id": "C+HZ",
                "elements": [
                    {
                        "type": "rich_text_section",
                        "elements": [
                            {
                                "type": "text",
                                "text": "I'll be praying for your family.\n\nWhat happened this week:\n"
                            }
                        ]
                    },
                    {
                        "type": "rich_text_list",
                        "elements": [
                            {
                                "type": "rich_text_section",
                                "elements": [
                                    {
                                        "type": "text",
                                        "text": "I went to a garage sale my church held"
                                    }
                                ]
                            },
                            {
                                "type": "rich_text_section",
                                "elements": [
                                    {
                                        "type": "text",
                                        "text": "Me and my family celebrated my birthday (a couple weeks late)"
                                    }
                                ]
                            },
                            {
                                "type": "rich_text_section",
                                "elements": [
                                    {
                                        "type": "text",
                                        "text": "I sang for a wedding"
                                    }
                                ]
                            },
                            {
                                "type": "rich_text_section",
                                "elements": [
                                    {
                                        "type": "text",
                                        "text": "Tomorrow I'm going to a family friend's graduation party"
                                    }
                                ]
                            }
                        ],
                        "style": "bullet",
                        "indent": 0,
                        "border": 0
                    }
                ]
            }
        ],
        "team": "T042E1514F3",
        "user_team": "T042E1514F3",
        "source_team": "T042E1514F3",
        "user_profile": {
            "avatar_hash": "gff8e94624db",
            "image_72": "https:\/\/secure.gravatar.com\/avatar\/ff8e94624db08a84843122675f06ea92.jpg?s=72&d=https%3A%2F%2Fa.slack-edge.com%2Fdf10d%2Fimg%2Favatars%2Fava_0004-72.png",
            "first_name": "Anna",
            "real_name": "Anna",
            "display_name": "Anna",
            "team": "T042E1514F3",
            "name": "annam45",
            "is_restricted": false,
            "is_ultra_restricted": false
        },
        "edited": {
            "user": "U042U2F450R",
            "ts": "1686969775.000000"
        },
        "thread_ts": "1686929361.340299",
        "parent_user_id": "U042R3B76SC"
    }
]