[
    {
        "client_msg_id": "d534f9f4-b18a-4da8-9b25-43345e44562f",
        "type": "message",
        "text": "Regarding staying late Saturday meetings, I will usually be able to stay until 2. This Saturday I won't be able to because I was scheduled to work at 2. Are we going to stay late every Saturday until the competition? I need to know when so I can ask off those days from work. Preferably I would know by tomorrow afternoon.",
        "user": "U042U2F450R",
        "ts": "1678736544.839369",
        "blocks": [
            {
                "type": "rich_text",
                "block_id": "ULE",
                "elements": [
                    {
                        "type": "rich_text_section",
                        "elements": [
                            {
                                "type": "text",
                                "text": "Regarding staying late Saturday meetings, I will usually be able to stay until 2. This Saturday I won't be able to because I was scheduled to work at 2. Are we going to stay late every Saturday until the competition? I need to know when so I can ask off those days from work. Preferably I would know by tomorrow afternoon."
                            }
                        ]
                    }
                ]
            }
        ],
        "team": "T042E1514F3",
        "user_team": "T042E1514F3",
        "source_team": "T042E1514F3",
        "user_profile": {
            "avatar_hash": "gff8e94624db",
            "image_72": "https:\/\/secure.gravatar.com\/avatar\/ff8e94624db08a84843122675f06ea92.jpg?s=72&d=https%3A%2F%2Fa.slack-edge.com%2Fdf10d%2Fimg%2Favatars%2Fava_0004-72.png",
            "first_name": "Anna",
            "real_name": "Anna",
            "display_name": "Anna",
            "team": "T042E1514F3",
            "name": "annam45",
            "is_restricted": false,
            "is_ultra_restricted": false
        },
        "edited": {
            "user": "U042U2F450R",
            "ts": "1678742573.000000"
        }
    }
]