[
    {
        "client_msg_id": "5690454a-2f11-4424-b9ab-510363e6c246",
        "type": "message",
        "text": "Ok <@U042R3B76SC>, this is essentially my dad writing through me.  There is no time this week where everyone can meet.  Do you want to meet with who we can this week, or try for next week?",
        "user": "U041LSQC38X",
        "ts": "1686070683.164739",
        "blocks": [
            {
                "type": "rich_text",
                "block_id": "IW6O",
                "elements": [
                    {
                        "type": "rich_text_section",
                        "elements": [
                            {
                                "type": "text",
                                "text": "Ok "
                            },
                            {
                                "type": "user",
                                "user_id": "U042R3B76SC"
                            },
                            {
                                "type": "text",
                                "text": ", this is essentially my dad writing through me.  There is no time this week where everyone can meet.  Do you want to meet with who we can this week, or try for next week?"
                            }
                        ]
                    }
                ]
            }
        ],
        "team": "T042E1514F3",
        "user_team": "T042E1514F3",
        "source_team": "T042E1514F3",
        "user_profile": {
            "avatar_hash": "g60b962e7353",
            "image_72": "https:\/\/secure.gravatar.com\/avatar\/60b962e73536af1009870d33a2ba0516.jpg?s=72&d=https%3A%2F%2Fa.slack-edge.com%2Fdf10d%2Fimg%2Favatars%2Fava_0012-72.png",
            "first_name": "Michael",
            "real_name": "Michael Tice",
            "display_name": "Michael Tice",
            "team": "T042E1514F3",
            "name": "michael.tice",
            "is_restricted": false,
            "is_ultra_restricted": false
        }
    },
    {
        "client_msg_id": "f81aff56-61ed-4ffb-8965-52a37d5db0e0",
        "type": "message",
        "text": "Hi, Danchael!\n\nNext week is fine as far as I'm concerned.",
        "user": "U042R3B76SC",
        "ts": "1686079113.132699",
        "blocks": [
            {
                "type": "rich_text",
                "block_id": "3I5",
                "elements": [
                    {
                        "type": "rich_text_section",
                        "elements": [
                            {
                                "type": "text",
                                "text": "Hi, Danchael!\n\nNext week is fine as far as I'm concerned."
                            }
                        ]
                    }
                ]
            }
        ],
        "team": "T042E1514F3",
        "user_team": "T042E1514F3",
        "source_team": "T042E1514F3",
        "user_profile": {
            "avatar_hash": "g6730f37144b",
            "image_72": "https:\/\/secure.gravatar.com\/avatar\/6730f37144bd6ae505b97012a7f22a66.jpg?s=72&d=https%3A%2F%2Fa.slack-edge.com%2Fdf10d%2Fimg%2Favatars%2Fava_0006-72.png",
            "first_name": "chris",
            "real_name": "chris",
            "display_name": "",
            "team": "T042E1514F3",
            "name": "chris",
            "is_restricted": false,
            "is_ultra_restricted": false
        }
    },
    {
        "client_msg_id": "e11824f1-d4cc-4d66-83d6-a3b2b66a8a05",
        "type": "message",
        "text": "Each of us has such a dry sense of humor that sometimes neither one of us knows the other is joking. You got me. :slightly_smiling_face:",
        "user": "U042R3B76SC",
        "ts": "1686079162.963669",
        "blocks": [
            {
                "type": "rich_text",
                "block_id": "7tg",
                "elements": [
                    {
                        "type": "rich_text_section",
                        "elements": [
                            {
                                "type": "text",
                                "text": "Each of us has such a dry sense of humor that sometimes neither one of us knows the other is joking. You got me. "
                            },
                            {
                                "type": "emoji",
                                "name": "slightly_smiling_face",
                                "unicode": "1f642"
                            }
                        ]
                    }
                ]
            }
        ],
        "team": "T042E1514F3",
        "user_team": "T042E1514F3",
        "source_team": "T042E1514F3",
        "user_profile": {
            "avatar_hash": "g6730f37144b",
            "image_72": "https:\/\/secure.gravatar.com\/avatar\/6730f37144bd6ae505b97012a7f22a66.jpg?s=72&d=https%3A%2F%2Fa.slack-edge.com%2Fdf10d%2Fimg%2Favatars%2Fava_0006-72.png",
            "first_name": "chris",
            "real_name": "chris",
            "display_name": "",
            "team": "T042E1514F3",
            "name": "chris",
            "is_restricted": false,
            "is_ultra_restricted": false
        },
        "thread_ts": "1685846275.739359",
        "parent_user_id": "U042U2F450R"
    }
]