[
    {
        "client_msg_id": "dd64aa4a-079f-4332-91db-1aea6f522d67",
        "type": "message",
        "text": "The tow truck showed up about an hour early so I'm just leaving this place now. Be there shortly.",
        "user": "U042R3B76SC",
        "ts": "1689894772.352379",
        "blocks": [
            {
                "type": "rich_text",
                "block_id": "tCVb+",
                "elements": [
                    {
                        "type": "rich_text_section",
                        "elements": [
                            {
                                "type": "text",
                                "text": "The tow truck showed up about an hour early so I'm just leaving this place now. Be there shortly."
                            }
                        ]
                    }
                ]
            }
        ],
        "team": "T042E1514F3",
        "user_team": "T042E1514F3",
        "source_team": "T042E1514F3",
        "user_profile": {
            "avatar_hash": "g6730f37144b",
            "image_72": "https:\/\/secure.gravatar.com\/avatar\/6730f37144bd6ae505b97012a7f22a66.jpg?s=72&d=https%3A%2F%2Fa.slack-edge.com%2Fdf10d%2Fimg%2Favatars%2Fava_0006-72.png",
            "first_name": "chris",
            "real_name": "chris",
            "display_name": "",
            "team": "T042E1514F3",
            "name": "chris",
            "is_restricted": false,
            "is_ultra_restricted": false
        }
    }
]