[
    {
        "client_msg_id": "ea2a4656-06c6-4ece-b2a4-f07d00aab8db",
        "type": "message",
        "text": "Me, Dan, and Michael are on our way!",
        "user": "U042R51RY2C",
        "ts": "1684743841.227949",
        "blocks": [
            {
                "type": "rich_text",
                "block_id": "gFaJ",
                "elements": [
                    {
                        "type": "rich_text_section",
                        "elements": [
                            {
                                "type": "text",
                                "text": "Me, Dan, and Michael are on our way!"
                            }
                        ]
                    }
                ]
            }
        ],
        "team": "T042E1514F3",
        "user_team": "T042E1514F3",
        "source_team": "T042E1514F3",
        "user_profile": {
            "avatar_hash": "g24c32288d4d",
            "image_72": "https:\/\/secure.gravatar.com\/avatar\/24c32288d4dbbf5694cc5c9609ec1853.jpg?s=72&d=https%3A%2F%2Fa.slack-edge.com%2Fdf10d%2Fimg%2Favatars%2Fava_0017-72.png",
            "first_name": "Tristan",
            "real_name": "Tristan Ribble",
            "display_name": "",
            "team": "T042E1514F3",
            "name": "tmribble07",
            "is_restricted": false,
            "is_ultra_restricted": false
        }
    },
    {
        "client_msg_id": "28669239-7d35-44f1-974b-1caf202e1024",
        "type": "message",
        "text": "<@U042U2F450R> <@U042R3B76SC> Which server was the one having issues with updating?",
        "user": "U041LSQC38X",
        "ts": "1684752585.248819",
        "blocks": [
            {
                "type": "rich_text",
                "block_id": "YqB",
                "elements": [
                    {
                        "type": "rich_text_section",
                        "elements": [
                            {
                                "type": "user",
                                "user_id": "U042U2F450R"
                            },
                            {
                                "type": "text",
                                "text": " "
                            },
                            {
                                "type": "user",
                                "user_id": "U042R3B76SC"
                            },
                            {
                                "type": "text",
                                "text": " Which server was the one having issues with updating?"
                            }
                        ]
                    }
                ]
            }
        ],
        "team": "T042E1514F3",
        "user_team": "T042E1514F3",
        "source_team": "T042E1514F3",
        "user_profile": {
            "avatar_hash": "g60b962e7353",
            "image_72": "https:\/\/secure.gravatar.com\/avatar\/60b962e73536af1009870d33a2ba0516.jpg?s=72&d=https%3A%2F%2Fa.slack-edge.com%2Fdf10d%2Fimg%2Favatars%2Fava_0012-72.png",
            "first_name": "Michael",
            "real_name": "Michael Tice",
            "display_name": "Michael Tice",
            "team": "T042E1514F3",
            "name": "michael.tice",
            "is_restricted": false,
            "is_ultra_restricted": false
        }
    },
    {
        "client_msg_id": "1706b283-05a4-49a7-9354-1f3e23c3cc84",
        "type": "message",
        "text": "<@U042R3B76SC>, have you published the website to production yet?",
        "user": "U042R51RY2C",
        "ts": "1684756580.689379",
        "blocks": [
            {
                "type": "rich_text",
                "block_id": "C5FWI",
                "elements": [
                    {
                        "type": "rich_text_section",
                        "elements": [
                            {
                                "type": "user",
                                "user_id": "U042R3B76SC"
                            },
                            {
                                "type": "text",
                                "text": ", have you published the website to production yet?"
                            }
                        ]
                    }
                ]
            }
        ],
        "team": "T042E1514F3",
        "user_team": "T042E1514F3",
        "source_team": "T042E1514F3",
        "user_profile": {
            "avatar_hash": "g24c32288d4d",
            "image_72": "https:\/\/secure.gravatar.com\/avatar\/24c32288d4dbbf5694cc5c9609ec1853.jpg?s=72&d=https%3A%2F%2Fa.slack-edge.com%2Fdf10d%2Fimg%2Favatars%2Fava_0017-72.png",
            "first_name": "Tristan",
            "real_name": "Tristan Ribble",
            "display_name": "",
            "team": "T042E1514F3",
            "name": "tmribble07",
            "is_restricted": false,
            "is_ultra_restricted": false
        }
    },
    {
        "client_msg_id": "52e20e5b-1d4c-4921-a95d-c37ce36256b2",
        "type": "message",
        "text": "Hey, I couldn't get to sleep last night, do at 5:00 I pushed my alarm back. I'll just got up and will be there as soon as I can.",
        "user": "U042R3B76SC",
        "ts": "1684757444.977929",
        "blocks": [
            {
                "type": "rich_text",
                "block_id": "ogaLJ",
                "elements": [
                    {
                        "type": "rich_text_section",
                        "elements": [
                            {
                                "type": "text",
                                "text": "Hey, I couldn't get to sleep last night, do at 5:00 I pushed my alarm back. I'll just got up and will be there as soon as I can."
                            }
                        ]
                    }
                ]
            }
        ],
        "team": "T042E1514F3",
        "user_team": "T042E1514F3",
        "source_team": "T042E1514F3",
        "user_profile": {
            "avatar_hash": "g6730f37144b",
            "image_72": "https:\/\/secure.gravatar.com\/avatar\/6730f37144bd6ae505b97012a7f22a66.jpg?s=72&d=https%3A%2F%2Fa.slack-edge.com%2Fdf10d%2Fimg%2Favatars%2Fava_0006-72.png",
            "first_name": "chris",
            "real_name": "chris",
            "display_name": "",
            "team": "T042E1514F3",
            "name": "chris",
            "is_restricted": false,
            "is_ultra_restricted": false
        }
    },
    {
        "client_msg_id": "d0f41ed6-50fa-4b4b-81d5-7da3851116b0",
        "type": "message",
        "text": "That's fine",
        "user": "U041LSQC38X",
        "ts": "1684757517.696939",
        "blocks": [
            {
                "type": "rich_text",
                "block_id": "VUD",
                "elements": [
                    {
                        "type": "rich_text_section",
                        "elements": [
                            {
                                "type": "text",
                                "text": "That's fine"
                            }
                        ]
                    }
                ]
            }
        ],
        "team": "T042E1514F3",
        "user_team": "T042E1514F3",
        "source_team": "T042E1514F3",
        "user_profile": {
            "avatar_hash": "g60b962e7353",
            "image_72": "https:\/\/secure.gravatar.com\/avatar\/60b962e73536af1009870d33a2ba0516.jpg?s=72&d=https%3A%2F%2Fa.slack-edge.com%2Fdf10d%2Fimg%2Favatars%2Fava_0012-72.png",
            "first_name": "Michael",
            "real_name": "Michael Tice",
            "display_name": "Michael Tice",
            "team": "T042E1514F3",
            "name": "michael.tice",
            "is_restricted": false,
            "is_ultra_restricted": false
        }
    },
    {
        "client_msg_id": "62fa3242-a08f-4d05-8fe9-90990adb6f90",
        "type": "message",
        "text": "<@U042R51RY2C>, I did not. I was going to look at the database piece but wanted to do it with you. I think I actually might have asked you the same thing somewhere else. :)",
        "user": "U042R3B76SC",
        "ts": "1684757556.511309",
        "blocks": [
            {
                "type": "rich_text",
                "block_id": "DfPq",
                "elements": [
                    {
                        "type": "rich_text_section",
                        "elements": [
                            {
                                "type": "user",
                                "user_id": "U042R51RY2C"
                            },
                            {
                                "type": "text",
                                "text": ", I did not. I was going to look at the database piece but wanted to do it with you. I think I actually might have asked you the same thing somewhere else. :)"
                            }
                        ]
                    }
                ]
            }
        ],
        "team": "T042E1514F3",
        "user_team": "T042E1514F3",
        "source_team": "T042E1514F3",
        "user_profile": {
            "avatar_hash": "g6730f37144b",
            "image_72": "https:\/\/secure.gravatar.com\/avatar\/6730f37144bd6ae505b97012a7f22a66.jpg?s=72&d=https%3A%2F%2Fa.slack-edge.com%2Fdf10d%2Fimg%2Favatars%2Fava_0006-72.png",
            "first_name": "chris",
            "real_name": "chris",
            "display_name": "",
            "team": "T042E1514F3",
            "name": "chris",
            "is_restricted": false,
            "is_ultra_restricted": false
        },
        "edited": {
            "user": "U042R3B76SC",
            "ts": "1684757683.000000"
        }
    },
    {
        "client_msg_id": "aa6a1b66-3486-45a0-a907-596e3079e5ac",
        "type": "message",
        "text": "<@U042R51RY2C>: there should be instructions all over the place on how to do this:\n\n<https:\/\/www.google.com\/search?q=publish+a+c%23+website+to+iis&amp;oq=publish+a+c%23+website+to+iis&amp;aqs=chrome..69i57j0i5i13i30j0i390i650.24665j0j4&amp;client=ms-android-google&amp;sourceid=chrome-mobile&amp;ie=UTF-8|https:\/\/www.google.com\/search?q=publish+a+c%23+website+to+iis&amp;oq=publish+a+c%23+website+to+iis&amp;aqs=chrome..69i57j0i5i13i30j0i390i650.24665j0j4&amp;client=ms-android-google&amp;sourceid=chrome-mobile&amp;ie=UTF-8>",
        "user": "U042R3B76SC",
        "ts": "1684757739.604649",
        "blocks": [
            {
                "type": "rich_text",
                "block_id": "5G8S",
                "elements": [
                    {
                        "type": "rich_text_section",
                        "elements": [
                            {
                                "type": "user",
                                "user_id": "U042R51RY2C"
                            },
                            {
                                "type": "text",
                                "text": ": there should be instructions all over the place on how to do this:\n\n"
                            },
                            {
                                "type": "link",
                                "url": "https:\/\/www.google.com\/search?q=publish+a+c%23+website+to+iis&oq=publish+a+c%23+website+to+iis&aqs=chrome..69i57j0i5i13i30j0i390i650.24665j0j4&client=ms-android-google&sourceid=chrome-mobile&ie=UTF-8",
                                "text": "https:\/\/www.google.com\/search?q=publish+a+c%23+website+to+iis&oq=publish+a+c%23+website+to+iis&aqs=chrome..69i57j0i5i13i30j0i390i650.24665j0j4&client=ms-android-google&sourceid=chrome-mobile&ie=UTF-8"
                            }
                        ]
                    }
                ]
            }
        ],
        "team": "T042E1514F3",
        "user_team": "T042E1514F3",
        "source_team": "T042E1514F3",
        "user_profile": {
            "avatar_hash": "g6730f37144b",
            "image_72": "https:\/\/secure.gravatar.com\/avatar\/6730f37144bd6ae505b97012a7f22a66.jpg?s=72&d=https%3A%2F%2Fa.slack-edge.com%2Fdf10d%2Fimg%2Favatars%2Fava_0006-72.png",
            "first_name": "chris",
            "real_name": "chris",
            "display_name": "",
            "team": "T042E1514F3",
            "name": "chris",
            "is_restricted": false,
            "is_ultra_restricted": false
        }
    },
    {
        "client_msg_id": "affcdc8f-5441-48fa-9336-2718a74908db",
        "type": "message",
        "text": "I'm leaving my hotel. Had to test on my neighboring room for some damage overnight that they may have caused so that I wouldn't be on the hook for it. That was a first for me.\n\nMaps says that I'll be at the parking lot in 9 minutes. See you soon. Thanks to Dan and Melissa for being there so I didn't feel like I had to just stay up at 5 and come in on no sleep! :sleeping:",
        "user": "U042R3B76SC",
        "ts": "1684761705.879919",
        "blocks": [
            {
                "type": "rich_text",
                "block_id": "zZZ",
                "elements": [
                    {
                        "type": "rich_text_section",
                        "elements": [
                            {
                                "type": "text",
                                "text": "I'm leaving my hotel. Had to test on my neighboring room for some damage overnight that they may have caused so that I wouldn't be on the hook for it. That was a first for me.\n\nMaps says that I'll be at the parking lot in 9 minutes. See you soon. Thanks to Dan and Melissa for being there so I didn't feel like I had to just stay up at 5 and come in on no sleep! "
                            },
                            {
                                "type": "emoji",
                                "name": "sleeping",
                                "unicode": "1f634"
                            }
                        ]
                    }
                ]
            }
        ],
        "team": "T042E1514F3",
        "user_team": "T042E1514F3",
        "source_team": "T042E1514F3",
        "user_profile": {
            "avatar_hash": "g6730f37144b",
            "image_72": "https:\/\/secure.gravatar.com\/avatar\/6730f37144bd6ae505b97012a7f22a66.jpg?s=72&d=https%3A%2F%2Fa.slack-edge.com%2Fdf10d%2Fimg%2Favatars%2Fava_0006-72.png",
            "first_name": "chris",
            "real_name": "chris",
            "display_name": "",
            "team": "T042E1514F3",
            "name": "chris",
            "is_restricted": false,
            "is_ultra_restricted": false
        }
    },
    {
        "type": "message",
        "text": "Sawdust on my floor this morning, originating from underneath the door to the adjoining room.",
        "files": [
            {
                "id": "F058SSVCD53",
                "created": 1684761727,
                "timestamp": 1684761727,
                "name": "PXL_20230522_130617614.jpg",
                "title": "PXL_20230522_130617614.jpg",
                "mimetype": "image\/jpeg",
                "filetype": "jpg",
                "pretty_type": "JPEG",
                "user": "U042R3B76SC",
                "user_team": "T042E1514F3",
                "editable": false,
                "size": 233309,
                "mode": "hosted",
                "is_external": false,
                "external_type": "",
                "is_public": true,
                "public_url_shared": false,
                "display_as_bot": false,
                "username": "",
                "url_private": "https:\/\/files.slack.com\/files-pri\/T042E1514F3-F058SSVCD53\/pxl_20230522_130617614.jpg?t=xoxe-4082039038513-5909763746612-5907217023875-336a8277661c30aa211f6bb0466e7c24",
                "url_private_download": "https:\/\/files.slack.com\/files-pri\/T042E1514F3-F058SSVCD53\/download\/pxl_20230522_130617614.jpg?t=xoxe-4082039038513-5909763746612-5907217023875-336a8277661c30aa211f6bb0466e7c24",
                "media_display_type": "unknown",
                "thumb_64": "https:\/\/files.slack.com\/files-tmb\/T042E1514F3-F058SSVCD53-2dd169d789\/pxl_20230522_130617614_64.jpg?t=xoxe-4082039038513-5909763746612-5907217023875-336a8277661c30aa211f6bb0466e7c24",
                "thumb_80": "https:\/\/files.slack.com\/files-tmb\/T042E1514F3-F058SSVCD53-2dd169d789\/pxl_20230522_130617614_80.jpg?t=xoxe-4082039038513-5909763746612-5907217023875-336a8277661c30aa211f6bb0466e7c24",
                "thumb_360": "https:\/\/files.slack.com\/files-tmb\/T042E1514F3-F058SSVCD53-2dd169d789\/pxl_20230522_130617614_360.jpg?t=xoxe-4082039038513-5909763746612-5907217023875-336a8277661c30aa211f6bb0466e7c24",
                "thumb_360_w": 271,
                "thumb_360_h": 360,
                "thumb_480": "https:\/\/files.slack.com\/files-tmb\/T042E1514F3-F058SSVCD53-2dd169d789\/pxl_20230522_130617614_480.jpg?t=xoxe-4082039038513-5909763746612-5907217023875-336a8277661c30aa211f6bb0466e7c24",
                "thumb_480_w": 361,
                "thumb_480_h": 480,
                "thumb_160": "https:\/\/files.slack.com\/files-tmb\/T042E1514F3-F058SSVCD53-2dd169d789\/pxl_20230522_130617614_160.jpg?t=xoxe-4082039038513-5909763746612-5907217023875-336a8277661c30aa211f6bb0466e7c24",
                "thumb_720": "https:\/\/files.slack.com\/files-tmb\/T042E1514F3-F058SSVCD53-2dd169d789\/pxl_20230522_130617614_720.jpg?t=xoxe-4082039038513-5909763746612-5907217023875-336a8277661c30aa211f6bb0466e7c24",
                "thumb_720_w": 542,
                "thumb_720_h": 720,
                "thumb_800": "https:\/\/files.slack.com\/files-tmb\/T042E1514F3-F058SSVCD53-2dd169d789\/pxl_20230522_130617614_800.jpg?t=xoxe-4082039038513-5909763746612-5907217023875-336a8277661c30aa211f6bb0466e7c24",
                "thumb_800_w": 800,
                "thumb_800_h": 1063,
                "thumb_960": "https:\/\/files.slack.com\/files-tmb\/T042E1514F3-F058SSVCD53-2dd169d789\/pxl_20230522_130617614_960.jpg?t=xoxe-4082039038513-5909763746612-5907217023875-336a8277661c30aa211f6bb0466e7c24",
                "thumb_960_w": 723,
                "thumb_960_h": 960,
                "thumb_1024": "https:\/\/files.slack.com\/files-tmb\/T042E1514F3-F058SSVCD53-2dd169d789\/pxl_20230522_130617614_1024.jpg?t=xoxe-4082039038513-5909763746612-5907217023875-336a8277661c30aa211f6bb0466e7c24",
                "thumb_1024_w": 771,
                "thumb_1024_h": 1024,
                "original_w": 3072,
                "original_h": 4080,
                "thumb_tiny": "AwAwACR3mv8A3V\/Ok81\/7q\/nTgBSYoATzJPRaQySf7P5U8YpOKALq\/dH0pc1FG+5B2xxTs+9AFSilAowKAGGmmpCBTDigBmaM+9BooAnoOaXFIaAGkU0inmmGgBhFGKdxScUAf\/Z",
                "permalink": "https:\/\/cyberdefense2022-2023.slack.com\/files\/U042R3B76SC\/F058SSVCD53\/pxl_20230522_130617614.jpg",
                "permalink_public": "https:\/\/slack-files.com\/T042E1514F3-F058SSVCD53-9702a587d1",
                "is_starred": false,
                "has_rich_preview": false,
                "file_access": "visible"
            }
        ],
        "upload": false,
        "user": "U042R3B76SC",
        "display_as_bot": false,
        "ts": "1684761782.629919",
        "blocks": [
            {
                "type": "rich_text",
                "block_id": "qJx",
                "elements": [
                    {
                        "type": "rich_text_section",
                        "elements": [
                            {
                                "type": "text",
                                "text": "Sawdust on my floor this morning, originating from underneath the door to the adjoining room."
                            }
                        ]
                    }
                ]
            }
        ],
        "client_msg_id": "44baed1a-5a84-491e-9856-7667099f9141",
        "thread_ts": "1684761782.629919",
        "reply_count": 1,
        "reply_users_count": 1,
        "latest_reply": "1684761923.189809",
        "reply_users": [
            "U042U2F450R"
        ],
        "replies": [
            {
                "user": "U042U2F450R",
                "ts": "1684761923.189809"
            }
        ],
        "is_locked": false,
        "subscribed": true,
        "last_read": "1684761923.189809"
    },
    {
        "client_msg_id": "581b2e3c-1fb6-497b-80d5-12120e5a87be",
        "type": "message",
        "text": "Wow",
        "user": "U042U2F450R",
        "ts": "1684761923.189809",
        "blocks": [
            {
                "type": "rich_text",
                "block_id": "XlU",
                "elements": [
                    {
                        "type": "rich_text_section",
                        "elements": [
                            {
                                "type": "text",
                                "text": "Wow"
                            }
                        ]
                    }
                ]
            }
        ],
        "team": "T042E1514F3",
        "user_team": "T042E1514F3",
        "source_team": "T042E1514F3",
        "user_profile": {
            "avatar_hash": "gff8e94624db",
            "image_72": "https:\/\/secure.gravatar.com\/avatar\/ff8e94624db08a84843122675f06ea92.jpg?s=72&d=https%3A%2F%2Fa.slack-edge.com%2Fdf10d%2Fimg%2Favatars%2Fava_0004-72.png",
            "first_name": "Anna",
            "real_name": "Anna",
            "display_name": "Anna",
            "team": "T042E1514F3",
            "name": "annam45",
            "is_restricted": false,
            "is_ultra_restricted": false
        },
        "thread_ts": "1684761782.629919",
        "parent_user_id": "U042R3B76SC",
        "reactions": [
            {
                "name": "+1::skin-tone-2",
                "users": [
                    "U042R3B76SC"
                ],
                "count": 1
            }
        ]
    },
    {
        "client_msg_id": "143680bc-b3cb-4993-b18a-7dfe8f5d8332",
        "type": "message",
        "text": "<https:\/\/thegeekpage.com\/how-to-view-digital-certificates-installed-in-windows-10\/>",
        "user": "U042U2F450R",
        "ts": "1684763376.416849",
        "blocks": [
            {
                "type": "rich_text",
                "block_id": "=SSx",
                "elements": [
                    {
                        "type": "rich_text_section",
                        "elements": [
                            {
                                "type": "link",
                                "url": "https:\/\/thegeekpage.com\/how-to-view-digital-certificates-installed-in-windows-10\/"
                            }
                        ]
                    }
                ]
            }
        ],
        "team": "T042E1514F3",
        "user_team": "T042E1514F3",
        "source_team": "T042E1514F3",
        "user_profile": {
            "avatar_hash": "gff8e94624db",
            "image_72": "https:\/\/secure.gravatar.com\/avatar\/ff8e94624db08a84843122675f06ea92.jpg?s=72&d=https%3A%2F%2Fa.slack-edge.com%2Fdf10d%2Fimg%2Favatars%2Fava_0004-72.png",
            "first_name": "Anna",
            "real_name": "Anna",
            "display_name": "Anna",
            "team": "T042E1514F3",
            "name": "annam45",
            "is_restricted": false,
            "is_ultra_restricted": false
        }
    },
    {
        "client_msg_id": "11d1b3df-2af0-4e77-8544-a1cc709920bc",
        "type": "message",
        "text": "<https:\/\/learn.microsoft.com\/en-us\/windows\/security\/threat-protection\/auditing\/view-the-security-event-log>",
        "user": "U042U2F450R",
        "ts": "1684763635.595849",
        "blocks": [
            {
                "type": "rich_text",
                "block_id": "0Y5",
                "elements": [
                    {
                        "type": "rich_text_section",
                        "elements": [
                            {
                                "type": "link",
                                "url": "https:\/\/learn.microsoft.com\/en-us\/windows\/security\/threat-protection\/auditing\/view-the-security-event-log"
                            }
                        ]
                    }
                ]
            }
        ],
        "team": "T042E1514F3",
        "user_team": "T042E1514F3",
        "source_team": "T042E1514F3",
        "user_profile": {
            "avatar_hash": "gff8e94624db",
            "image_72": "https:\/\/secure.gravatar.com\/avatar\/ff8e94624db08a84843122675f06ea92.jpg?s=72&d=https%3A%2F%2Fa.slack-edge.com%2Fdf10d%2Fimg%2Favatars%2Fava_0004-72.png",
            "first_name": "Anna",
            "real_name": "Anna",
            "display_name": "Anna",
            "team": "T042E1514F3",
            "name": "annam45",
            "is_restricted": false,
            "is_ultra_restricted": false
        }
    }
]