[
    {
        "client_msg_id": "118e72eb-e501-4158-a407-d27bb9d7e4e8",
        "type": "message",
        "text": "Hey <@U042R3B76SC>, I just saw the zoom link you emailed, and wanted to confirm that you meant to change the start time from 6 to 5.",
        "user": "U041LSQC38X",
        "ts": "1693411724.113709",
        "blocks": [
            {
                "type": "rich_text",
                "block_id": "qk4",
                "elements": [
                    {
                        "type": "rich_text_section",
                        "elements": [
                            {
                                "type": "text",
                                "text": "Hey "
                            },
                            {
                                "type": "user",
                                "user_id": "U042R3B76SC"
                            },
                            {
                                "type": "text",
                                "text": ", I just saw the zoom link you emailed, and wanted to confirm that you meant to change the start time from 6 to 5."
                            }
                        ]
                    }
                ]
            }
        ],
        "team": "T042E1514F3",
        "user_team": "T042E1514F3",
        "source_team": "T042E1514F3",
        "user_profile": {
            "avatar_hash": "g60b962e7353",
            "image_72": "https:\/\/secure.gravatar.com\/avatar\/60b962e73536af1009870d33a2ba0516.jpg?s=72&d=https%3A%2F%2Fa.slack-edge.com%2Fdf10d%2Fimg%2Favatars%2Fava_0012-72.png",
            "first_name": "Michael",
            "real_name": "Michael Tice",
            "display_name": "Michael Tice",
            "team": "T042E1514F3",
            "name": "michael.tice",
            "is_restricted": false,
            "is_ultra_restricted": false
        }
    },
    {
        "client_msg_id": "a5bd4877-2d22-4c7a-ab2b-d2286c62a5d5",
        "type": "message",
        "text": "No I did not. I just extended the existing meeting two weeks b\/c it was originally ending last week. Thanks for noticing this. I will fix it.",
        "user": "U042R3B76SC",
        "ts": "1693411811.355629",
        "blocks": [
            {
                "type": "rich_text",
                "block_id": "whAH",
                "elements": [
                    {
                        "type": "rich_text_section",
                        "elements": [
                            {
                                "type": "text",
                                "text": "No I did not. I just extended the existing meeting two weeks b\/c it was originally ending last week. Thanks for noticing this. I will fix it."
                            }
                        ]
                    }
                ]
            }
        ],
        "team": "T042E1514F3",
        "user_team": "T042E1514F3",
        "source_team": "T042E1514F3",
        "user_profile": {
            "avatar_hash": "g6730f37144b",
            "image_72": "https:\/\/secure.gravatar.com\/avatar\/6730f37144bd6ae505b97012a7f22a66.jpg?s=72&d=https%3A%2F%2Fa.slack-edge.com%2Fdf10d%2Fimg%2Favatars%2Fava_0006-72.png",
            "first_name": "chris",
            "real_name": "chris",
            "display_name": "",
            "team": "T042E1514F3",
            "name": "chris",
            "is_restricted": false,
            "is_ultra_restricted": false
        }
    },
    {
        "client_msg_id": "a5def43e-f65a-4050-b2c0-4b52909bfab6",
        "type": "message",
        "text": "<@U041LSQC38X> It still shows up as 6pm on my calendar. Any chance you're traveling this week or have your timezone set to MDT or something?\n\n<@U042R51RY2C>, what time is Thursday's meeting on your calendar?\n\nRegardless, the correct time is 6pm, which is when we should show up :slightly_smiling_face: .",
        "user": "U042R3B76SC",
        "ts": "1693411921.757529",
        "blocks": [
            {
                "type": "rich_text",
                "block_id": "XLt",
                "elements": [
                    {
                        "type": "rich_text_section",
                        "elements": [
                            {
                                "type": "user",
                                "user_id": "U041LSQC38X"
                            },
                            {
                                "type": "text",
                                "text": " It still shows up as 6pm on my calendar. Any chance you're traveling this week or have your timezone set to MDT or something?\n\n"
                            },
                            {
                                "type": "user",
                                "user_id": "U042R51RY2C"
                            },
                            {
                                "type": "text",
                                "text": ", what time is Thursday's meeting on your calendar?\n\nRegardless, the correct time is 6pm, which is when we should show up "
                            },
                            {
                                "type": "emoji",
                                "name": "slightly_smiling_face",
                                "unicode": "1f642"
                            },
                            {
                                "type": "text",
                                "text": " ."
                            }
                        ]
                    }
                ]
            }
        ],
        "team": "T042E1514F3",
        "user_team": "T042E1514F3",
        "source_team": "T042E1514F3",
        "user_profile": {
            "avatar_hash": "g6730f37144b",
            "image_72": "https:\/\/secure.gravatar.com\/avatar\/6730f37144bd6ae505b97012a7f22a66.jpg?s=72&d=https%3A%2F%2Fa.slack-edge.com%2Fdf10d%2Fimg%2Favatars%2Fava_0006-72.png",
            "first_name": "chris",
            "real_name": "chris",
            "display_name": "",
            "team": "T042E1514F3",
            "name": "chris",
            "is_restricted": false,
            "is_ultra_restricted": false
        }
    },
    {
        "client_msg_id": "1ee7f39c-9ffd-4821-8a17-73d5eb0309d2",
        "type": "message",
        "text": "For me it shows up as 6",
        "user": "U042R51RY2C",
        "ts": "1693418997.593049",
        "blocks": [
            {
                "type": "rich_text",
                "block_id": "FpdE",
                "elements": [
                    {
                        "type": "rich_text_section",
                        "elements": [
                            {
                                "type": "text",
                                "text": "For me it shows up as 6"
                            }
                        ]
                    }
                ]
            }
        ],
        "team": "T042E1514F3",
        "user_team": "T042E1514F3",
        "source_team": "T042E1514F3",
        "user_profile": {
            "avatar_hash": "g24c32288d4d",
            "image_72": "https:\/\/secure.gravatar.com\/avatar\/24c32288d4dbbf5694cc5c9609ec1853.jpg?s=72&d=https%3A%2F%2Fa.slack-edge.com%2Fdf10d%2Fimg%2Favatars%2Fava_0017-72.png",
            "first_name": "Tristan",
            "real_name": "Tristan Ribble",
            "display_name": "",
            "team": "T042E1514F3",
            "name": "tmribble07",
            "is_restricted": false,
            "is_ultra_restricted": false
        }
    },
    {
        "client_msg_id": "a09926d6-416a-44ab-af45-5cbf0a667f34",
        "type": "message",
        "text": "Ok, 6 it is.",
        "user": "U041LSQC38X",
        "ts": "1693434383.665039",
        "blocks": [
            {
                "type": "rich_text",
                "block_id": "\/JPl",
                "elements": [
                    {
                        "type": "rich_text_section",
                        "elements": [
                            {
                                "type": "text",
                                "text": "Ok, 6 it is."
                            }
                        ]
                    }
                ]
            }
        ],
        "team": "T042E1514F3",
        "user_team": "T042E1514F3",
        "source_team": "T042E1514F3",
        "user_profile": {
            "avatar_hash": "g60b962e7353",
            "image_72": "https:\/\/secure.gravatar.com\/avatar\/60b962e73536af1009870d33a2ba0516.jpg?s=72&d=https%3A%2F%2Fa.slack-edge.com%2Fdf10d%2Fimg%2Favatars%2Fava_0012-72.png",
            "first_name": "Michael",
            "real_name": "Michael Tice",
            "display_name": "Michael Tice",
            "team": "T042E1514F3",
            "name": "michael.tice",
            "is_restricted": false,
            "is_ultra_restricted": false
        }
    }
]