[
    {
        "client_msg_id": "154463f3-76f3-4915-aa6f-4a0d6f54b2aa",
        "type": "message",
        "text": "So I recently downloaded an app called Termux, which basically lets you use a Linux terminal on an android.  Does anybody have any fun projects I could do?",
        "user": "U041LSQC38X",
        "ts": "1674315733.643709",
        "blocks": [
            {
                "type": "rich_text",
                "block_id": "yLFz5",
                "elements": [
                    {
                        "type": "rich_text_section",
                        "elements": [
                            {
                                "type": "text",
                                "text": "So I recently downloaded an app called Termux, which basically lets you use a Linux terminal on an android.  Does anybody have any fun projects I could do?"
                            }
                        ]
                    }
                ]
            }
        ],
        "team": "T042E1514F3",
        "user_team": "T042E1514F3",
        "source_team": "T042E1514F3",
        "user_profile": {
            "avatar_hash": "g60b962e7353",
            "image_72": "https:\/\/secure.gravatar.com\/avatar\/60b962e73536af1009870d33a2ba0516.jpg?s=72&d=https%3A%2F%2Fa.slack-edge.com%2Fdf10d%2Fimg%2Favatars%2Fava_0012-72.png",
            "first_name": "Michael",
            "real_name": "Michael Tice",
            "display_name": "Michael Tice",
            "team": "T042E1514F3",
            "name": "michael.tice",
            "is_restricted": false,
            "is_ultra_restricted": false
        }
    }
]