[
    {
        "client_msg_id": "902f7624-63bb-4e78-b3d5-6096b4e7c181",
        "type": "message",
        "text": "Hey MIchael and Anna. I've been waiting to see if the CDC sites would open up like last time so we could download CDC images and scrape the iScore site. I have a feeling it won't since this was such a difficult scenario, and they worked really hard on setting it up. They might not want it \"out in the wild\" too quickly.\n\nI told Dan I wanted to take a bit of a break (a couple\/a few weeks) and we haven't talked after that. I think having a debrief might be good even though we won't have too much from the CDC. Did anybody grab the anomalies this time?",
        "user": "U042R3B76SC",
        "ts": "1685741423.351869",
        "blocks": [
            {
                "type": "rich_text",
                "block_id": "1JgK0",
                "elements": [
                    {
                        "type": "rich_text_section",
                        "elements": [
                            {
                                "type": "text",
                                "text": "Hey MIchael and Anna. I've been waiting to see if the CDC sites would open up like last time so we could download CDC images and scrape the iScore site. I have a feeling it won't since this was such a difficult scenario, and they worked really hard on setting it up. They might not want it \"out in the wild\" too quickly.\n\nI told Dan I wanted to take a bit of a break (a couple\/a few weeks) and we haven't talked after that. I think having a debrief might be good even though we won't have too much from the CDC. Did anybody grab the anomalies this time?"
                            }
                        ]
                    }
                ]
            }
        ],
        "team": "T042E1514F3",
        "user_team": "T042E1514F3",
        "source_team": "T042E1514F3",
        "user_profile": {
            "avatar_hash": "g6730f37144b",
            "image_72": "https:\/\/secure.gravatar.com\/avatar\/6730f37144bd6ae505b97012a7f22a66.jpg?s=72&d=https%3A%2F%2Fa.slack-edge.com%2Fdf10d%2Fimg%2Favatars%2Fava_0006-72.png",
            "first_name": "chris",
            "real_name": "chris",
            "display_name": "",
            "team": "T042E1514F3",
            "name": "chris",
            "is_restricted": false,
            "is_ultra_restricted": false
        }
    },
    {
        "client_msg_id": "64b731b6-c134-4dde-8356-e17c94ae345f",
        "type": "message",
        "text": "<@U0421AQBX8B>, we should probably talk soon. We could try to meet for a team debrief next Thursday, but we don't actually know what times of the week work best for everybody. I am on-call for GoDaddy next week, but between the two of us, I think we can get through a debrief even if my job requires my attention.\n\nWe need to know what times work best for people this summer. Please let us know, and make your comments cogent, pithy, and lucid when you do so. If you don't want to go to all that trouble, at least try to tell us your schedule preferences in a way that is to the point, brief, and clear.",
        "user": "U042R3B76SC",
        "ts": "1685741592.638139",
        "blocks": [
            {
                "type": "rich_text",
                "block_id": "gB33",
                "elements": [
                    {
                        "type": "rich_text_section",
                        "elements": [
                            {
                                "type": "user",
                                "user_id": "U0421AQBX8B"
                            },
                            {
                                "type": "text",
                                "text": ", we should probably talk soon. We could try to meet for a team debrief next Thursday, but we don't actually know what times of the week work best for everybody. I am on-call for GoDaddy next week, but between the two of us, I think we can get through a debrief even if my job requires my attention.\n\nWe need to know what times work best for people this summer. Please let us know, and make your comments cogent, pithy, and lucid when you do so. If you don't want to go to all that trouble, at least try to tell us your schedule preferences in a way that is to the point, brief, and clear."
                            }
                        ]
                    }
                ]
            }
        ],
        "team": "T042E1514F3",
        "user_team": "T042E1514F3",
        "source_team": "T042E1514F3",
        "user_profile": {
            "avatar_hash": "g6730f37144b",
            "image_72": "https:\/\/secure.gravatar.com\/avatar\/6730f37144bd6ae505b97012a7f22a66.jpg?s=72&d=https%3A%2F%2Fa.slack-edge.com%2Fdf10d%2Fimg%2Favatars%2Fava_0006-72.png",
            "first_name": "chris",
            "real_name": "chris",
            "display_name": "",
            "team": "T042E1514F3",
            "name": "chris",
            "is_restricted": false,
            "is_ultra_restricted": false
        },
        "edited": {
            "user": "U042R3B76SC",
            "ts": "1685741752.000000"
        }
    },
    {
        "client_msg_id": "54332558-fe55-416f-9762-07fb35cfe2f2",
        "type": "message",
        "text": "I am able to meet next Thursday, as for what times throughout this summer, I'd need to know whether we are meeting online or not.",
        "user": "U041LSQC38X",
        "ts": "1685751077.896949",
        "blocks": [
            {
                "type": "rich_text",
                "block_id": "r8h2K",
                "elements": [
                    {
                        "type": "rich_text_section",
                        "elements": [
                            {
                                "type": "text",
                                "text": "I am able to meet next Thursday, as for what times throughout this summer, I'd need to know whether we are meeting online or not."
                            }
                        ]
                    }
                ]
            }
        ],
        "team": "T042E1514F3",
        "user_team": "T042E1514F3",
        "source_team": "T042E1514F3",
        "user_profile": {
            "avatar_hash": "g60b962e7353",
            "image_72": "https:\/\/secure.gravatar.com\/avatar\/60b962e73536af1009870d33a2ba0516.jpg?s=72&d=https%3A%2F%2Fa.slack-edge.com%2Fdf10d%2Fimg%2Favatars%2Fava_0012-72.png",
            "first_name": "Michael",
            "real_name": "Michael Tice",
            "display_name": "Michael Tice",
            "team": "T042E1514F3",
            "name": "michael.tice",
            "is_restricted": false,
            "is_ultra_restricted": false
        }
    },
    {
        "client_msg_id": "19246cb9-e4ef-45da-8cc9-d5cca0c71801",
        "type": "message",
        "text": "To ALL:  This is a post that requires TWO responses.  The first is for next week to do a debrief.  Due to the short schedule, I think we would be looking at an online meeting.  The second is when \"in general\" you would be able to meet during the summer.",
        "user": "U0421AQBX8B",
        "ts": "1685770942.300199",
        "blocks": [
            {
                "type": "rich_text",
                "block_id": "DRApa",
                "elements": [
                    {
                        "type": "rich_text_section",
                        "elements": [
                            {
                                "type": "text",
                                "text": "To ALL:  This is a post that requires TWO responses.  The first is for next week to do a debrief.  Due to the short schedule, I think we would be looking at an online meeting.  The second is when \"in general\" you would be able to meet during the summer."
                            }
                        ]
                    }
                ]
            }
        ],
        "team": "T042E1514F3",
        "user_team": "T042E1514F3",
        "source_team": "T042E1514F3",
        "user_profile": {
            "avatar_hash": "g4c1eed42032",
            "image_72": "https:\/\/secure.gravatar.com\/avatar\/4c1eed420327197d000fb89a053a08f3.jpg?s=72&d=https%3A%2F%2Fa.slack-edge.com%2Fdf10d%2Fimg%2Favatars%2Fava_0013-72.png",
            "first_name": "Daniel",
            "real_name": "Daniel Tice",
            "display_name": "Daniel Tice",
            "team": "T042E1514F3",
            "name": "danielstice",
            "is_restricted": false,
            "is_ultra_restricted": false
        }
    },
    {
        "client_msg_id": "62e0bb01-f544-4723-8178-226d3fc9c582",
        "type": "message",
        "text": "Debrief Meeting possible times -- please let me know when you are NOT available for an online meeting.  1  Wednesday June 7, 7pm. 2. Thursday June 8 7pm.  Friday June 9, 10 am and Friday June 9, 7pm.",
        "user": "U0421AQBX8B",
        "ts": "1685771083.285229",
        "blocks": [
            {
                "type": "rich_text",
                "block_id": "=Oy",
                "elements": [
                    {
                        "type": "rich_text_section",
                        "elements": [
                            {
                                "type": "text",
                                "text": "Debrief Meeting possible times -- please let me know when you are NOT available for an online meeting.  1  Wednesday June 7, 7pm. 2. Thursday June 8 7pm.  Friday June 9, 10 am and Friday June 9, 7pm."
                            }
                        ]
                    }
                ]
            }
        ],
        "team": "T042E1514F3",
        "user_team": "T042E1514F3",
        "source_team": "T042E1514F3",
        "user_profile": {
            "avatar_hash": "g4c1eed42032",
            "image_72": "https:\/\/secure.gravatar.com\/avatar\/4c1eed420327197d000fb89a053a08f3.jpg?s=72&d=https%3A%2F%2Fa.slack-edge.com%2Fdf10d%2Fimg%2Favatars%2Fava_0013-72.png",
            "first_name": "Daniel",
            "real_name": "Daniel Tice",
            "display_name": "Daniel Tice",
            "team": "T042E1514F3",
            "name": "danielstice",
            "is_restricted": false,
            "is_ultra_restricted": false
        }
    },
    {
        "client_msg_id": "a956dc5f-f592-491b-9350-f1de01534bfb",
        "type": "message",
        "text": "In general meeting for the summer -- please let me know when you are generally available to meet face to face during the summer:  A.  Tuesday nights, B. Wednesday nights, C. Thursday nights, D. Friday nights and E. Saturday mornings.",
        "user": "U0421AQBX8B",
        "ts": "1685771210.231569",
        "blocks": [
            {
                "type": "rich_text",
                "block_id": "Ab6io",
                "elements": [
                    {
                        "type": "rich_text_section",
                        "elements": [
                            {
                                "type": "text",
                                "text": "In general meeting for the summer -- please let me know when you are generally available to meet face to face during the summer:  A.  Tuesday nights, B. Wednesday nights, C. Thursday nights, D. Friday nights and E. Saturday mornings."
                            }
                        ]
                    }
                ]
            }
        ],
        "team": "T042E1514F3",
        "user_team": "T042E1514F3",
        "source_team": "T042E1514F3",
        "user_profile": {
            "avatar_hash": "g4c1eed42032",
            "image_72": "https:\/\/secure.gravatar.com\/avatar\/4c1eed420327197d000fb89a053a08f3.jpg?s=72&d=https%3A%2F%2Fa.slack-edge.com%2Fdf10d%2Fimg%2Favatars%2Fava_0013-72.png",
            "first_name": "Daniel",
            "real_name": "Daniel Tice",
            "display_name": "Daniel Tice",
            "team": "T042E1514F3",
            "name": "danielstice",
            "is_restricted": false,
            "is_ultra_restricted": false
        }
    },
    {
        "client_msg_id": "be23fa0a-be86-48ed-9af7-8e1c426e4028",
        "type": "message",
        "text": "Finally, I realize that there will be vacations and such -- but the question is \"in general\"...  :slightly_smiling_face:  Thanks <@U042U2F450R> <@U042R51RY2C> <@U042R3B76SC> <@U041LSQC38X>",
        "user": "U0421AQBX8B",
        "ts": "1685771313.844009",
        "blocks": [
            {
                "type": "rich_text",
                "block_id": "cYR",
                "elements": [
                    {
                        "type": "rich_text_section",
                        "elements": [
                            {
                                "type": "text",
                                "text": "Finally, I realize that there will be vacations and such -- but the question is \"in general\"...  "
                            },
                            {
                                "type": "emoji",
                                "name": "slightly_smiling_face",
                                "unicode": "1f642"
                            },
                            {
                                "type": "text",
                                "text": "  Thanks "
                            },
                            {
                                "type": "user",
                                "user_id": "U042U2F450R"
                            },
                            {
                                "type": "text",
                                "text": " "
                            },
                            {
                                "type": "user",
                                "user_id": "U042R51RY2C"
                            },
                            {
                                "type": "text",
                                "text": " "
                            },
                            {
                                "type": "user",
                                "user_id": "U042R3B76SC"
                            },
                            {
                                "type": "text",
                                "text": " "
                            },
                            {
                                "type": "user",
                                "user_id": "U041LSQC38X"
                            }
                        ]
                    }
                ]
            }
        ],
        "team": "T042E1514F3",
        "user_team": "T042E1514F3",
        "source_team": "T042E1514F3",
        "user_profile": {
            "avatar_hash": "g4c1eed42032",
            "image_72": "https:\/\/secure.gravatar.com\/avatar\/4c1eed420327197d000fb89a053a08f3.jpg?s=72&d=https%3A%2F%2Fa.slack-edge.com%2Fdf10d%2Fimg%2Favatars%2Fava_0013-72.png",
            "first_name": "Daniel",
            "real_name": "Daniel Tice",
            "display_name": "Daniel Tice",
            "team": "T042E1514F3",
            "name": "danielstice",
            "is_restricted": false,
            "is_ultra_restricted": false
        }
    }
]