[
    {
        "client_msg_id": "d3acff5d-73d7-4756-894f-0e97fe0bec1d",
        "type": "message",
        "text": "Just so people know, my dad can drop me off and pick me up tomorrow, but will most likely not be able to stay for the meeting.",
        "user": "U041LSQC38X",
        "ts": "1694038685.917239",
        "blocks": [
            {
                "type": "rich_text",
                "block_id": "U1ZVC",
                "elements": [
                    {
                        "type": "rich_text_section",
                        "elements": [
                            {
                                "type": "text",
                                "text": "Just so people know, my dad can drop me off and pick me up tomorrow, but will most likely not be able to stay for the meeting."
                            }
                        ]
                    }
                ]
            }
        ],
        "team": "T042E1514F3",
        "user_team": "T042E1514F3",
        "source_team": "T042E1514F3",
        "user_profile": {
            "avatar_hash": "g60b962e7353",
            "image_72": "https:\/\/secure.gravatar.com\/avatar\/60b962e73536af1009870d33a2ba0516.jpg?s=72&d=https%3A%2F%2Fa.slack-edge.com%2Fdf10d%2Fimg%2Favatars%2Fava_0012-72.png",
            "first_name": "Michael",
            "real_name": "Michael Tice",
            "display_name": "Michael Tice",
            "team": "T042E1514F3",
            "name": "michael.tice",
            "is_restricted": false,
            "is_ultra_restricted": false
        }
    }
]