[
    {
        "client_msg_id": "5deb1c89-90ad-42df-9c13-cf6a579756b1",
        "type": "message",
        "text": "OK, <!everyone>.  I am doing this on my father's behalf, because his computer's not hooked up.  Please indicate the times you CANNOT make it next week that meet the following criteria:\n\nIs on Monday, Wednesday, Thursday, or Friday.\nIs from 6:00 to whenever Chris gets tired.",
        "user": "U041LSQC38X",
        "ts": "1683847471.369779",
        "blocks": [
            {
                "type": "rich_text",
                "block_id": "qZR",
                "elements": [
                    {
                        "type": "rich_text_section",
                        "elements": [
                            {
                                "type": "text",
                                "text": "OK, "
                            },
                            {
                                "type": "broadcast",
                                "range": "everyone"
                            },
                            {
                                "type": "text",
                                "text": ".  I am doing this on my father's behalf, because his computer's not hooked up.  Please indicate the times you CANNOT make it next week that meet the following criteria:\n\nIs on Monday, Wednesday, Thursday, or Friday.\nIs from 6:00 to whenever Chris gets tired."
                            }
                        ]
                    }
                ]
            }
        ],
        "team": "T042E1514F3",
        "user_team": "T042E1514F3",
        "source_team": "T042E1514F3",
        "user_profile": {
            "avatar_hash": "g60b962e7353",
            "image_72": "https:\/\/secure.gravatar.com\/avatar\/60b962e73536af1009870d33a2ba0516.jpg?s=72&d=https%3A%2F%2Fa.slack-edge.com%2Fdf10d%2Fimg%2Favatars%2Fava_0012-72.png",
            "first_name": "Michael",
            "real_name": "Michael Tice",
            "display_name": "Michael Tice",
            "team": "T042E1514F3",
            "name": "michael.tice",
            "is_restricted": false,
            "is_ultra_restricted": false
        },
        "edited": {
            "user": "U041LSQC38X",
            "ts": "1683847517.000000"
        }
    },
    {
        "client_msg_id": "58f7333c-4e52-446d-b081-09dd978297d1",
        "type": "message",
        "text": "Are we meeting on zoom tomorrow at 12?",
        "user": "U042U2F450R",
        "ts": "1683857259.657109",
        "blocks": [
            {
                "type": "rich_text",
                "block_id": "zUGgr",
                "elements": [
                    {
                        "type": "rich_text_section",
                        "elements": [
                            {
                                "type": "text",
                                "text": "Are we meeting on zoom tomorrow at 12?"
                            }
                        ]
                    }
                ]
            }
        ],
        "team": "T042E1514F3",
        "user_team": "T042E1514F3",
        "source_team": "T042E1514F3",
        "user_profile": {
            "avatar_hash": "gff8e94624db",
            "image_72": "https:\/\/secure.gravatar.com\/avatar\/ff8e94624db08a84843122675f06ea92.jpg?s=72&d=https%3A%2F%2Fa.slack-edge.com%2Fdf10d%2Fimg%2Favatars%2Fava_0004-72.png",
            "first_name": "Anna",
            "real_name": "Anna",
            "display_name": "Anna",
            "team": "T042E1514F3",
            "name": "annam45",
            "is_restricted": false,
            "is_ultra_restricted": false
        }
    },
    {
        "client_msg_id": "3c400ad1-5efd-461c-a869-a530af2bb7e6",
        "type": "message",
        "text": "I just added a calendar appointment with a zoom meeting attached for tomorrow at noon. Everyone (including Dan) should receive an invite. For convenience, here's the Zoom link:\n\n<https:\/\/godaddy.zoom.us\/j\/99571116866?pwd=b2E5YzFFODNCR2x6bFloL0RSQ3ZwQT09|https:\/\/godaddy.zoom.us\/j\/99571116866?pwd=b2E5YzFFODNCR2x6bFloL0RSQ3ZwQT09>",
        "user": "U042R3B76SC",
        "ts": "1683864080.494239",
        "blocks": [
            {
                "type": "rich_text",
                "block_id": "y5h",
                "elements": [
                    {
                        "type": "rich_text_section",
                        "elements": [
                            {
                                "type": "text",
                                "text": "I just added a calendar appointment with a zoom meeting attached for tomorrow at noon. Everyone (including Dan) should receive an invite. For convenience, here's the Zoom link:\n\n"
                            },
                            {
                                "type": "link",
                                "url": "https:\/\/godaddy.zoom.us\/j\/99571116866?pwd=b2E5YzFFODNCR2x6bFloL0RSQ3ZwQT09",
                                "text": "https:\/\/godaddy.zoom.us\/j\/99571116866?pwd=b2E5YzFFODNCR2x6bFloL0RSQ3ZwQT09"
                            }
                        ]
                    }
                ]
            }
        ],
        "team": "T042E1514F3",
        "user_team": "T042E1514F3",
        "source_team": "T042E1514F3",
        "user_profile": {
            "avatar_hash": "g6730f37144b",
            "image_72": "https:\/\/secure.gravatar.com\/avatar\/6730f37144bd6ae505b97012a7f22a66.jpg?s=72&d=https%3A%2F%2Fa.slack-edge.com%2Fdf10d%2Fimg%2Favatars%2Fava_0006-72.png",
            "first_name": "chris",
            "real_name": "chris",
            "display_name": "",
            "team": "T042E1514F3",
            "name": "chris",
            "is_restricted": false,
            "is_ultra_restricted": false
        }
    },
    {
        "client_msg_id": "8eabbeda-2f4f-49c7-8892-3b0db2daad7f",
        "type": "message",
        "text": "I MIGHT NOT BE ABLE TO JOIN UNTIL 12:30 OR 1:00.",
        "user": "U042R3B76SC",
        "ts": "1683864113.553309",
        "blocks": [
            {
                "type": "rich_text",
                "block_id": "mxEsq",
                "elements": [
                    {
                        "type": "rich_text_section",
                        "elements": [
                            {
                                "type": "text",
                                "text": "I MIGHT NOT BE ABLE TO JOIN UNTIL 12:30 OR 1:00."
                            }
                        ]
                    }
                ]
            }
        ],
        "team": "T042E1514F3",
        "user_team": "T042E1514F3",
        "source_team": "T042E1514F3",
        "user_profile": {
            "avatar_hash": "g6730f37144b",
            "image_72": "https:\/\/secure.gravatar.com\/avatar\/6730f37144bd6ae505b97012a7f22a66.jpg?s=72&d=https%3A%2F%2Fa.slack-edge.com%2Fdf10d%2Fimg%2Favatars%2Fava_0006-72.png",
            "first_name": "chris",
            "real_name": "chris",
            "display_name": "",
            "team": "T042E1514F3",
            "name": "chris",
            "is_restricted": false,
            "is_ultra_restricted": false
        }
    },
    {
        "client_msg_id": "a17e4461-87ad-4e66-ac41-bf6ef0e45915",
        "type": "message",
        "text": "If I'm not there, be a good team :) and figure out things to do. Anna might need help finding something to do. I'm sure there are Windows servers that need patching but it would be nice if she could do some different things too.",
        "user": "U042R3B76SC",
        "ts": "1683864284.154629",
        "blocks": [
            {
                "type": "rich_text",
                "block_id": "rJq+E",
                "elements": [
                    {
                        "type": "rich_text_section",
                        "elements": [
                            {
                                "type": "text",
                                "text": "If I'm not there, be a good team :) and figure out things to do. Anna might need help finding something to do. I'm sure there are Windows servers that need patching but it would be nice if she could do some different things too."
                            }
                        ]
                    }
                ]
            }
        ],
        "team": "T042E1514F3",
        "user_team": "T042E1514F3",
        "source_team": "T042E1514F3",
        "user_profile": {
            "avatar_hash": "g6730f37144b",
            "image_72": "https:\/\/secure.gravatar.com\/avatar\/6730f37144bd6ae505b97012a7f22a66.jpg?s=72&d=https%3A%2F%2Fa.slack-edge.com%2Fdf10d%2Fimg%2Favatars%2Fava_0006-72.png",
            "first_name": "chris",
            "real_name": "chris",
            "display_name": "",
            "team": "T042E1514F3",
            "name": "chris",
            "is_restricted": false,
            "is_ultra_restricted": false
        }
    }
]