[
    {
        "client_msg_id": "b666caa6-2896-49ed-95ed-a3014fc0249b",
        "type": "message",
        "text": "I have to leave home to be someplace else tonight at 8:15, so I'll need to stop a bit before then. You'll be able to stay on the Zoom call longer if you'd like to.",
        "user": "U042R3B76SC",
        "ts": "1684184905.328089",
        "blocks": [
            {
                "type": "rich_text",
                "block_id": "8Wz",
                "elements": [
                    {
                        "type": "rich_text_section",
                        "elements": [
                            {
                                "type": "text",
                                "text": "I have to leave home to be someplace else tonight at 8:15, so I'll need to stop a bit before then. You'll be able to stay on the Zoom call longer if you'd like to."
                            }
                        ]
                    }
                ]
            }
        ],
        "team": "T042E1514F3",
        "user_team": "T042E1514F3",
        "source_team": "T042E1514F3",
        "user_profile": {
            "avatar_hash": "g6730f37144b",
            "image_72": "https:\/\/secure.gravatar.com\/avatar\/6730f37144bd6ae505b97012a7f22a66.jpg?s=72&d=https%3A%2F%2Fa.slack-edge.com%2Fdf10d%2Fimg%2Favatars%2Fava_0006-72.png",
            "first_name": "chris",
            "real_name": "chris",
            "display_name": "",
            "team": "T042E1514F3",
            "name": "chris",
            "is_restricted": false,
            "is_ultra_restricted": false
        }
    },
    {
        "client_msg_id": "bfbb0872-7580-4161-a0a0-5f5bae115a87",
        "type": "message",
        "text": "I just scheduled the meetings for this week.\n• Tonight from 6:00 to 8:30\n• Wednesday from 6:00 to 8:30\n• Thursday from 6:00 to 8:30\nThe meeting link for this week is <https:\/\/godaddy.zoom.us\/j\/97702047840?pwd=Zk8wQVlqc0thb2JBdVVncUdWRG41UT09>.\n\nThis link should be available at any time, even if we're not meeting, so if two of you want to discuss something, you can ask the other person if you want to talk on Zoom so you can share screens and have audio, etc. Just use the link above. Let me know if it doesn't work.",
        "user": "U042R3B76SC",
        "ts": "1684185379.803039",
        "blocks": [
            {
                "type": "rich_text",
                "block_id": "dEHu",
                "elements": [
                    {
                        "type": "rich_text_section",
                        "elements": [
                            {
                                "type": "text",
                                "text": "I just scheduled the meetings for this week.\n"
                            }
                        ]
                    },
                    {
                        "type": "rich_text_list",
                        "elements": [
                            {
                                "type": "rich_text_section",
                                "elements": [
                                    {
                                        "type": "text",
                                        "text": "Tonight from 6:00 to 8:30"
                                    }
                                ]
                            },
                            {
                                "type": "rich_text_section",
                                "elements": [
                                    {
                                        "type": "text",
                                        "text": "Wednesday from 6:00 to 8:30"
                                    }
                                ]
                            },
                            {
                                "type": "rich_text_section",
                                "elements": [
                                    {
                                        "type": "text",
                                        "text": "Thursday from 6:00 to 8:30"
                                    }
                                ]
                            }
                        ],
                        "style": "bullet",
                        "indent": 0,
                        "border": 0
                    },
                    {
                        "type": "rich_text_section",
                        "elements": [
                            {
                                "type": "text",
                                "text": "\nThe meeting link for this week is "
                            },
                            {
                                "type": "link",
                                "url": "https:\/\/godaddy.zoom.us\/j\/97702047840?pwd=Zk8wQVlqc0thb2JBdVVncUdWRG41UT09"
                            },
                            {
                                "type": "text",
                                "text": ".\n\nThis link should be available at any time, even if we're not meeting, so if two of you want to discuss something, you can ask the other person if you want to talk on Zoom so you can share screens and have audio, etc. Just use the link above. Let me know if it doesn't work."
                            }
                        ]
                    }
                ]
            }
        ],
        "team": "T042E1514F3",
        "user_team": "T042E1514F3",
        "source_team": "T042E1514F3",
        "user_profile": {
            "avatar_hash": "g6730f37144b",
            "image_72": "https:\/\/secure.gravatar.com\/avatar\/6730f37144bd6ae505b97012a7f22a66.jpg?s=72&d=https%3A%2F%2Fa.slack-edge.com%2Fdf10d%2Fimg%2Favatars%2Fava_0006-72.png",
            "first_name": "chris",
            "real_name": "chris",
            "display_name": "",
            "team": "T042E1514F3",
            "name": "chris",
            "is_restricted": false,
            "is_ultra_restricted": false
        },
        "edited": {
            "user": "U042R3B76SC",
            "ts": "1684255328.000000"
        }
    },
    {
        "client_msg_id": "7FF3CD76-0D57-4E30-9B7C-D0D0491376B9",
        "type": "message",
        "text": "I will not be able to come to this Wednesday or Thursday ",
        "user": "U042R51RY2C",
        "ts": "1684185445.748329",
        "blocks": [
            {
                "type": "rich_text",
                "block_id": "GNA",
                "elements": [
                    {
                        "type": "rich_text_section",
                        "elements": [
                            {
                                "type": "text",
                                "text": "I will not be able to come to this Wednesday or Thursday "
                            }
                        ]
                    }
                ]
            }
        ],
        "team": "T042E1514F3",
        "user_team": "T042E1514F3",
        "source_team": "T042E1514F3",
        "user_profile": {
            "avatar_hash": "g24c32288d4d",
            "image_72": "https:\/\/secure.gravatar.com\/avatar\/24c32288d4dbbf5694cc5c9609ec1853.jpg?s=72&d=https%3A%2F%2Fa.slack-edge.com%2Fdf10d%2Fimg%2Favatars%2Fava_0017-72.png",
            "first_name": "Tristan",
            "real_name": "Tristan Ribble",
            "display_name": "",
            "team": "T042E1514F3",
            "name": "tmribble07",
            "is_restricted": false,
            "is_ultra_restricted": false
        }
    },
    {
        "client_msg_id": "A48CBAD3-D399-4F8F-BF79-96DDA9C6E076",
        "type": "message",
        "text": "Maybe tonight",
        "user": "U042R51RY2C",
        "ts": "1684185452.736129",
        "blocks": [
            {
                "type": "rich_text",
                "block_id": "XbKa5",
                "elements": [
                    {
                        "type": "rich_text_section",
                        "elements": [
                            {
                                "type": "text",
                                "text": "Maybe tonight"
                            }
                        ]
                    }
                ]
            }
        ],
        "team": "T042E1514F3",
        "user_team": "T042E1514F3",
        "source_team": "T042E1514F3",
        "user_profile": {
            "avatar_hash": "g24c32288d4d",
            "image_72": "https:\/\/secure.gravatar.com\/avatar\/24c32288d4dbbf5694cc5c9609ec1853.jpg?s=72&d=https%3A%2F%2Fa.slack-edge.com%2Fdf10d%2Fimg%2Favatars%2Fava_0017-72.png",
            "first_name": "Tristan",
            "real_name": "Tristan Ribble",
            "display_name": "",
            "team": "T042E1514F3",
            "name": "tmribble07",
            "is_restricted": false,
            "is_ultra_restricted": false
        },
        "edited": {
            "user": "U042R51RY2C",
            "ts": "1684185465.000000"
        }
    },
    {
        "client_msg_id": "bddb5ee0-5e00-4581-b621-7f05091b0d31",
        "type": "message",
        "text": "I'm wrapping up work and will begin getting ready for 6:00pm. I will probably be a little late, maybe 6:10pm.",
        "user": "U042R3B76SC",
        "ts": "1684190630.148889",
        "blocks": [
            {
                "type": "rich_text",
                "block_id": "\/MM9",
                "elements": [
                    {
                        "type": "rich_text_section",
                        "elements": [
                            {
                                "type": "text",
                                "text": "I'm wrapping up work and will begin getting ready for 6:00pm. I will probably be a little late, maybe 6:10pm."
                            }
                        ]
                    }
                ]
            }
        ],
        "team": "T042E1514F3",
        "user_team": "T042E1514F3",
        "source_team": "T042E1514F3",
        "user_profile": {
            "avatar_hash": "g6730f37144b",
            "image_72": "https:\/\/secure.gravatar.com\/avatar\/6730f37144bd6ae505b97012a7f22a66.jpg?s=72&d=https%3A%2F%2Fa.slack-edge.com%2Fdf10d%2Fimg%2Favatars%2Fava_0006-72.png",
            "first_name": "chris",
            "real_name": "chris",
            "display_name": "",
            "team": "T042E1514F3",
            "name": "chris",
            "is_restricted": false,
            "is_ultra_restricted": false
        }
    },
    {
        "client_msg_id": "17e352aa-6093-4b06-bdc2-a68a1d3175f8",
        "type": "message",
        "text": "<@U042R51RY2C> Am I driving you to and from the competition on Monday?  If so, I need to find out where to pick you up, and I will need the permission slip that is in the homework channel.  I'd be picking you up about 3 am to get to ISU at 5 am.",
        "user": "U0421AQBX8B",
        "ts": "1684201684.833609",
        "blocks": [
            {
                "type": "rich_text",
                "block_id": "o+d",
                "elements": [
                    {
                        "type": "rich_text_section",
                        "elements": [
                            {
                                "type": "user",
                                "user_id": "U042R51RY2C"
                            },
                            {
                                "type": "text",
                                "text": " Am I driving you to and from the competition on Monday?  If so, I need to find out where to pick you up, and I will need the permission slip that is in the homework channel.  I'd be picking you up about 3 am to get to ISU at 5 am."
                            }
                        ]
                    }
                ]
            }
        ],
        "team": "T042E1514F3",
        "user_team": "T042E1514F3",
        "source_team": "T042E1514F3",
        "user_profile": {
            "avatar_hash": "g4c1eed42032",
            "image_72": "https:\/\/secure.gravatar.com\/avatar\/4c1eed420327197d000fb89a053a08f3.jpg?s=72&d=https%3A%2F%2Fa.slack-edge.com%2Fdf10d%2Fimg%2Favatars%2Fava_0013-72.png",
            "first_name": "Daniel",
            "real_name": "Daniel Tice",
            "display_name": "Daniel Tice",
            "team": "T042E1514F3",
            "name": "danielstice",
            "is_restricted": false,
            "is_ultra_restricted": false
        },
        "thread_ts": "1684201684.833609",
        "reply_count": 3,
        "reply_users_count": 1,
        "latest_reply": "1684515262.051399",
        "reply_users": [
            "U042R51RY2C"
        ],
        "replies": [
            {
                "user": "U042R51RY2C",
                "ts": "1684202675.035619"
            },
            {
                "user": "U042R51RY2C",
                "ts": "1684515244.998759"
            },
            {
                "user": "U042R51RY2C",
                "ts": "1684515262.051399"
            }
        ],
        "is_locked": false,
        "subscribed": false
    },
    {
        "client_msg_id": "bb4763c4-c394-4a9a-8ea2-26877eafad20",
        "type": "message",
        "text": "Not sure, give me a moment.",
        "user": "U042R51RY2C",
        "ts": "1684202675.035619",
        "blocks": [
            {
                "type": "rich_text",
                "block_id": "VqA",
                "elements": [
                    {
                        "type": "rich_text_section",
                        "elements": [
                            {
                                "type": "text",
                                "text": "Not sure, give me a moment."
                            }
                        ]
                    }
                ]
            }
        ],
        "team": "T042E1514F3",
        "user_team": "T042E1514F3",
        "source_team": "T042E1514F3",
        "user_profile": {
            "avatar_hash": "g24c32288d4d",
            "image_72": "https:\/\/secure.gravatar.com\/avatar\/24c32288d4dbbf5694cc5c9609ec1853.jpg?s=72&d=https%3A%2F%2Fa.slack-edge.com%2Fdf10d%2Fimg%2Favatars%2Fava_0017-72.png",
            "first_name": "Tristan",
            "real_name": "Tristan Ribble",
            "display_name": "",
            "team": "T042E1514F3",
            "name": "tmribble07",
            "is_restricted": false,
            "is_ultra_restricted": false
        },
        "thread_ts": "1684201684.833609",
        "parent_user_id": "U0421AQBX8B"
    }
]