[
    {
        "type": "message",
        "text": "@all, I was feeling pretty tired a while back so I took a food break. When I got back to my \"personal workspace\" (meaning the living room, not my office), my dog Rosie had taken over my chair. I had to work out a compromise with her just to sit down, and we've been enjoying a little dog\/owner time ever since.\n\nShe'll get up as soon as Margie comes home in the next few minutes and then I'll look at networking on those VMs, like I said I would. :-)",
        "files": [
            {
                "id": "F053KTRPR9T",
                "created": 1681782424,
                "timestamp": 1681782424,
                "name": "PXL_20230418_014253818.jpg",
                "title": "PXL_20230418_014253818.jpg",
                "mimetype": "image\/jpeg",
                "filetype": "jpg",
                "pretty_type": "JPEG",
                "user": "U042R3B76SC",
                "user_team": "T042E1514F3",
                "editable": false,
                "size": 675034,
                "mode": "hosted",
                "is_external": false,
                "external_type": "",
                "is_public": true,
                "public_url_shared": false,
                "display_as_bot": false,
                "username": "",
                "url_private": "https:\/\/files.slack.com\/files-pri\/T042E1514F3-F053KTRPR9T\/pxl_20230418_014253818.jpg?t=xoxe-4082039038513-5909763746612-5907217023875-336a8277661c30aa211f6bb0466e7c24",
                "url_private_download": "https:\/\/files.slack.com\/files-pri\/T042E1514F3-F053KTRPR9T\/download\/pxl_20230418_014253818.jpg?t=xoxe-4082039038513-5909763746612-5907217023875-336a8277661c30aa211f6bb0466e7c24",
                "media_display_type": "unknown",
                "thumb_64": "https:\/\/files.slack.com\/files-tmb\/T042E1514F3-F053KTRPR9T-ee069803ac\/pxl_20230418_014253818_64.jpg?t=xoxe-4082039038513-5909763746612-5907217023875-336a8277661c30aa211f6bb0466e7c24",
                "thumb_80": "https:\/\/files.slack.com\/files-tmb\/T042E1514F3-F053KTRPR9T-ee069803ac\/pxl_20230418_014253818_80.jpg?t=xoxe-4082039038513-5909763746612-5907217023875-336a8277661c30aa211f6bb0466e7c24",
                "thumb_360": "https:\/\/files.slack.com\/files-tmb\/T042E1514F3-F053KTRPR9T-ee069803ac\/pxl_20230418_014253818_360.jpg?t=xoxe-4082039038513-5909763746612-5907217023875-336a8277661c30aa211f6bb0466e7c24",
                "thumb_360_w": 271,
                "thumb_360_h": 360,
                "thumb_480": "https:\/\/files.slack.com\/files-tmb\/T042E1514F3-F053KTRPR9T-ee069803ac\/pxl_20230418_014253818_480.jpg?t=xoxe-4082039038513-5909763746612-5907217023875-336a8277661c30aa211f6bb0466e7c24",
                "thumb_480_w": 361,
                "thumb_480_h": 480,
                "thumb_160": "https:\/\/files.slack.com\/files-tmb\/T042E1514F3-F053KTRPR9T-ee069803ac\/pxl_20230418_014253818_160.jpg?t=xoxe-4082039038513-5909763746612-5907217023875-336a8277661c30aa211f6bb0466e7c24",
                "thumb_720": "https:\/\/files.slack.com\/files-tmb\/T042E1514F3-F053KTRPR9T-ee069803ac\/pxl_20230418_014253818_720.jpg?t=xoxe-4082039038513-5909763746612-5907217023875-336a8277661c30aa211f6bb0466e7c24",
                "thumb_720_w": 542,
                "thumb_720_h": 720,
                "thumb_800": "https:\/\/files.slack.com\/files-tmb\/T042E1514F3-F053KTRPR9T-ee069803ac\/pxl_20230418_014253818_800.jpg?t=xoxe-4082039038513-5909763746612-5907217023875-336a8277661c30aa211f6bb0466e7c24",
                "thumb_800_w": 800,
                "thumb_800_h": 1063,
                "thumb_960": "https:\/\/files.slack.com\/files-tmb\/T042E1514F3-F053KTRPR9T-ee069803ac\/pxl_20230418_014253818_960.jpg?t=xoxe-4082039038513-5909763746612-5907217023875-336a8277661c30aa211f6bb0466e7c24",
                "thumb_960_w": 723,
                "thumb_960_h": 960,
                "thumb_1024": "https:\/\/files.slack.com\/files-tmb\/T042E1514F3-F053KTRPR9T-ee069803ac\/pxl_20230418_014253818_1024.jpg?t=xoxe-4082039038513-5909763746612-5907217023875-336a8277661c30aa211f6bb0466e7c24",
                "thumb_1024_w": 771,
                "thumb_1024_h": 1024,
                "original_w": 3072,
                "original_h": 4080,
                "thumb_tiny": "AwAwACSFZSq4HHvS+a2OQDUIBPanFGUelIq5YtyGLNjpxUjOAcdzVSKbyo24yTSiTf8AvDgY4wKaIldstgE0u1qri6wMZNL9q9zWmhGpFHMQSDgD0FNlk3k7Bx6UvmAAgKDnrRgMCykj2\/wrE2E8jKZDZ\/CmEMgZOrZ7VcSIKNy898GoH\/dSE5yzc5I5FNMTIMP\/AHW\/WjD\/AN1v1qUTSsM7yKXzZf8AnoaYDR7YqZFRj71XjOeO1WYEIyTUsaHbSoAB46VFcrlM96lkkUnaOx5pkvKHFNAysn3aWmKcDp+tLu9v1pkn\/9k=",
                "permalink": "https:\/\/cyberdefense2022-2023.slack.com\/files\/U042R3B76SC\/F053KTRPR9T\/pxl_20230418_014253818.jpg",
                "permalink_public": "https:\/\/slack-files.com\/T042E1514F3-F053KTRPR9T-a65c750a98",
                "is_starred": false,
                "has_rich_preview": false,
                "file_access": "visible"
            }
        ],
        "upload": false,
        "user": "U042R3B76SC",
        "display_as_bot": false,
        "ts": "1681782429.458199",
        "blocks": [
            {
                "type": "rich_text",
                "block_id": "WN\/",
                "elements": [
                    {
                        "type": "rich_text_section",
                        "elements": [
                            {
                                "type": "text",
                                "text": "@all, I was feeling pretty tired a while back so I took a food break. When I got back to my \"personal workspace\" (meaning the living room, not my office), my dog Rosie had taken over my chair. I had to work out a compromise with her just to sit down, and we've been enjoying a little dog\/owner time ever since.\n\nShe'll get up as soon as Margie comes home in the next few minutes and then I'll look at networking on those VMs, like I said I would. :-)"
                            }
                        ]
                    }
                ]
            }
        ],
        "client_msg_id": "95a7fe1e-721c-4269-a247-c7dfdeb3786d",
        "reactions": [
            {
                "name": "slightly_smiling_face",
                "users": [
                    "U042U2F450R"
                ],
                "count": 1
            }
        ]
    }
]