[
    {
        "client_msg_id": "9cb9eca6-9459-4aca-85de-d8c1e19086b5",
        "type": "message",
        "text": "So, shall I assume that the team has become embroiled in international political intrigue?\n\"bump bump\"\n\n<@U042R51RY2C> <@U041LSQC38X> (please look a couple posts up)",
        "user": "U042R3B76SC",
        "ts": "1692847143.865399",
        "blocks": [
            {
                "type": "rich_text",
                "block_id": "BK43",
                "elements": [
                    {
                        "type": "rich_text_section",
                        "elements": [
                            {
                                "type": "text",
                                "text": "So, shall I assume that the team has become embroiled in international political intrigue?\n\"bump bump\"\n\n"
                            },
                            {
                                "type": "user",
                                "user_id": "U042R51RY2C"
                            },
                            {
                                "type": "text",
                                "text": " "
                            },
                            {
                                "type": "user",
                                "user_id": "U041LSQC38X"
                            },
                            {
                                "type": "text",
                                "text": " (please look a couple posts up)"
                            }
                        ]
                    }
                ]
            }
        ],
        "team": "T042E1514F3",
        "user_team": "T042E1514F3",
        "source_team": "T042E1514F3",
        "user_profile": {
            "avatar_hash": "g6730f37144b",
            "image_72": "https:\/\/secure.gravatar.com\/avatar\/6730f37144bd6ae505b97012a7f22a66.jpg?s=72&d=https%3A%2F%2Fa.slack-edge.com%2Fdf10d%2Fimg%2Favatars%2Fava_0006-72.png",
            "first_name": "chris",
            "real_name": "chris",
            "display_name": "",
            "team": "T042E1514F3",
            "name": "chris",
            "is_restricted": false,
            "is_ultra_restricted": false
        }
    },
    {
        "client_msg_id": "1863f07c-53a4-4493-a0a3-eee187434fe7",
        "type": "message",
        "text": "I've heard it's pretty hot this week, so if you want to stay home and have a remote meeting, I understand. I'm just trying to know that ahead of time. Thanks.",
        "user": "U042R3B76SC",
        "ts": "1692847198.864699",
        "blocks": [
            {
                "type": "rich_text",
                "block_id": "jql",
                "elements": [
                    {
                        "type": "rich_text_section",
                        "elements": [
                            {
                                "type": "text",
                                "text": "I've heard it's pretty hot this week, so if you want to stay home and have a remote meeting, I understand. I'm just trying to know that ahead of time. Thanks."
                            }
                        ]
                    }
                ]
            }
        ],
        "team": "T042E1514F3",
        "user_team": "T042E1514F3",
        "source_team": "T042E1514F3",
        "user_profile": {
            "avatar_hash": "g6730f37144b",
            "image_72": "https:\/\/secure.gravatar.com\/avatar\/6730f37144bd6ae505b97012a7f22a66.jpg?s=72&d=https%3A%2F%2Fa.slack-edge.com%2Fdf10d%2Fimg%2Favatars%2Fava_0006-72.png",
            "first_name": "chris",
            "real_name": "chris",
            "display_name": "",
            "team": "T042E1514F3",
            "name": "chris",
            "is_restricted": false,
            "is_ultra_restricted": false
        }
    }
]