[
    {
        "client_msg_id": "6f61585f-d7ed-4331-8f17-90b050ae9e12",
        "type": "message",
        "text": "Hi folks. I have an ASAP question for you. It regards trying to figure out why my building badge was deactivated, and reconciling my office visit timeline with the audit that led to my badge deactivation. Can you do a sanity check for me and tell me if we met at the GoDaddy office, gaining entrance with my badge, on both July 6th and July 13th?",
        "user": "U042R3B76SC",
        "ts": "1690215453.568919",
        "blocks": [
            {
                "type": "rich_text",
                "block_id": "LjJVV",
                "elements": [
                    {
                        "type": "rich_text_section",
                        "elements": [
                            {
                                "type": "text",
                                "text": "Hi folks. I have an ASAP question for you. It regards trying to figure out why my building badge was deactivated, and reconciling my office visit timeline with the audit that led to my badge deactivation. Can you do a sanity check for me and tell me if we met at the GoDaddy office, gaining entrance with my badge, on both July 6th and July 13th?"
                            }
                        ]
                    }
                ]
            }
        ],
        "team": "T042E1514F3",
        "user_team": "T042E1514F3",
        "source_team": "T042E1514F3",
        "user_profile": {
            "avatar_hash": "g6730f37144b",
            "image_72": "https:\/\/secure.gravatar.com\/avatar\/6730f37144bd6ae505b97012a7f22a66.jpg?s=72&d=https%3A%2F%2Fa.slack-edge.com%2Fdf10d%2Fimg%2Favatars%2Fava_0006-72.png",
            "first_name": "chris",
            "real_name": "chris",
            "display_name": "",
            "team": "T042E1514F3",
            "name": "chris",
            "is_restricted": false,
            "is_ultra_restricted": false
        }
    },
    {
        "client_msg_id": "60A4F873-C0AB-4507-B111-076AD8F7E4ED",
        "type": "message",
        "text": "Yeah, I remember walking in and your badge working on both days",
        "user": "U042R51RY2C",
        "ts": "1690216522.102199",
        "blocks": [
            {
                "type": "rich_text",
                "block_id": "oOB1",
                "elements": [
                    {
                        "type": "rich_text_section",
                        "elements": [
                            {
                                "type": "text",
                                "text": "Yeah, I remember walking in and your badge working on both days"
                            }
                        ]
                    }
                ]
            }
        ],
        "team": "T042E1514F3",
        "user_team": "T042E1514F3",
        "source_team": "T042E1514F3",
        "user_profile": {
            "avatar_hash": "g24c32288d4d",
            "image_72": "https:\/\/secure.gravatar.com\/avatar\/24c32288d4dbbf5694cc5c9609ec1853.jpg?s=72&d=https%3A%2F%2Fa.slack-edge.com%2Fdf10d%2Fimg%2Favatars%2Fava_0017-72.png",
            "first_name": "Tristan",
            "real_name": "Tristan Ribble",
            "display_name": "",
            "team": "T042E1514F3",
            "name": "tmribble07",
            "is_restricted": false,
            "is_ultra_restricted": false
        }
    },
    {
        "client_msg_id": "4eceb034-3dbb-48d1-b102-dceb4ddef2fa",
        "type": "message",
        "text": "Perfect - thank you!",
        "user": "U042R3B76SC",
        "ts": "1690216540.195809",
        "blocks": [
            {
                "type": "rich_text",
                "block_id": "Nsa6",
                "elements": [
                    {
                        "type": "rich_text_section",
                        "elements": [
                            {
                                "type": "text",
                                "text": "Perfect - thank you!"
                            }
                        ]
                    }
                ]
            }
        ],
        "team": "T042E1514F3",
        "user_team": "T042E1514F3",
        "source_team": "T042E1514F3",
        "user_profile": {
            "avatar_hash": "g6730f37144b",
            "image_72": "https:\/\/secure.gravatar.com\/avatar\/6730f37144bd6ae505b97012a7f22a66.jpg?s=72&d=https%3A%2F%2Fa.slack-edge.com%2Fdf10d%2Fimg%2Favatars%2Fava_0006-72.png",
            "first_name": "chris",
            "real_name": "chris",
            "display_name": "",
            "team": "T042E1514F3",
            "name": "chris",
            "is_restricted": false,
            "is_ultra_restricted": false
        }
    }
]