[
    {
        "client_msg_id": "873cd819-8b87-42dc-a80d-5a59c4d83072",
        "type": "message",
        "text": "So tomorrow, I am going to a Radio Field Day at Ingawanis Adventure Base in Waverly, where a bunch of ham radio people get together and do some really cool stuff.  I thought I'd extend the invitation to you guys, as if you plan on going into some sort of networking job and work with wireless access stuff, this could be really useful!  We'll be there basically all afternoon and evening.",
        "user": "U041LSQC38X",
        "ts": "1674844817.863949",
        "blocks": [
            {
                "type": "rich_text",
                "block_id": "9mm",
                "elements": [
                    {
                        "type": "rich_text_section",
                        "elements": [
                            {
                                "type": "text",
                                "text": "So tomorrow, I am going to a Radio Field Day at Ingawanis Adventure Base in Waverly, where a bunch of ham radio people get together and do some really cool stuff.  I thought I'd extend the invitation to you guys, as if you plan on going into some sort of networking job and work with wireless access stuff, this could be really useful!  We'll be there basically all afternoon and evening."
                            }
                        ]
                    }
                ]
            }
        ],
        "team": "T042E1514F3",
        "user_team": "T042E1514F3",
        "source_team": "T042E1514F3",
        "user_profile": {
            "avatar_hash": "g60b962e7353",
            "image_72": "https:\/\/secure.gravatar.com\/avatar\/60b962e73536af1009870d33a2ba0516.jpg?s=72&d=https%3A%2F%2Fa.slack-edge.com%2Fdf10d%2Fimg%2Favatars%2Fava_0012-72.png",
            "first_name": "Michael",
            "real_name": "Michael Tice",
            "display_name": "Michael Tice",
            "team": "T042E1514F3",
            "name": "michael.tice",
            "is_restricted": false,
            "is_ultra_restricted": false
        },
        "reactions": [
            {
                "name": "+1::skin-tone-2",
                "users": [
                    "U042R3B76SC"
                ],
                "count": 1
            },
            {
                "name": "+1",
                "users": [
                    "U041LSQC38X"
                ],
                "count": 1
            }
        ]
    }
]