[
    {
        "client_msg_id": "fbdcf4c0-8138-4ed3-b6df-ffdba208880e",
        "type": "message",
        "text": "<@U042R3B76SC> can we meet now to work on the server? I don't remember if you said you were available today.",
        "user": "U042U2F450R",
        "ts": "1684435847.368219",
        "blocks": [
            {
                "type": "rich_text",
                "block_id": "jLSi6",
                "elements": [
                    {
                        "type": "rich_text_section",
                        "elements": [
                            {
                                "type": "user",
                                "user_id": "U042R3B76SC"
                            },
                            {
                                "type": "text",
                                "text": " can we meet now to work on the server? I don't remember if you said you were available today."
                            }
                        ]
                    }
                ]
            }
        ],
        "team": "T042E1514F3",
        "user_team": "T042E1514F3",
        "source_team": "T042E1514F3",
        "user_profile": {
            "avatar_hash": "gff8e94624db",
            "image_72": "https:\/\/secure.gravatar.com\/avatar\/ff8e94624db08a84843122675f06ea92.jpg?s=72&d=https%3A%2F%2Fa.slack-edge.com%2Fdf10d%2Fimg%2Favatars%2Fava_0004-72.png",
            "first_name": "Anna",
            "real_name": "Anna",
            "display_name": "Anna",
            "team": "T042E1514F3",
            "name": "annam45",
            "is_restricted": false,
            "is_ultra_restricted": false
        },
        "reactions": [
            {
                "name": "+1::skin-tone-2",
                "users": [
                    "U042R3B76SC"
                ],
                "count": 1
            }
        ]
    }
]