[
    {
        "client_msg_id": "238a5968-ce10-4d2d-aa78-2b2a0366f637",
        "type": "message",
        "text": "Sorry I said I'd scheduled the meetings for 6:30 in my post at 4:16pm yesterday - they are scheduled for 6:00, and I have corrected the post. When I make conflicting statements like that, please Slack\/text\/call me (try in that order and give me a couple of minutes to reply on each) and I will clarify.",
        "user": "U042R3B76SC",
        "ts": "1684255524.521489",
        "blocks": [
            {
                "type": "rich_text",
                "block_id": "CMk",
                "elements": [
                    {
                        "type": "rich_text_section",
                        "elements": [
                            {
                                "type": "text",
                                "text": "Sorry I said I'd scheduled the meetings for 6:30 in my post at 4:16pm yesterday - they are scheduled for 6:00, and I have corrected the post. When I make conflicting statements like that, please Slack\/text\/call me (try in that order and give me a couple of minutes to reply on each) and I will clarify."
                            }
                        ]
                    }
                ]
            }
        ],
        "team": "T042E1514F3",
        "user_team": "T042E1514F3",
        "source_team": "T042E1514F3",
        "user_profile": {
            "avatar_hash": "g6730f37144b",
            "image_72": "https:\/\/secure.gravatar.com\/avatar\/6730f37144bd6ae505b97012a7f22a66.jpg?s=72&d=https%3A%2F%2Fa.slack-edge.com%2Fdf10d%2Fimg%2Favatars%2Fava_0006-72.png",
            "first_name": "chris",
            "real_name": "chris",
            "display_name": "",
            "team": "T042E1514F3",
            "name": "chris",
            "is_restricted": false,
            "is_ultra_restricted": false
        }
    }
]