[
    {
        "client_msg_id": "593f9191-850c-4458-a265-9c542f4a9294",
        "type": "message",
        "text": "Just adding to Michael's post, let's also add Thursday at 6.  So, Monday, Wednesday and Thursday.  Anna can join us when she can on Wednesday.  Sound good?",
        "user": "U0421AQBX8B",
        "ts": "1684039788.224189",
        "blocks": [
            {
                "type": "rich_text",
                "block_id": "B1f",
                "elements": [
                    {
                        "type": "rich_text_section",
                        "elements": [
                            {
                                "type": "text",
                                "text": "Just adding to Michael's post, let's also add Thursday at 6.  So, Monday, Wednesday and Thursday.  Anna can join us when she can on Wednesday.  Sound good?"
                            }
                        ]
                    }
                ]
            }
        ],
        "team": "T042E1514F3",
        "user_team": "T042E1514F3",
        "source_team": "T042E1514F3",
        "user_profile": {
            "avatar_hash": "g4c1eed42032",
            "image_72": "https:\/\/secure.gravatar.com\/avatar\/4c1eed420327197d000fb89a053a08f3.jpg?s=72&d=https%3A%2F%2Fa.slack-edge.com%2Fdf10d%2Fimg%2Favatars%2Fava_0013-72.png",
            "first_name": "Daniel",
            "real_name": "Daniel Tice",
            "display_name": "Daniel Tice",
            "team": "T042E1514F3",
            "name": "danielstice",
            "is_restricted": false,
            "is_ultra_restricted": false
        },
        "reactions": [
            {
                "name": "+1::skin-tone-2",
                "users": [
                    "U042R3B76SC",
                    "U042U2F450R"
                ],
                "count": 2
            }
        ]
    }
]