[
    {
        "client_msg_id": "9e6abdec-b2a9-4136-b790-fcf059c0bda6",
        "type": "message",
        "text": "OK -- we are trying again!",
        "user": "U0421AQBX8B",
        "ts": "1686161409.243619",
        "blocks": [
            {
                "type": "rich_text",
                "block_id": "GHsv",
                "elements": [
                    {
                        "type": "rich_text_section",
                        "elements": [
                            {
                                "type": "text",
                                "text": "OK -- we are trying again!"
                            }
                        ]
                    }
                ]
            }
        ],
        "team": "T042E1514F3",
        "user_team": "T042E1514F3",
        "source_team": "T042E1514F3",
        "user_profile": {
            "avatar_hash": "g4c1eed42032",
            "image_72": "https:\/\/secure.gravatar.com\/avatar\/4c1eed420327197d000fb89a053a08f3.jpg?s=72&d=https%3A%2F%2Fa.slack-edge.com%2Fdf10d%2Fimg%2Favatars%2Fava_0013-72.png",
            "first_name": "Daniel",
            "real_name": "Daniel Tice",
            "display_name": "Daniel Tice",
            "team": "T042E1514F3",
            "name": "danielstice",
            "is_restricted": false,
            "is_ultra_restricted": false
        },
        "thread_ts": "1686161409.243619",
        "reply_count": 1,
        "reply_users_count": 1,
        "latest_reply": "1686161806.421239",
        "reply_users": [
            "U042R3B76SC"
        ],
        "replies": [
            {
                "user": "U042R3B76SC",
                "ts": "1686161806.421239"
            }
        ],
        "is_locked": false,
        "subscribed": true,
        "last_read": "1686161806.421239"
    },
    {
        "client_msg_id": "23c251c4-2251-4295-a345-67b0fd68c617",
        "type": "message",
        "text": "For next week, to debrief, can Anna, Tristan, Michael and Chris meet either Thursday evening, Friday evening or Saturday morning?  I'm pretty sure that if we don't meet next week, it will be at least mid July, so it may be better to go with who we have.",
        "user": "U0421AQBX8B",
        "ts": "1686161618.683139",
        "blocks": [
            {
                "type": "rich_text",
                "block_id": "AbmDh",
                "elements": [
                    {
                        "type": "rich_text_section",
                        "elements": [
                            {
                                "type": "text",
                                "text": "For next week, to debrief, can Anna, Tristan, Michael and Chris meet either Thursday evening, Friday evening or Saturday morning?  I'm pretty sure that if we don't meet next week, it will be at least mid July, so it may be better to go with who we have."
                            }
                        ]
                    }
                ]
            }
        ],
        "team": "T042E1514F3",
        "user_team": "T042E1514F3",
        "source_team": "T042E1514F3",
        "user_profile": {
            "avatar_hash": "g4c1eed42032",
            "image_72": "https:\/\/secure.gravatar.com\/avatar\/4c1eed420327197d000fb89a053a08f3.jpg?s=72&d=https%3A%2F%2Fa.slack-edge.com%2Fdf10d%2Fimg%2Favatars%2Fava_0013-72.png",
            "first_name": "Daniel",
            "real_name": "Daniel Tice",
            "display_name": "Daniel Tice",
            "team": "T042E1514F3",
            "name": "danielstice",
            "is_restricted": false,
            "is_ultra_restricted": false
        }
    },
    {
        "client_msg_id": "9090196d-0625-4e1d-8065-3ca54cc860da",
        "type": "message",
        "text": "I'm available for all three. Order of preference:\n1. Thursday evening\n2. Saturday morning\n3. Friday evening\nHowever, I'm happy to meet at whichever time works best.",
        "user": "U042R3B76SC",
        "ts": "1686161806.421239",
        "blocks": [
            {
                "type": "rich_text",
                "block_id": "DiU\/",
                "elements": [
                    {
                        "type": "rich_text_section",
                        "elements": [
                            {
                                "type": "text",
                                "text": "I'm available for all three. Order of preference:\n"
                            }
                        ]
                    },
                    {
                        "type": "rich_text_list",
                        "elements": [
                            {
                                "type": "rich_text_section",
                                "elements": [
                                    {
                                        "type": "text",
                                        "text": "Thursday evening"
                                    }
                                ]
                            },
                            {
                                "type": "rich_text_section",
                                "elements": [
                                    {
                                        "type": "text",
                                        "text": "Saturday morning"
                                    }
                                ]
                            },
                            {
                                "type": "rich_text_section",
                                "elements": [
                                    {
                                        "type": "text",
                                        "text": "Friday evening"
                                    }
                                ]
                            }
                        ],
                        "style": "ordered",
                        "indent": 0,
                        "border": 0
                    },
                    {
                        "type": "rich_text_section",
                        "elements": [
                            {
                                "type": "text",
                                "text": "\nHowever, I'm happy to meet at whichever time works best."
                            }
                        ]
                    }
                ]
            }
        ],
        "team": "T042E1514F3",
        "user_team": "T042E1514F3",
        "source_team": "T042E1514F3",
        "user_profile": {
            "avatar_hash": "g6730f37144b",
            "image_72": "https:\/\/secure.gravatar.com\/avatar\/6730f37144bd6ae505b97012a7f22a66.jpg?s=72&d=https%3A%2F%2Fa.slack-edge.com%2Fdf10d%2Fimg%2Favatars%2Fava_0006-72.png",
            "first_name": "chris",
            "real_name": "chris",
            "display_name": "",
            "team": "T042E1514F3",
            "name": "chris",
            "is_restricted": false,
            "is_ultra_restricted": false
        },
        "thread_ts": "1686161409.243619",
        "parent_user_id": "U0421AQBX8B"
    },
    {
        "client_msg_id": "f290871b-348e-4c64-a264-e3c056759a4e",
        "type": "message",
        "text": "For July and August, I understand Tristan and Michael are going to work with Chris on SQL stuff and \"road rage based\" therapy sessions.  It looks like everyone is available Thursday evenings.  Could we start July 6?  Anna, if you decide you would like to come, you are, of course, welcome, but I also appreciate the need for a break!  Michael and Tristan, you are free to extend the invitation to the folks that might be joining next year.  This may be the tallest Cyber Defense team we have ever had!",
        "user": "U0421AQBX8B",
        "ts": "1686161853.712669",
        "blocks": [
            {
                "type": "rich_text",
                "block_id": "r74",
                "elements": [
                    {
                        "type": "rich_text_section",
                        "elements": [
                            {
                                "type": "text",
                                "text": "For July and August, I understand Tristan and Michael are going to work with Chris on SQL stuff and \"road rage based\" therapy sessions.  It looks like everyone is available Thursday evenings.  Could we start July 6?  Anna, if you decide you would like to come, you are, of course, welcome, but I also appreciate the need for a break!  Michael and Tristan, you are free to extend the invitation to the folks that might be joining next year.  This may be the tallest Cyber Defense team we have ever had!"
                            }
                        ]
                    }
                ]
            }
        ],
        "team": "T042E1514F3",
        "user_team": "T042E1514F3",
        "source_team": "T042E1514F3",
        "user_profile": {
            "avatar_hash": "g4c1eed42032",
            "image_72": "https:\/\/secure.gravatar.com\/avatar\/4c1eed420327197d000fb89a053a08f3.jpg?s=72&d=https%3A%2F%2Fa.slack-edge.com%2Fdf10d%2Fimg%2Favatars%2Fava_0013-72.png",
            "first_name": "Daniel",
            "real_name": "Daniel Tice",
            "display_name": "Daniel Tice",
            "team": "T042E1514F3",
            "name": "danielstice",
            "is_restricted": false,
            "is_ultra_restricted": false
        },
        "thread_ts": "1686161853.712669",
        "reply_count": 1,
        "reply_users_count": 1,
        "latest_reply": "1686929536.908529",
        "reply_users": [
            "U042R3B76SC"
        ],
        "replies": [
            {
                "user": "U042R3B76SC",
                "ts": "1686929536.908529"
            }
        ],
        "is_locked": false,
        "subscribed": true,
        "last_read": "1686929536.908529"
    },
    {
        "client_msg_id": "1e002611-c4f7-41c7-ab5f-d256f02c8cba",
        "type": "message",
        "text": "<!everyone>",
        "user": "U0421AQBX8B",
        "ts": "1686161902.753909",
        "blocks": [
            {
                "type": "rich_text",
                "block_id": "RwKUC",
                "elements": [
                    {
                        "type": "rich_text_section",
                        "elements": [
                            {
                                "type": "broadcast",
                                "range": "everyone"
                            }
                        ]
                    }
                ]
            }
        ],
        "team": "T042E1514F3",
        "user_team": "T042E1514F3",
        "source_team": "T042E1514F3",
        "user_profile": {
            "avatar_hash": "g4c1eed42032",
            "image_72": "https:\/\/secure.gravatar.com\/avatar\/4c1eed420327197d000fb89a053a08f3.jpg?s=72&d=https%3A%2F%2Fa.slack-edge.com%2Fdf10d%2Fimg%2Favatars%2Fava_0013-72.png",
            "first_name": "Daniel",
            "real_name": "Daniel Tice",
            "display_name": "Daniel Tice",
            "team": "T042E1514F3",
            "name": "danielstice",
            "is_restricted": false,
            "is_ultra_restricted": false
        }
    },
    {
        "client_msg_id": "101b4b55-3375-41f3-8000-bb20bd64527d",
        "type": "message",
        "text": "I won't know my availability until I get my work schedule. I will get my schedule on Thursday or Friday.",
        "user": "U042U2F450R",
        "ts": "1686165917.678639",
        "blocks": [
            {
                "type": "rich_text",
                "block_id": "Y83K",
                "elements": [
                    {
                        "type": "rich_text_section",
                        "elements": [
                            {
                                "type": "text",
                                "text": "I won't know my availability until I get my work schedule. I will get my schedule on Thursday or Friday."
                            }
                        ]
                    }
                ]
            }
        ],
        "team": "T042E1514F3",
        "user_team": "T042E1514F3",
        "source_team": "T042E1514F3",
        "user_profile": {
            "avatar_hash": "gff8e94624db",
            "image_72": "https:\/\/secure.gravatar.com\/avatar\/ff8e94624db08a84843122675f06ea92.jpg?s=72&d=https%3A%2F%2Fa.slack-edge.com%2Fdf10d%2Fimg%2Favatars%2Fava_0004-72.png",
            "first_name": "Anna",
            "real_name": "Anna",
            "display_name": "Anna",
            "team": "T042E1514F3",
            "name": "annam45",
            "is_restricted": false,
            "is_ultra_restricted": false
        }
    },
    {
        "client_msg_id": "B96099F6-27B0-4AFE-8D53-3F64C8942B70",
        "type": "message",
        "text": "Where are we going to be meeting for the event(s)?",
        "user": "U042R51RY2C",
        "ts": "1686176644.656799",
        "blocks": [
            {
                "type": "rich_text",
                "block_id": "AXVm",
                "elements": [
                    {
                        "type": "rich_text_section",
                        "elements": [
                            {
                                "type": "text",
                                "text": "Where are we going to be meeting for the event(s)?"
                            }
                        ]
                    }
                ]
            }
        ],
        "team": "T042E1514F3",
        "user_team": "T042E1514F3",
        "source_team": "T042E1514F3",
        "user_profile": {
            "avatar_hash": "g24c32288d4d",
            "image_72": "https:\/\/secure.gravatar.com\/avatar\/24c32288d4dbbf5694cc5c9609ec1853.jpg?s=72&d=https%3A%2F%2Fa.slack-edge.com%2Fdf10d%2Fimg%2Favatars%2Fava_0017-72.png",
            "first_name": "Tristan",
            "real_name": "Tristan Ribble",
            "display_name": "",
            "team": "T042E1514F3",
            "name": "tmribble07",
            "is_restricted": false,
            "is_ultra_restricted": false
        },
        "edited": {
            "user": "U042R51RY2C",
            "ts": "1686176663.000000"
        }
    }
]