[
    {
        "client_msg_id": "ed25e747-68e3-480a-9600-5565b60542b7",
        "type": "message",
        "text": "I'm on call and currently going a little bit above and beyond to help somebody understand something, but I'm wrapping up and will be there in a couple minutes.",
        "user": "U042R3B76SC",
        "ts": "1692313197.446649",
        "blocks": [
            {
                "type": "rich_text",
                "block_id": "L+AS",
                "elements": [
                    {
                        "type": "rich_text_section",
                        "elements": [
                            {
                                "type": "text",
                                "text": "I'm on call and currently going a little bit above and beyond to help somebody understand something, but I'm wrapping up and will be there in a couple minutes."
                            }
                        ]
                    }
                ]
            }
        ],
        "team": "T042E1514F3",
        "user_team": "T042E1514F3",
        "source_team": "T042E1514F3",
        "user_profile": {
            "avatar_hash": "g6730f37144b",
            "image_72": "https:\/\/secure.gravatar.com\/avatar\/6730f37144bd6ae505b97012a7f22a66.jpg?s=72&d=https%3A%2F%2Fa.slack-edge.com%2Fdf10d%2Fimg%2Favatars%2Fava_0006-72.png",
            "first_name": "chris",
            "real_name": "chris",
            "display_name": "",
            "team": "T042E1514F3",
            "name": "chris",
            "is_restricted": false,
            "is_ultra_restricted": false
        }
    }
]