[
    {
        "client_msg_id": "08039279-1574-431A-AD17-6BB554DE1865",
        "type": "message",
        "text": "I am only available to meet the 7, I have a camp 8-11.\nIn general I am available to meet at any day in the week except for Wednesday, and Sunday, give me a time, then I will try my hardest to make it work.",
        "user": "U042R51RY2C",
        "ts": "1685893477.870099",
        "blocks": [
            {
                "type": "rich_text",
                "block_id": "49i",
                "elements": [
                    {
                        "type": "rich_text_section",
                        "elements": [
                            {
                                "type": "text",
                                "text": "I am only available to meet the 7, I have a camp 8-11.\nIn general I am available to meet at any day in the week except for Wednesday, and Sunday, give me a time, then I will try my hardest to make it work."
                            }
                        ]
                    }
                ]
            }
        ],
        "team": "T042E1514F3",
        "user_team": "T042E1514F3",
        "source_team": "T042E1514F3",
        "user_profile": {
            "avatar_hash": "g24c32288d4d",
            "image_72": "https:\/\/secure.gravatar.com\/avatar\/24c32288d4dbbf5694cc5c9609ec1853.jpg?s=72&d=https%3A%2F%2Fa.slack-edge.com%2Fdf10d%2Fimg%2Favatars%2Fava_0017-72.png",
            "first_name": "Tristan",
            "real_name": "Tristan Ribble",
            "display_name": "",
            "team": "T042E1514F3",
            "name": "tmribble07",
            "is_restricted": false,
            "is_ultra_restricted": false
        }
    },
    {
        "client_msg_id": "e15102dc-16f4-4e82-9e35-3694f5d43ba3",
        "type": "message",
        "text": "Thanks, Dan.\nI am NOT available for debrief at the following times:\n\n1. Wednesday, June 7 at 7:00 PM. We have in-laws visiting from out-of-state until Thursday morning.\n2. Friday, June 9 at 10:00 AM. My boss has a meeting with his direct reports right at 10:00 AM. ",
        "user": "U042R3B76SC",
        "ts": "1685930664.542469",
        "blocks": [
            {
                "type": "rich_text",
                "block_id": "+brU",
                "elements": [
                    {
                        "type": "rich_text_section",
                        "elements": [
                            {
                                "type": "text",
                                "text": "Thanks, Dan.\nI am NOT available for debrief at the following times:\n\n"
                            }
                        ]
                    },
                    {
                        "type": "rich_text_list",
                        "elements": [
                            {
                                "type": "rich_text_section",
                                "elements": [
                                    {
                                        "type": "text",
                                        "text": "Wednesday, June 7 at 7:00 PM. We have in-laws visiting from out-of-state until Thursday morning."
                                    }
                                ]
                            },
                            {
                                "type": "rich_text_section",
                                "elements": [
                                    {
                                        "type": "text",
                                        "text": "Friday, June 9 at 10:00 AM. My boss has a meeting with his direct reports right at 10:00 AM. "
                                    }
                                ]
                            }
                        ],
                        "style": "ordered",
                        "indent": 0,
                        "border": 0
                    }
                ]
            }
        ],
        "team": "T042E1514F3",
        "user_team": "T042E1514F3",
        "source_team": "T042E1514F3",
        "user_profile": {
            "avatar_hash": "g6730f37144b",
            "image_72": "https:\/\/secure.gravatar.com\/avatar\/6730f37144bd6ae505b97012a7f22a66.jpg?s=72&d=https%3A%2F%2Fa.slack-edge.com%2Fdf10d%2Fimg%2Favatars%2Fava_0006-72.png",
            "first_name": "chris",
            "real_name": "chris",
            "display_name": "",
            "team": "T042E1514F3",
            "name": "chris",
            "is_restricted": false,
            "is_ultra_restricted": false
        },
        "edited": {
            "user": "U042R3B76SC",
            "ts": "1685930814.000000"
        }
    },
    {
        "client_msg_id": "879f25d6-a0bf-4a80-8b7b-0d52725b1545",
        "type": "message",
        "text": "I was trying to use fancy words that could be taken to mean \"to the point, brief, and clear.\"  :slightly_smiling_face:",
        "user": "U042R3B76SC",
        "ts": "1685930792.940029",
        "blocks": [
            {
                "type": "rich_text",
                "block_id": "tfZYd",
                "elements": [
                    {
                        "type": "rich_text_section",
                        "elements": [
                            {
                                "type": "text",
                                "text": "I was trying to use fancy words that could be taken to mean \"to the point, brief, and clear.\"  "
                            },
                            {
                                "type": "emoji",
                                "name": "slightly_smiling_face",
                                "unicode": "1f642"
                            }
                        ]
                    }
                ]
            }
        ],
        "team": "T042E1514F3",
        "user_team": "T042E1514F3",
        "source_team": "T042E1514F3",
        "user_profile": {
            "avatar_hash": "g6730f37144b",
            "image_72": "https:\/\/secure.gravatar.com\/avatar\/6730f37144bd6ae505b97012a7f22a66.jpg?s=72&d=https%3A%2F%2Fa.slack-edge.com%2Fdf10d%2Fimg%2Favatars%2Fava_0006-72.png",
            "first_name": "chris",
            "real_name": "chris",
            "display_name": "",
            "team": "T042E1514F3",
            "name": "chris",
            "is_restricted": false,
            "is_ultra_restricted": false
        },
        "thread_ts": "1685846275.739359",
        "parent_user_id": "U042U2F450R"
    },
    {
        "client_msg_id": "da0b3678-0765-414f-9a4b-3a1f3ea292f8",
        "type": "message",
        "text": "As for the summer, I can do any of the times listed.",
        "user": "U042R3B76SC",
        "ts": "1685930935.284019",
        "blocks": [
            {
                "type": "rich_text",
                "block_id": "SOI",
                "elements": [
                    {
                        "type": "rich_text_section",
                        "elements": [
                            {
                                "type": "text",
                                "text": "As for the summer, I can do any of the times listed."
                            }
                        ]
                    }
                ]
            }
        ],
        "team": "T042E1514F3",
        "user_team": "T042E1514F3",
        "source_team": "T042E1514F3",
        "user_profile": {
            "avatar_hash": "g6730f37144b",
            "image_72": "https:\/\/secure.gravatar.com\/avatar\/6730f37144bd6ae505b97012a7f22a66.jpg?s=72&d=https%3A%2F%2Fa.slack-edge.com%2Fdf10d%2Fimg%2Favatars%2Fava_0006-72.png",
            "first_name": "chris",
            "real_name": "chris",
            "display_name": "",
            "team": "T042E1514F3",
            "name": "chris",
            "is_restricted": false,
            "is_ultra_restricted": false
        }
    },
    {
        "client_msg_id": "a5628dd4-5673-4353-b422-45b49ff3bedc",
        "type": "message",
        "text": "I know. I was joking.",
        "user": "U042U2F450R",
        "ts": "1685937056.438619",
        "blocks": [
            {
                "type": "rich_text",
                "block_id": "eSN",
                "elements": [
                    {
                        "type": "rich_text_section",
                        "elements": [
                            {
                                "type": "text",
                                "text": "I know. I was joking."
                            }
                        ]
                    }
                ]
            }
        ],
        "team": "T042E1514F3",
        "user_team": "T042E1514F3",
        "source_team": "T042E1514F3",
        "user_profile": {
            "avatar_hash": "gff8e94624db",
            "image_72": "https:\/\/secure.gravatar.com\/avatar\/ff8e94624db08a84843122675f06ea92.jpg?s=72&d=https%3A%2F%2Fa.slack-edge.com%2Fdf10d%2Fimg%2Favatars%2Fava_0004-72.png",
            "first_name": "Anna",
            "real_name": "Anna",
            "display_name": "Anna",
            "team": "T042E1514F3",
            "name": "annam45",
            "is_restricted": false,
            "is_ultra_restricted": false
        },
        "thread_ts": "1685846275.739359",
        "parent_user_id": "U042U2F450R"
    }
]