[
    {
        "client_msg_id": "2df13c61-6e0e-43ce-bf29-c5a2ccb12fbf",
        "type": "message",
        "text": "I won't be able to stay late on Saturday because I have to work. I'm taking many days off this week because my family has holy week activities, so I needed to let Fareway schedule me that day.",
        "user": "U042U2F450R",
        "ts": "1680809350.863399",
        "blocks": [
            {
                "type": "rich_text",
                "block_id": "JLCzS",
                "elements": [
                    {
                        "type": "rich_text_section",
                        "elements": [
                            {
                                "type": "text",
                                "text": "I won't be able to stay late on Saturday because I have to work. I'm taking many days off this week because my family has holy week activities, so I needed to let Fareway schedule me that day."
                            }
                        ]
                    }
                ]
            }
        ],
        "team": "T042E1514F3",
        "user_team": "T042E1514F3",
        "source_team": "T042E1514F3",
        "user_profile": {
            "avatar_hash": "gff8e94624db",
            "image_72": "https:\/\/secure.gravatar.com\/avatar\/ff8e94624db08a84843122675f06ea92.jpg?s=72&d=https%3A%2F%2Fa.slack-edge.com%2Fdf10d%2Fimg%2Favatars%2Fava_0004-72.png",
            "first_name": "Anna",
            "real_name": "Anna",
            "display_name": "Anna",
            "team": "T042E1514F3",
            "name": "annam45",
            "is_restricted": false,
            "is_ultra_restricted": false
        },
        "edited": {
            "user": "U042U2F450R",
            "ts": "1680930723.000000"
        },
        "reactions": [
            {
                "name": "+1::skin-tone-2",
                "users": [
                    "U042R3B76SC"
                ],
                "count": 1
            }
        ]
    }
]