[
    {
        "client_msg_id": "8e3fb3a0-76c0-48c9-998a-bfb57439813f",
        "type": "message",
        "text": "Isaac Palmersheim is on board for the meeting today.",
        "user": "U041LSQC38X",
        "ts": "1688652454.246819",
        "blocks": [
            {
                "type": "rich_text",
                "block_id": "cpVU",
                "elements": [
                    {
                        "type": "rich_text_section",
                        "elements": [
                            {
                                "type": "text",
                                "text": "Isaac Palmersheim is on board for the meeting today."
                            }
                        ]
                    }
                ]
            }
        ],
        "team": "T042E1514F3",
        "user_team": "T042E1514F3",
        "source_team": "T042E1514F3",
        "user_profile": {
            "avatar_hash": "g60b962e7353",
            "image_72": "https:\/\/secure.gravatar.com\/avatar\/60b962e73536af1009870d33a2ba0516.jpg?s=72&d=https%3A%2F%2Fa.slack-edge.com%2Fdf10d%2Fimg%2Favatars%2Fava_0012-72.png",
            "first_name": "Michael",
            "real_name": "Michael Tice",
            "display_name": "Michael Tice",
            "team": "T042E1514F3",
            "name": "michael.tice",
            "is_restricted": false,
            "is_ultra_restricted": false
        },
        "reactions": [
            {
                "name": "+1",
                "users": [
                    "U042R3B76SC"
                ],
                "count": 1
            }
        ]
    },
    {
        "client_msg_id": "9f972643-36e5-4d8e-8e26-645a9884d906",
        "type": "message",
        "text": "Nevermind",
        "user": "U041LSQC38X",
        "ts": "1688677188.813119",
        "blocks": [
            {
                "type": "rich_text",
                "block_id": "vFn9",
                "elements": [
                    {
                        "type": "rich_text_section",
                        "elements": [
                            {
                                "type": "text",
                                "text": "Nevermind"
                            }
                        ]
                    }
                ]
            }
        ],
        "team": "T042E1514F3",
        "user_team": "T042E1514F3",
        "source_team": "T042E1514F3",
        "user_profile": {
            "avatar_hash": "g60b962e7353",
            "image_72": "https:\/\/secure.gravatar.com\/avatar\/60b962e73536af1009870d33a2ba0516.jpg?s=72&d=https%3A%2F%2Fa.slack-edge.com%2Fdf10d%2Fimg%2Favatars%2Fava_0012-72.png",
            "first_name": "Michael",
            "real_name": "Michael Tice",
            "display_name": "Michael Tice",
            "team": "T042E1514F3",
            "name": "michael.tice",
            "is_restricted": false,
            "is_ultra_restricted": false
        }
    },
    {
        "client_msg_id": "0b2316e1-7049-45bc-a4ac-db353e5653fb",
        "type": "message",
        "text": "FYI, Gabe had to go home yesterday, so it's just us tonight. He's willing to do and ask me anything night with us sometime though, so we could meet with him later in the year if you guys want to. See you soon!",
        "user": "U042R3B76SC",
        "ts": "1688681979.950849",
        "blocks": [
            {
                "type": "rich_text",
                "block_id": "N8Pkb",
                "elements": [
                    {
                        "type": "rich_text_section",
                        "elements": [
                            {
                                "type": "text",
                                "text": "FYI, Gabe had to go home yesterday, so it's just us tonight. He's willing to do and ask me anything night with us sometime though, so we could meet with him later in the year if you guys want to. See you soon!"
                            }
                        ]
                    }
                ]
            }
        ],
        "team": "T042E1514F3",
        "user_team": "T042E1514F3",
        "source_team": "T042E1514F3",
        "user_profile": {
            "avatar_hash": "g6730f37144b",
            "image_72": "https:\/\/secure.gravatar.com\/avatar\/6730f37144bd6ae505b97012a7f22a66.jpg?s=72&d=https%3A%2F%2Fa.slack-edge.com%2Fdf10d%2Fimg%2Favatars%2Fava_0006-72.png",
            "first_name": "chris",
            "real_name": "chris",
            "display_name": "",
            "team": "T042E1514F3",
            "name": "chris",
            "is_restricted": false,
            "is_ultra_restricted": false
        }
    },
    {
        "client_msg_id": "95fb817f-e6c7-475d-9034-6ef1196bb56e",
        "type": "message",
        "text": "My ETA is 5:58.",
        "user": "U042R3B76SC",
        "ts": "1688683690.770909",
        "blocks": [
            {
                "type": "rich_text",
                "block_id": "8Xl",
                "elements": [
                    {
                        "type": "rich_text_section",
                        "elements": [
                            {
                                "type": "text",
                                "text": "My ETA is 5:58."
                            }
                        ]
                    }
                ]
            }
        ],
        "team": "T042E1514F3",
        "user_team": "T042E1514F3",
        "source_team": "T042E1514F3",
        "user_profile": {
            "avatar_hash": "g6730f37144b",
            "image_72": "https:\/\/secure.gravatar.com\/avatar\/6730f37144bd6ae505b97012a7f22a66.jpg?s=72&d=https%3A%2F%2Fa.slack-edge.com%2Fdf10d%2Fimg%2Favatars%2Fava_0006-72.png",
            "first_name": "chris",
            "real_name": "chris",
            "display_name": "",
            "team": "T042E1514F3",
            "name": "chris",
            "is_restricted": false,
            "is_ultra_restricted": false
        }
    },
    {
        "client_msg_id": "276C7D99-16BB-4EC6-B5EC-97CFE2CB04AD",
        "type": "message",
        "text": "I will be there just late ",
        "user": "U042R51RY2C",
        "ts": "1688683953.660859",
        "blocks": [
            {
                "type": "rich_text",
                "block_id": "CqB",
                "elements": [
                    {
                        "type": "rich_text_section",
                        "elements": [
                            {
                                "type": "text",
                                "text": "I will be there just late "
                            }
                        ]
                    }
                ]
            }
        ],
        "team": "T042E1514F3",
        "user_team": "T042E1514F3",
        "source_team": "T042E1514F3",
        "user_profile": {
            "avatar_hash": "g24c32288d4d",
            "image_72": "https:\/\/secure.gravatar.com\/avatar\/24c32288d4dbbf5694cc5c9609ec1853.jpg?s=72&d=https%3A%2F%2Fa.slack-edge.com%2Fdf10d%2Fimg%2Favatars%2Fava_0017-72.png",
            "first_name": "Tristan",
            "real_name": "Tristan Ribble",
            "display_name": "",
            "team": "T042E1514F3",
            "name": "tmribble07",
            "is_restricted": false,
            "is_ultra_restricted": false
        }
    },
    {
        "client_msg_id": "1fd07628-d878-4f24-bb00-533d4bf50658",
        "type": "message",
        "text": "<https:\/\/sqlitebrowser.org\/>",
        "user": "U042R3B76SC",
        "ts": "1688688145.635289",
        "blocks": [
            {
                "type": "rich_text",
                "block_id": "qm0",
                "elements": [
                    {
                        "type": "rich_text_section",
                        "elements": [
                            {
                                "type": "link",
                                "url": "https:\/\/sqlitebrowser.org\/"
                            }
                        ]
                    }
                ]
            }
        ],
        "team": "T042E1514F3",
        "user_team": "T042E1514F3",
        "source_team": "T042E1514F3",
        "user_profile": {
            "avatar_hash": "g6730f37144b",
            "image_72": "https:\/\/secure.gravatar.com\/avatar\/6730f37144bd6ae505b97012a7f22a66.jpg?s=72&d=https%3A%2F%2Fa.slack-edge.com%2Fdf10d%2Fimg%2Favatars%2Fava_0006-72.png",
            "first_name": "chris",
            "real_name": "chris",
            "display_name": "",
            "team": "T042E1514F3",
            "name": "chris",
            "is_restricted": false,
            "is_ultra_restricted": false
        },
        "attachments": [
            {
                "from_url": "https:\/\/sqlitebrowser.org\/",
                "service_icon": "https:\/\/sqlitebrowser.org\/favicon.ico",
                "id": 1,
                "original_url": "https:\/\/sqlitebrowser.org\/",
                "fallback": "DB Browser for SQLite",
                "text": "The Official home of the DB Browser for SQLite.",
                "title": "DB Browser for SQLite",
                "title_link": "https:\/\/sqlitebrowser.org\/",
                "service_name": "sqlitebrowser.org"
            }
        ]
    }
]