[
    {
        "client_msg_id": "19ac1834-2599-4327-a5aa-f900add62035",
        "type": "message",
        "text": "I sent a meeting invite to Dan, Michael, and Tristan for Thursdays at 6PM at the GoDaddy office downtown. The last day I scheduled is August 24, but I really don't know what would be best since I don't have any kids in high school yet.\n\nIs there anyone else I should add to the meetings?",
        "user": "U042R3B76SC",
        "ts": "1687962779.557489",
        "blocks": [
            {
                "type": "rich_text",
                "block_id": "kIZ",
                "elements": [
                    {
                        "type": "rich_text_section",
                        "elements": [
                            {
                                "type": "text",
                                "text": "I sent a meeting invite to Dan, Michael, and Tristan for Thursdays at 6PM at the GoDaddy office downtown. The last day I scheduled is August 24, but I really don't know what would be best since I don't have any kids in high school yet.\n\nIs there anyone else I should add to the meetings?"
                            }
                        ]
                    }
                ]
            }
        ],
        "team": "T042E1514F3",
        "user_team": "T042E1514F3",
        "source_team": "T042E1514F3",
        "user_profile": {
            "avatar_hash": "g6730f37144b",
            "image_72": "https:\/\/secure.gravatar.com\/avatar\/6730f37144bd6ae505b97012a7f22a66.jpg?s=72&d=https%3A%2F%2Fa.slack-edge.com%2Fdf10d%2Fimg%2Favatars%2Fava_0006-72.png",
            "first_name": "chris",
            "real_name": "chris",
            "display_name": "",
            "team": "T042E1514F3",
            "name": "chris",
            "is_restricted": false,
            "is_ultra_restricted": false
        }
    },
    {
        "client_msg_id": "9a69501a-6415-48ee-8f7d-c7f439d2e313",
        "type": "message",
        "text": "I received the invite.  For tomorrow (June 29), Michael will still be at camp, and I will be driving.  I can meet online while driving if you like, but imagine it will be short.  Issues you have raised:  1. Last Day.  As far as the last day, we are fine with continuing to meet up to the IT club kickoff, which will be mid September.  2.  Other People.  If you like, I will send information to the other two folks to see if they can make it.  3.  Topics.  I will leave to you and the team.  One idea would be that, at the Kosovo CDC, they were doing some interesting things with databases -- so maybe a short course in SQL?",
        "user": "U0421AQBX8B",
        "ts": "1687978767.467689",
        "blocks": [
            {
                "type": "rich_text",
                "block_id": "lZdy",
                "elements": [
                    {
                        "type": "rich_text_section",
                        "elements": [
                            {
                                "type": "text",
                                "text": "I received the invite.  For tomorrow (June 29), Michael will still be at camp, and I will be driving.  I can meet online while driving if you like, but imagine it will be short.  Issues you have raised:  1. Last Day.  As far as the last day, we are fine with continuing to meet up to the IT club kickoff, which will be mid September.  2.  Other People.  If you like, I will send information to the other two folks to see if they can make it.  3.  Topics.  I will leave to you and the team.  One idea would be that, at the Kosovo CDC, they were doing some interesting things with databases -- so maybe a short course in SQL?"
                            }
                        ]
                    }
                ]
            }
        ],
        "team": "T042E1514F3",
        "user_team": "T042E1514F3",
        "source_team": "T042E1514F3",
        "user_profile": {
            "avatar_hash": "g4c1eed42032",
            "image_72": "https:\/\/secure.gravatar.com\/avatar\/4c1eed420327197d000fb89a053a08f3.jpg?s=72&d=https%3A%2F%2Fa.slack-edge.com%2Fdf10d%2Fimg%2Favatars%2Fava_0013-72.png",
            "first_name": "Daniel",
            "real_name": "Daniel Tice",
            "display_name": "Daniel Tice",
            "team": "T042E1514F3",
            "name": "danielstice",
            "is_restricted": false,
            "is_ultra_restricted": false
        },
        "reactions": [
            {
                "name": "flag-xk",
                "users": [
                    "U042R3B76SC"
                ],
                "count": 1
            }
        ]
    },
    {
        "client_msg_id": "2963d345-d90b-4bbc-9327-c1a65baeff7e",
        "type": "message",
        "text": "We can do a basic SQL overview for a few weeks. I remember that being mentioned along with road-rage-based therapy sessions, but I'm not quite ready for the latter idea just yet.",
        "user": "U042R3B76SC",
        "ts": "1687990078.092199",
        "blocks": [
            {
                "type": "rich_text",
                "block_id": "d=Wg",
                "elements": [
                    {
                        "type": "rich_text_section",
                        "elements": [
                            {
                                "type": "text",
                                "text": "We can do a basic SQL overview for a few weeks. I remember that being mentioned along with road-rage-based therapy sessions, but I'm not quite ready for the latter idea just yet."
                            }
                        ]
                    }
                ]
            }
        ],
        "team": "T042E1514F3",
        "user_team": "T042E1514F3",
        "source_team": "T042E1514F3",
        "user_profile": {
            "avatar_hash": "g6730f37144b",
            "image_72": "https:\/\/secure.gravatar.com\/avatar\/6730f37144bd6ae505b97012a7f22a66.jpg?s=72&d=https%3A%2F%2Fa.slack-edge.com%2Fdf10d%2Fimg%2Favatars%2Fava_0006-72.png",
            "first_name": "chris",
            "real_name": "chris",
            "display_name": "",
            "team": "T042E1514F3",
            "name": "chris",
            "is_restricted": false,
            "is_ultra_restricted": false
        },
        "edited": {
            "user": "U042R3B76SC",
            "ts": "1687990092.000000"
        }
    },
    {
        "client_msg_id": "839f3e4f-e1c7-4fb5-ac9f-b912c13e2757",
        "type": "message",
        "text": "Go ahead and ask the others if they'd like to join us this summer. If they do, I can add them to the calendar.\n\nFinally, if Michael is not available this week, I think we should wait until next week to start. <@U042R51RY2C>, is that OK with you?",
        "user": "U042R3B76SC",
        "ts": "1687990182.140689",
        "blocks": [
            {
                "type": "rich_text",
                "block_id": "jmW",
                "elements": [
                    {
                        "type": "rich_text_section",
                        "elements": [
                            {
                                "type": "text",
                                "text": "Go ahead and ask the others if they'd like to join us this summer. If they do, I can add them to the calendar.\n\nFinally, if Michael is not available this week, I think we should wait until next week to start. "
                            },
                            {
                                "type": "user",
                                "user_id": "U042R51RY2C"
                            },
                            {
                                "type": "text",
                                "text": ", is that OK with you?"
                            }
                        ]
                    }
                ]
            }
        ],
        "team": "T042E1514F3",
        "user_team": "T042E1514F3",
        "source_team": "T042E1514F3",
        "user_profile": {
            "avatar_hash": "g6730f37144b",
            "image_72": "https:\/\/secure.gravatar.com\/avatar\/6730f37144bd6ae505b97012a7f22a66.jpg?s=72&d=https%3A%2F%2Fa.slack-edge.com%2Fdf10d%2Fimg%2Favatars%2Fava_0006-72.png",
            "first_name": "chris",
            "real_name": "chris",
            "display_name": "",
            "team": "T042E1514F3",
            "name": "chris",
            "is_restricted": false,
            "is_ultra_restricted": false
        }
    },
    {
        "client_msg_id": "7EEA7C01-D632-42D6-BFC7-0194A0EA3440",
        "type": "message",
        "text": "Sure!",
        "user": "U042R51RY2C",
        "ts": "1687991882.637439",
        "blocks": [
            {
                "type": "rich_text",
                "block_id": "PteQ",
                "elements": [
                    {
                        "type": "rich_text_section",
                        "elements": [
                            {
                                "type": "text",
                                "text": "Sure!"
                            }
                        ]
                    }
                ]
            }
        ],
        "team": "T042E1514F3",
        "user_team": "T042E1514F3",
        "source_team": "T042E1514F3",
        "user_profile": {
            "avatar_hash": "g24c32288d4d",
            "image_72": "https:\/\/secure.gravatar.com\/avatar\/24c32288d4dbbf5694cc5c9609ec1853.jpg?s=72&d=https%3A%2F%2Fa.slack-edge.com%2Fdf10d%2Fimg%2Favatars%2Fava_0017-72.png",
            "first_name": "Tristan",
            "real_name": "Tristan Ribble",
            "display_name": "",
            "team": "T042E1514F3",
            "name": "tmribble07",
            "is_restricted": false,
            "is_ultra_restricted": false
        }
    }
]