[
    {
        "client_msg_id": "b447f234-d8c2-46a4-bd4f-aa09a99afb2a",
        "type": "message",
        "text": "I know that Michael will be attending remotely tomorrow. Tristan, do you want to plan on doing the meeting remote or in person?",
        "user": "U042R3B76SC",
        "ts": "1692239214.815959",
        "blocks": [
            {
                "type": "rich_text",
                "block_id": "l4z",
                "elements": [
                    {
                        "type": "rich_text_section",
                        "elements": [
                            {
                                "type": "text",
                                "text": "I know that Michael will be attending remotely tomorrow. Tristan, do you want to plan on doing the meeting remote or in person?"
                            }
                        ]
                    }
                ]
            }
        ],
        "team": "T042E1514F3",
        "user_team": "T042E1514F3",
        "source_team": "T042E1514F3",
        "user_profile": {
            "avatar_hash": "g6730f37144b",
            "image_72": "https:\/\/secure.gravatar.com\/avatar\/6730f37144bd6ae505b97012a7f22a66.jpg?s=72&d=https%3A%2F%2Fa.slack-edge.com%2Fdf10d%2Fimg%2Favatars%2Fava_0006-72.png",
            "first_name": "chris",
            "real_name": "chris",
            "display_name": "",
            "team": "T042E1514F3",
            "name": "chris",
            "is_restricted": false,
            "is_ultra_restricted": false
        }
    },
    {
        "client_msg_id": "7BB62A06-F23F-4FBB-9ACD-8E09D6D1AA93",
        "type": "message",
        "text": "Remotely for me",
        "user": "U042R51RY2C",
        "ts": "1692239873.833409",
        "blocks": [
            {
                "type": "rich_text",
                "block_id": "jay19",
                "elements": [
                    {
                        "type": "rich_text_section",
                        "elements": [
                            {
                                "type": "text",
                                "text": "Remotely for me"
                            }
                        ]
                    }
                ]
            }
        ],
        "team": "T042E1514F3",
        "user_team": "T042E1514F3",
        "source_team": "T042E1514F3",
        "user_profile": {
            "avatar_hash": "g24c32288d4d",
            "image_72": "https:\/\/secure.gravatar.com\/avatar\/24c32288d4dbbf5694cc5c9609ec1853.jpg?s=72&d=https%3A%2F%2Fa.slack-edge.com%2Fdf10d%2Fimg%2Favatars%2Fava_0017-72.png",
            "first_name": "Tristan",
            "real_name": "Tristan Ribble",
            "display_name": "",
            "team": "T042E1514F3",
            "name": "tmribble07",
            "is_restricted": false,
            "is_ultra_restricted": false
        }
    },
    {
        "client_msg_id": "b539c886-416e-48d6-a084-a3a0d243ebef",
        "type": "message",
        "text": "Thanks for the quick response! That means tomorrow's meeting will be completely remote, so I'll join from our home as well.",
        "user": "U042R3B76SC",
        "ts": "1692239998.295559",
        "blocks": [
            {
                "type": "rich_text",
                "block_id": "fl\/aC",
                "elements": [
                    {
                        "type": "rich_text_section",
                        "elements": [
                            {
                                "type": "text",
                                "text": "Thanks for the quick response! That means tomorrow's meeting will be completely remote, so I'll join from our home as well."
                            }
                        ]
                    }
                ]
            }
        ],
        "team": "T042E1514F3",
        "user_team": "T042E1514F3",
        "source_team": "T042E1514F3",
        "user_profile": {
            "avatar_hash": "g6730f37144b",
            "image_72": "https:\/\/secure.gravatar.com\/avatar\/6730f37144bd6ae505b97012a7f22a66.jpg?s=72&d=https%3A%2F%2Fa.slack-edge.com%2Fdf10d%2Fimg%2Favatars%2Fava_0006-72.png",
            "first_name": "chris",
            "real_name": "chris",
            "display_name": "",
            "team": "T042E1514F3",
            "name": "chris",
            "is_restricted": false,
            "is_ultra_restricted": false
        }
    }
]