[
    {
        "client_msg_id": "6cd66d13-aecb-4def-867e-b62b9ef8f57b",
        "type": "message",
        "text": "Just to make sure people know, I can attend virtually on Saturday if I am given a link.",
        "user": "U041LSQC38X",
        "ts": "1673483523.833449",
        "blocks": [
            {
                "type": "rich_text",
                "block_id": "Jf6p",
                "elements": [
                    {
                        "type": "rich_text_section",
                        "elements": [
                            {
                                "type": "text",
                                "text": "Just to make sure people know, I can attend virtually on Saturday if I am given a link."
                            }
                        ]
                    }
                ]
            }
        ],
        "team": "T042E1514F3",
        "user_team": "T042E1514F3",
        "source_team": "T042E1514F3",
        "user_profile": {
            "avatar_hash": "g60b962e7353",
            "image_72": "https:\/\/secure.gravatar.com\/avatar\/60b962e73536af1009870d33a2ba0516.jpg?s=72&d=https%3A%2F%2Fa.slack-edge.com%2Fdf10d%2Fimg%2Favatars%2Fava_0012-72.png",
            "first_name": "Michael",
            "real_name": "Michael Tice",
            "display_name": "Michael Tice",
            "team": "T042E1514F3",
            "name": "michael.tice",
            "is_restricted": false,
            "is_ultra_restricted": false
        }
    }
]