[
    {
        "client_msg_id": "C38F948F-B117-426F-A559-910B2627AEBA",
        "type": "message",
        "text": "Btw my fam is cool with you driving me ",
        "user": "U042R51RY2C",
        "ts": "1684515244.998759",
        "blocks": [
            {
                "type": "rich_text",
                "block_id": "jRpy",
                "elements": [
                    {
                        "type": "rich_text_section",
                        "elements": [
                            {
                                "type": "text",
                                "text": "Btw my fam is cool with you driving me "
                            }
                        ]
                    }
                ]
            }
        ],
        "team": "T042E1514F3",
        "user_team": "T042E1514F3",
        "source_team": "T042E1514F3",
        "user_profile": {
            "avatar_hash": "g24c32288d4d",
            "image_72": "https:\/\/secure.gravatar.com\/avatar\/24c32288d4dbbf5694cc5c9609ec1853.jpg?s=72&d=https%3A%2F%2Fa.slack-edge.com%2Fdf10d%2Fimg%2Favatars%2Fava_0017-72.png",
            "first_name": "Tristan",
            "real_name": "Tristan Ribble",
            "display_name": "",
            "team": "T042E1514F3",
            "name": "tmribble07",
            "is_restricted": false,
            "is_ultra_restricted": false
        },
        "thread_ts": "1684201684.833609",
        "parent_user_id": "U0421AQBX8B"
    },
    {
        "client_msg_id": "44B44EFF-A589-43E7-B280-A380CCB5F9A4",
        "type": "message",
        "text": "I will message you my address ",
        "user": "U042R51RY2C",
        "ts": "1684515262.051399",
        "blocks": [
            {
                "type": "rich_text",
                "block_id": "2AW",
                "elements": [
                    {
                        "type": "rich_text_section",
                        "elements": [
                            {
                                "type": "text",
                                "text": "I will message you my address "
                            }
                        ]
                    }
                ]
            }
        ],
        "team": "T042E1514F3",
        "user_team": "T042E1514F3",
        "source_team": "T042E1514F3",
        "user_profile": {
            "avatar_hash": "g24c32288d4d",
            "image_72": "https:\/\/secure.gravatar.com\/avatar\/24c32288d4dbbf5694cc5c9609ec1853.jpg?s=72&d=https%3A%2F%2Fa.slack-edge.com%2Fdf10d%2Fimg%2Favatars%2Fava_0017-72.png",
            "first_name": "Tristan",
            "real_name": "Tristan Ribble",
            "display_name": "",
            "team": "T042E1514F3",
            "name": "tmribble07",
            "is_restricted": false,
            "is_ultra_restricted": false
        },
        "thread_ts": "1684201684.833609",
        "parent_user_id": "U0421AQBX8B"
    }
]