[
    {
        "client_msg_id": "a1b0184a-ecab-4b0d-98c8-51e3e6b2e3d9",
        "type": "message",
        "text": "Iowa State sent a document (called an AAR or After-Action Report, a term used both in military and in business) for the Kosovo CDC. It's not specific to us, but it shows what they think went well and what they want to improve.\n\nIt's a quick read, and it might be interesting to see how students just a little older than you (and their employers) break down an event so they can see things to feel good about and also prioritize which items they want to improve. I popped a copy of it into our GitHub repo (<https:\/\/github.com\/sql-sith\/cdc-2023>).",
        "user": "U042R3B76SC",
        "ts": "1689195166.227849",
        "blocks": [
            {
                "type": "rich_text",
                "block_id": "TbCJx",
                "elements": [
                    {
                        "type": "rich_text_section",
                        "elements": [
                            {
                                "type": "text",
                                "text": "Iowa State sent a document (called an AAR or After-Action Report, a term used both in military and in business) for the Kosovo CDC. It's not specific to us, but it shows what they think went well and what they want to improve.\n\nIt's a quick read, and it might be interesting to see how students just a little older than you (and their employers) break down an event so they can see things to feel good about and also prioritize which items they want to improve. I popped a copy of it into our GitHub repo ("
                            },
                            {
                                "type": "link",
                                "url": "https:\/\/github.com\/sql-sith\/cdc-2023"
                            },
                            {
                                "type": "text",
                                "text": ")."
                            }
                        ]
                    }
                ]
            }
        ],
        "team": "T042E1514F3",
        "user_team": "T042E1514F3",
        "source_team": "T042E1514F3",
        "user_profile": {
            "avatar_hash": "g6730f37144b",
            "image_72": "https:\/\/secure.gravatar.com\/avatar\/6730f37144bd6ae505b97012a7f22a66.jpg?s=72&d=https%3A%2F%2Fa.slack-edge.com%2Fdf10d%2Fimg%2Favatars%2Fava_0006-72.png",
            "first_name": "chris",
            "real_name": "chris",
            "display_name": "",
            "team": "T042E1514F3",
            "name": "chris",
            "is_restricted": false,
            "is_ultra_restricted": false
        },
        "attachments": [
            {
                "image_url": "https:\/\/opengraph.githubassets.com\/01148936d4bae6d94e732be062fda5eb536d668484df40121876bb5c710f113d\/sql-sith\/cdc-2023",
                "image_width": 1200,
                "image_height": 600,
                "image_bytes": 130227,
                "from_url": "https:\/\/github.com\/sql-sith\/cdc-2023",
                "service_icon": "https:\/\/a.slack-edge.com\/80588\/img\/unfurl_icons\/github.png",
                "id": 1,
                "original_url": "https:\/\/github.com\/sql-sith\/cdc-2023",
                "fallback": "GitHub: GitHub - sql-sith\/cdc-2023: Information for Cedar Rapids Area Homeschools Cyber Defense Team, 2022-2023",
                "text": "Information for Cedar Rapids Area Homeschools Cyber Defense Team, 2022-2023 - GitHub - sql-sith\/cdc-2023: Information for Cedar Rapids Area Homeschools Cyber Defense Team, 2022-2023",
                "title": "GitHub - sql-sith\/cdc-2023: Information for Cedar Rapids Area Homeschools Cyber Defense Team, 2022-2023",
                "title_link": "https:\/\/github.com\/sql-sith\/cdc-2023",
                "service_name": "GitHub"
            }
        ],
        "reactions": [
            {
                "name": "flag-xk",
                "users": [
                    "U042R3B76SC"
                ],
                "count": 1
            }
        ]
    }
]