[
    {
        "client_msg_id": "3e3409f9-dbfc-493b-9ce3-9ebe3d460305",
        "type": "message",
        "text": "Tristan and Michael, are you planning to meet at GoDaddy this week?\nI'm good to go. It seemed like doing a proactive check-in with you might be a good idea. :)",
        "user": "U042R3B76SC",
        "ts": "1692687000.850609",
        "blocks": [
            {
                "type": "rich_text",
                "block_id": "tEmLZ",
                "elements": [
                    {
                        "type": "rich_text_section",
                        "elements": [
                            {
                                "type": "text",
                                "text": "Tristan and Michael, are you planning to meet at GoDaddy this week?\nI'm good to go. It seemed like doing a proactive check-in with you might be a good idea. :)"
                            }
                        ]
                    }
                ]
            }
        ],
        "team": "T042E1514F3",
        "user_team": "T042E1514F3",
        "source_team": "T042E1514F3",
        "user_profile": {
            "avatar_hash": "g6730f37144b",
            "image_72": "https:\/\/secure.gravatar.com\/avatar\/6730f37144bd6ae505b97012a7f22a66.jpg?s=72&d=https%3A%2F%2Fa.slack-edge.com%2Fdf10d%2Fimg%2Favatars%2Fava_0006-72.png",
            "first_name": "chris",
            "real_name": "chris",
            "display_name": "",
            "team": "T042E1514F3",
            "name": "chris",
            "is_restricted": false,
            "is_ultra_restricted": false
        }
    }
]