[
    {
        "client_msg_id": "f37d8098-e500-47f3-b6c0-a355d1ead751",
        "type": "message",
        "text": "Hi, Anna. I apologize that I did not reply by this afternoon. I would like us to be able to stay until 2 pm on Saturdays from now on. Thanks!",
        "user": "U042R3B76SC",
        "ts": "1678847209.403099",
        "blocks": [
            {
                "type": "rich_text",
                "block_id": "\/F+f",
                "elements": [
                    {
                        "type": "rich_text_section",
                        "elements": [
                            {
                                "type": "text",
                                "text": "Hi, Anna. I apologize that I did not reply by this afternoon. I would like us to be able to stay until 2 pm on Saturdays from now on. Thanks!"
                            }
                        ]
                    }
                ]
            }
        ],
        "team": "T042E1514F3",
        "user_team": "T042E1514F3",
        "source_team": "T042E1514F3",
        "user_profile": {
            "avatar_hash": "g6730f37144b",
            "image_72": "https:\/\/secure.gravatar.com\/avatar\/6730f37144bd6ae505b97012a7f22a66.jpg?s=72&d=https%3A%2F%2Fa.slack-edge.com%2Fdf10d%2Fimg%2Favatars%2Fava_0006-72.png",
            "first_name": "chris",
            "real_name": "chris",
            "display_name": "",
            "team": "T042E1514F3",
            "name": "chris",
            "is_restricted": false,
            "is_ultra_restricted": false
        },
        "reactions": [
            {
                "name": "+1::skin-tone-2",
                "users": [
                    "U042U2F450R"
                ],
                "count": 1
            }
        ]
    },
    {
        "client_msg_id": "51794475-7684-4dd7-a0b1-79c7fae9eb52",
        "type": "message",
        "text": "I found out that I have to wear one also, so you folks are not in this alone. :scream_cat:",
        "user": "U042R3B76SC",
        "ts": "1678847254.396739",
        "blocks": [
            {
                "type": "rich_text",
                "block_id": "h=7",
                "elements": [
                    {
                        "type": "rich_text_section",
                        "elements": [
                            {
                                "type": "text",
                                "text": "I found out that I have to wear one also, so you folks are not in this alone. "
                            },
                            {
                                "type": "emoji",
                                "name": "scream_cat",
                                "unicode": "1f640"
                            }
                        ]
                    }
                ]
            }
        ],
        "team": "T042E1514F3",
        "user_team": "T042E1514F3",
        "source_team": "T042E1514F3",
        "user_profile": {
            "avatar_hash": "g6730f37144b",
            "image_72": "https:\/\/secure.gravatar.com\/avatar\/6730f37144bd6ae505b97012a7f22a66.jpg?s=72&d=https%3A%2F%2Fa.slack-edge.com%2Fdf10d%2Fimg%2Favatars%2Fava_0006-72.png",
            "first_name": "chris",
            "real_name": "chris",
            "display_name": "",
            "team": "T042E1514F3",
            "name": "chris",
            "is_restricted": false,
            "is_ultra_restricted": false
        },
        "thread_ts": "1678409577.687789",
        "parent_user_id": "U042U2F450R"
    }
]