[
    {
        "client_msg_id": "fb30aa87-e270-438a-8a2a-0b7d76cec1c8",
        "type": "message",
        "text": "Hi <@U041LSQC38X>. It's the same link every week, so the one that was in the calendar invite (in your email) is the one. It's also <https:\/\/cyberdefense2022-2023.slack.com\/archives\/C0429N6TBTP\/p1673108156618539|posted in the announcements channel>.",
        "user": "U042R3B76SC",
        "ts": "1673709751.969749",
        "blocks": [
            {
                "type": "rich_text",
                "block_id": "AM6",
                "elements": [
                    {
                        "type": "rich_text_section",
                        "elements": [
                            {
                                "type": "text",
                                "text": "Hi "
                            },
                            {
                                "type": "user",
                                "user_id": "U041LSQC38X"
                            },
                            {
                                "type": "text",
                                "text": ". It's the same link every week, so the one that was in the calendar invite (in your email) is the one. It's also "
                            },
                            {
                                "type": "link",
                                "url": "https:\/\/cyberdefense2022-2023.slack.com\/archives\/C0429N6TBTP\/p1673108156618539",
                                "text": "posted in the announcements channel"
                            },
                            {
                                "type": "text",
                                "text": "."
                            }
                        ]
                    }
                ]
            }
        ],
        "team": "T042E1514F3",
        "user_team": "T042E1514F3",
        "source_team": "T042E1514F3",
        "user_profile": {
            "avatar_hash": "g6730f37144b",
            "image_72": "https:\/\/secure.gravatar.com\/avatar\/6730f37144bd6ae505b97012a7f22a66.jpg?s=72&d=https%3A%2F%2Fa.slack-edge.com%2Fdf10d%2Fimg%2Favatars%2Fava_0006-72.png",
            "first_name": "chris",
            "real_name": "chris",
            "display_name": "",
            "team": "T042E1514F3",
            "name": "chris",
            "is_restricted": false,
            "is_ultra_restricted": false
        },
        "attachments": [
            {
                "from_url": "https:\/\/cyberdefense2022-2023.slack.com\/archives\/C0429N6TBTP\/p1673108156618539",
                "ts": "1673108156.618539",
                "author_id": "U042R3B76SC",
                "channel_id": "C0429N6TBTP",
                "channel_team": "T042E1514F3",
                "is_msg_unfurl": true,
                "message_blocks": [
                    {
                        "team": "T042E1514F3",
                        "channel": "C0429N6TBTP",
                        "ts": "1673108156.618539",
                        "message": {
                            "blocks": [
                                {
                                    "type": "rich_text",
                                    "block_id": "LcK",
                                    "elements": [
                                        {
                                            "type": "rich_text_section",
                                            "elements": [
                                                {
                                                    "type": "text",
                                                    "text": "New meeting URL: "
                                                },
                                                {
                                                    "type": "link",
                                                    "url": "https:\/\/godaddy.zoom.us\/j\/99541956999?pwd=ZHQrNVRYc0JueG0xNlhqRGNoTzg2QT09&from=addon"
                                                }
                                            ]
                                        }
                                    ]
                                }
                            ]
                        }
                    }
                ],
                "id": 1,
                "original_url": "https:\/\/cyberdefense2022-2023.slack.com\/archives\/C0429N6TBTP\/p1673108156618539",
                "fallback": "[January 7th, 2023 8:15 AM] chris: New meeting URL: <https:\/\/godaddy.zoom.us\/j\/99541956999?pwd=ZHQrNVRYc0JueG0xNlhqRGNoTzg2QT09&amp;from=addon>",
                "text": "New meeting URL: <https:\/\/godaddy.zoom.us\/j\/99541956999?pwd=ZHQrNVRYc0JueG0xNlhqRGNoTzg2QT09&amp;from=addon>",
                "author_name": "chris",
                "author_link": "https:\/\/cyberdefense2022-2023.slack.com\/team\/U042R3B76SC",
                "author_icon": "https:\/\/secure.gravatar.com\/avatar\/6730f37144bd6ae505b97012a7f22a66.jpg?s=48&d=https%3A%2F%2Fa.slack-edge.com%2Fdf10d%2Fimg%2Favatars%2Fava_0006-48.png",
                "author_subname": "chris",
                "mrkdwn_in": [
                    "text"
                ],
                "footer": "Slack Conversation"
            }
        ]
    }
]