[
    {
        "type": "message",
        "subtype": "channel_join",
        "ts": "1667586260.796579",
        "user": "U042R3B76SC",
        "text": "<@U042R3B76SC> has joined the channel"
    },
    {
        "type": "message",
        "subtype": "channel_join",
        "ts": "1667586269.985649",
        "user": "U041LSQC38X",
        "text": "<@U041LSQC38X> has joined the channel",
        "inviter": "U042R3B76SC"
    },
    {
        "type": "message",
        "subtype": "channel_join",
        "ts": "1667586270.043069",
        "user": "U042R51RY2C",
        "text": "<@U042R51RY2C> has joined the channel",
        "inviter": "U042R3B76SC"
    },
    {
        "type": "message",
        "subtype": "channel_join",
        "ts": "1667586270.154119",
        "user": "U042U2F450R",
        "text": "<@U042U2F450R> has joined the channel",
        "inviter": "U042R3B76SC"
    }
]