[
    {
        "client_msg_id": "e572678e-27ec-4e89-b579-29ea75f945f6",
        "type": "message",
        "text": "I don't want to bother you all, but I'd really like an answer from someone so I can do the homework when I find some time.",
        "user": "U042U2F450R",
        "ts": "1668626767.597049",
        "blocks": [
            {
                "type": "rich_text",
                "block_id": "4zbU",
                "elements": [
                    {
                        "type": "rich_text_section",
                        "elements": [
                            {
                                "type": "text",
                                "text": "I don't want to bother you all, but I'd really like an answer from someone so I can do the homework when I find some time."
                            }
                        ]
                    }
                ]
            }
        ],
        "team": "T042E1514F3",
        "user_team": "T042E1514F3",
        "source_team": "T042E1514F3",
        "user_profile": {
            "avatar_hash": "gff8e94624db",
            "image_72": "https:\/\/secure.gravatar.com\/avatar\/ff8e94624db08a84843122675f06ea92.jpg?s=72&d=https%3A%2F%2Fa.slack-edge.com%2Fdf10d%2Fimg%2Favatars%2Fava_0004-72.png",
            "first_name": "Anna",
            "real_name": "Anna",
            "display_name": "Anna",
            "team": "T042E1514F3",
            "name": "annam45",
            "is_restricted": false,
            "is_ultra_restricted": false
        }
    },
    {
        "client_msg_id": "02f59069-abf0-4647-9711-5801cc4e4f24",
        "type": "message",
        "text": "first to accomplish this, it helps to understand the steps,\n1. understand how to ssh\n2. find out what requirements are needed to connect\n3. then use the prior knowledge combined with new knowledge to complete the ssh",
        "user": "U042R51RY2C",
        "ts": "1668627067.205019",
        "blocks": [
            {
                "type": "rich_text",
                "block_id": "+sp",
                "elements": [
                    {
                        "type": "rich_text_section",
                        "elements": [
                            {
                                "type": "text",
                                "text": "first to accomplish this, it helps to understand the steps,\n"
                            }
                        ]
                    },
                    {
                        "type": "rich_text_list",
                        "elements": [
                            {
                                "type": "rich_text_section",
                                "elements": [
                                    {
                                        "type": "text",
                                        "text": "understand how to ssh"
                                    }
                                ]
                            },
                            {
                                "type": "rich_text_section",
                                "elements": [
                                    {
                                        "type": "text",
                                        "text": "find out what requirements are needed to connect"
                                    }
                                ]
                            },
                            {
                                "type": "rich_text_section",
                                "elements": [
                                    {
                                        "type": "text",
                                        "text": "then use the prior knowledge combined with new knowledge to complete the ssh"
                                    }
                                ]
                            }
                        ],
                        "style": "ordered",
                        "indent": 0,
                        "border": 0
                    }
                ]
            }
        ],
        "team": "T042E1514F3",
        "user_team": "T042E1514F3",
        "source_team": "T042E1514F3",
        "user_profile": {
            "avatar_hash": "g24c32288d4d",
            "image_72": "https:\/\/secure.gravatar.com\/avatar\/24c32288d4dbbf5694cc5c9609ec1853.jpg?s=72&d=https%3A%2F%2Fa.slack-edge.com%2Fdf10d%2Fimg%2Favatars%2Fava_0017-72.png",
            "first_name": "Tristan",
            "real_name": "Tristan Ribble",
            "display_name": "",
            "team": "T042E1514F3",
            "name": "tmribble07",
            "is_restricted": false,
            "is_ultra_restricted": false
        },
        "edited": {
            "user": "U042R51RY2C",
            "ts": "1668627147.000000"
        }
    },
    {
        "client_msg_id": "3d0d8381-1f3b-4278-9ae1-293a6901cae2",
        "type": "message",
        "text": "ssh is a remote connection service to access another device from the command line, to use it, from the device trying to access the other device, first you need to know the syntax (the text of what to type in). Generally the syntax is,\n`ssh &lt;address&gt;`\n&lt;address&gt; is just a place holder how to find the device, there are three addresses that i know about that can be used with ssh, ip address, computer name, and domain name\nip address is the address of the computer on the network, once you know that, you then know where the computer is. this can be found using `ip addr` in the terminal\nthe computer name is the name of your device. You assigned this when you created the vm, but you can see it in the terminal, mine says\n`tristan@tristan:~$`\nthe first tristan is my username. The the second tristan is the computer name. the rest of the characters are unrelated to the address (to my knowledge). you can then use the ssh command to connect using this address and user name:\n`ssh tristan@tristan`\naccess the user tristan, at the computer named tristan using ssh,\nthe domain name can be used, but it is finicky, and I have no idea how to access the website using that, my knowledge is this, it translates, say, <http:\/\/google.com|google.com> to its ip address, then accesses that, most of the time it will fail, but it can be used",
        "user": "U042R51RY2C",
        "ts": "1668627920.309299",
        "blocks": [
            {
                "type": "rich_text",
                "block_id": "V=yP8",
                "elements": [
                    {
                        "type": "rich_text_section",
                        "elements": [
                            {
                                "type": "text",
                                "text": "ssh is a remote connection service to access another device from the command line, to use it, from the device trying to access the other device, first you need to know the syntax (the text of what to type in). Generally the syntax is,\n"
                            },
                            {
                                "type": "text",
                                "text": "ssh <address>",
                                "style": {
                                    "code": true
                                }
                            },
                            {
                                "type": "text",
                                "text": "\n<address> is just a place holder how to find the device, there are three addresses that i know about that can be used with ssh, ip address, computer name, and domain name\nip address is the address of the computer on the network, once you know that, you then know where the computer is. this can be found using "
                            },
                            {
                                "type": "text",
                                "text": "ip addr",
                                "style": {
                                    "code": true
                                }
                            },
                            {
                                "type": "text",
                                "text": " in the terminal\nthe computer name is the name of your device. You assigned this when you created the vm, but you can see it in the terminal, mine says\n"
                            },
                            {
                                "type": "text",
                                "text": "tristan@tristan:~$",
                                "style": {
                                    "code": true
                                }
                            },
                            {
                                "type": "text",
                                "text": "\nthe first tristan is my username. The the second tristan is the computer name. the rest of the characters are unrelated to the address (to my knowledge). you can then use the ssh command to connect using this address and user name:\n"
                            },
                            {
                                "type": "text",
                                "text": "ssh tristan@tristan",
                                "style": {
                                    "code": true
                                }
                            },
                            {
                                "type": "text",
                                "text": "\naccess the user tristan, at the computer named tristan using ssh,\nthe domain name can be used, but it is finicky, and I have no idea how to access the website using that, my knowledge is this, it translates, say, "
                            },
                            {
                                "type": "link",
                                "url": "http:\/\/google.com",
                                "text": "google.com"
                            },
                            {
                                "type": "text",
                                "text": " to its ip address, then accesses that, most of the time it will fail, but it can be used"
                            }
                        ]
                    }
                ]
            }
        ],
        "team": "T042E1514F3",
        "user_team": "T042E1514F3",
        "source_team": "T042E1514F3",
        "user_profile": {
            "avatar_hash": "g24c32288d4d",
            "image_72": "https:\/\/secure.gravatar.com\/avatar\/24c32288d4dbbf5694cc5c9609ec1853.jpg?s=72&d=https%3A%2F%2Fa.slack-edge.com%2Fdf10d%2Fimg%2Favatars%2Fava_0017-72.png",
            "first_name": "Tristan",
            "real_name": "Tristan Ribble",
            "display_name": "",
            "team": "T042E1514F3",
            "name": "tmribble07",
            "is_restricted": false,
            "is_ultra_restricted": false
        },
        "thread_ts": "1668627920.309299",
        "reply_count": 1,
        "reply_users_count": 1,
        "latest_reply": "1668675953.629879",
        "reply_users": [
            "U042R3B76SC"
        ],
        "replies": [
            {
                "user": "U042R3B76SC",
                "ts": "1668675953.629879"
            }
        ],
        "is_locked": false,
        "subscribed": true,
        "last_read": "1668675953.629879"
    },
    {
        "client_msg_id": "90e3505d-5f69-4b7c-b919-6ea033e7031a",
        "type": "message",
        "text": "you can then ssh to your device by either;\n1. finding the ip address of the target then, `ssh &lt;your user name&gt;@&lt;target ip adress&gt;` (user name is optional, you can just do: `ssh &lt;target ip address&gt;`)\n2. or finding the name of your target and using that (e.g. `ssh &lt;name of computer&gt;` or `ssh &lt;username&gt;@&lt;name of computer&gt;`)",
        "user": "U042R51RY2C",
        "ts": "1668628105.152159",
        "blocks": [
            {
                "type": "rich_text",
                "block_id": "ZyW",
                "elements": [
                    {
                        "type": "rich_text_section",
                        "elements": [
                            {
                                "type": "text",
                                "text": "you can then ssh to your device by either;\n"
                            }
                        ]
                    },
                    {
                        "type": "rich_text_list",
                        "elements": [
                            {
                                "type": "rich_text_section",
                                "elements": [
                                    {
                                        "type": "text",
                                        "text": "finding the ip address of the target then, "
                                    },
                                    {
                                        "type": "text",
                                        "text": "ssh <your user name>@<target ip adress>",
                                        "style": {
                                            "code": true
                                        }
                                    },
                                    {
                                        "type": "text",
                                        "text": " (user name is optional, you can just do: "
                                    },
                                    {
                                        "type": "text",
                                        "text": "ssh <target ip address>",
                                        "style": {
                                            "code": true
                                        }
                                    },
                                    {
                                        "type": "text",
                                        "text": ")"
                                    }
                                ]
                            },
                            {
                                "type": "rich_text_section",
                                "elements": [
                                    {
                                        "type": "text",
                                        "text": "or finding the name of your target and using that (e.g. "
                                    },
                                    {
                                        "type": "text",
                                        "text": "ssh <name of computer>",
                                        "style": {
                                            "code": true
                                        }
                                    },
                                    {
                                        "type": "text",
                                        "text": " or "
                                    },
                                    {
                                        "type": "text",
                                        "text": "ssh <username>@<name of computer>",
                                        "style": {
                                            "code": true
                                        }
                                    },
                                    {
                                        "type": "text",
                                        "text": ")"
                                    }
                                ]
                            }
                        ],
                        "style": "ordered",
                        "indent": 0,
                        "border": 0
                    }
                ]
            }
        ],
        "team": "T042E1514F3",
        "user_team": "T042E1514F3",
        "source_team": "T042E1514F3",
        "user_profile": {
            "avatar_hash": "g24c32288d4d",
            "image_72": "https:\/\/secure.gravatar.com\/avatar\/24c32288d4dbbf5694cc5c9609ec1853.jpg?s=72&d=https%3A%2F%2Fa.slack-edge.com%2Fdf10d%2Fimg%2Favatars%2Fava_0017-72.png",
            "first_name": "Tristan",
            "real_name": "Tristan Ribble",
            "display_name": "",
            "team": "T042E1514F3",
            "name": "tmribble07",
            "is_restricted": false,
            "is_ultra_restricted": false
        },
        "edited": {
            "user": "U042R51RY2C",
            "ts": "1668628121.000000"
        }
    },
    {
        "client_msg_id": "1c6eee46-0504-452a-8fce-64d9e1921686",
        "type": "message",
        "text": "Thank you, Tristan.",
        "user": "U042U2F450R",
        "ts": "1668633255.804309",
        "blocks": [
            {
                "type": "rich_text",
                "block_id": "Pupf",
                "elements": [
                    {
                        "type": "rich_text_section",
                        "elements": [
                            {
                                "type": "text",
                                "text": "Thank you, Tristan."
                            }
                        ]
                    }
                ]
            }
        ],
        "team": "T042E1514F3",
        "user_team": "T042E1514F3",
        "source_team": "T042E1514F3",
        "user_profile": {
            "avatar_hash": "gff8e94624db",
            "image_72": "https:\/\/secure.gravatar.com\/avatar\/ff8e94624db08a84843122675f06ea92.jpg?s=72&d=https%3A%2F%2Fa.slack-edge.com%2Fdf10d%2Fimg%2Favatars%2Fava_0004-72.png",
            "first_name": "Anna",
            "real_name": "Anna",
            "display_name": "Anna",
            "team": "T042E1514F3",
            "name": "annam45",
            "is_restricted": false,
            "is_ultra_restricted": false
        }
    },
    {
        "client_msg_id": "e71bfbd4-a7b8-4e3d-ba9c-104a756e6bf0",
        "type": "message",
        "text": "C:\\Users\\Anna&gt;ssh 192.168.1.44\nThe authenticity of host '192.168.1.44 (192.168.1.44)' can't be established.\nECDSA key fingerprint is SHA256:6uHrhUcg5Wi8+N+BZWZVSRNSkTYoG97iXTn84keylG4.\nAre you sure you want to continue connecting (yes\/no\/[fingerprint])?\n\nThis is what I got when trying to connect from the computer to the virtual machine. Do I continue?",
        "user": "U042U2F450R",
        "ts": "1668656895.562119",
        "blocks": [
            {
                "type": "rich_text",
                "block_id": "ZZAk",
                "elements": [
                    {
                        "type": "rich_text_section",
                        "elements": [
                            {
                                "type": "text",
                                "text": "C:\\Users\\Anna>ssh 192.168.1.44\nThe authenticity of host '192.168.1.44 (192.168.1.44)' can't be established.\nECDSA key fingerprint is SHA256:6uHrhUcg5Wi8+N+BZWZVSRNSkTYoG97iXTn84keylG4.\nAre you sure you want to continue connecting (yes\/no\/[fingerprint])?\n\nThis is what I got when trying to connect from the computer to the virtual machine. Do I continue?"
                            }
                        ]
                    }
                ]
            }
        ],
        "team": "T042E1514F3",
        "user_team": "T042E1514F3",
        "source_team": "T042E1514F3",
        "user_profile": {
            "avatar_hash": "gff8e94624db",
            "image_72": "https:\/\/secure.gravatar.com\/avatar\/ff8e94624db08a84843122675f06ea92.jpg?s=72&d=https%3A%2F%2Fa.slack-edge.com%2Fdf10d%2Fimg%2Favatars%2Fava_0004-72.png",
            "first_name": "Anna",
            "real_name": "Anna",
            "display_name": "Anna",
            "team": "T042E1514F3",
            "name": "annam45",
            "is_restricted": false,
            "is_ultra_restricted": false
        }
    }
]