[
    {
        "client_msg_id": "2e5be043-4be6-4071-96ac-00355410eb31",
        "type": "message",
        "text": "What does this mean?\n\n\"Use the ssh client to connect to your Ubuntu VM from\na terminal on that Ubuntu VM.\"\n\n(From the meeting notes)",
        "user": "U042U2F450R",
        "ts": "1668568857.377499",
        "blocks": [
            {
                "type": "rich_text",
                "block_id": "XjYC8",
                "elements": [
                    {
                        "type": "rich_text_section",
                        "elements": [
                            {
                                "type": "text",
                                "text": "What does this mean?\n\n\"Use the ssh client to connect to your Ubuntu VM from\na terminal on that Ubuntu VM.\"\n\n(From the meeting notes)"
                            }
                        ]
                    }
                ]
            }
        ],
        "team": "T042E1514F3",
        "user_team": "T042E1514F3",
        "source_team": "T042E1514F3",
        "user_profile": {
            "avatar_hash": "gff8e94624db",
            "image_72": "https:\/\/secure.gravatar.com\/avatar\/ff8e94624db08a84843122675f06ea92.jpg?s=72&d=https%3A%2F%2Fa.slack-edge.com%2Fdf10d%2Fimg%2Favatars%2Fava_0004-72.png",
            "first_name": "Anna",
            "real_name": "Anna",
            "display_name": "Anna",
            "team": "T042E1514F3",
            "name": "annam45",
            "is_restricted": false,
            "is_ultra_restricted": false
        }
    },
    {
        "client_msg_id": "e1f50c66-fe3a-4324-8b66-178b213370aa",
        "type": "message",
        "text": "I mean, how do you do it?",
        "user": "U042U2F450R",
        "ts": "1668569296.332479",
        "blocks": [
            {
                "type": "rich_text",
                "block_id": "TLWi",
                "elements": [
                    {
                        "type": "rich_text_section",
                        "elements": [
                            {
                                "type": "text",
                                "text": "I mean, how do you do it?"
                            }
                        ]
                    }
                ]
            }
        ],
        "team": "T042E1514F3",
        "user_team": "T042E1514F3",
        "source_team": "T042E1514F3",
        "user_profile": {
            "avatar_hash": "gff8e94624db",
            "image_72": "https:\/\/secure.gravatar.com\/avatar\/ff8e94624db08a84843122675f06ea92.jpg?s=72&d=https%3A%2F%2Fa.slack-edge.com%2Fdf10d%2Fimg%2Favatars%2Fava_0004-72.png",
            "first_name": "Anna",
            "real_name": "Anna",
            "display_name": "Anna",
            "team": "T042E1514F3",
            "name": "annam45",
            "is_restricted": false,
            "is_ultra_restricted": false
        }
    }
]