[
    {
        "client_msg_id": "27ebc9e1-3d23-4ab4-9fb9-737d0b5aacaf",
        "type": "message",
        "text": "This took me a hot minute to figure out, but the commands are in the wrong order. You want to send the output of `fortune` to the `cowsay` command, so the fortune command goes first: `fortune` | `cowsay`.\n\nWhat's happening is that if you are sending the output of `cowsay` to `fortune`, but `cowsay` is running without parameters, so the cow has nothing to say. This means that it doesn't produce any output, but it doesn't terminate either (it just hangs).\n\nLinux streams the output from `cowsay` (which is nothing) to `fortune`. `fortune` doesn't care, because it doesn't need input, so it just runs anyway. `cowsay` never terminates, though, so your pipeline remains hung. It might seem odd that `fortune` starts running before `cowsay` is done. Let me know if you want to talk about this tonight.\n\nTo get back to your prompt, you will have to enter Ctrl-C. I have not emphasized Ctrl-C enough: it is the universal process killer when you are running something in a terminal.",
        "user": "U042R3B76SC",
        "ts": "1669907410.442189",
        "blocks": [
            {
                "type": "rich_text",
                "block_id": "X0CR",
                "elements": [
                    {
                        "type": "rich_text_section",
                        "elements": [
                            {
                                "type": "text",
                                "text": "This took me a hot minute to figure out, but the commands are in the wrong order. You want to send the output of "
                            },
                            {
                                "type": "text",
                                "text": "fortune",
                                "style": {
                                    "code": true
                                }
                            },
                            {
                                "type": "text",
                                "text": " to the "
                            },
                            {
                                "type": "text",
                                "text": "cowsay",
                                "style": {
                                    "code": true
                                }
                            },
                            {
                                "type": "text",
                                "text": " command, so the fortune command goes first: "
                            },
                            {
                                "type": "text",
                                "text": "fortune",
                                "style": {
                                    "code": true
                                }
                            },
                            {
                                "type": "text",
                                "text": " | "
                            },
                            {
                                "type": "text",
                                "text": "cowsay",
                                "style": {
                                    "code": true
                                }
                            },
                            {
                                "type": "text",
                                "text": ".\n\nWhat's happening is that if you are sending the output of "
                            },
                            {
                                "type": "text",
                                "text": "cowsay",
                                "style": {
                                    "code": true
                                }
                            },
                            {
                                "type": "text",
                                "text": " to "
                            },
                            {
                                "type": "text",
                                "text": "fortune",
                                "style": {
                                    "code": true
                                }
                            },
                            {
                                "type": "text",
                                "text": ", but "
                            },
                            {
                                "type": "text",
                                "text": "cowsay",
                                "style": {
                                    "code": true
                                }
                            },
                            {
                                "type": "text",
                                "text": " is running without parameters, so the cow has nothing to say. This means that it doesn't produce any output, but it doesn't terminate either (it just hangs).\n\nLinux streams the output from "
                            },
                            {
                                "type": "text",
                                "text": "cowsay",
                                "style": {
                                    "code": true
                                }
                            },
                            {
                                "type": "text",
                                "text": " (which is nothing) to "
                            },
                            {
                                "type": "text",
                                "text": "fortune",
                                "style": {
                                    "code": true
                                }
                            },
                            {
                                "type": "text",
                                "text": ". "
                            },
                            {
                                "type": "text",
                                "text": "fortune",
                                "style": {
                                    "code": true
                                }
                            },
                            {
                                "type": "text",
                                "text": " doesn't care, because it doesn't need input, so it just runs anyway. "
                            },
                            {
                                "type": "text",
                                "text": "cowsay",
                                "style": {
                                    "code": true
                                }
                            },
                            {
                                "type": "text",
                                "text": " never terminates, though, so your pipeline remains hung. It might seem odd that "
                            },
                            {
                                "type": "text",
                                "text": "fortune",
                                "style": {
                                    "code": true
                                }
                            },
                            {
                                "type": "text",
                                "text": " starts running before "
                            },
                            {
                                "type": "text",
                                "text": "cowsay",
                                "style": {
                                    "code": true
                                }
                            },
                            {
                                "type": "text",
                                "text": " is done. Let me know if you want to talk about this tonight.\n\nTo get back to your prompt, you will have to enter Ctrl-C. I have not emphasized Ctrl-C enough: it is the universal process killer when you are running something in a terminal."
                            }
                        ]
                    }
                ]
            }
        ],
        "team": "T042E1514F3",
        "user_team": "T042E1514F3",
        "source_team": "T042E1514F3",
        "user_profile": {
            "avatar_hash": "g6730f37144b",
            "image_72": "https:\/\/secure.gravatar.com\/avatar\/6730f37144bd6ae505b97012a7f22a66.jpg?s=72&d=https%3A%2F%2Fa.slack-edge.com%2Fdf10d%2Fimg%2Favatars%2Fava_0006-72.png",
            "first_name": "chris",
            "real_name": "chris",
            "display_name": "",
            "team": "T042E1514F3",
            "name": "chris",
            "is_restricted": false,
            "is_ultra_restricted": false
        },
        "thread_ts": "1669870928.606359",
        "parent_user_id": "U042U2F450R"
    }
]