[
    {
        "client_msg_id": "e5a78af0-9683-46f0-b037-4e9d6ef2e5a7",
        "type": "message",
        "text": "Why do email addresses have domain names like websites?",
        "user": "U042U2F450R",
        "ts": "1683655827.487049",
        "blocks": [
            {
                "type": "rich_text",
                "block_id": "Hdl",
                "elements": [
                    {
                        "type": "rich_text_section",
                        "elements": [
                            {
                                "type": "text",
                                "text": "Why do email addresses have domain names like websites?"
                            }
                        ]
                    }
                ]
            }
        ],
        "team": "T042E1514F3",
        "user_team": "T042E1514F3",
        "source_team": "T042E1514F3",
        "user_profile": {
            "avatar_hash": "gff8e94624db",
            "image_72": "https:\/\/secure.gravatar.com\/avatar\/ff8e94624db08a84843122675f06ea92.jpg?s=72&d=https%3A%2F%2Fa.slack-edge.com%2Fdf10d%2Fimg%2Favatars%2Fava_0004-72.png",
            "first_name": "Anna",
            "real_name": "Anna",
            "display_name": "Anna",
            "team": "T042E1514F3",
            "name": "annam45",
            "is_restricted": false,
            "is_ultra_restricted": false
        }
    },
    {
        "client_msg_id": "71e7103c-123d-4533-9c9f-84e017347e80",
        "type": "message",
        "text": "That's a really insightful question. The reason is that both websites and email domains are part of the DNS system.\n\nWhen you want to visit a website called <http:\/\/www.xyz.com|www.xyz.com>, you need to know the IP address for <http:\/\/www.xyz.com|www.xyz.com>. You get that address by talking to the DNS system, where the answer is stored in a zone file for the <http:\/\/xyz.com|xyz.com> domain.\n\nSomething similar happens when you send an email to <mailto:someone@xyz.com|someone@xyz.com>. In this case, you don't what web server to connect to; you need to know what email server to connect to. You get that information from the DNS system also, and the answer is stored in same <http:\/\/xyz.com|xyz.com> zone file.\n\nSo the reason that website addresses and email addresses both end with domain names is that they have to be looked up in the DNS system, and zone files are named the same as the domain names they are used with.\n\nIn the case of <http:\/\/databaseguy.com|databaseguy.com>, the zone file has one record that looks like this:\n\n```www         600     IN     A    160.153.48.1```\nThis says that `<http:\/\/www.databaseguy.com|www.databaseguy.com>` has an address (because it's an `A` record) of `160.153.48.1`). That's what a web browser needs to know to connect to the domain, although it still has to use the domain name to do so - that is, you can't browse to <http:\/\/160.153.48.1>. Ask me for technical details in person someday, or just when I have a bit more time, but the plain-English reason is that this is a shared server with lots of domains on it that all use that IP address. The server needs the request to include the domain name so that it knows which of those domains is being requested.\n\nThere is another record in the same zone file that looks like this.\n```<http:\/\/databaseguy.com|databaseguy.com>.           604800     IN     MX    10    aspmx.l.google.com.```\nThis means that any mail (because this is an `MX` record) that is being sent to an `@databaseguy.com` address should be delivered to the email server `<http:\/\/aspmx.l.google.com|aspmx.l.google.com>`. It's setup that way because my email is hosted at Google.",
        "user": "U042R3B76SC",
        "ts": "1683657560.684079",
        "blocks": [
            {
                "type": "rich_text",
                "block_id": "lCa",
                "elements": [
                    {
                        "type": "rich_text_section",
                        "elements": [
                            {
                                "type": "text",
                                "text": "That's a really insightful question. The reason is that both websites and email domains are part of the DNS system.\n\nWhen you want to visit a website called "
                            },
                            {
                                "type": "link",
                                "url": "http:\/\/www.xyz.com",
                                "text": "www.xyz.com"
                            },
                            {
                                "type": "text",
                                "text": ", you need to know the IP address for "
                            },
                            {
                                "type": "link",
                                "url": "http:\/\/www.xyz.com",
                                "text": "www.xyz.com"
                            },
                            {
                                "type": "text",
                                "text": ". You get that address by talking to the DNS system, where the answer is stored in a zone file for the "
                            },
                            {
                                "type": "link",
                                "url": "http:\/\/xyz.com",
                                "text": "xyz.com"
                            },
                            {
                                "type": "text",
                                "text": " domain.\n\nSomething similar happens when you send an email to "
                            },
                            {
                                "type": "link",
                                "url": "mailto:someone@xyz.com",
                                "text": "someone@xyz.com"
                            },
                            {
                                "type": "text",
                                "text": ". In this case, you don't what web server to connect to; you need to know what email server to connect to. You get that information from the DNS system also, and the answer is stored in same "
                            },
                            {
                                "type": "link",
                                "url": "http:\/\/xyz.com",
                                "text": "xyz.com"
                            },
                            {
                                "type": "text",
                                "text": " zone file.\n\nSo the reason that website addresses and email addresses both end with domain names is that they have to be looked up in the DNS system, and zone files are named the same as the domain names they are used with.\n\nIn the case of "
                            },
                            {
                                "type": "link",
                                "url": "http:\/\/databaseguy.com",
                                "text": "databaseguy.com"
                            },
                            {
                                "type": "text",
                                "text": ", the zone file has one record that looks like this:\n\n"
                            }
                        ]
                    },
                    {
                        "type": "rich_text_preformatted",
                        "elements": [
                            {
                                "type": "text",
                                "text": "www         600     IN     A    160.153.48.1"
                            }
                        ],
                        "border": 0
                    },
                    {
                        "type": "rich_text_section",
                        "elements": [
                            {
                                "type": "text",
                                "text": "This says that "
                            },
                            {
                                "type": "link",
                                "url": "http:\/\/www.databaseguy.com",
                                "text": "www.databaseguy.com",
                                "style": {
                                    "code": true
                                }
                            },
                            {
                                "type": "text",
                                "text": " has an address (because it's an "
                            },
                            {
                                "type": "text",
                                "text": "A",
                                "style": {
                                    "code": true
                                }
                            },
                            {
                                "type": "text",
                                "text": " record) of "
                            },
                            {
                                "type": "text",
                                "text": "160.153.48.1",
                                "style": {
                                    "code": true
                                }
                            },
                            {
                                "type": "text",
                                "text": "). That's what a web browser needs to know to connect to the domain, although it still has to use the domain name to do so - that is, you can't browse to "
                            },
                            {
                                "type": "link",
                                "url": "http:\/\/160.153.48.1"
                            },
                            {
                                "type": "text",
                                "text": ". Ask me for technical details in person someday, or just when I have a bit more time, but the plain-English reason is that this is a shared server with lots of domains on it that all use that IP address. The server needs the request to include the domain name so that it knows which of those domains is being requested.\n\nThere is another record in the same zone file that looks like this.\n"
                            }
                        ]
                    },
                    {
                        "type": "rich_text_preformatted",
                        "elements": [
                            {
                                "type": "text",
                                "text": "databaseguy.com.           604800     IN     MX    10    aspmx.l.google.com."
                            }
                        ],
                        "border": 0
                    },
                    {
                        "type": "rich_text_section",
                        "elements": [
                            {
                                "type": "text",
                                "text": "This means that any mail (because this is an "
                            },
                            {
                                "type": "text",
                                "text": "MX",
                                "style": {
                                    "code": true
                                }
                            },
                            {
                                "type": "text",
                                "text": " record) that is being sent to an "
                            },
                            {
                                "type": "text",
                                "text": "@databaseguy.com",
                                "style": {
                                    "code": true
                                }
                            },
                            {
                                "type": "text",
                                "text": " address should be delivered to the email server "
                            },
                            {
                                "type": "link",
                                "url": "http:\/\/aspmx.l.google.com",
                                "text": "aspmx.l.google.com",
                                "style": {
                                    "code": true
                                }
                            },
                            {
                                "type": "text",
                                "text": ". It's setup that way because my email is hosted at Google."
                            }
                        ]
                    }
                ]
            }
        ],
        "team": "T042E1514F3",
        "user_team": "T042E1514F3",
        "source_team": "T042E1514F3",
        "user_profile": {
            "avatar_hash": "g6730f37144b",
            "image_72": "https:\/\/secure.gravatar.com\/avatar\/6730f37144bd6ae505b97012a7f22a66.jpg?s=72&d=https%3A%2F%2Fa.slack-edge.com%2Fdf10d%2Fimg%2Favatars%2Fava_0006-72.png",
            "first_name": "chris",
            "real_name": "chris",
            "display_name": "",
            "team": "T042E1514F3",
            "name": "chris",
            "is_restricted": false,
            "is_ultra_restricted": false
        }
    },
    {
        "type": "message",
        "subtype": "channel_join",
        "ts": "1683657653.956559",
        "user": "U0421AQBX8B",
        "text": "<@U0421AQBX8B> has joined the channel",
        "inviter": "U042R3B76SC"
    }
]