[
{
    "id": "C041LR06Z5M",
    "name": "random",
    "created": 1663001566,
    "creator": "U042R3B76SC",
    "is_archived": false,
    "is_general": false,
    "members": [
        "U041LSQC38X",
        "U0421AQBX8B",
        "U042R3B76SC",
        "U042R51RY2C",
        "U042U2F450R"
    ],
    "topic": {
        "value": "",
        "creator": "",
        "last_set": 0
    },
    "purpose": {
        "value": "This channel is for... well, everything else. It’s a place for team jokes, spur-of-the-moment ideas, and funny GIFs. Go wild!",
        "creator": "U042R3B76SC",
        "last_set": 1663001566
    }
},
{
    "id": "C0421900J4T",
    "name": "general",
    "created": 1663001566,
    "creator": "U042R3B76SC",
    "is_archived": false,
    "is_general": true,
    "members": [
        "U041LSQC38X",
        "U0421AQBX8B",
        "U042R3B76SC",
        "U042R51RY2C",
        "U042U2F450R"
    ],
    "pins": [
        {
            "id": "1663002895.347369",
            "type": "C",
            "created": 1663163623,
            "user": "U042R3B76SC",
            "owner": "U042R3B76SC"
        }
    ],
    "topic": {
        "value": "",
        "creator": "",
        "last_set": 0
    },
    "purpose": {
        "value": "This is the one channel that will always include everyone. It’s a great spot for announcements and team-wide conversations.",
        "creator": "U042R3B76SC",
        "last_set": 1663001566
    }
},
{
    "id": "C04241XSKS8",
    "name": "contact-info",
    "created": 1663003689,
    "creator": "U042R3B76SC",
    "is_archived": false,
    "is_general": false,
    "members": [
        "U041LSQC38X",
        "U0421AQBX8B",
        "U042R3B76SC",
        "U042R51RY2C",
        "U042U2F450R"
    ],
    "topic": {
        "value": "",
        "creator": "",
        "last_set": 0
    },
    "purpose": {
        "value": "If you are willing, please put your contact information in here so others can contact you outside of Slack.",
        "creator": "U042R3B76SC",
        "last_set": 1663003690
    }
},
{
    "id": "C0429N6TBTP",
    "name": "announcements",
    "created": 1663164651,
    "creator": "U042R3B76SC",
    "is_archived": false,
    "is_general": false,
    "members": [
        "U041LSQC38X",
        "U0421AQBX8B",
        "U042R3B76SC",
        "U042R51RY2C",
        "U042U2F450R"
    ],
    "pins": [
        {
            "id": "1673108156.618539",
            "type": "C",
            "created": 1673709729,
            "user": "U042R3B76SC",
            "owner": "U042R3B76SC"
        }
    ],
    "topic": {
        "value": "",
        "creator": "",
        "last_set": 0
    },
    "purpose": {
        "value": "official communication from chris",
        "creator": "U042R3B76SC",
        "last_set": 1663164652
    }
},
{
    "id": "C042MDEPYF6",
    "name": "homework",
    "created": 1663251361,
    "creator": "U042R3B76SC",
    "is_archived": false,
    "is_general": false,
    "members": [
        "U041LSQC38X",
        "U041UR8P3HC",
        "U0421AQBX8B",
        "U042R3B76SC",
        "U042R51RY2C",
        "U042U2F450R",
        "U053F8E317S"
    ],
    "topic": {
        "value": "Posts related to homework. Autopost using :notebook: (`:notebook:`)",
        "creator": "U042R3B76SC",
        "last_set": 1690217640
    },
    "purpose": {
        "value": "Two four-letter words (\"home\" and \"work\") cancel each other out.\n\nYou can autopost to this channel by reacting to any message in this entire Slack using the icon for a notebook: :notebook: (`:notebook:`).",
        "creator": "U042R3B76SC",
        "last_set": 1690217921
    }
},
{
    "id": "C046GPWL1V0",
    "name": "resources",
    "created": 1665712662,
    "creator": "U042R51RY2C",
    "is_archived": false,
    "is_general": false,
    "members": [
        "U041LSQC38X",
        "U0421AQBX8B",
        "U042R3B76SC",
        "U042R51RY2C",
        "U042U2F450R"
    ],
    "topic": {
        "value": "",
        "creator": "",
        "last_set": 0
    },
    "purpose": {
        "value": "the place where resources go",
        "creator": "U042R51RY2C",
        "last_set": 1665712663
    }
},
{
    "id": "C049KUTM7UJ",
    "name": "safe-place",
    "created": 1667586260,
    "creator": "U042R3B76SC",
    "is_archived": false,
    "is_general": false,
    "members": [
        "U041LSQC38X",
        "U0421AQBX8B",
        "U042R3B76SC",
        "U042R51RY2C",
        "U042U2F450R"
    ],
    "topic": {
        "value": "",
        "creator": "",
        "last_set": 0
    },
    "purpose": {
        "value": "come in here and ask for help, complain about chris, yell about how stupid linux is, cry because nothing is working, or ask if anybody wants to go get pizza. this is _that_ place.",
        "creator": "U042R3B76SC",
        "last_set": 1667586261
    }
},
{
    "id": "C04AA4576P8",
    "name": "recipes",
    "created": 1668131851,
    "creator": "U041LSQC38X",
    "is_archived": false,
    "is_general": false,
    "members": [
        "U041LSQC38X",
        "U0421AQBX8B",
        "U042R3B76SC",
        "U042R51RY2C",
        "U042U2F450R"
    ],
    "topic": {
        "value": "",
        "creator": "",
        "last_set": 0
    },
    "purpose": {
        "value": "For patterns, guides, and other references",
        "creator": "U041LSQC38X",
        "last_set": 1668131851
    }
},
{
    "id": "C04D6L6DPGW",
    "name": "advent-of-code",
    "created": 1669927227,
    "creator": "U042R3B76SC",
    "is_archived": false,
    "is_general": false,
    "members": [
        "U041LSQC38X",
        "U0421AQBX8B",
        "U042R3B76SC",
        "U042R51RY2C",
        "U042U2F450R"
    ],
    "topic": {
        "value": "",
        "creator": "",
        "last_set": 0
    },
    "purpose": {
        "value": "Discussion of puzzles for the 2022 Advent of Code (<http:\/\/adventofcode.com|adventofcode.com>)",
        "creator": "U042R3B76SC",
        "last_set": 1669927228
    }
},
{
    "id": "C052ZJAKSB1",
    "name": "passwords",
    "created": 1681585241,
    "creator": "U041LSQC38X",
    "is_archived": true,
    "is_general": false,
    "members": [],
    "topic": {
        "value": "",
        "creator": "",
        "last_set": 0
    },
    "purpose": {
        "value": "",
        "creator": "",
        "last_set": 0
    }
},
{
    "id": "C052ZMB1TPZ",
    "name": "important-changes",
    "created": 1681591104,
    "creator": "U042R51RY2C",
    "is_archived": true,
    "is_general": false,
    "members": [],
    "topic": {
        "value": "",
        "creator": "",
        "last_set": 0
    },
    "purpose": {
        "value": "for changes that all need to know",
        "creator": "U042R51RY2C",
        "last_set": 1681591105
    }
},
{
    "id": "C055H4ECQKC",
    "name": "anomunalieiesz",
    "created": 1682706316,
    "creator": "U041LSQC38X",
    "is_archived": false,
    "is_general": false,
    "members": [
        "U041LSQC38X",
        "U0421AQBX8B",
        "U042R3B76SC",
        "U042R51RY2C",
        "U042U2F450R"
    ],
    "topic": {
        "value": "",
        "creator": "",
        "last_set": 0
    },
    "purpose": {
        "value": "",
        "creator": "",
        "last_set": 0
    }
},
{
    "id": "C0564MC858B",
    "name": "security-news",
    "created": 1683148101,
    "creator": "U042R3B76SC",
    "is_archived": false,
    "is_general": false,
    "members": [
        "U041LSQC38X",
        "U0421AQBX8B",
        "U042R3B76SC",
        "U042R51RY2C",
        "U042U2F450R"
    ],
    "topic": {
        "value": "",
        "creator": "",
        "last_set": 0
    },
    "purpose": {
        "value": "A place to put interesting article links or other \"current events\" about security",
        "creator": "U042R3B76SC",
        "last_set": 1683148102
    }
},
{
    "id": "C05JGJVGCMQ",
    "name": "kosovo-2023",
    "created": 1690216839,
    "creator": "U042R3B76SC",
    "is_archived": false,
    "is_general": false,
    "members": [
        "U041LSQC38X",
        "U0421AQBX8B",
        "U042R3B76SC",
        "U042R51RY2C",
        "U042U2F450R"
    ],
    "topic": {
        "value": "Posts about the 2023 joint military exercise with Kosovo. Autopost using :flag-xk: (`:flag-xk:`).",
        "creator": "U042R3B76SC",
        "last_set": 1690217892
    },
    "purpose": {
        "value": "It's still unclear which country invaded the other, but at least we got out alive.\n\nYou can autopost to this channel by reacting to any message in this entire Slack using the icon for the Kosovo flag: :flag-xk: (`:flag-xk:`).",
        "creator": "U042R3B76SC",
        "last_set": 1690217899
    }
},
{
    "id": "C05QFBQ2GMB",
    "name": "ideas-for-future-topics",
    "created": 1693524433,
    "creator": "U041LSQC38X",
    "is_archived": false,
    "is_general": false,
    "members": [
        "U041LSQC38X",
        "U0421AQBX8B",
        "U042R3B76SC",
        "U042R51RY2C",
        "U042U2F450R"
    ],
    "topic": {
        "value": "",
        "creator": "",
        "last_set": 0
    },
    "purpose": {
        "value": "",
        "creator": "",
        "last_set": 0
    }
}
]