[
{"user_id":"U042R3B76SC","user_name":"chris","date":"1690216728","change_type":"added","app_type":"Reacji Channeler","app_id":"A1BFDR28J","scope":"identify,commands,channels:read,reactions:read,chat:write:bot"},
{"user_id":"U042R3B76SC","user_name":"chris","date":"1683903449","change_type":"expanded","app_type":"Zoom","app_id":"A5GE9BMQC"},
{"user_id":"U042R3B76SC","user_name":"chris","date":"1683903439","change_type":"added","app_type":"Zoom","app_id":"A5GE9BMQC"},
{"user_id":"U042R3B76SC","user_name":"chris","date":"1683903438","change_type":"added","app_type":"Zoom","app_id":"A5GE9BMQC","scope":"identify,links:read,links:write"},
{"user_id":"U042R3B76SC","user_name":"chris","date":"1683143506","change_type":"added","app_type":"Fathom","app_id":"A01J81CE2PL"},
{"user_id":"U042R3B76SC","user_name":"chris","date":"1682710818","change_type":"added","service_id":5200192700129,"service_type":"Email","scope":"incoming-webhook","channel":"C0429N6TBTP"},
{"user_id":"U042R3B76SC","user_name":"chris","date":"1681239588","change_type":"added","app_type":"Jira Cloud","app_id":"A2RPP3NFR"},
{"user_id":"U042R3B76SC","user_name":"chris","date":"1681239586","change_type":"added","app_type":"Jira Cloud","app_id":"A2RPP3NFR","scope":"identify,channels:read,groups:read,im:read,mpim:read,channels:write,groups:write,links:read,links:write"},
{"user_id":"U042R3B76SC","user_name":"chris","date":"1668974019","change_type":"added","app_type":"Polly","app_id":"A04E6JX41"},
{"user_id":"U042R3B76SC","user_name":"chris","date":"1668973519","change_type":"added","app_type":"Simple Poll","app_id":"A0HFW7MR6"},
{"user_id":"U042R3B76SC","user_name":"chris","date":"1668973518","change_type":"added","app_type":"Simple Poll","app_id":"A0HFW7MR6","scope":"identity.basic,identity.email"},
{"user_id":"U042R3B76SC","user_name":"chris","date":"1663902220","change_type":"updated","service_id":4135006122369,"service_type":"Giphy","scope":"commands"},
{"user_id":"U042R3B76SC","user_name":"chris","date":"1663902197","change_type":"added","service_id":4135006122369,"service_type":"Giphy","scope":"commands"}
]