[
{"id":"U041LSQC38X","team_id":"T042E1514F3","name":"michael.tice","deleted":false,"color":"4bbe2e","real_name":"Michael Tice","tz":"America\/Chicago","tz_label":"Central Daylight Time","tz_offset":-18000,"profile":{"title":"","phone":"","skype":"","real_name":"Michael Tice","real_name_normalized":"Michael Tice","display_name":"Michael Tice","display_name_normalized":"Michael Tice","fields":{},"status_text":"","status_emoji":"","status_emoji_display_info":[],"status_expiration":0,"avatar_hash":"g60b962e7353","email":"michael.tice@yahoo.com","first_name":"Michael","last_name":"Tice","image_24":"https:\/\/secure.gravatar.com\/avatar\/60b962e73536af1009870d33a2ba0516.jpg?s=24&d=https%3A%2F%2Fa.slack-edge.com%2Fdf10d%2Fimg%2Favatars%2Fava_0012-24.png","image_32":"https:\/\/secure.gravatar.com\/avatar\/60b962e73536af1009870d33a2ba0516.jpg?s=32&d=https%3A%2F%2Fa.slack-edge.com%2Fdf10d%2Fimg%2Favatars%2Fava_0012-32.png","image_48":"https:\/\/secure.gravatar.com\/avatar\/60b962e73536af1009870d33a2ba0516.jpg?s=48&d=https%3A%2F%2Fa.slack-edge.com%2Fdf10d%2Fimg%2Favatars%2Fava_0012-48.png","image_72":"https:\/\/secure.gravatar.com\/avatar\/60b962e73536af1009870d33a2ba0516.jpg?s=72&d=https%3A%2F%2Fa.slack-edge.com%2Fdf10d%2Fimg%2Favatars%2Fava_0012-72.png","image_192":"https:\/\/secure.gravatar.com\/avatar\/60b962e73536af1009870d33a2ba0516.jpg?s=192&d=https%3A%2F%2Fa.slack-edge.com%2Fdf10d%2Fimg%2Favatars%2Fava_0012-192.png","image_512":"https:\/\/secure.gravatar.com\/avatar\/60b962e73536af1009870d33a2ba0516.jpg?s=512&d=https%3A%2F%2Fa.slack-edge.com%2Fdf10d%2Fimg%2Favatars%2Fava_0012-512.png","status_text_canonical":"","team":"T042E1514F3"},"is_admin":false,"is_owner":false,"is_primary_owner":false,"is_restricted":false,"is_ultra_restricted":false,"is_bot":false,"is_app_user":false,"updated":1688146329,"is_email_confirmed":true,"who_can_share_contact_card":"EVERYONE"},
{"id":"U041UR8P3HC","team_id":"T042E1514F3","name":"jribble82","deleted":false,"color":"674b1b","real_name":"Jamey Ribble","tz":"America\/Chicago","tz_label":"Central Daylight Time","tz_offset":-18000,"profile":{"title":"","phone":"","skype":"","real_name":"Jamey Ribble","real_name_normalized":"Jamey Ribble","display_name":"","display_name_normalized":"","fields":{},"status_text":"","status_emoji":"","status_emoji_display_info":[],"status_expiration":0,"avatar_hash":"g28a4f515a4c","guest_invited_by":"U042R3B76SC","email":"jribble82@gmail.com","first_name":"Jamey","last_name":"Ribble","image_24":"https:\/\/secure.gravatar.com\/avatar\/28a4f515a4c68637a768d3cf59be2525.jpg?s=24&d=https%3A%2F%2Fa.slack-edge.com%2Fdf10d%2Fimg%2Favatars%2Fava_0025-24.png","image_32":"https:\/\/secure.gravatar.com\/avatar\/28a4f515a4c68637a768d3cf59be2525.jpg?s=32&d=https%3A%2F%2Fa.slack-edge.com%2Fdf10d%2Fimg%2Favatars%2Fava_0025-32.png","image_48":"https:\/\/secure.gravatar.com\/avatar\/28a4f515a4c68637a768d3cf59be2525.jpg?s=48&d=https%3A%2F%2Fa.slack-edge.com%2Fdf10d%2Fimg%2Favatars%2Fava_0025-48.png","image_72":"https:\/\/secure.gravatar.com\/avatar\/28a4f515a4c68637a768d3cf59be2525.jpg?s=72&d=https%3A%2F%2Fa.slack-edge.com%2Fdf10d%2Fimg%2Favatars%2Fava_0025-72.png","image_192":"https:\/\/secure.gravatar.com\/avatar\/28a4f515a4c68637a768d3cf59be2525.jpg?s=192&d=https%3A%2F%2Fa.slack-edge.com%2Fdf10d%2Fimg%2Favatars%2Fava_0025-192.png","image_512":"https:\/\/secure.gravatar.com\/avatar\/28a4f515a4c68637a768d3cf59be2525.jpg?s=512&d=https%3A%2F%2Fa.slack-edge.com%2Fdf10d%2Fimg%2Favatars%2Fava_0025-512.png","status_text_canonical":"","team":"T042E1514F3"},"is_admin":false,"is_owner":false,"is_primary_owner":false,"is_restricted":true,"is_ultra_restricted":true,"is_bot":false,"is_app_user":false,"updated":1665532736,"is_email_confirmed":true,"who_can_share_contact_card":"EVERYONE"},
{"id":"U0421AQBX8B","team_id":"T042E1514F3","name":"danielstice","deleted":false,"color":"e7392d","real_name":"Daniel Tice","tz":"America\/Chicago","tz_label":"Central Daylight Time","tz_offset":-18000,"profile":{"title":"","phone":"","skype":"","real_name":"Daniel Tice","real_name_normalized":"Daniel Tice","display_name":"Daniel Tice","display_name_normalized":"Daniel Tice","fields":{},"status_text":"","status_emoji":"","status_emoji_display_info":[],"status_expiration":0,"avatar_hash":"g4c1eed42032","guest_invited_by":"","email":"danielstice@gmail.com","first_name":"Daniel","last_name":"Tice","image_24":"https:\/\/secure.gravatar.com\/avatar\/4c1eed420327197d000fb89a053a08f3.jpg?s=24&d=https%3A%2F%2Fa.slack-edge.com%2Fdf10d%2Fimg%2Favatars%2Fava_0013-24.png","image_32":"https:\/\/secure.gravatar.com\/avatar\/4c1eed420327197d000fb89a053a08f3.jpg?s=32&d=https%3A%2F%2Fa.slack-edge.com%2Fdf10d%2Fimg%2Favatars%2Fava_0013-32.png","image_48":"https:\/\/secure.gravatar.com\/avatar\/4c1eed420327197d000fb89a053a08f3.jpg?s=48&d=https%3A%2F%2Fa.slack-edge.com%2Fdf10d%2Fimg%2Favatars%2Fava_0013-48.png","image_72":"https:\/\/secure.gravatar.com\/avatar\/4c1eed420327197d000fb89a053a08f3.jpg?s=72&d=https%3A%2F%2Fa.slack-edge.com%2Fdf10d%2Fimg%2Favatars%2Fava_0013-72.png","image_192":"https:\/\/secure.gravatar.com\/avatar\/4c1eed420327197d000fb89a053a08f3.jpg?s=192&d=https%3A%2F%2Fa.slack-edge.com%2Fdf10d%2Fimg%2Favatars%2Fava_0013-192.png","image_512":"https:\/\/secure.gravatar.com\/avatar\/4c1eed420327197d000fb89a053a08f3.jpg?s=512&d=https%3A%2F%2Fa.slack-edge.com%2Fdf10d%2Fimg%2Favatars%2Fava_0013-512.png","status_text_canonical":"","team":"T042E1514F3"},"is_admin":false,"is_owner":false,"is_primary_owner":false,"is_restricted":false,"is_ultra_restricted":false,"is_bot":false,"is_app_user":false,"updated":1683657654,"is_email_confirmed":true,"who_can_share_contact_card":"EVERYONE"},
{"id":"U0421DZ0T3L","team_id":"T042E1514F3","name":"mellyn3","deleted":true,"profile":{"title":"","phone":"","skype":"","real_name":"Anna","real_name_normalized":"Anna","display_name":"Anna","display_name_normalized":"Anna","fields":{},"status_text":"","status_emoji":"","status_emoji_display_info":[],"status_expiration":0,"avatar_hash":"g7313faba349","email":"mellyn3@yahoo.com","first_name":"Anna","last_name":"","image_24":"https:\/\/secure.gravatar.com\/avatar\/7313faba349bd46bc7726b5e09d1d547.jpg?s=24&d=https%3A%2F%2Fa.slack-edge.com%2Fdf10d%2Fimg%2Favatars%2Fava_0014-24.png","image_32":"https:\/\/secure.gravatar.com\/avatar\/7313faba349bd46bc7726b5e09d1d547.jpg?s=32&d=https%3A%2F%2Fa.slack-edge.com%2Fdf10d%2Fimg%2Favatars%2Fava_0014-32.png","image_48":"https:\/\/secure.gravatar.com\/avatar\/7313faba349bd46bc7726b5e09d1d547.jpg?s=48&d=https%3A%2F%2Fa.slack-edge.com%2Fdf10d%2Fimg%2Favatars%2Fava_0014-48.png","image_72":"https:\/\/secure.gravatar.com\/avatar\/7313faba349bd46bc7726b5e09d1d547.jpg?s=72&d=https%3A%2F%2Fa.slack-edge.com%2Fdf10d%2Fimg%2Favatars%2Fava_0014-72.png","image_192":"https:\/\/secure.gravatar.com\/avatar\/7313faba349bd46bc7726b5e09d1d547.jpg?s=192&d=https%3A%2F%2Fa.slack-edge.com%2Fdf10d%2Fimg%2Favatars%2Fava_0014-192.png","image_512":"https:\/\/secure.gravatar.com\/avatar\/7313faba349bd46bc7726b5e09d1d547.jpg?s=512&d=https%3A%2F%2Fa.slack-edge.com%2Fdf10d%2Fimg%2Favatars%2Fava_0014-512.png","status_text_canonical":"","team":"T042E1514F3"},"is_bot":false,"is_app_user":false,"updated":1663201204},
{"id":"U042R3B76SC","team_id":"T042E1514F3","name":"chris","deleted":false,"color":"9f69e7","real_name":"chris","tz":"America\/Chicago","tz_label":"Central Daylight Time","tz_offset":-18000,"profile":{"title":"","phone":"","skype":"","real_name":"chris","real_name_normalized":"chris","display_name":"","display_name_normalized":"","fields":{},"status_text":"","status_emoji":"","status_emoji_display_info":[],"status_expiration":0,"avatar_hash":"g6730f37144b","email":"chris@databaseguy.com","first_name":"chris","last_name":"","image_24":"https:\/\/secure.gravatar.com\/avatar\/6730f37144bd6ae505b97012a7f22a66.jpg?s=24&d=https%3A%2F%2Fa.slack-edge.com%2Fdf10d%2Fimg%2Favatars%2Fava_0006-24.png","image_32":"https:\/\/secure.gravatar.com\/avatar\/6730f37144bd6ae505b97012a7f22a66.jpg?s=32&d=https%3A%2F%2Fa.slack-edge.com%2Fdf10d%2Fimg%2Favatars%2Fava_0006-32.png","image_48":"https:\/\/secure.gravatar.com\/avatar\/6730f37144bd6ae505b97012a7f22a66.jpg?s=48&d=https%3A%2F%2Fa.slack-edge.com%2Fdf10d%2Fimg%2Favatars%2Fava_0006-48.png","image_72":"https:\/\/secure.gravatar.com\/avatar\/6730f37144bd6ae505b97012a7f22a66.jpg?s=72&d=https%3A%2F%2Fa.slack-edge.com%2Fdf10d%2Fimg%2Favatars%2Fava_0006-72.png","image_192":"https:\/\/secure.gravatar.com\/avatar\/6730f37144bd6ae505b97012a7f22a66.jpg?s=192&d=https%3A%2F%2Fa.slack-edge.com%2Fdf10d%2Fimg%2Favatars%2Fava_0006-192.png","image_512":"https:\/\/secure.gravatar.com\/avatar\/6730f37144bd6ae505b97012a7f22a66.jpg?s=512&d=https%3A%2F%2Fa.slack-edge.com%2Fdf10d%2Fimg%2Favatars%2Fava_0006-512.png","status_text_canonical":"","team":"T042E1514F3"},"is_admin":true,"is_owner":true,"is_primary_owner":true,"is_restricted":false,"is_ultra_restricted":false,"is_bot":false,"is_app_user":false,"updated":1674841759,"is_email_confirmed":true,"who_can_share_contact_card":"EVERYONE"},
{"id":"U042R51RY2C","team_id":"T042E1514F3","name":"tmribble07","deleted":false,"color":"3c989f","real_name":"Tristan Ribble","tz":"America\/Chicago","tz_label":"Central Daylight Time","tz_offset":-18000,"profile":{"title":"","phone":"","skype":"","real_name":"Tristan Ribble","real_name_normalized":"Tristan Ribble","display_name":"","display_name_normalized":"","fields":{},"status_text":"","status_emoji":"","status_emoji_display_info":[],"status_expiration":0,"avatar_hash":"g24c32288d4d","email":"tmribble07@gmail.com","first_name":"Tristan","last_name":"Ribble","image_24":"https:\/\/secure.gravatar.com\/avatar\/24c32288d4dbbf5694cc5c9609ec1853.jpg?s=24&d=https%3A%2F%2Fa.slack-edge.com%2Fdf10d%2Fimg%2Favatars%2Fava_0017-24.png","image_32":"https:\/\/secure.gravatar.com\/avatar\/24c32288d4dbbf5694cc5c9609ec1853.jpg?s=32&d=https%3A%2F%2Fa.slack-edge.com%2Fdf10d%2Fimg%2Favatars%2Fava_0017-32.png","image_48":"https:\/\/secure.gravatar.com\/avatar\/24c32288d4dbbf5694cc5c9609ec1853.jpg?s=48&d=https%3A%2F%2Fa.slack-edge.com%2Fdf10d%2Fimg%2Favatars%2Fava_0017-48.png","image_72":"https:\/\/secure.gravatar.com\/avatar\/24c32288d4dbbf5694cc5c9609ec1853.jpg?s=72&d=https%3A%2F%2Fa.slack-edge.com%2Fdf10d%2Fimg%2Favatars%2Fava_0017-72.png","image_192":"https:\/\/secure.gravatar.com\/avatar\/24c32288d4dbbf5694cc5c9609ec1853.jpg?s=192&d=https%3A%2F%2Fa.slack-edge.com%2Fdf10d%2Fimg%2Favatars%2Fava_0017-192.png","image_512":"https:\/\/secure.gravatar.com\/avatar\/24c32288d4dbbf5694cc5c9609ec1853.jpg?s=512&d=https%3A%2F%2Fa.slack-edge.com%2Fdf10d%2Fimg%2Favatars%2Fava_0017-512.png","status_text_canonical":"","team":"T042E1514F3"},"is_admin":false,"is_owner":false,"is_primary_owner":false,"is_restricted":false,"is_ultra_restricted":false,"is_bot":false,"is_app_user":false,"updated":1663004312,"is_email_confirmed":true,"who_can_share_contact_card":"EVERYONE"},
{"id":"U042U2F450R","team_id":"T042E1514F3","name":"annam45","deleted":false,"color":"e0a729","real_name":"Anna","tz":"America\/Chicago","tz_label":"Central Daylight Time","tz_offset":-18000,"profile":{"title":"","phone":"","skype":"","real_name":"Anna","real_name_normalized":"Anna","display_name":"Anna","display_name_normalized":"Anna","fields":{},"status_text":"","status_emoji":"","status_emoji_display_info":[],"status_expiration":0,"avatar_hash":"gff8e94624db","email":"annam45@protonmail.com","first_name":"Anna","last_name":"","image_24":"https:\/\/secure.gravatar.com\/avatar\/ff8e94624db08a84843122675f06ea92.jpg?s=24&d=https%3A%2F%2Fa.slack-edge.com%2Fdf10d%2Fimg%2Favatars%2Fava_0004-24.png","image_32":"https:\/\/secure.gravatar.com\/avatar\/ff8e94624db08a84843122675f06ea92.jpg?s=32&d=https%3A%2F%2Fa.slack-edge.com%2Fdf10d%2Fimg%2Favatars%2Fava_0004-32.png","image_48":"https:\/\/secure.gravatar.com\/avatar\/ff8e94624db08a84843122675f06ea92.jpg?s=48&d=https%3A%2F%2Fa.slack-edge.com%2Fdf10d%2Fimg%2Favatars%2Fava_0004-48.png","image_72":"https:\/\/secure.gravatar.com\/avatar\/ff8e94624db08a84843122675f06ea92.jpg?s=72&d=https%3A%2F%2Fa.slack-edge.com%2Fdf10d%2Fimg%2Favatars%2Fava_0004-72.png","image_192":"https:\/\/secure.gravatar.com\/avatar\/ff8e94624db08a84843122675f06ea92.jpg?s=192&d=https%3A%2F%2Fa.slack-edge.com%2Fdf10d%2Fimg%2Favatars%2Fava_0004-192.png","image_512":"https:\/\/secure.gravatar.com\/avatar\/ff8e94624db08a84843122675f06ea92.jpg?s=512&d=https%3A%2F%2Fa.slack-edge.com%2Fdf10d%2Fimg%2Favatars%2Fava_0004-512.png","status_text_canonical":"","team":"T042E1514F3"},"is_admin":false,"is_owner":false,"is_primary_owner":false,"is_restricted":false,"is_ultra_restricted":false,"is_bot":false,"is_app_user":false,"updated":1663195616,"is_email_confirmed":true,"who_can_share_contact_card":"EVERYONE"},
{"id":"U04BK3QPSBY","team_id":"T042E1514F3","name":"simplepoll","deleted":false,"color":"684b6c","real_name":"Simple Poll","tz":"America\/Los_Angeles","tz_label":"Pacific Daylight Time","tz_offset":-25200,"profile":{"title":"","phone":"","skype":"","real_name":"Simple Poll","real_name_normalized":"Simple Poll","display_name":"","display_name_normalized":"","fields":{},"status_text":"","status_emoji":"","status_emoji_display_info":[],"status_expiration":0,"avatar_hash":"5c7cbaa4af49","api_app_id":"A0HFW7MR6","always_active":true,"image_original":"https:\/\/avatars.slack-edge.com\/2022-11-20\/4393126825030_5c7cbaa4af49c60b3366_original.png","is_custom_image":true,"bot_id":"B04BNNZCFU5","first_name":"Simple","last_name":"Poll","image_24":"https:\/\/avatars.slack-edge.com\/2022-11-20\/4393126825030_5c7cbaa4af49c60b3366_24.png","image_32":"https:\/\/avatars.slack-edge.com\/2022-11-20\/4393126825030_5c7cbaa4af49c60b3366_32.png","image_48":"https:\/\/avatars.slack-edge.com\/2022-11-20\/4393126825030_5c7cbaa4af49c60b3366_48.png","image_72":"https:\/\/avatars.slack-edge.com\/2022-11-20\/4393126825030_5c7cbaa4af49c60b3366_72.png","image_192":"https:\/\/avatars.slack-edge.com\/2022-11-20\/4393126825030_5c7cbaa4af49c60b3366_192.png","image_512":"https:\/\/avatars.slack-edge.com\/2022-11-20\/4393126825030_5c7cbaa4af49c60b3366_512.png","image_1024":"https:\/\/avatars.slack-edge.com\/2022-11-20\/4393126825030_5c7cbaa4af49c60b3366_1024.png","status_text_canonical":"","team":"T042E1514F3"},"is_admin":false,"is_owner":false,"is_primary_owner":false,"is_restricted":false,"is_ultra_restricted":false,"is_bot":true,"is_app_user":false,"updated":1668973520,"is_email_confirmed":false,"who_can_share_contact_card":"EVERYONE"},
{"id":"U04BRJH176F","team_id":"T042E1514F3","name":"polly","deleted":false,"color":"5b89d5","real_name":"Polly","tz":"America\/Los_Angeles","tz_label":"Pacific Daylight Time","tz_offset":-25200,"profile":{"title":"","phone":"","skype":"","real_name":"Polly","real_name_normalized":"Polly","display_name":"","display_name_normalized":"","fields":{},"status_text":"","status_emoji":"","status_emoji_display_info":[],"status_expiration":0,"avatar_hash":"4a623af68ad3","api_app_id":"A04E6JX41","always_active":true,"image_original":"https:\/\/avatars.slack-edge.com\/2022-11-20\/4385189893367_4a623af68ad3d25ef6e0_original.png","is_custom_image":true,"bot_id":"B04CFCSSPTJ","first_name":"Polly","last_name":"","image_24":"https:\/\/avatars.slack-edge.com\/2022-11-20\/4385189893367_4a623af68ad3d25ef6e0_24.png","image_32":"https:\/\/avatars.slack-edge.com\/2022-11-20\/4385189893367_4a623af68ad3d25ef6e0_32.png","image_48":"https:\/\/avatars.slack-edge.com\/2022-11-20\/4385189893367_4a623af68ad3d25ef6e0_48.png","image_72":"https:\/\/avatars.slack-edge.com\/2022-11-20\/4385189893367_4a623af68ad3d25ef6e0_72.png","image_192":"https:\/\/avatars.slack-edge.com\/2022-11-20\/4385189893367_4a623af68ad3d25ef6e0_192.png","image_512":"https:\/\/avatars.slack-edge.com\/2022-11-20\/4385189893367_4a623af68ad3d25ef6e0_512.png","image_1024":"https:\/\/avatars.slack-edge.com\/2022-11-20\/4385189893367_4a623af68ad3d25ef6e0_1024.png","status_text_canonical":"","team":"T042E1514F3"},"is_admin":false,"is_owner":false,"is_primary_owner":false,"is_restricted":false,"is_ultra_restricted":false,"is_bot":true,"is_app_user":false,"updated":1668974021,"is_email_confirmed":false,"who_can_share_contact_card":"EVERYONE"},
{"id":"U053F8E317S","team_id":"T042E1514F3","name":"jirabot","deleted":false,"color":"2b6836","real_name":"Jira","tz":"America\/Los_Angeles","tz_label":"Pacific Daylight Time","tz_offset":-25200,"profile":{"title":"","phone":"","skype":"","real_name":"Jira","real_name_normalized":"Jira","display_name":"","display_name_normalized":"","fields":{},"status_text":"","status_emoji":"","status_emoji_display_info":[],"status_expiration":0,"avatar_hash":"6c7a2cacc7b1","api_app_id":"A2RPP3NFR","always_active":true,"image_original":"https:\/\/avatars.slack-edge.com\/2023-04-11\/5079059273927_6c7a2cacc7b172b509cd_original.png","is_custom_image":true,"bot_id":"B052RHNE82E","first_name":"Jira","last_name":"","image_24":"https:\/\/avatars.slack-edge.com\/2023-04-11\/5079059273927_6c7a2cacc7b172b509cd_24.png","image_32":"https:\/\/avatars.slack-edge.com\/2023-04-11\/5079059273927_6c7a2cacc7b172b509cd_32.png","image_48":"https:\/\/avatars.slack-edge.com\/2023-04-11\/5079059273927_6c7a2cacc7b172b509cd_48.png","image_72":"https:\/\/avatars.slack-edge.com\/2023-04-11\/5079059273927_6c7a2cacc7b172b509cd_72.png","image_192":"https:\/\/avatars.slack-edge.com\/2023-04-11\/5079059273927_6c7a2cacc7b172b509cd_192.png","image_512":"https:\/\/avatars.slack-edge.com\/2023-04-11\/5079059273927_6c7a2cacc7b172b509cd_512.png","image_1024":"https:\/\/avatars.slack-edge.com\/2023-04-11\/5079059273927_6c7a2cacc7b172b509cd_1024.png","status_text_canonical":"","team":"T042E1514F3"},"is_admin":false,"is_owner":false,"is_primary_owner":false,"is_restricted":false,"is_ultra_restricted":false,"is_bot":true,"is_app_user":false,"updated":1681239591,"is_email_confirmed":false,"who_can_share_contact_card":"EVERYONE"},
{"id":"U055PREL139","team_id":"T042E1514F3","name":"fathom","deleted":false,"color":"99a949","real_name":"Fathom","tz":"America\/Los_Angeles","tz_label":"Pacific Daylight Time","tz_offset":-25200,"profile":{"title":"","phone":"","skype":"","real_name":"Fathom","real_name_normalized":"Fathom","display_name":"","display_name_normalized":"","fields":{},"status_text":"","status_emoji":"","status_emoji_display_info":[],"status_expiration":0,"avatar_hash":"95fd37c5e5c9","api_app_id":"A01J81CE2PL","always_active":false,"image_original":"https:\/\/avatars.slack-edge.com\/2023-05-03\/5221041878913_95fd37c5e5c961916820_original.png","is_custom_image":true,"bot_id":"B0566SB5ZGC","first_name":"Fathom","last_name":"","image_24":"https:\/\/avatars.slack-edge.com\/2023-05-03\/5221041878913_95fd37c5e5c961916820_24.png","image_32":"https:\/\/avatars.slack-edge.com\/2023-05-03\/5221041878913_95fd37c5e5c961916820_32.png","image_48":"https:\/\/avatars.slack-edge.com\/2023-05-03\/5221041878913_95fd37c5e5c961916820_48.png","image_72":"https:\/\/avatars.slack-edge.com\/2023-05-03\/5221041878913_95fd37c5e5c961916820_72.png","image_192":"https:\/\/avatars.slack-edge.com\/2023-05-03\/5221041878913_95fd37c5e5c961916820_192.png","image_512":"https:\/\/avatars.slack-edge.com\/2023-05-03\/5221041878913_95fd37c5e5c961916820_512.png","image_1024":"https:\/\/avatars.slack-edge.com\/2023-05-03\/5221041878913_95fd37c5e5c961916820_1024.png","status_text_canonical":"","team":"T042E1514F3"},"is_admin":false,"is_owner":false,"is_primary_owner":false,"is_restricted":false,"is_ultra_restricted":false,"is_bot":true,"is_app_user":false,"updated":1683143509,"is_email_confirmed":false,"who_can_share_contact_card":"EVERYONE"},
{"id":"U057FC37337","team_id":"T042E1514F3","name":"zoom","deleted":false,"color":"df3dc0","real_name":"Zoom","tz":"America\/Los_Angeles","tz_label":"Pacific Daylight Time","tz_offset":-25200,"profile":{"title":"","phone":"","skype":"","real_name":"Zoom","real_name_normalized":"Zoom","display_name":"","display_name_normalized":"","fields":{},"status_text":"","status_emoji":"","status_emoji_display_info":[],"status_expiration":0,"avatar_hash":"48735b24f811","api_app_id":"A5GE9BMQC","always_active":true,"image_original":"https:\/\/avatars.slack-edge.com\/2023-05-12\/5258845272724_48735b24f8119b05cf4c_original.png","is_custom_image":true,"bot_id":"B05881FKMBJ","first_name":"Zoom","last_name":"","image_24":"https:\/\/avatars.slack-edge.com\/2023-05-12\/5258845272724_48735b24f8119b05cf4c_24.png","image_32":"https:\/\/avatars.slack-edge.com\/2023-05-12\/5258845272724_48735b24f8119b05cf4c_32.png","image_48":"https:\/\/avatars.slack-edge.com\/2023-05-12\/5258845272724_48735b24f8119b05cf4c_48.png","image_72":"https:\/\/avatars.slack-edge.com\/2023-05-12\/5258845272724_48735b24f8119b05cf4c_72.png","image_192":"https:\/\/avatars.slack-edge.com\/2023-05-12\/5258845272724_48735b24f8119b05cf4c_192.png","image_512":"https:\/\/avatars.slack-edge.com\/2023-05-12\/5258845272724_48735b24f8119b05cf4c_512.png","image_1024":"https:\/\/avatars.slack-edge.com\/2023-05-12\/5258845272724_48735b24f8119b05cf4c_1024.png","status_text_canonical":"","team":"T042E1514F3"},"is_admin":false,"is_owner":false,"is_primary_owner":false,"is_restricted":false,"is_ultra_restricted":false,"is_bot":true,"is_app_user":false,"updated":1683903445,"is_email_confirmed":false,"who_can_share_contact_card":"EVERYONE"}
]