[
    {
        "type": "message",
        "subtype": "channel_join",
        "ts": "1681591104.755379",
        "user": "U042R51RY2C",
        "text": "<@U042R51RY2C> has joined the channel"
    },
    {
        "type": "message",
        "subtype": "channel_join",
        "ts": "1681591107.795669",
        "user": "U041LSQC38X",
        "text": "<@U041LSQC38X> has joined the channel",
        "inviter": "U042R51RY2C"
    },
    {
        "type": "message",
        "subtype": "channel_join",
        "ts": "1681591107.881839",
        "user": "U042R3B76SC",
        "text": "<@U042R3B76SC> has joined the channel",
        "inviter": "U042R51RY2C"
    },
    {
        "type": "message",
        "subtype": "channel_join",
        "ts": "1681591107.948079",
        "user": "U042U2F450R",
        "text": "<@U042U2F450R> has joined the channel",
        "inviter": "U042R51RY2C"
    }
]