[
    {
        "client_msg_id": "68f2c2d3-41ae-44a8-98c0-327427fae6eb",
        "type": "message",
        "text": "Changes should be put into Trello.",
        "user": "U042R3B76SC",
        "ts": "1681768483.191969",
        "blocks": [
            {
                "type": "rich_text",
                "block_id": "HOVfw",
                "elements": [
                    {
                        "type": "rich_text_section",
                        "elements": [
                            {
                                "type": "text",
                                "text": "Changes should be put into Trello."
                            }
                        ]
                    }
                ]
            }
        ],
        "team": "T042E1514F3",
        "user_team": "T042E1514F3",
        "source_team": "T042E1514F3",
        "user_profile": {
            "avatar_hash": "g6730f37144b",
            "image_72": "https:\/\/secure.gravatar.com\/avatar\/6730f37144bd6ae505b97012a7f22a66.jpg?s=72&d=https%3A%2F%2Fa.slack-edge.com%2Fdf10d%2Fimg%2Favatars%2Fava_0006-72.png",
            "first_name": "chris",
            "real_name": "chris",
            "display_name": "",
            "team": "T042E1514F3",
            "name": "chris",
            "is_restricted": false,
            "is_ultra_restricted": false
        }
    },
    {
        "type": "message",
        "subtype": "channel_archive",
        "ts": "1681768534.498459",
        "user": "U042R3B76SC",
        "text": "archived the channel"
    }
]